package_name,true_label,y_true,malware_probability,y_pred,predicted_label
com.loopump.app,benign,0,0.9834187,1,malware
cili.niao.search.bt.ci.li,malware,1,0.64819974,1,malware
com.fourthfrontier.biostrip,benign,0,0.17271811,0,benign
net.wordbit.jpen,benign,0,0.1362411,0,benign
edu.synthetic.androzoo.malware.banker_accessibility.1159,malware,1,0.994023,1,malware
com.only.capy.parkour.up.six,benign,0,0.25334728,0,benign
br.com.psinf.forcadevendas,benign,0,0.032953024,0,benign
cl.bci.app.personas,benign,0,0.06694871,0,benign
com.stefanroobol.pelvicfloor,benign,0,0.8619282,1,malware
br.com.marisa.android,benign,0,0.9822092,1,malware
edu.synthetic.androzoo.malware.banker_accessibility.1237,malware,1,0.99394155,1,malware
io.calamari.kiosk,benign,0,0.18324901,0,benign
com.myrebornpack.gr,benign,0,0.8589626,1,malware
io.arlabs.belutti,benign,0,0.9873052,1,malware
com.pujiagames.daremoinai,malware,1,0.9521277,1,malware
it.cgn.app.fatturazione,benign,0,0.9397033,1,malware
org.plumvillageapp,benign,0,0.7885364,1,malware
edu.synthetic.androzoo.malware.sms_otp_stealer.1286,malware,1,0.9852447,1,malware
com.thetrainline,benign,0,0.12871401,0,benign
com.vg.drive.army.offroad.mountain.truck,benign,0,0.38737038,0,benign
com.shifthackz.aisdv1.app,benign,0,0.97764665,1,malware
edu.synthetic.androzoo.malware.spyware_surveillance.1405,malware,1,0.94919395,1,malware
com.android.linglan.ui,malware,1,0.99285275,1,malware
com.yandex.toloka.androidapp,benign,0,0.9757534,1,malware
edu.synthetic.androzoo.malware.ransomware_locker.1047,malware,1,0.7851864,1,malware
org.slashgames.FreudBot.AdFree,malware,1,0.94898295,1,malware
com.tfg.codcwguides,benign,0,0.059740786,0,benign
edu.synthetic.androzoo.malware.sms_otp_stealer.1691,malware,1,0.90928453,1,malware
com.sflep.course,malware,1,0.7318175,1,malware
com.lechneralexander.privatebrowser,malware,1,0.3393092,0,benign
edu.synthetic.androzoo.malware.banker_accessibility.1560,malware,1,0.99633384,1,malware
edu.synthetic.androzoo.malware.banker_accessibility.0829,malware,1,0.99236906,1,malware
edu.synthetic.androzoo.malware.ransomware_locker.0037,malware,1,0.961596,1,malware
com.mrblue.mrblue,benign,0,0.20045741,0,benign
fgs.com.simulation,benign,0,0.12286498,0,benign
com.IVR.horoscopoescorpio,benign,0,0.0028199162,0,benign
com.at.death.ultimate.strike,malware,1,0.9811684,1,malware
com.sca.skogsvard,benign,0,0.7043204,1,malware
edu.synthetic.androzoo.malware.dropper_loader.1480,malware,1,0.7711507,1,malware
id.or.aaji.aaji_mobile_exam,benign,0,0.13788134,0,benign
com.kdhnews.android,benign,0,0.09318101,0,benign
com.jyouhousyoriisya_kakindesu.englishstudy,benign,0,0.43967792,0,benign
com.redhands.twoplayergames,benign,0,0.1851935,0,benign
com.marsor.game.frog,malware,1,0.99437284,1,malware
edu.synthetic.androzoo.malware.spyware_surveillance.0763,malware,1,0.89289904,1,malware
com.cy.chengcredit,malware,1,0.9993814,1,malware
edu.synthetic.androzoo.malware.dropper_loader.1394,malware,1,0.7971053,1,malware
com.itita.chuanyi,malware,1,0.23281068,0,benign
com.tapblaze.pizzabusiness,benign,0,0.5179294,1,malware
rebar.com.yh,benign,0,0.041367784,0,benign
com.marchnetworks.searchlight,benign,0,0.035934813,0,benign
com.trendyol.go,benign,0,0.057155944,0,benign
com.paysii.referral,benign,0,0.098685585,0,benign
com.fingersoft.boomkarts,malware,1,0.066435695,0,benign
com.surviva.grand,malware,1,0.40696368,0,benign
edu.synthetic.androzoo.malware.overlay_pin_stealer.0592,malware,1,0.88368195,1,malware
com.xiuxin.ins.follow.unfollow,malware,1,0.76149863,1,malware
cn.bluerhino.driver,malware,1,0.9626289,1,malware
io.attlas,benign,0,0.97445345,1,malware
edu.synthetic.androzoo.malware.banker_accessibility.0775,malware,1,0.96559227,1,malware
edu.synthetic.androzoo.malware.dropper_loader.0118,malware,1,0.7639016,1,malware
ru.mts.launcher,benign,0,0.014209102,0,benign
edu.synthetic.androzoo.malware.dropper_loader.1612,malware,1,0.97811,1,malware
edu.synthetic.androzoo.malware.overlay_pin_stealer.0569,malware,1,0.9183397,1,malware
pro.arendacar.carsandgoapp,benign,0,0.97576046,1,malware
com.ihavecar.client,malware,1,0.9800918,1,malware
com.petreion.digitalsnow,malware,1,0.041259162,0,benign
com.applestudio.games.au1303014.lite,malware,1,0.8812688,1,malware
com.tk.cattrans,benign,0,0.013698443,0,benign
jp.co.a_tm.android.plus_lady_in_pink,benign,0,0.75521296,1,malware
com.EvolutionOfGames.EvolutionOfSpecies.ly,malware,1,0.1357226,0,benign
edu.synthetic.androzoo.malware.dropper_loader.0478,malware,1,0.97224504,1,malware
com.credemtel.notaspese.app,benign,0,0.9670942,1,malware
com.gamesworkshop.kt3,benign,0,0.9822711,1,malware
com.EFUniverseGames.GrubDashDriver,malware,1,0.061521854,0,benign
com.YovoGames.tailor,benign,0,0.010303349,0,benign
com.mes.TheColorMask,benign,0,0.32514685,0,benign
com.fragileheart.note,benign,0,0.03702722,0,benign
com.taxigo.ee,benign,0,0.3286629,0,benign
jbl.stc.com,benign,0,0.2404457,0,benign
edu.synthetic.androzoo.malware.banker_accessibility.0206,malware,1,0.9959145,1,malware
edu.synthetic.androzoo.malware.spyware_surveillance.0223,malware,1,0.99385947,1,malware
edu.synthetic.androzoo.malware.banker_accessibility.0148,malware,1,0.98962325,1,malware
com.geaxgame.pokerkingpro,benign,0,0.14973071,0,benign
com.restikpos,benign,0,0.98906684,1,malware
edu.synthetic.androzoo.malware.adware_clicker.1249,malware,1,0.93061024,1,malware
com.fellafeeds.app,benign,0,0.031654675,0,benign
it.logicweb.colossusescape,malware,1,0.9612029,1,malware
com.hailong0707.android.paradox,malware,1,0.57209986,1,malware
com.vnptpayagent,benign,0,0.3848025,0,benign
it.xmenu.pizzaexport,benign,0,0.9513532,1,malware
com.coyoapp.plswnet.engage.android,benign,0,0.774871,1,malware
edu.synthetic.androzoo.malware.overlay_pin_stealer.1477,malware,1,0.9045049,1,malware
app.cheriedating,benign,0,0.025034219,0,benign
com.trillion.camper.van.holiday.family,benign,0,0.94368345,1,malware
edu.synthetic.androzoo.malware.ransomware_locker.0038,malware,1,0.93899566,1,malware
es.tpc.matchpoint.appclient.globopadelclub,benign,0,0.6479705,1,malware
it.cineca.app.unime,benign,0,0.9706372,1,malware
com.superspesa,benign,0,0.03782086,0,benign
com.bapplware.hrvale,benign,0,0.4573489,0,benign
com.EdenredUsaBenefits,benign,0,0.5176945,1,malware
com.samvat.calendars,benign,0,0.012861188,0,benign
edu.synthetic.androzoo.malware.wallet_stealer.1045,malware,1,0.9932441,1,malware
com.jygame.qqtyt.nzbst.yyh,malware,1,0.9884493,1,malware
com.sca.crossings,benign,0,0.7764343,1,malware
edu.synthetic.androzoo.malware.banker_accessibility.0680,malware,1,0.99616075,1,malware
com.acurable.apsa,benign,0,0.08399328,0,benign
com.dasheng.talk,malware,1,0.95230174,1,malware
com.clear.joapp,benign,0,0.055774968,0,benign
droid.dheeraj.dimscreen,benign,0,0.027735794,0,benign
com.sgs.xamarin.engage,benign,0,0.56821746,1,malware
edu.synthetic.androzoo.malware.spyware_surveillance.1574,malware,1,0.9848428,1,malware
com.dezerv,benign,0,0.9921069,1,malware
com.chairenhuo.qshuiynm.cookman.happiness,malware,1,0.8112361,1,malware
it.creareunapp.editor.android606ecded11679,benign,0,0.9755927,1,malware
com.halalnavi,benign,0,0.97808766,1,malware
com.mjcsoft.stream.latopweb,benign,0,0.0561084,0,benign
io.pushpay.parkcommunitychurch,benign,0,0.009317857,0,benign
xyz.modtech.hexagon,benign,0,0.27342397,0,benign
com.app.afterschool,benign,0,0.9849437,1,malware
my.company.japanesewordryu1,malware,1,0.050647154,0,benign
com.dmm.pointclub,benign,0,0.9373488,1,malware
com.oupeng.mini.android,malware,1,0.43546054,0,benign
com.repair.photopay,malware,1,0.4133176,0,benign
com.bloblegame.io,malware,1,0.8780521,1,malware
edu.synthetic.androzoo.malware.adware_clicker.1826,malware,1,0.65897286,1,malware
com.gp.animalkeeper,malware,1,0.8011143,1,malware
com.akhenaton.dr_shady,benign,0,0.30102155,0,benign
edu.synthetic.androzoo.malware.overlay_pin_stealer.0877,malware,1,0.9692331,1,malware
com.radioinfinitalarioja,benign,0,0.7984916,1,malware
edu.synthetic.androzoo.malware.wallet_stealer.0643,malware,1,0.9985884,1,malware
edu.synthetic.androzoo.malware.dropper_loader.0769,malware,1,0.54073083,1,malware
com.skisosoft.coach.ly,malware,1,0.28100485,0,benign
edu.synthetic.androzoo.malware.banker_accessibility.0321,malware,1,0.9502771,1,malware
net.polyglots,benign,0,0.44461325,0,benign
games.dali.adventure.lucid.dream.part.three,malware,1,0.8751694,1,malware
com.dfsc.vivo.jxmtkb.ywrs.yyh,malware,1,0.98391193,1,malware
com.theosys.deogracia,benign,0,0.78708464,1,malware
com.esigtek.lopesa,benign,0,0.058653574,0,benign
com.cocoplay.shoppinggirl,benign,0,0.4096088,0,benign
com.upjers.dinosaurparkprimevalzoo,benign,0,0.30103737,0,benign
com.binary.hrms,benign,0,0.22426976,0,benign
com.mike.wenzikong,malware,1,0.119133756,0,benign
edu.synthetic.androzoo.malware.adware_clicker.1479,malware,1,0.86366147,1,malware
com.luckyskeletonstudios.idlebanktycoon,benign,0,0.057862237,0,benign
kz.tele2.kiozk.android,benign,0,0.3254983,0,benign
hu.hvg.android,benign,0,0.76264596,1,malware
es.altra.airzone,benign,0,0.30749512,0,benign
com.zuuks.gangs.io,benign,0,0.07397167,0,benign
edu.synthetic.androzoo.malware.wallet_stealer.0542,malware,1,0.9935806,1,malware
com.psyter.www.careprovider,benign,0,0.88801575,1,malware
edu.synthetic.androzoo.malware.wallet_stealer.1627,malware,1,0.9591145,1,malware
ott.nyse,benign,0,0.09615859,0,benign
ecommerce_166.android.app,benign,0,0.93483466,1,malware
edu.synthetic.androzoo.malware.banker_accessibility.0669,malware,1,0.9955575,1,malware
dance.fit.zumba.weightloss.danceburn,benign,0,0.016374346,0,benign
com.my.cooking.chef.kitchen.craze.fever,benign,0,0.67839557,1,malware
edu.synthetic.androzoo.malware.spyware_surveillance.0461,malware,1,0.95877606,1,malware
vor.rider,benign,0,0.6378152,1,malware
com.tarotlife.tarot.card.reading.numerology,benign,0,0.116726376,0,benign
com.suanaiyanxishe.loveandroid,malware,1,0.54891366,1,malware
co.appnation.noteninja,benign,0,0.9970741,1,malware
nl.zig.ap.app.zuidwestwonen,benign,0,0.044008195,0,benign
com.deenislamic,benign,0,0.00829645,0,benign
edu.synthetic.androzoo.malware.spyware_surveillance.1927,malware,1,0.9912736,1,malware
edu.synthetic.androzoo.malware.dropper_loader.0798,malware,1,0.9178221,1,malware
com.cmpsoft.MediaBrowser,benign,0,0.4089455,0,benign
it.froggymedia.sportmediaset,benign,0,0.45690304,0,benign
com.didong.ddac,malware,1,0.79132825,1,malware
com.tanchi.snkego,malware,1,0.9526172,1,malware
com.app.brik,benign,0,0.1591845,0,benign
com.nabe.fr3pc,benign,0,0.27539527,0,benign
themestack.lg.k50.k50s.lgk50s.lgk50swalls.lgwalls.launcher.theme,benign,0,0.7657273,1,malware
com.xiaoyu.xiaoxue,malware,1,0.09274993,0,benign
edu.synthetic.androzoo.malware.spyware_surveillance.1872,malware,1,0.99272114,1,malware
edu.synthetic.androzoo.malware.overlay_pin_stealer.0891,malware,1,0.98411417,1,malware
edu.synthetic.androzoo.malware.overlay_pin_stealer.0691,malware,1,0.91841674,1,malware
edu.synthetic.androzoo.malware.banker_accessibility.1382,malware,1,0.93181336,1,malware
com.insession.zero_phobia,benign,0,0.78646404,1,malware
edu.synthetic.androzoo.malware.wallet_stealer.1743,malware,1,0.9705277,1,malware
com.plusgames.ideologyr,benign,0,0.31052792,0,benign
edu.synthetic.androzoo.malware.sms_otp_stealer.0850,malware,1,0.94168067,1,malware
edu.synthetic.androzoo.malware.ransomware_locker.0888,malware,1,0.79927915,1,malware
com.zsjj.activity,malware,1,0.8495026,1,malware
edu.synthetic.androzoo.malware.dropper_loader.1098,malware,1,0.59558797,1,malware
com.softwareeurope.expensesmobile,benign,0,0.40630126,0,benign
com.egeio.fangcloud,malware,1,0.5253887,1,malware
com.t2s.pizzacaprii799624,benign,0,0.008138123,0,benign
com.dengtadoctor.ear,malware,1,0.98323923,1,malware
com.alphaunit.mycandy,benign,0,0.032668713,0,benign
com.wesleymay.bridgeapp,benign,0,0.9801983,1,malware
com.rogue.under,malware,1,0.13526629,0,benign
com.elmoussafirfatimazahra.amawal,benign,0,0.9534027,1,malware
edu.synthetic.androzoo.malware.banker_accessibility.1229,malware,1,0.99799263,1,malware
com.alel.alelorder,benign,0,0.53776914,1,malware
com.plaky.android,benign,0,0.010876596,0,benign
edu.synthetic.androzoo.malware.spyware_surveillance.1806,malware,1,0.9933159,1,malware
edu.synthetic.androzoo.malware.banker_accessibility.1299,malware,1,0.9819385,1,malware
edu.synthetic.androzoo.malware.sms_otp_stealer.0094,malware,1,0.9969168,1,malware
com.dynogeek.qlisperaceway,benign,0,0.46071357,0,benign
com.parque.net,benign,0,0.15516815,0,benign
edu.synthetic.androzoo.malware.spyware_surveillance.0813,malware,1,0.9633991,1,malware
com.cocoplay.queen.party.ly,malware,1,0.9745641,1,malware
edu.synthetic.androzoo.malware.banker_accessibility.0961,malware,1,0.99749786,1,malware
com.alphaunit.tapmoles,benign,0,0.34502032,0,benign
edu.synthetic.androzoo.malware.banker_accessibility.1218,malware,1,0.98342586,1,malware
edu.synthetic.androzoo.malware.banker_accessibility.0185,malware,1,0.9955011,1,malware
com.exim.bcbd,benign,0,0.21654156,0,benign
com.dkhs.futures,malware,1,0.085070595,0,benign
co.benx.weverse,benign,0,0.008728919,0,benign
edu.synthetic.androzoo.malware.sms_otp_stealer.0337,malware,1,0.91301227,1,malware
com.budgetmaster.expensetrackerapp,benign,0,0.978683,1,malware
com.highland.smarthome,benign,0,0.013420878,0,benign
com.eaziapps.cms.android6448f960e2122,benign,0,0.8838785,1,malware
com.sjfc.ynyfyt,malware,1,0.46937275,0,benign
com.finewoodworking,benign,0,0.9607081,1,malware
com.beautybuddy,benign,0,0.26961604,0,benign
edu.synthetic.androzoo.malware.spyware_surveillance.0538,malware,1,0.96932006,1,malware
edu.synthetic.androzoo.malware.ransomware_locker.0725,malware,1,0.95295113,1,malware
com.bgy.speechtext,malware,1,0.031516936,0,benign
edu.synthetic.androzoo.malware.overlay_pin_stealer.1501,malware,1,0.9792619,1,malware
com.udyam,benign,0,0.01802626,0,benign
edu.synthetic.androzoo.malware.dropper_loader.1491,malware,1,0.8101449,1,malware
com.mike.textocr,malware,1,0.047596313,0,benign
com.soundmedicalweightloss.bodysite,benign,0,0.6968113,1,malware
juno.id,benign,0,0.0041407165,0,benign
com.galasports.football,benign,0,0.979619,1,malware
com.beevle.xz.checkin_manage.second,malware,1,0.56101274,1,malware
com.beansprites.mainstreetpetshauntedvillageFREE,benign,0,0.98172104,1,malware
com.kabam.doamobile,benign,0,0.020015799,0,benign
com.gs.carmechanic.tireshop.carrepair.offlinegame,benign,0,0.9872967,1,malware
com.sendit.senditapp,benign,0,0.68312925,1,malware
scut.wei.numbergame,malware,1,0.98601705,1,malware
com.android.angel.babyanimal,malware,1,0.9997073,1,malware
com.taxicaller.Getdriven.app,benign,0,0.1086924,0,benign
edu.synthetic.androzoo.malware.banker_accessibility.0031,malware,1,0.99846077,1,malware
com.nthgensoftware.traderev.android,benign,0,0.0037010778,0,benign
com.fastdownload.allsocial.downloader.app,malware,1,0.11191092,0,benign
com.steadystate.Sticky.Flip,malware,1,0.08302845,0,benign
edu.synthetic.androzoo.malware.banker_accessibility.1116,malware,1,0.9783292,1,malware
edu.synthetic.androzoo.malware.banker_accessibility.0552,malware,1,0.98714894,1,malware
au.org.rrr.stream,benign,0,0.8810638,1,malware
com.match.club,benign,0,0.012620955,0,benign
com.beloris,benign,0,0.0031382726,0,benign
edu.synthetic.androzoo.malware.ransomware_locker.1309,malware,1,0.71816176,1,malware
edu.synthetic.androzoo.malware.banker_accessibility.0119,malware,1,0.9363185,1,malware
tw.com.thsrc.texpress,benign,0,0.95724744,1,malware
koeln.kvb.ticket.sveapp,benign,0,0.98258,1,malware
jp.fantasista.tapthief,malware,1,0.27433404,0,benign
in.playsimple.jigsaw_puzzle,benign,0,0.9787542,1,malware
com.yottagames.mafiawar,benign,0,0.9702096,1,malware
edu.synthetic.androzoo.malware.dropper_loader.1427,malware,1,0.8256795,1,malware
com.encar.encarMobileApp,benign,0,0.8224998,1,malware
com.rabonagames.sepaktakraw,benign,0,0.24687962,0,benign
com.daveandava.player.subscription,benign,0,0.23724362,0,benign
edu.synthetic.androzoo.malware.spyware_surveillance.1073,malware,1,0.9669875,1,malware
edu.SmirnovYury.EngVesselLights,benign,0,0.9769882,1,malware
com.andreyf.muslimprayer,benign,0,0.026207086,0,benign
edu.synthetic.androzoo.malware.overlay_pin_stealer.1263,malware,1,0.8422651,1,malware
com.ppapps.collections,benign,0,0.300207,0,benign
sa.absher.business,benign,0,0.6993055,1,malware
com.wino.live,benign,0,0.018792575,0,benign
com.xcyh.novelpal,benign,0,0.15880759,0,benign
com.dorian.playtogether,benign,0,0.098885894,0,benign
ru.agweb.gr.driver,benign,0,0.10288833,0,benign
com.arielvila.karcli.transtrip,benign,0,0.78080285,1,malware
edu.synthetic.androzoo.malware.banker_accessibility.1404,malware,1,0.99057615,1,malware
edu.synthetic.androzoo.malware.wallet_stealer.0245,malware,1,0.9986424,1,malware
edu.synthetic.androzoo.malware.spyware_surveillance.0649,malware,1,0.99144757,1,malware
edu.synthetic.androzoo.malware.overlay_pin_stealer.1725,malware,1,0.9531738,1,malware
com.hicut.app,benign,0,0.8324417,1,malware
id.akusantri.hairstyle,benign,0,0.97746515,1,malware
edu.synthetic.androzoo.malware.adware_clicker.1758,malware,1,0.6190436,1,malware
edu.synthetic.androzoo.malware.ransomware_locker.0353,malware,1,0.601558,1,malware
alarmclock.alarm.simplealarm.clock.alarmapp,benign,0,0.022796655,0,benign
com.teccom.radiosdenicaraguaenvivo,benign,0,0.16453461,0,benign
edu.synthetic.androzoo.malware.overlay_pin_stealer.1196,malware,1,0.9662494,1,malware
com.vf.frozenwar,benign,0,0.45493656,0,benign
edu.synthetic.androzoo.malware.banker_accessibility.1827,malware,1,0.9710833,1,malware
com.CSthenestonmain.android,benign,0,0.10815722,0,benign
com.ny33333.ti.shangchong,malware,1,0.9950656,1,malware
io.datoms.dgmonitoring,benign,0,0.6716584,1,malware
com.tedmob.taxibeirut.user,benign,0,0.97622854,1,malware
com.mp.satisfying.carwash.asmr.repair,benign,0,0.042560037,0,benign
com.dreamapp.dubhe,benign,0,0.024161214,0,benign
com.islahibaatain,benign,0,0.964598,1,malware
com.Eclipse.Neuphoria,benign,0,0.12498671,0,benign
edu.synthetic.androzoo.malware.adware_clicker.0590,malware,1,0.63480157,1,malware
edu.synthetic.androzoo.malware.ransomware_locker.1257,malware,1,0.70352274,1,malware
com.mobincube.diccionario_hebreo_biblico.sc_HPLU6P,malware,1,0.515627,1,malware
edu.synthetic.androzoo.malware.banker_accessibility.0401,malware,1,0.99091774,1,malware
edu.synthetic.androzoo.malware.spyware_surveillance.0260,malware,1,0.91617477,1,malware
com.radio.tkbonanza,benign,0,0.6761682,1,malware
io.battle.state.war.clash,benign,0,0.09687786,0,benign
com.jk.wisdomcam,malware,1,0.9501764,1,malware
edu.synthetic.androzoo.malware.dropper_loader.1593,malware,1,0.97104377,1,malware
edu.synthetic.androzoo.malware.banker_accessibility.0831,malware,1,0.9905211,1,malware
com.entdeckebayern.app,benign,0,0.9846778,1,malware
edu.synthetic.androzoo.malware.dropper_loader.0904,malware,1,0.6548352,1,malware
fr.oworld.student_timetable,benign,0,0.10087343,0,benign
com.fi6798.godough,benign,0,0.43635753,0,benign
com.cysterhood,benign,0,0.9948025,1,malware
edu.synthetic.androzoo.malware.overlay_pin_stealer.1415,malware,1,0.97930336,1,malware
com.gm.ffa.philips,benign,0,0.025941098,0,benign
edu.synthetic.androzoo.malware.overlay_pin_stealer.1389,malware,1,0.8696677,1,malware
com.balaiagas,benign,0,0.17589375,0,benign
edu.synthetic.androzoo.malware.ransomware_locker.1690,malware,1,0.9550712,1,malware
com.elephantgames.parfalenjtshop,benign,0,0.99383354,1,malware
edu.synthetic.androzoo.malware.sms_otp_stealer.1559,malware,1,0.8220001,1,malware
nl.coffeeit.workstead,benign,0,0.99466765,1,malware
com.square_enix.android_googleplay.FFPR3,malware,1,0.093080565,0,benign
com.upsahl.upsahl,benign,0,0.011623803,0,benign
nl.mendrix.mobile.crossdock,benign,0,0.9150759,1,malware
com.fridaysgames.godsandglory,benign,0,0.9821929,1,malware
edu.synthetic.androzoo.malware.banker_accessibility.1174,malware,1,0.93310505,1,malware
com.vietplaygames.tienlenmiennam,benign,0,0.98767287,1,malware
com.subsplashconsulting.s_3XV6D9,benign,0,0.0046911575,0,benign
com.dynamicform,benign,0,0.97805196,1,malware
com.tranhuynhcreative.pigyclash,benign,0,0.13429493,0,benign
com.smarter.technologist.android.smarteryou,benign,0,0.9169601,1,malware
com.dmitsoft.pinwheel,benign,0,0.3136939,0,benign
edu.synthetic.androzoo.malware.overlay_pin_stealer.1362,malware,1,0.9554098,1,malware
com.bayatree.sommerlearning,benign,0,0.70004284,1,malware
edu.synthetic.androzoo.malware.banker_accessibility.0313,malware,1,0.99552995,1,malware
com.fankexinxi.fanhuishou,malware,1,0.76862216,1,malware
edu.synthetic.androzoo.malware.banker_accessibility.0751,malware,1,0.9929369,1,malware
com.avirise.praytimes.azanreminder,benign,0,0.06760609,0,benign
com.easymobs.pregnancy,benign,0,0.0027239448,0,benign
edu.synthetic.androzoo.malware.banker_accessibility.0340,malware,1,0.9013416,1,malware
edu.synthetic.androzoo.malware.spyware_surveillance.0535,malware,1,0.96789694,1,malware
edu.synthetic.androzoo.malware.spyware_surveillance.0497,malware,1,0.9904484,1,malware
com.ibrsdev.barbosacia,benign,0,0.43495697,0,benign
edu.synthetic.androzoo.malware.adware_clicker.1621,malware,1,0.81686103,1,malware
com.llj.ball,malware,1,0.99976236,1,malware
edu.synthetic.androzoo.malware.adware_clicker.1577,malware,1,0.71705854,1,malware
com.webcontrol.android,benign,0,0.13577394,0,benign
games.omicron.neonflight,benign,0,0.7041154,1,malware
com.pregnant.virtual.mother.simulator,benign,0,0.16898969,0,benign
edu.synthetic.androzoo.malware.dropper_loader.0006,malware,1,0.9245637,1,malware
edu.synthetic.androzoo.malware.wallet_stealer.0682,malware,1,0.92724097,1,malware
fr.harmonie.mutuelle.total.mobile,benign,0,0.92204046,1,malware
net.pixiv.vroid.android,benign,0,0.1253877,0,benign
com.evertry.app,benign,0,0.98705226,1,malware
com.kt.kids.playground,benign,0,0.17816518,0,benign
com.mystrengthbook.gsfa,malware,1,0.9840206,1,malware
com.telldus.flow,benign,0,0.96810955,1,malware
com.migastone.app.app57fbb72fadd13,benign,0,0.96716046,1,malware
it.redbitgames.hauntedmanor2full,malware,1,0.9961557,1,malware
in.quikview,benign,0,0.008761773,0,benign
jp.co.kodansha.comicdays,benign,0,0.9846778,1,malware
edu.synthetic.androzoo.malware.spyware_surveillance.1026,malware,1,0.959855,1,malware
com.shoplineapp.slhkbpewahtakfung,benign,0,0.9754111,1,malware
edu.synthetic.androzoo.malware.banker_accessibility.0174,malware,1,0.9797038,1,malware
edu.synthetic.androzoo.malware.banker_accessibility.1029,malware,1,0.99850345,1,malware
edu.synthetic.androzoo.malware.spyware_surveillance.0721,malware,1,0.95736235,1,malware
ng.com.fairmoney.fairmoney,malware,1,0.32549724,0,benign
edu.synthetic.androzoo.malware.overlay_pin_stealer.1152,malware,1,0.9676793,1,malware
edu.synthetic.androzoo.malware.banker_accessibility.1010,malware,1,0.98296714,1,malware
com.chronogolf.booking.pinecrest,benign,0,0.15727662,0,benign
edu.synthetic.androzoo.malware.spyware_surveillance.1110,malware,1,0.9341893,1,malware
kr.co.goodokmall,benign,0,0.4329675,0,benign
lu.tango,benign,0,0.10077649,0,benign
com.hospital.games.happy.doctor,benign,0,0.20331153,0,benign
com.imatrade.app,benign,0,0.012076361,0,benign
com.juiceintegration.juicereel,benign,0,0.9755788,1,malware
edu.synthetic.androzoo.malware.overlay_pin_stealer.1538,malware,1,0.98227936,1,malware
edu.synthetic.androzoo.malware.ransomware_locker.0393,malware,1,0.7449851,1,malware
com.gwhizmobile.mghpretestneurology,benign,0,0.24240513,0,benign
com.simtrons.dance,malware,1,0.36883125,0,benign
org.diario.diary_agenda.journal_tagebuch,benign,0,0.44005632,0,benign
com.store.cardcaptor,benign,0,0.15716691,0,benign
edu.synthetic.androzoo.malware.banker_accessibility.1048,malware,1,0.9894481,1,malware
com.dengta120.app.hearingtestproject,malware,1,0.22497435,0,benign
com.tolot.print.android,benign,0,0.049277935,0,benign
edu.synthetic.androzoo.malware.ransomware_locker.0358,malware,1,0.84310955,1,malware
com.stickers.watermarker,malware,1,0.5990869,1,malware
com.esuper.file.explorer,benign,0,0.25255838,0,benign
com.trainerize.allisonjacksonfitness,benign,0,0.39534563,0,benign
com.abuwaelyenna.AzkARII,malware,1,0.7046602,1,malware
com.wsccs.yn,malware,1,0.50239044,1,malware
com.shuiyu.gdp.muzhi,malware,1,0.9904435,1,malware
com.cafe24.ec.pluslenbling,benign,0,0.99273044,1,malware
edu.synthetic.androzoo.malware.banker_accessibility.1652,malware,1,0.98959535,1,malware
edu.synthetic.androzoo.malware.overlay_pin_stealer.1445,malware,1,0.94488937,1,malware
com.sudenmunwah.bestmusic,benign,0,0.30522096,0,benign
edu.synthetic.androzoo.malware.dropper_loader.1619,malware,1,0.90323526,1,malware
edu.synthetic.androzoo.malware.wallet_stealer.0953,malware,1,0.99499136,1,malware
com.hisense.odinbrowser,benign,0,0.012332324,0,benign
com.uhaozu.app,malware,1,0.9806074,1,malware
edu.synthetic.androzoo.malware.spyware_surveillance.0242,malware,1,0.806225,1,malware
edu.synthetic.androzoo.malware.dropper_loader.1808,malware,1,0.79009056,1,malware
com.audible.application,benign,0,0.067851774,0,benign
edu.synthetic.androzoo.malware.banker_accessibility.1625,malware,1,0.98676443,1,malware
com.multibrains.taxi.driver.purusocioschilenew,benign,0,0.8665288,1,malware
edu.synthetic.androzoo.malware.ransomware_locker.1554,malware,1,0.9730196,1,malware
com.m2sys.secugenpro,benign,0,0.12356036,0,benign
com.threeminutegames.lifelinecrisislinegoog.st,malware,1,0.61687285,1,malware
com.riverapps.jewelsjunglepop,benign,0,0.11544162,0,benign
com.rainman.alibubble.gq.wipay,malware,1,0.99907684,1,malware
edu.synthetic.androzoo.malware.spyware_surveillance.1344,malware,1,0.78175604,1,malware
edu.synthetic.androzoo.malware.wallet_stealer.1789,malware,1,0.9863318,1,malware
com.translateasy.chattranslator,benign,0,0.9963264,1,malware
edu.synthetic.androzoo.malware.adware_clicker.1704,malware,1,0.7666983,1,malware
com.sjsys.catalogo.stasy,benign,0,0.986447,1,malware
com.PYZGame.OverBlue,benign,0,0.07167709,0,benign
jp.co.bandainamcoonline.idolish7,benign,0,0.008879287,0,benign
edu.synthetic.androzoo.malware.overlay_pin_stealer.0880,malware,1,0.9264041,1,malware
photoeditor.photoretouch.removeobjects.retouch,benign,0,0.0043701325,0,benign
edu.synthetic.androzoo.malware.dropper_loader.0252,malware,1,0.8275475,1,malware
com.tinchat.mobi,benign,0,0.9333182,1,malware
edu.synthetic.androzoo.malware.banker_accessibility.0030,malware,1,0.9891111,1,malware
se.expressen.areader,benign,0,0.29220128,0,benign
cn.com.sf.fiberstore,malware,1,0.10128232,0,benign
edu.synthetic.androzoo.malware.spyware_surveillance.0818,malware,1,0.99148315,1,malware
pharossolutions.app.schoolapp.home.sja,benign,0,0.7839974,1,malware
jp.andpad.android,benign,0,0.98348975,1,malware
com.mobiquest.gmelectrical,benign,0,0.19620033,0,benign
com.lj.ayzj.yyh,malware,1,0.95875305,1,malware
com.niceplay.lt.android,malware,1,0.96586,1,malware
edu.synthetic.androzoo.malware.overlay_pin_stealer.0633,malware,1,0.9567153,1,malware
edu.synthetic.androzoo.malware.ransomware_locker.1712,malware,1,0.5574514,1,malware
edu.synthetic.androzoo.malware.dropper_loader.0438,malware,1,0.7045877,1,malware
com.fukuhara.toyo.app,benign,0,0.9922686,1,malware
com.gdv.subway2055,benign,0,0.9911311,1,malware
org.orau.ima.orisego,benign,0,0.75915116,1,malware
com.pdmi.qingshui.media,malware,1,0.04165791,0,benign
com.phone.caller.contacts,benign,0,0.02800255,0,benign
com.app.fsinsight,benign,0,0.893762,1,malware
edu.synthetic.androzoo.malware.overlay_pin_stealer.0966,malware,1,0.8785779,1,malware
edu.synthetic.androzoo.malware.ransomware_locker.0469,malware,1,0.84143305,1,malware
it.clementoni.miorobot,benign,0,0.9881108,1,malware
com.saleit.ffm,benign,0,0.97619164,1,malware
cn.guancha.app,malware,1,0.22494067,0,benign
net.gleeph.hybridclient,benign,0,0.41080135,0,benign
com.apptegy.rosebudlott,benign,0,0.27400738,0,benign
com.breo.luson.breo,malware,1,0.85816354,1,malware
com.astrology.psychics,benign,0,0.008070053,0,benign
ch.berag.android.integral,malware,1,0.97682387,1,malware
sg.gov.digitalworkplace,benign,0,0.15908976,0,benign
com.sciences.economiques.commerciales,malware,1,0.5436605,1,malware
com.salla.badreig,benign,0,0.0053066825,0,benign
mk.atg.app,benign,0,0.32644004,0,benign
pl.bsjablonka.bsjablonkamobile,benign,0,0.050614186,0,benign
com.bananaapps.kidappgames.pets.sounds.free,malware,1,0.9998909,1,malware
edu.synthetic.androzoo.malware.dropper_loader.0874,malware,1,0.73925745,1,malware
edu.synthetic.androzoo.malware.dropper_loader.1352,malware,1,0.7824501,1,malware
com.acid.app,benign,0,0.022259565,0,benign
io.teslatech.callbreak,benign,0,0.94852155,1,malware
edu.synthetic.androzoo.malware.dropper_loader.0544,malware,1,0.84374225,1,malware
jp.co.zensho.sukiyamoap,benign,0,0.089155965,0,benign
net.ship56.consignor,malware,1,0.94628114,1,malware
edu.synthetic.androzoo.malware.ransomware_locker.1392,malware,1,0.48490497,0,benign
us.adspecials.app,benign,0,0.003018192,0,benign
edu.synthetic.androzoo.malware.overlay_pin_stealer.0016,malware,1,0.9329494,1,malware
com.vikingmaxx.hook,benign,0,0.36475676,0,benign
edu.synthetic.androzoo.malware.dropper_loader.1330,malware,1,0.9338611,1,malware
com.sahell.holyquran,benign,0,0.0380016,0,benign
edu.synthetic.androzoo.malware.sms_otp_stealer.0855,malware,1,0.9929255,1,malware
com.gvapps.philosophy,benign,0,0.105045766,0,benign
com.yahapps.checkers,benign,0,0.83541214,1,malware
com.makulli.loyalio,benign,0,0.9781779,1,malware
it.onecontrol.sicenext,benign,0,0.011843836,0,benign
edu.synthetic.androzoo.malware.overlay_pin_stealer.0219,malware,1,0.95349187,1,malware
com.gravitygamestudio.hiddenobject,benign,0,0.13882466,0,benign
air.cn.iduoduo.frog,malware,1,0.27964494,0,benign
edu.synthetic.androzoo.malware.dropper_loader.0312,malware,1,0.61934865,1,malware
ru.thenewschool.trainer.physics,benign,0,0.62202954,1,malware
com.pentad.bridge,benign,0,0.04852901,0,benign
org.wycliffe.zapotecorinconsur.zsr,benign,0,0.03624116,0,benign
com.joom,benign,0,0.002187832,0,benign
edu.synthetic.androzoo.malware.banker_accessibility.0549,malware,1,0.99273574,1,malware
edu.synthetic.androzoo.malware.overlay_pin_stealer.1838,malware,1,0.7985697,1,malware
com.jose.quesada.instrumentalchua,malware,1,0.964201,1,malware
com.nexon.tfdc,benign,0,0.035994876,0,benign
uk.co.unibuses,benign,0,0.026522743,0,benign
com.zzkko,malware,1,0.44459972,0,benign
edu.synthetic.androzoo.malware.overlay_pin_stealer.0268,malware,1,0.9740564,1,malware
com.xihang.konwrhythm,malware,1,0.58740807,1,malware
com.goods.master3d.triple.puzzle,benign,0,0.70622736,1,malware
nz.co.solus.Kotui.Whakatane,benign,0,0.98407435,1,malware
com.makotsl.app,benign,0,0.0038236517,0,benign
com.ff2.ladder.yyh,malware,1,0.90255654,1,malware
edu.synthetic.androzoo.malware.spyware_surveillance.1181,malware,1,0.96624947,1,malware
edu.synthetic.androzoo.malware.ransomware_locker.1628,malware,1,0.6941603,1,malware
edu.synthetic.androzoo.malware.banker_accessibility.0601,malware,1,0.8527045,1,malware
edu.synthetic.androzoo.malware.adware_clicker.0727,malware,1,0.92486733,1,malware
com.salion.superimpostor,benign,0,0.07080274,0,benign
com.truemythgames.beadssortcraft,benign,0,0.11471268,0,benign
com.appslab.perth6ixradio1080,benign,0,0.9662262,1,malware
com.az.prado.parking.driver.car.game.offline,benign,0,0.3292962,0,benign
edu.synthetic.androzoo.malware.spyware_surveillance.1360,malware,1,0.72016966,1,malware
com.freigcarrillo.doda,benign,0,0.18386689,0,benign
edu.synthetic.androzoo.malware.banker_accessibility.1339,malware,1,0.9932027,1,malware
com.chattanoogatakeaway,benign,0,0.006701317,0,benign
com.bitkeep.wallet,benign,0,0.98843354,1,malware
tr.edu.ku.newmobile,benign,0,0.99117833,1,malware
com.ilicit.istanbul.metro.hd,malware,1,0.99653506,1,malware
org.olympic.app.mobile,benign,0,0.00463928,0,benign
com.goodwallpapers.autumn_4k,benign,0,0.80626434,1,malware
co.clicknic.clicknicandroid,benign,0,0.98330635,1,malware
com.shaggyowl.cf753,benign,0,0.9940931,1,malware
edu.synthetic.androzoo.malware.spyware_surveillance.1795,malware,1,0.93699783,1,malware
com.jartoo.mylib,malware,1,0.9973654,1,malware
com.bekids.art,malware,1,0.97675645,1,malware
edu.synthetic.androzoo.malware.dropper_loader.1739,malware,1,0.82828444,1,malware
ca.craver.alessioscafe,benign,0,0.49822095,0,benign
eco.planter.app,benign,0,0.9546188,1,malware
dk.fk.blivomdeler,benign,0,0.9602995,1,malware
com.weappin.weappfitAquaSportsLanzarote,benign,0,0.7429044,1,malware
com.trycaviar.customer,benign,0,0.014085429,0,benign
edu.synthetic.androzoo.malware.overlay_pin_stealer.0731,malware,1,0.9263081,1,malware
com.kraftwerk9.firetv,benign,0,0.33451334,0,benign
edu.synthetic.androzoo.malware.dropper_loader.0918,malware,1,0.8726479,1,malware
com.JetToast.BlockyFarm.block,malware,1,0.9903894,1,malware
cc.flydemo.sport2,malware,1,0.47060344,0,benign
com.m7.downloads,malware,1,0.02576044,0,benign
edu.synthetic.androzoo.malware.banker_accessibility.1498,malware,1,0.9823773,1,malware
edu.synthetic.androzoo.malware.spyware_surveillance.0641,malware,1,0.95622903,1,malware
edu.synthetic.androzoo.malware.spyware_surveillance.0304,malware,1,0.97579134,1,malware
edu.synthetic.androzoo.malware.dropper_loader.0947,malware,1,0.9249734,1,malware
com.ggeye.jiakao.api,malware,1,0.115617014,0,benign
com.projectx.thepenaltyworldcup,malware,1,0.13219486,0,benign
com.smoobu.app,benign,0,0.005776444,0,benign
linkdesks.solitaire.zoo,benign,0,0.15419453,0,benign
ott.actsbuckinghamschoice,benign,0,0.9883159,1,malware
com.brooksee.boulderthon,benign,0,0.93767506,1,malware
com.mispacientescmnb.app,benign,0,0.98568475,1,malware
nc.opt.annuaire,benign,0,0.9707983,1,malware
com.apple.tool,malware,1,0.007271354,0,benign
edu.synthetic.androzoo.malware.wallet_stealer.1466,malware,1,0.99838233,1,malware
com.pvprototype,benign,0,0.025357267,0,benign
com.innovativedev.todolist,benign,0,0.1891191,0,benign
com.jdomni.jdswathirestaurantbangalore,benign,0,0.03512684,0,benign
com.logestechs.customer_goBox,benign,0,0.013657554,0,benign
com.app.file.duster.fdd,malware,1,0.2329718,0,benign
com.d.lifehacks,benign,0,0.15350695,0,benign
com.crayon.onefive,benign,0,0.025408126,0,benign
com.bublup.bublup,benign,0,0.8286041,1,malware
com.mobilityado.ado,benign,0,0.24552986,0,benign
edu.synthetic.androzoo.malware.sms_otp_stealer.0406,malware,1,0.95231277,1,malware
edu.synthetic.androzoo.malware.adware_clicker.0568,malware,1,0.8411784,1,malware
com.WhatWapp.Backgammon.Multiplayer,benign,0,0.8860761,1,malware
com.toreluna.app.service,benign,0,0.9657728,1,malware
com.fcbh.bibleradio.assamese.asm,benign,0,0.5694701,1,malware
edu.synthetic.androzoo.malware.dropper_loader.0288,malware,1,0.9268078,1,malware
com.youvisit.hybridvr61233,malware,1,0.9338971,1,malware
edu.synthetic.androzoo.malware.dropper_loader.1264,malware,1,0.8899551,1,malware
com.amslergriddaily.app,benign,0,0.91448087,1,malware
com.klopfensteinsoftware.forager,benign,0,0.9981602,1,malware
com.openreply.pam,benign,0,0.986747,1,malware
com.barcode.picture.scanner.reader,malware,1,0.24674635,0,benign
com.goldtouch.mako,benign,0,0.049586315,0,benign
edu.synthetic.androzoo.malware.banker_accessibility.0921,malware,1,0.982236,1,malware
edu.synthetic.androzoo.malware.ransomware_locker.0897,malware,1,0.96416515,1,malware
com.seraphic.openinet.pre,malware,1,0.009449555,0,benign
cn.com.gxrb.client,malware,1,0.55595785,1,malware
com.BuzzGaming.YantlaKazan,benign,0,0.9940952,1,malware
edu.synthetic.androzoo.malware.overlay_pin_stealer.0157,malware,1,0.9713255,1,malware
com.wyzetalk.woolies,benign,0,0.20026138,0,benign
edu.synthetic.androzoo.malware.sms_otp_stealer.0750,malware,1,0.8583071,1,malware
edu.synthetic.androzoo.malware.dropper_loader.1494,malware,1,0.87311584,1,malware
com.shiyi.whisper,malware,1,0.9780326,1,malware
it.cardright,benign,0,0.95540285,1,malware
edu.synthetic.androzoo.malware.spyware_surveillance.1622,malware,1,0.9816643,1,malware
edu.synthetic.androzoo.malware.dropper_loader.1629,malware,1,0.87900275,1,malware
com.offroad.jeep.simulator.drive.tracks,benign,0,0.76990235,1,malware
edu.synthetic.androzoo.malware.wallet_stealer.1717,malware,1,0.99780506,1,malware
com.bankscene.bes.welllinkbank,malware,1,0.10545395,0,benign
edu.synthetic.androzoo.malware.banker_accessibility.0697,malware,1,0.99579763,1,malware
video.gideo.westerncowboymovies,benign,0,0.030860998,0,benign
edu.synthetic.androzoo.malware.banker_accessibility.0176,malware,1,0.9986981,1,malware
ai.qed.scanspectrum2.app.ss,benign,0,0.39879188,0,benign
com.chairenhuo.qshuiynm,malware,1,0.604128,1,malware
edu.synthetic.androzoo.malware.overlay_pin_stealer.1608,malware,1,0.945651,1,malware
com.gpps.gpps.gppsapp,benign,0,0.25523782,0,benign
com.app.mbacc,benign,0,0.11504873,0,benign
de.appack.project.kraichgau_triathlon,benign,0,0.3335476,0,benign
com.translator.haw,benign,0,0.07169452,0,benign
com.gmfr.yakuza.mad.crime.city.simulator,malware,1,0.9918023,1,malware
com.cx.huanji,malware,1,0.06260863,0,benign
com.spectrumanalizer.myapplication23487,malware,1,0.34354472,0,benign
edu.synthetic.androzoo.malware.banker_accessibility.0063,malware,1,0.96762645,1,malware
com.ifanr.activitys,malware,1,0.7446785,1,malware
com.appliedballisticsllc.appliedballistics,benign,0,0.3902891,0,benign
com.yallagroup.yallashoot,benign,0,0.9819276,1,malware
edu.synthetic.androzoo.malware.banker_accessibility.1672,malware,1,0.93401676,1,malware
volumebooster.sound.speaker,benign,0,0.12952696,0,benign
com.sampark.roadwe,benign,0,0.678482,1,malware
com.zaytoonapps.learnnumberscount,benign,0,0.9613558,1,malware
edu.synthetic.androzoo.malware.spyware_surveillance.0995,malware,1,0.9845989,1,malware
io.jagat.lite,benign,0,0.9699978,1,malware
cn.com.rektec.xmobile.jcy,malware,1,0.8098032,1,malware
edu.synthetic.androzoo.malware.banker_accessibility.0318,malware,1,0.98261845,1,malware
com.app.float_chat,malware,1,0.98092616,1,malware
com.yachtserv.app,benign,0,0.090582706,0,benign
edu.synthetic.androzoo.malware.spyware_surveillance.1526,malware,1,0.9689614,1,malware
edu.synthetic.androzoo.malware.banker_accessibility.1645,malware,1,0.99467564,1,malware
edu.synthetic.androzoo.malware.dropper_loader.1111,malware,1,0.550268,1,malware
pop.bubblebubbleshooter,benign,0,0.31435153,0,benign
com.androidapp.skins.girls.minecraft,malware,1,0.97754276,1,malware
cn.fitdays.fitdays,benign,0,0.7951863,1,malware
com.sevenbold.cadence,benign,0,0.9905652,1,malware
edu.synthetic.androzoo.malware.spyware_surveillance.1802,malware,1,0.9273369,1,malware
com.directfn.universal_adx,benign,0,0.33269846,0,benign
com.goder.busquerysystemptl,benign,0,0.01520989,0,benign
com.f2fgames.games.easterchicken.lite,malware,1,0.9726484,1,malware
edu.synthetic.androzoo.malware.banker_accessibility.0411,malware,1,0.99644715,1,malware
edu.synthetic.androzoo.malware.spyware_surveillance.0516,malware,1,0.99116486,1,malware
edu.synthetic.androzoo.malware.dropper_loader.0885,malware,1,0.97186047,1,malware
com.Playtime.CC0107,malware,1,0.8275013,1,malware
com.estsoft.alsong,benign,0,0.17792203,0,benign
edu.synthetic.androzoo.malware.banker_accessibility.0811,malware,1,0.9615678,1,malware
com.hoge.android.app.wxsjz,malware,1,0.8051218,1,malware
com.subsplash.thechurchapp.s_2JP2SW,benign,0,0.021458922,0,benign
com.ffsvideogames.eor3aab,benign,0,0.9817135,1,malware
edu.synthetic.androzoo.malware.spyware_surveillance.0616,malware,1,0.989963,1,malware
edu.synthetic.androzoo.malware.ransomware_locker.0131,malware,1,0.72413135,1,malware
com.magicapps.htmlviewer,benign,0,0.0327319,0,benign
my.com.edu.emgs,benign,0,0.0032708102,0,benign
com.evaapp.evacharging,benign,0,0.96834165,1,malware
com.rachor.lewt,malware,1,0.99563855,1,malware
com.firstbank.mobilebanking,benign,0,0.9853735,1,malware
edu.synthetic.androzoo.malware.spyware_surveillance.0286,malware,1,0.9225201,1,malware
com.edurev.ielts,benign,0,0.021456514,0,benign
edu.synthetic.androzoo.malware.overlay_pin_stealer.1265,malware,1,0.97486013,1,malware
edu.synthetic.androzoo.malware.sms_otp_stealer.1104,malware,1,0.7815537,1,malware
com.kunzisoft.keepass.free,benign,0,0.109130464,0,benign
org.libertex.mt,benign,0,0.4372963,0,benign
com.yunosolutions.chinacalendar,benign,0,0.982417,1,malware
edu.synthetic.androzoo.malware.ransomware_locker.1177,malware,1,0.5714208,1,malware
com.wassel.dotlinemerchant,benign,0,0.9898666,1,malware
com.organilog.v4,benign,0,0.97653496,1,malware
edu.synthetic.androzoo.malware.spyware_surveillance.0668,malware,1,0.9708971,1,malware
com.staminatech.leaveoffice,benign,0,0.3485192,0,benign
com.ninefolders.hd3,benign,0,0.015258234,0,benign
com.ionicframework.vezeetapatientsmobile694843,benign,0,0.6814752,1,malware
edu.synthetic.androzoo.malware.spyware_surveillance.1896,malware,1,0.9926709,1,malware
edu.synthetic.androzoo.malware.spyware_surveillance.0743,malware,1,0.97688395,1,malware
com.funny.sounds.hd,malware,1,0.013231927,0,benign
com.storytaco.p25client,benign,0,0.028794475,0,benign
com.trainerize.builtforthis,benign,0,0.99080116,1,malware
com.trainerize.fitnessmatters,benign,0,0.9686374,1,malware
edu.synthetic.androzoo.malware.banker_accessibility.0127,malware,1,0.99625635,1,malware
com.cofox.kahunas.DrizzleFitness,benign,0,0.10030655,0,benign
edu.synthetic.androzoo.malware.banker_accessibility.0905,malware,1,0.97565347,1,malware
com.fistoneGOfl66.ateNIUbilihai.yyh,malware,1,0.65561485,1,malware
com.honeyfund.android,benign,0,0.49393663,0,benign
com.pyramids.icecream,malware,1,0.2288787,0,benign
com.de.colore,benign,0,0.17296696,0,benign
edu.synthetic.androzoo.malware.spyware_surveillance.0362,malware,1,0.99345255,1,malware
in.gov.incometaxindia.android,benign,0,0.024121184,0,benign
edu.synthetic.androzoo.malware.dropper_loader.0564,malware,1,0.44979593,0,benign
com.sibisoft.bellevuec,benign,0,0.087696314,0,benign
edu.synthetic.androzoo.malware.adware_clicker.1682,malware,1,0.9756225,1,malware
com.urdu.quran.kanzul.iman,benign,0,0.03178928,0,benign
edu.synthetic.androzoo.malware.banker_accessibility.1030,malware,1,0.99595994,1,malware
com.moniepoint.business,benign,0,0.9893143,1,malware
edu.synthetic.androzoo.malware.ransomware_locker.1017,malware,1,0.45928735,0,benign
org.traccar.client,malware,1,0.04203084,0,benign
com.skm.spk.biblestories,benign,0,0.0324329,0,benign
com.PiguinSoft.CafeRacer.ly,malware,1,0.36705378,0,benign
edu.synthetic.androzoo.malware.adware_clicker.0026,malware,1,0.8414128,1,malware
edu.synthetic.androzoo.malware.ransomware_locker.0941,malware,1,0.29447687,0,benign
com.trainerize.aspirecoaching,benign,0,0.7150232,1,malware
com.zenixnetwork.cloudmineapp,malware,1,0.14662059,0,benign
com.freetrailer,benign,0,0.9425488,1,malware
com.lixiangdong.videocutter,malware,1,0.11107975,0,benign
com.lloydsbank.businessmobile,benign,0,0.18692733,0,benign
com.newday.magicgirlglobal,malware,1,0.49394235,0,benign
com.rpgsnack.fishingparadise,benign,0,0.98477244,1,malware
com.videodownloader.mks,benign,0,0.2011432,0,benign
com.care.drogueriapatria,benign,0,0.0634638,0,benign
com.neonglass.iconpack,benign,0,0.23289265,0,benign
com.UltimateGames.Fishing,benign,0,0.39375684,0,benign
edu.synthetic.androzoo.malware.spyware_surveillance.1460,malware,1,0.94774216,1,malware
in.roadcast.bolt,benign,0,0.9781563,1,malware
com.cookie.match3.casual,benign,0,0.015159725,0,benign
com.LunarPixelGames.beatdrift,malware,1,0.9746284,1,malware
com.todquest.caprics.school,benign,0,0.9719768,1,malware
com.gamepple.demonshunter.pj,malware,1,0.9785069,1,malware
com.instapaper.android,benign,0,0.009454841,0,benign
com.waf.congratulationmessages,benign,0,0.39996666,0,benign
com.sibisoft.granitec,benign,0,0.15034315,0,benign
com.dreame.reader,malware,1,0.7411009,1,malware
com.enchantedcloud.photovault,benign,0,0.4406856,0,benign
com.beretta.shootingdata,benign,0,0.012956519,0,benign
com.microsoft.intune,benign,0,0.7830399,1,malware
com.LongNeckDog.BallRaceRoyale,benign,0,0.0710174,0,benign
com.haulio.hcs.release,benign,0,0.93259656,1,malware
com.metasense.lqdcnvs_mobile,benign,0,0.99423707,1,malware
org.impahq.app,benign,0,0.043163683,0,benign
com.kuaichengwuliu.client,malware,1,0.026829258,0,benign
edu.synthetic.androzoo.malware.banker_accessibility.0962,malware,1,0.9464162,1,malware
horses.wall7Fon,benign,0,0.3685079,0,benign
edu.synthetic.androzoo.malware.dropper_loader.1305,malware,1,0.9824222,1,malware
com.telstra.nrl.knights,benign,0,0.01417693,0,benign
com.titan.fastrack.reflex,benign,0,0.83274585,1,malware
com.TrofyGames.UboatAttack,benign,0,0.5138261,1,malware
com.huazx.hpy,malware,1,0.103039384,0,benign
edu.synthetic.androzoo.malware.overlay_pin_stealer.0376,malware,1,0.9660601,1,malware
com.gamebook.baqijianghu,malware,1,0.95798826,1,malware
ru.zebomba.find,benign,0,0.1940705,0,benign
assamboardbooks.com,benign,0,0.4257135,0,benign
edu.synthetic.androzoo.malware.banker_accessibility.1598,malware,1,0.9964066,1,malware
com.pedidosya,benign,0,0.017608423,0,benign
com.zoho.mail,benign,0,0.9533055,1,malware
org.wikipedia.beta,benign,0,0.01944703,0,benign
air.com.beachbumgammon,benign,0,0.0049593314,0,benign
edu.synthetic.androzoo.malware.spyware_surveillance.1348,malware,1,0.976294,1,malware
org.benevity.app,benign,0,0.2914188,0,benign
edu.synthetic.androzoo.malware.wallet_stealer.1500,malware,1,0.9779652,1,malware
bpresent.studio,benign,0,0.8973145,1,malware
edu.synthetic.androzoo.malware.spyware_surveillance.0759,malware,1,0.8083546,1,malware
com.crossfield.catroom,benign,0,0.2085269,0,benign
com.geektheory.socratechai,benign,0,0.95546114,1,malware
com.IcedropGames.LOK,benign,0,0.70944875,1,malware
org.dignityhealth.healthelife.chw_ca.play,benign,0,0.10266139,0,benign
com.myclassroom.digital,benign,0,0.15120152,0,benign
edu.synthetic.androzoo.malware.overlay_pin_stealer.1368,malware,1,0.96435624,1,malware
edu.synthetic.androzoo.malware.dropper_loader.0193,malware,1,0.82329094,1,malware
com.touringplans.dlrlines.android,benign,0,0.3461327,0,benign
edu.synthetic.androzoo.malware.ransomware_locker.0414,malware,1,0.61183673,1,malware
bali.gamelan.kantil,benign,0,0.14592326,0,benign
com.force.artifact,malware,1,0.4066031,0,benign
com.oramdic.human.anatomy.dictionary,benign,0,0.42097074,0,benign
io.lumat.pedregaldelamontana,benign,0,0.021858683,0,benign
com.puzzleiq.challenge.yyh,malware,1,0.82332695,1,malware
com.catail.beess,benign,0,0.84891003,1,malware
com.innogames.riseofcultures,benign,0,0.42239007,0,benign
edu.synthetic.androzoo.malware.spyware_surveillance.0621,malware,1,0.9776503,1,malware
com.HittiteGames.CarCrashSimulator5,benign,0,0.9491088,1,malware
com.lezhin.comics,benign,0,0.015478754,0,benign
edu.synthetic.androzoo.malware.dropper_loader.0492,malware,1,0.9824127,1,malware
com.sinyee.babybus.hotel,malware,1,0.9026255,1,malware
org.meraaj.yastashir,malware,1,0.22993922,0,benign
edu.synthetic.androzoo.malware.spyware_surveillance.0408,malware,1,0.8840937,1,malware
edu.synthetic.androzoo.malware.banker_accessibility.0599,malware,1,0.93208796,1,malware
edu.synthetic.androzoo.malware.overlay_pin_stealer.0662,malware,1,0.91159606,1,malware
edu.synthetic.androzoo.malware.adware_clicker.0048,malware,1,0.96639585,1,malware
com.itcode.reader,malware,1,0.8559469,1,malware
com.totaltexto.bancamovil,benign,0,0.25210756,0,benign
com.hititcs.silkavia,benign,0,0.88378,1,malware
com.customchurchapps.lafamiliaapp,benign,0,0.004054068,0,benign
edu.synthetic.androzoo.malware.banker_accessibility.0520,malware,1,0.9539701,1,malware
com.LonerGames.RayOfHopeApocalypse,benign,0,0.97233725,1,malware
com.wrx.wazirx,benign,0,0.032715235,0,benign
com.crescentmoongames.theramp,malware,1,0.094981305,0,benign
com.thmclan.hud,benign,0,0.04075508,0,benign
edu.synthetic.androzoo.malware.wallet_stealer.0389,malware,1,0.9857027,1,malware
com.zjzk.auntserver,malware,1,0.57604927,1,malware
com.runde.khs,malware,1,0.7260342,1,malware
edu.synthetic.androzoo.malware.overlay_pin_stealer.1847,malware,1,0.9932227,1,malware
com.tmapmobility.drive.driver,benign,0,0.83564067,1,malware
com.cosmicmobile.lw.ocean2,benign,0,0.05717198,0,benign
venkatesh.stotra,benign,0,0.13717028,0,benign
com.founder.jjckb,malware,1,0.061586227,0,benign
edu.synthetic.androzoo.malware.ransomware_locker.0451,malware,1,0.5063272,1,malware
com.iglesia24h.redapostolica,benign,0,0.97311956,1,malware
edu.synthetic.androzoo.malware.sms_otp_stealer.1224,malware,1,0.84097904,1,malware
com.aynovel.landxs,benign,0,0.008296313,0,benign
com.trainerize.kevinmorreyfitness,benign,0,0.99249786,1,malware
org.ohdoki.onboarding,benign,0,0.95640147,1,malware
sleep.app.relax.calm,benign,0,0.23883909,0,benign
io.neuromobile.denia,benign,0,0.9705732,1,malware
edu.synthetic.androzoo.malware.spyware_surveillance.0499,malware,1,0.916001,1,malware
com.dayoneapp.dayone,benign,0,0.0024414652,0,benign
ch.flatfox.android,benign,0,0.025000188,0,benign
com.CristobalApps.RadioTiempoCalienvivo,benign,0,0.04273312,0,benign
edu.synthetic.androzoo.malware.sms_otp_stealer.0747,malware,1,0.77344507,1,malware
edu.synthetic.androzoo.malware.wallet_stealer.0175,malware,1,0.99561596,1,malware
cz.seznam.mapy,benign,0,0.94989204,1,malware
edu.synthetic.androzoo.malware.banker_accessibility.1721,malware,1,0.9975496,1,malware
com.cityof.hernando,benign,0,0.9503317,1,malware
edu.synthetic.androzoo.malware.wallet_stealer.1583,malware,1,0.93528306,1,malware
org.tapaz.android,benign,0,0.5766752,1,malware
edu.synthetic.androzoo.malware.banker_accessibility.1207,malware,1,0.99006337,1,malware
com.eyecon.global,benign,0,0.0046130456,0,benign
com.peguin.pinsart,malware,1,0.25855958,0,benign
edu.synthetic.androzoo.malware.adware_clicker.1760,malware,1,0.5441551,1,malware
com.permobil.sae.dockme,benign,0,0.052356824,0,benign
com.cirici.metropolitan2,benign,0,0.9935713,1,malware
com.xaebike.laosgo,benign,0,0.6355785,1,malware
com.ten10code.consumerstudiesza,benign,0,0.3739637,0,benign
com.CreaTeamMobile.StrayTheCatThief,malware,1,0.9528609,1,malware
com.trenicom.padelmouv30,benign,0,0.5721591,1,malware
com.bitmancoin.app,malware,1,0.84337884,1,malware
com.GeorefSystems_TRPT,benign,0,0.4850559,0,benign
edu.synthetic.androzoo.malware.spyware_surveillance.0526,malware,1,0.9921002,1,malware
edu.synthetic.androzoo.malware.spyware_surveillance.0524,malware,1,0.98739827,1,malware
com.artlessindie.tools.camera.dbzscouter,malware,1,0.008410722,0,benign
com.cmcc.hbb.android.phone.parents,malware,1,0.9968532,1,malware
air.ru.crazypanda.blitzpoker,benign,0,0.6163242,1,malware
edu.synthetic.androzoo.malware.dropper_loader.1686,malware,1,0.8706644,1,malware
com.fitivity.krav_maga_moves,benign,0,0.77038354,1,malware
com.voyagecontrol.android,benign,0,0.92691463,1,malware
edu.synthetic.androzoo.malware.spyware_surveillance.1722,malware,1,0.981858,1,malware
be.standard.appsupporter,benign,0,0.90659016,1,malware
com.sodetrel.mobile.wiiz,benign,0,0.79465455,1,malware
com.subsplashconsulting.s_B9CSBN,benign,0,0.003483242,0,benign
com.jiemo.kana,malware,1,0.18439302,0,benign
design.codeux.hbh_app,benign,0,0.9819276,1,malware
com.DigitalDreamDynamism.jumpingball,benign,0,0.9663776,1,malware
com.anatomyka.android,benign,0,0.06742229,0,benign
com.yk.banan,malware,1,0.78183514,1,malware
com.polarix.prontopolarix,benign,0,0.96234673,1,malware
com.tithely.app.c38461,benign,0,0.006711558,0,benign
app.nauticap.it,benign,0,0.030061133,0,benign
com.pushbinary.electric,benign,0,0.78316593,1,malware
com.anglersatlas.catchlog,benign,0,0.9902366,1,malware
edu.synthetic.androzoo.malware.spyware_surveillance.0917,malware,1,0.9503714,1,malware
com.denniscode.shareit,benign,0,0.0823671,0,benign
edu.synthetic.androzoo.malware.spyware_surveillance.1540,malware,1,0.99280554,1,malware
edu.synthetic.androzoo.malware.ransomware_locker.1149,malware,1,0.9440542,1,malware
pro.rimipkjs.glkrkr.pj,malware,1,0.9882118,1,malware
edu.synthetic.androzoo.malware.sms_otp_stealer.1053,malware,1,0.94311553,1,malware
edu.synthetic.androzoo.malware.overlay_pin_stealer.1883,malware,1,0.91335255,1,malware
com.estenarh.app,benign,0,0.99194676,1,malware
com.kp,benign,0,0.6493818,1,malware
com.baiyi.shiti,malware,1,0.75787055,1,malware
edu.synthetic.androzoo.malware.overlay_pin_stealer.0570,malware,1,0.96603954,1,malware
edu.synthetic.androzoo.malware.dropper_loader.1805,malware,1,0.7585654,1,malware
com.winworks.winworksinspect,benign,0,0.013394778,0,benign
com.pi.rxfilesplus,benign,0,0.02127241,0,benign
ch.local.android,benign,0,0.010990663,0,benign
jp.sugi_drug.smao,benign,0,0.9851459,1,malware
com.shuqi.controller,malware,1,0.92031544,1,malware
turnariovf.giordanif,benign,0,0.16540729,0,benign
edu.synthetic.androzoo.malware.dropper_loader.1763,malware,1,0.79859936,1,malware
leviusLLC.Afterlife,malware,1,0.30859622,0,benign
edu.synthetic.androzoo.malware.wallet_stealer.0471,malware,1,0.9856566,1,malware
edu.synthetic.androzoo.malware.banker_accessibility.1221,malware,1,0.99045724,1,malware
edu.synthetic.androzoo.malware.banker_accessibility.1430,malware,1,0.9883929,1,malware
com.almashines.bimtech,benign,0,0.90442646,1,malware
ru.ivi.client,benign,0,0.017458534,0,benign
com.exxonmobil.esso.hk,benign,0,0.09992084,0,benign
com.leqi.ciweicuoti,malware,1,0.417783,0,benign
com.changdu.mobovideo,benign,0,0.9856435,1,malware
com.ebdaadt.rentelly,benign,0,0.25823826,0,benign
com.dnschanger,benign,0,0.97427,1,malware
com.colorful.colors.wallPapers,benign,0,0.047411304,0,benign
com.sbi.costco,malware,1,0.02154468,0,benign
com.holoteq.moodgo,benign,0,0.9584765,1,malware
com.AJJ.Cyberpandemic_st2,malware,1,0.99526066,1,malware
edu.synthetic.androzoo.malware.spyware_surveillance.1072,malware,1,0.9489733,1,malware
edu.synthetic.androzoo.malware.spyware_surveillance.0604,malware,1,0.93593526,1,malware
com.software.v.it.familytree,benign,0,0.91142917,1,malware
com.subsplashconsulting.s_98GV3H,benign,0,0.013144464,0,benign
edu.synthetic.androzoo.malware.overlay_pin_stealer.0287,malware,1,0.9411486,1,malware
com.innovatise.burnleyleisure,benign,0,0.8380834,1,malware
com.scoutium.app,benign,0,0.6175258,1,malware
com.AiGen.textmaster,malware,1,0.12619607,0,benign
com.igindis.asiaempire2027,benign,0,0.06091056,0,benign
com.ptolemay.calculatorio.miscellaneous.tip,benign,0,0.6452813,1,malware
com.dictionary.englishtohinditranslator,malware,1,0.120068364,0,benign
com.clowder.aot,benign,0,0.9530158,1,malware
com.nopact.WetHoops,malware,1,0.15906775,0,benign
com.smarthito.smartmixer,malware,1,0.85239524,1,malware
com.trainerize.bentonbetter,benign,0,0.986591,1,malware
com.yesoulchina.international.bicycle,benign,0,0.42984465,0,benign
com.rodocodo.game,benign,0,0.944942,1,malware
edu.synthetic.androzoo.malware.dropper_loader.0125,malware,1,0.82561123,1,malware
com.goldenpenguin.FriesMartTycoon,benign,0,0.92698205,1,malware
edu.synthetic.androzoo.malware.dropper_loader.0503,malware,1,0.63088787,1,malware
com.crisisSupport.civilGuard,benign,0,0.98328525,1,malware
com.okcupid.okcupid,benign,0,0.89942765,1,malware
com.klefi.app,benign,0,0.9907103,1,malware
com.ask.nelson.graduateapp,malware,1,0.9775965,1,malware
edu.synthetic.androzoo.malware.wallet_stealer.0144,malware,1,0.9938398,1,malware
edu.synthetic.androzoo.malware.spyware_surveillance.1435,malware,1,0.9919477,1,malware
linkdesks.tile.match.story,benign,0,0.050100096,0,benign
com.unicostudio.braintest,benign,0,0.08554176,0,benign
edu.synthetic.androzoo.malware.wallet_stealer.0204,malware,1,0.9876841,1,malware
edu.synthetic.androzoo.malware.banker_accessibility.0407,malware,1,0.9815361,1,malware
edu.synthetic.androzoo.malware.banker_accessibility.0320,malware,1,0.97425294,1,malware
com.happytools.learning.kids.games,benign,0,0.10674198,0,benign
com.northtex.wl,benign,0,0.7970652,1,malware
edu.synthetic.androzoo.malware.spyware_surveillance.1903,malware,1,0.9667631,1,malware
edu.synthetic.androzoo.malware.spyware_surveillance.1894,malware,1,0.8731105,1,malware
edu.synthetic.androzoo.malware.banker_accessibility.0677,malware,1,0.99795675,1,malware
edu.synthetic.androzoo.malware.spyware_surveillance.1786,malware,1,0.9794221,1,malware
edu.synthetic.androzoo.malware.ransomware_locker.0210,malware,1,0.868338,1,malware
com.spoton.tablet.android,benign,0,0.27280656,0,benign
edu.synthetic.androzoo.malware.spyware_surveillance.0199,malware,1,0.9895326,1,malware
com.paoword.www.paoword,malware,1,0.30536395,0,benign
edu.synthetic.androzoo.malware.adware_clicker.1519,malware,1,0.8027932,1,malware
com.tocoding.neutral,benign,0,0.94483024,1,malware
edu.synthetic.androzoo.malware.wallet_stealer.0609,malware,1,0.9898561,1,malware
edu.synthetic.androzoo.malware.banker_accessibility.0667,malware,1,0.9759178,1,malware
edu.synthetic.androzoo.malware.adware_clicker.0693,malware,1,0.9692759,1,malware
edu.synthetic.androzoo.malware.sms_otp_stealer.1205,malware,1,0.93841803,1,malware
edu.synthetic.androzoo.malware.banker_accessibility.0149,malware,1,0.9971125,1,malware
cn.cetv.zgjy,malware,1,0.51495093,1,malware
edu.synthetic.androzoo.malware.sms_otp_stealer.1765,malware,1,0.97889745,1,malware
extension.app.ide,malware,1,0.02460801,0,benign
edu.synthetic.androzoo.malware.dropper_loader.0555,malware,1,0.93867266,1,malware
yuanlai.com.masaike,malware,1,0.027935578,0,benign
com.roster.axedo,benign,0,0.27661163,0,benign
edu.synthetic.androzoo.malware.adware_clicker.1208,malware,1,0.61461055,1,malware
edu.synthetic.androzoo.malware.banker_accessibility.0494,malware,1,0.9968659,1,malware
com.appgame.tiles.ianLucspinilsmagc,benign,0,0.014023742,0,benign
edu.synthetic.androzoo.malware.banker_accessibility.1715,malware,1,0.9885838,1,malware
com.impactguru.campaigner_app,benign,0,0.98495704,1,malware
com.xtylus.remotesalestouch,benign,0,0.12662126,0,benign
edu.synthetic.androzoo.malware.overlay_pin_stealer.1426,malware,1,0.98359317,1,malware
org.ccc.aa,malware,1,0.88875544,1,malware
com.htmobileapps.DollarSquad,benign,0,0.03451924,0,benign
edu.synthetic.androzoo.malware.spyware_surveillance.1041,malware,1,0.9047631,1,malware
com.avit.external.app,benign,0,0.9857708,1,malware
com.erkc,benign,0,0.17610289,0,benign
edu.synthetic.androzoo.malware.overlay_pin_stealer.0308,malware,1,0.96007454,1,malware
com.funnycity.carsbattletwo.yyh,malware,1,0.5289216,1,malware
edu.synthetic.androzoo.malware.banker_accessibility.1462,malware,1,0.9970431,1,malware
com.trainerize.theaxleworkout,benign,0,0.978298,1,malware
edu.synthetic.androzoo.malware.spyware_surveillance.1238,malware,1,0.9407931,1,malware
com.lxvll.ocr,benign,0,0.5630229,1,malware
edu.synthetic.androzoo.malware.overlay_pin_stealer.1532,malware,1,0.9838487,1,malware
digifit.android.virtuagym.pro.platinumgym,benign,0,0.98875403,1,malware
edu.synthetic.androzoo.malware.ransomware_locker.1605,malware,1,0.89022803,1,malware
edu.synthetic.androzoo.malware.banker_accessibility.0814,malware,1,0.99403447,1,malware
com.ad.cargame.fly,benign,0,0.07451381,0,benign
edu.synthetic.androzoo.malware.sms_otp_stealer.1306,malware,1,0.84253925,1,malware
io.openaccounting.oaApp,benign,0,0.8893865,1,malware
edu.synthetic.androzoo.malware.dropper_loader.1618,malware,1,0.81500316,1,malware
edu.synthetic.androzoo.malware.spyware_surveillance.0257,malware,1,0.9881095,1,malware
com.montgomery.rideon,benign,0,0.133587,0,benign
com.realxworld.soccerjerseymaker,benign,0,0.1483131,0,benign
com.sglabs.mysymptoms,benign,0,0.94955474,1,malware
jp.ne.sk_mine.android.game.chronos_gem_stories,benign,0,0.1004867,0,benign
com.mytowntonight.aviationweather,benign,0,0.5503319,1,malware
oasys.edocs.h2a2,benign,0,0.98983824,1,malware
edu.synthetic.androzoo.malware.ransomware_locker.0209,malware,1,0.8660723,1,malware
musicplayer.hdvideoplayer.backgroundmusic,benign,0,0.0083278315,0,benign
jp.ne.cna.wificonnect,benign,0,0.06688501,0,benign
edu.synthetic.androzoo.malware.sms_otp_stealer.1702,malware,1,0.9275198,1,malware
net.manoloworks.radio_nouvelle_aquitaine_bordeaux_france_gironde_limoges,benign,0,0.015834494,0,benign
edu.synthetic.androzoo.malware.dropper_loader.1866,malware,1,0.83671427,1,malware
edu.synthetic.androzoo.malware.spyware_surveillance.0786,malware,1,0.88239807,1,malware
com.pado.smartlock,malware,1,0.953506,1,malware
edu.synthetic.androzoo.malware.spyware_surveillance.1395,malware,1,0.9174425,1,malware
com.withkim,benign,0,0.309949,0,benign
chatespana.es,malware,1,0.0035267097,0,benign
com.xapo.bank,benign,0,0.10575966,0,benign
edu.synthetic.androzoo.malware.overlay_pin_stealer.0971,malware,1,0.9028304,1,malware
com.samuelunknown.proscons,benign,0,0.9691399,1,malware
com.elan.ask,malware,1,0.76323336,1,malware
com.ixyzh.question,malware,1,0.037824236,0,benign
com.qatar.onlineshopping.onlinestoreqatar,benign,0,0.16838795,0,benign
com.dmm.app.mvno,benign,0,0.0064752162,0,benign
jp.co.rarejob,benign,0,0.01011084,0,benign
edu.synthetic.androzoo.malware.banker_accessibility.0189,malware,1,0.9957497,1,malware
edu.synthetic.androzoo.malware.spyware_surveillance.1464,malware,1,0.8881095,1,malware
it.fi.comune.ifmobilita,benign,0,0.8545806,1,malware
com.onemt.and.shen,benign,0,0.72652626,1,malware
edu.synthetic.androzoo.malware.dropper_loader.0375,malware,1,0.6526848,1,malware
com.mrc.ess.app,benign,0,0.7269262,1,malware
de.myfitcoach.tim.mfc,benign,0,0.0022614885,0,benign
edu.synthetic.androzoo.malware.dropper_loader.0994,malware,1,0.42139122,0,benign
com.priotecs.MoneyControl,benign,0,0.4193684,0,benign
com.silverbat.knightage,malware,1,0.65498364,1,malware
com.rdiscovery,benign,0,0.99226415,1,malware
com.SingaporeShopping.sgu,benign,0,0.19393018,0,benign
com.empire.grow.rome.ly,malware,1,0.7049545,1,malware
edu.synthetic.androzoo.malware.ransomware_locker.1044,malware,1,0.68445915,1,malware
com.att100.android,malware,1,0.8824702,1,malware
br.mobilibus.mobcampolargo,benign,0,0.9441101,1,malware
com.sinyee.babybus.paintingII,malware,1,0.83450603,1,malware
com.apps.clock.theclock,malware,1,0.0487966,0,benign
com.shark.assetmanager,malware,1,0.8475751,1,malware
edu.synthetic.androzoo.malware.dropper_loader.0801,malware,1,0.8158672,1,malware
com.jewishoffice.tashma,malware,1,0.18238151,0,benign
edu.synthetic.androzoo.malware.dropper_loader.0821,malware,1,0.7848716,1,malware
edu.synthetic.androzoo.malware.overlay_pin_stealer.1735,malware,1,0.96884745,1,malware
ru.waptaxi.taksolet,benign,0,0.7474592,1,malware
edu.synthetic.androzoo.malware.sms_otp_stealer.0578,malware,1,0.9926765,1,malware
com.qiyue.trdog,benign,0,0.8436832,1,malware
com.easysecure,benign,0,0.961535,1,malware
timetrax.com.pk,benign,0,0.35024253,0,benign
edu.synthetic.androzoo.malware.sms_otp_stealer.0673,malware,1,0.87567997,1,malware
com.tsci.hmn,malware,1,0.8241658,1,malware
com.xiaobanlong.main,malware,1,0.5821047,1,malware
edu.synthetic.androzoo.malware.dropper_loader.0985,malware,1,0.9545093,1,malware
edu.synthetic.androzoo.malware.banker_accessibility.0626,malware,1,0.9769324,1,malware
com.moyun365.android.zkgeography,malware,1,0.562106,1,malware
edu.synthetic.androzoo.malware.dropper_loader.0036,malware,1,0.72916645,1,malware
edu.synthetic.androzoo.malware.spyware_surveillance.1342,malware,1,0.9812759,1,malware
com.storytaco.p34client,benign,0,0.118283376,0,benign
com.quraanpoint.azerbaijaniquran,benign,0,0.94007194,1,malware
com.addimin,benign,0,0.72605747,1,malware
com.nurun.edmontonsun,benign,0,0.98050344,1,malware
jp.naver.linemanga.android,benign,0,0.68094134,1,malware
edu.synthetic.androzoo.malware.dropper_loader.1099,malware,1,0.49489915,0,benign
edu.synthetic.androzoo.malware.dropper_loader.0440,malware,1,0.919253,1,malware
br.com.cartago.gbapp.aluno,benign,0,0.96810955,1,malware
edu.synthetic.androzoo.malware.overlay_pin_stealer.0236,malware,1,0.9972366,1,malware
com.xynderous.vatole.floattube,benign,0,0.0143480245,0,benign
com.peyman.dateconvert,malware,1,0.0136555,0,benign
com.eduven.ld.lang.thai,malware,1,0.98008806,1,malware
com.vinetree.gametalktalk2,benign,0,0.101121105,0,benign
edu.synthetic.androzoo.malware.dropper_loader.0982,malware,1,0.8327439,1,malware
edu.synthetic.androzoo.malware.dropper_loader.0935,malware,1,0.9773825,1,malware
edu.synthetic.androzoo.malware.adware_clicker.1252,malware,1,0.76302373,1,malware
edu.synthetic.androzoo.malware.spyware_surveillance.0702,malware,1,0.99153894,1,malware
edu.synthetic.androzoo.malware.overlay_pin_stealer.1176,malware,1,0.92619765,1,malware
com.banhao.gfsdfwhx,malware,1,0.9526172,1,malware
com.sicgamelab.vuurwerk,benign,0,0.15188792,0,benign
com.pmdsoft.android,benign,0,0.04527759,0,benign
com.ape.games.impact,malware,1,0.9250407,1,malware
com.swcloud.game,malware,1,0.9509187,1,malware
tv.nexstar.id3552,benign,0,0.0022731773,0,benign
com.netotrade_bn.mobile,malware,1,0.08836489,0,benign
edu.synthetic.androzoo.malware.overlay_pin_stealer.0865,malware,1,0.9362612,1,malware
com.yathisha.learners,benign,0,0.99644536,1,malware
com.bedishop.app,benign,0,0.9867539,1,malware
com.iyuba.TEDVideo,malware,1,0.94566685,1,malware
com.colorup.game,malware,1,0.16137427,0,benign
edu.synthetic.androzoo.malware.banker_accessibility.0576,malware,1,0.99218506,1,malware
com.goodinside.gimobile,benign,0,0.81632185,1,malware
com.dgscan.app,benign,0,0.023547534,0,benign
world.battle.army.power,benign,0,0.06284925,0,benign
edu.synthetic.androzoo.malware.banker_accessibility.0415,malware,1,0.98726374,1,malware
armaforte.mobile,benign,0,0.0049153944,0,benign
edu.synthetic.androzoo.malware.wallet_stealer.1596,malware,1,0.9936621,1,malware
edu.synthetic.androzoo.malware.dropper_loader.1584,malware,1,0.73693246,1,malware
com.etips.cincinatti.travel.guide,benign,0,0.9513516,1,malware
recipes.chocolate.maker,benign,0,0.047132883,0,benign
edu.synthetic.androzoo.malware.banker_accessibility.0773,malware,1,0.9544892,1,malware
edu.synthetic.androzoo.malware.spyware_surveillance.1681,malware,1,0.99003875,1,malware
com.cordic.happicabsSWF,benign,0,0.2760647,0,benign
pickup.ride.uk.driver,benign,0,0.001756682,0,benign
edu.synthetic.androzoo.malware.spyware_surveillance.1772,malware,1,0.9271283,1,malware
appinventor.ai_junipmalau.harvestmoonbtn,benign,0,0.22471805,0,benign
com.blogspot.yazakikenji.panel,benign,0,0.06463672,0,benign
edu.synthetic.androzoo.malware.spyware_surveillance.1232,malware,1,0.96677476,1,malware
intersign.learn.asl,benign,0,0.98053163,1,malware
net.controlbox.Uboxl.CasilleroLatino,benign,0,0.12505668,0,benign
com.wepartytt,benign,0,0.013210222,0,benign
com.guoyuncm.rainbow,malware,1,0.9760745,1,malware
com.tapclap.merge.mansiontale,benign,0,0.80958134,1,malware
com.zoho.daybook,benign,0,0.52904606,1,malware
in.ether.vivabeautyparlour,benign,0,0.27956223,0,benign
edu.synthetic.androzoo.malware.ransomware_locker.0416,malware,1,0.766624,1,malware
edu.synthetic.androzoo.malware.banker_accessibility.1156,malware,1,0.993112,1,malware
com.coloringbookgames.ninjabikeColoring,benign,0,0.04312705,0,benign
com.edurev.gst,benign,0,0.024146648,0,benign
com.nekteck.medcursor,benign,0,0.21152048,0,benign
com.flickr.android,benign,0,0.9744991,1,malware
com.ananinja.lava,benign,0,0.011458751,0,benign
com.cloudcc.mobile,malware,1,0.44837728,0,benign
com.panagola.app.om,benign,0,0.9909287,1,malware
com.shiyoujiliang.weilaikeji,malware,1,0.99682707,1,malware
edu.synthetic.androzoo.malware.sms_otp_stealer.0746,malware,1,0.79732406,1,malware
edu.synthetic.androzoo.malware.overlay_pin_stealer.0767,malware,1,0.97976035,1,malware
radios.deparaguay3,benign,0,0.30441162,0,benign
air.school,malware,1,0.60195816,1,malware
com.automationexchange.openfiberusa,benign,0,0.9590777,1,malware
edu.synthetic.androzoo.malware.spyware_surveillance.0686,malware,1,0.9846132,1,malware
com.lovewick.app,benign,0,0.9772323,1,malware
edu.synthetic.androzoo.malware.dropper_loader.1192,malware,1,0.7087806,1,malware
freeset.app,benign,0,0.13443083,0,benign
ir.otaghak.app,malware,1,0.2040241,0,benign
com.anask.reem_name_images_wallpapers,benign,0,0.6342099,1,malware
apparray.edison_android_renewal,benign,0,0.9112312,1,malware
edu.synthetic.androzoo.malware.spyware_surveillance.0297,malware,1,0.97453564,1,malware
com.asmr.color.master,benign,0,0.6924177,1,malware
com.keytom.app.twa,benign,0,0.9336934,1,malware
com.aifa.lawyer.client,malware,1,0.9580724,1,malware
com.aplikasisiasat.id,benign,0,0.844342,1,malware
no.vigga.push,benign,0,0.019444538,0,benign
com.phorest.bmonroesalon,benign,0,0.009835422,0,benign
com.eblock.auction,benign,0,0.9329107,1,malware
edu.synthetic.androzoo.malware.banker_accessibility.1145,malware,1,0.9969158,1,malware
edu.synthetic.androzoo.malware.ransomware_locker.0603,malware,1,0.67768055,1,malware
edu.synthetic.androzoo.malware.ransomware_locker.1370,malware,1,0.9452583,1,malware
de.saas.timeclockv2,benign,0,0.9234919,1,malware
edu.synthetic.androzoo.malware.banker_accessibility.0344,malware,1,0.9972807,1,malware
edu.synthetic.androzoo.malware.dropper_loader.1020,malware,1,0.98867327,1,malware
com.cofox.kahunas.JACKOSONLINE,benign,0,0.5704728,1,malware
app.ledscrolldisplay,benign,0,0.36498898,0,benign
com.medpresso.Lonestar.vetanes,benign,0,0.6987248,1,malware
com.dolilive,benign,0,0.5741583,1,malware
com.ubestkid.beilehu.android,malware,1,0.29380456,0,benign
cn.smm.en,benign,0,0.0978,0,benign
com.apptegy.sundowntx,benign,0,0.24690351,0,benign
edu.synthetic.androzoo.malware.overlay_pin_stealer.0933,malware,1,0.9630303,1,malware
com.gamefirst.savetheearth,malware,1,0.06281613,0,benign
com.crazy.doctor.hospital,benign,0,0.24910012,0,benign
edu.synthetic.androzoo.malware.wallet_stealer.1335,malware,1,0.9827429,1,malware
zombie.survival.craft.z,benign,0,0.6425399,1,malware
edu.synthetic.androzoo.malware.dropper_loader.1738,malware,1,0.84990275,1,malware
edu.synthetic.androzoo.malware.banker_accessibility.1505,malware,1,0.9872339,1,malware
org.ghfcu.mobile,benign,0,0.036264144,0,benign
com.cwgame.app.mahjong,benign,0,0.061462466,0,benign
edu.synthetic.androzoo.malware.banker_accessibility.1414,malware,1,0.9958144,1,malware
edu.synthetic.androzoo.malware.banker_accessibility.0314,malware,1,0.9946597,1,malware
com.appcursin.blogspot,malware,1,0.96058565,1,malware
edu.synthetic.androzoo.malware.ransomware_locker.1423,malware,1,0.6735706,1,malware
com.cadenverse.beat.tiles.musicgame,benign,0,0.47385994,0,benign
edu.synthetic.androzoo.malware.spyware_surveillance.0558,malware,1,0.9089899,1,malware
edu.synthetic.androzoo.malware.banker_accessibility.1043,malware,1,0.9867518,1,malware
com.shvagerfm.Abs,benign,0,0.9785857,1,malware
com.escalationstudios.nuke.st,malware,1,0.8616223,1,malware
edu.synthetic.androzoo.malware.spyware_surveillance.1216,malware,1,0.9278676,1,malware
com.global.technolabs.jupitertouchlab,benign,0,0.060042847,0,benign
edu.synthetic.androzoo.malware.dropper_loader.0934,malware,1,0.53225946,1,malware
com.yunosolutions.newzealandcalendar,benign,0,0.59766495,1,malware
com.santech.beat.tiles,benign,0,0.5223619,1,malware
com.trainerize.aspenfitness,benign,0,0.9786806,1,malware
edu.synthetic.androzoo.malware.banker_accessibility.0015,malware,1,0.99268967,1,malware
edu.synthetic.androzoo.malware.spyware_surveillance.1130,malware,1,0.9848995,1,malware
com.giraffegames.realtennis,benign,0,0.39910874,0,benign
co.madlife.stopmotion,malware,1,0.99412376,1,malware
com.Revamp.SteampunkPuzzle2,malware,1,0.9743028,1,malware
com.ironappsdev.offroadincl,benign,0,0.04741238,0,benign
edu.synthetic.androzoo.malware.ransomware_locker.1643,malware,1,0.903161,1,malware
com.morbid_tech.morbid,benign,0,0.9372071,1,malware
com.yilewan.ccmlh5,malware,1,0.05524693,0,benign
com.yamystudio.dryCleaning,benign,0,0.07624251,0,benign
cn.e23.weihai,malware,1,0.028930407,0,benign
notes.notebook.todolist.notepad.checklist,benign,0,0.060649823,0,benign
de.mobiletrend.lovidoo,benign,0,0.014779074,0,benign
de.esagu.app,benign,0,0.39832377,0,benign
com.ubestkid.BeilehuTown.a,malware,1,0.79991615,1,malware
edu.synthetic.androzoo.malware.ransomware_locker.1781,malware,1,0.68858224,1,malware
com.langya.lyt,malware,1,0.2113061,0,benign
com.game.goolny.stickers,benign,0,0.06129381,0,benign
edu.synthetic.androzoo.malware.ransomware_locker.1541,malware,1,0.7490808,1,malware
edu.synthetic.androzoo.malware.spyware_surveillance.0215,malware,1,0.925753,1,malware
com.ErkinKarakoc.Frok,benign,0,0.9771293,1,malware
com.pharmacity_extracare,benign,0,0.98738456,1,malware
edu.synthetic.androzoo.malware.dropper_loader.0565,malware,1,0.8430328,1,malware
com.gf.highway.traffic.control.game.city.traffic,benign,0,0.44419584,0,benign
edu.synthetic.androzoo.malware.ransomware_locker.1611,malware,1,0.8837685,1,malware
com.alarm.alarmmobile.android.securitas,benign,0,0.48574093,0,benign
com.zmlearn.lancher,malware,1,0.5932584,1,malware
edu.synthetic.androzoo.malware.overlay_pin_stealer.0033,malware,1,0.97591126,1,malware
com.minikara.bubble.android,benign,0,0.1920291,0,benign
com.roadhurryup.fireandrush.yyh,malware,1,0.922888,1,malware
com.nt.pictionary,benign,0,0.8745457,1,malware
com.es.civilization.rise.empire,benign,0,0.81424636,1,malware
com.zoho.accounts.oneauth,benign,0,0.475062,0,benign
com.stickman.warmblood.ly,malware,1,0.9445721,1,malware
com.ejk.Panda.Bubble.Shooter,benign,0,0.18493946,0,benign
com.azazie.az,benign,0,0.5624866,1,malware
sixpack.sixpackabs.absworkout,benign,0,0.013504837,0,benign
com.rv.gym,benign,0,0.58548576,1,malware
edu.synthetic.androzoo.malware.overlay_pin_stealer.0529,malware,1,0.97021604,1,malware
com.tap4fun.reignofwar,benign,0,0.8225197,1,malware
am.ro.android,benign,0,0.93713725,1,malware
edu.synthetic.androzoo.malware.banker_accessibility.1033,malware,1,0.9977914,1,malware
com.brinks.twentyfourseven,benign,0,0.1281873,0,benign
com.evilishgames.dashingheros,benign,0,0.3955983,0,benign
com.trimble.d2link,benign,0,0.053126615,0,benign
com.qysoft.zyhj,malware,1,0.9970247,1,malware
com.qunhe.rendershow,malware,1,0.5476329,1,malware
org.arkweb.arkweb,malware,1,0.023965793,0,benign
edu.synthetic.androzoo.malware.spyware_surveillance.0659,malware,1,0.9765806,1,malware
com.spartannash.foresthillsfoods,benign,0,0.12239802,0,benign
com.trainerize.dynamicfitnesshtx,benign,0,0.92891973,1,malware
com.sitckmanr.kongfuliam,malware,1,0.9526172,1,malware
edu.synthetic.androzoo.malware.ransomware_locker.0476,malware,1,0.9526871,1,malware
com.NamasteStudios.SkyStacker,benign,0,0.9835433,1,malware
ru.tutu.etrains,benign,0,0.28452602,0,benign
melstudio.mpilates,benign,0,0.087326065,0,benign
edu.synthetic.androzoo.malware.spyware_surveillance.0990,malware,1,0.9845576,1,malware
com.nebulajoy.act.dmcpoc.asia,benign,0,0.03221258,0,benign
edu.synthetic.androzoo.malware.overlay_pin_stealer.1303,malware,1,0.9313204,1,malware
edu.synthetic.androzoo.malware.overlay_pin_stealer.1807,malware,1,0.9869849,1,malware
edu.synthetic.androzoo.malware.spyware_surveillance.0969,malware,1,0.9321937,1,malware
edu.synthetic.androzoo.malware.banker_accessibility.0332,malware,1,0.998432,1,malware
com.tapbee.lohas,benign,0,0.9285094,1,malware
me.kch_app.kch,benign,0,0.25537243,0,benign
com.ego.allfile.app,malware,1,0.9526172,1,malware
edu.synthetic.androzoo.malware.dropper_loader.1796,malware,1,0.9732772,1,malware
edu.synthetic.androzoo.malware.overlay_pin_stealer.0585,malware,1,0.9318993,1,malware
com.jiecang.app.android.aidesks,malware,1,0.62650067,1,malware
edu.synthetic.androzoo.malware.overlay_pin_stealer.0328,malware,1,0.96170735,1,malware
com.heshu.originofshanhai,malware,1,0.07603256,0,benign
edu.synthetic.androzoo.malware.banker_accessibility.1481,malware,1,0.9955319,1,malware
edu.synthetic.androzoo.malware.sms_otp_stealer.1095,malware,1,0.9117364,1,malware
edu.synthetic.androzoo.malware.overlay_pin_stealer.1573,malware,1,0.9690409,1,malware
com.qxdazhuzai.mzyw,malware,1,0.9706085,1,malware
com.subsplashconsulting.s_V8XQ24,benign,0,0.005309074,0,benign
hotsiberians.idle.anomalies.research.station.building.tycoon.simulator,benign,0,0.09084946,0,benign
com.tracktime24.employee,benign,0,0.04972552,0,benign
com.dicedom.dicemerge.puzzlegame,benign,0,0.29481372,0,benign
com.kahunas.io.CatalystFitnessCoaching,benign,0,0.021082902,0,benign
edu.synthetic.androzoo.malware.wallet_stealer.0187,malware,1,0.97871965,1,malware
no.mellora.hseq.bms,malware,1,0.26220542,0,benign
edu.synthetic.androzoo.malware.spyware_surveillance.1842,malware,1,0.81622887,1,malware
edu.synthetic.androzoo.malware.overlay_pin_stealer.0278,malware,1,0.9539886,1,malware
edu.synthetic.androzoo.malware.overlay_pin_stealer.1780,malware,1,0.83085984,1,malware
edu.synthetic.androzoo.malware.ransomware_locker.1438,malware,1,0.56888443,1,malware
edu.synthetic.androzoo.malware.wallet_stealer.1588,malware,1,0.984853,1,malware
com.maddevices.combatsmobile,malware,1,0.9778299,1,malware
edu.synthetic.androzoo.malware.banker_accessibility.0974,malware,1,0.9845835,1,malware
com.nt.games.tangledsnakes,benign,0,0.9496941,1,malware
com.rvappstudios.shapes.colors.toddler,benign,0,0.05712313,0,benign
com.fortinet.fvuc.app,benign,0,0.97094035,1,malware
edu.synthetic.androzoo.malware.ransomware_locker.1734,malware,1,0.70147425,1,malware
neo.bombrman.arcade.geo.games,benign,0,0.33249834,0,benign
fakegps.fakelocation.mocklocation.gpsfaker,malware,1,0.003040965,0,benign
edu.synthetic.androzoo.malware.overlay_pin_stealer.1563,malware,1,0.9502198,1,malware
com.zomecorp.zome,benign,0,0.09607529,0,benign
lu.bgl.spm.wm,benign,0,0.018218592,0,benign
ir.t4f.master,benign,0,0.954291,1,malware
jp.sihdbk.opapp,benign,0,0.99228376,1,malware
edu.synthetic.androzoo.malware.adware_clicker.1901,malware,1,0.80013674,1,malware
com.caresca.enfermedadesinfantiles,malware,1,0.021829752,0,benign
com.petgugu.android,benign,0,0.9961991,1,malware
edu.synthetic.androzoo.malware.ransomware_locker.1799,malware,1,0.4046343,0,benign
es.tpc.matchpoint.appclient.goldenpoint,benign,0,0.16409673,0,benign
com.hotpodyoga,benign,0,0.9934176,1,malware
live.moreshort.app,benign,0,0.8758385,1,malware
edu.synthetic.androzoo.malware.banker_accessibility.1913,malware,1,0.98065186,1,malware
com.taptasty.puroveroapp,benign,0,0.51206803,1,malware
com.eduven.cc.bruschettas,benign,0,0.009692476,0,benign
edu.synthetic.androzoo.malware.sms_otp_stealer.0056,malware,1,0.89613205,1,malware
edu.synthetic.androzoo.malware.sms_otp_stealer.0809,malware,1,0.96498024,1,malware
edu.synthetic.androzoo.malware.sms_otp_stealer.1671,malware,1,0.903058,1,malware
com.oifcoman.khedmahmerchant,benign,0,0.95838183,1,malware
edu.synthetic.androzoo.malware.dropper_loader.1886,malware,1,0.7177002,1,malware
com.kigle.seaanimals,benign,0,0.8899922,1,malware
uug.game.paopao,malware,1,0.9219423,1,malware
com.turner.fcallstars,malware,1,0.6577508,1,malware
com.trainerize.fitnesstogether,benign,0,0.5914156,1,malware
edu.synthetic.androzoo.malware.dropper_loader.0704,malware,1,0.85592973,1,malware
com.erra.social,benign,0,0.91150314,1,malware
com.hp.impulse.panorama,benign,0,0.0143995285,0,benign
com.investors.leaderboard.android,benign,0,0.010817729,0,benign
edu.synthetic.androzoo.malware.ransomware_locker.0300,malware,1,0.49904928,0,benign
com.fruittime.weather,malware,1,0.63848007,1,malware
edu.synthetic.androzoo.malware.spyware_surveillance.1630,malware,1,0.97411704,1,malware
com.angames.android.google.avatarbendingtheworld,benign,0,0.07382839,0,benign
de.shugasu.itrtg,benign,0,0.540075,1,malware
edu.synthetic.androzoo.malware.adware_clicker.0642,malware,1,0.75007665,1,malware
com.nirmitaentertainment.golfshotopeninfinitecourse,benign,0,0.5095426,1,malware
edu.synthetic.androzoo.malware.wallet_stealer.0227,malware,1,0.99726725,1,malware
edu.synthetic.androzoo.malware.wallet_stealer.1014,malware,1,0.98849726,1,malware
edu.synthetic.androzoo.malware.overlay_pin_stealer.1422,malware,1,0.9170736,1,malware
com.myyounit.selfstoragedenhaag,benign,0,0.9367951,1,malware
io.spaceos.scalingspaces,benign,0,0.993457,1,malware
edu.synthetic.androzoo.malware.banker_accessibility.0700,malware,1,0.98947453,1,malware
com.cloudn.orientallounge,benign,0,0.90167695,1,malware
jp.co.lawson.android,benign,0,0.98207897,1,malware
com.CSlillians.android,benign,0,0.070431024,0,benign
com.haoyisheng.mobile.app,malware,1,0.9231161,1,malware
wsh.chishenme.dpfh,malware,1,0.028228182,0,benign
gm.passion.app,benign,0,0.98077065,1,malware
com.sinyee.babybus.spell,malware,1,0.9305004,1,malware
com.ihuman.jump,malware,1,0.004649018,0,benign
com.ZWSoft.ZWCAD,malware,1,0.9911413,1,malware
com.xiudian_useraj_th.client,benign,0,0.26722452,0,benign
com.kuailun.xfj,benign,0,0.51909566,1,malware
in.healthflex.physioapp,benign,0,0.0065922444,0,benign
edu.synthetic.androzoo.malware.adware_clicker.1742,malware,1,0.49786708,0,benign
joybits.doodletankshd_free,benign,0,0.98644835,1,malware
com.basenjiapps.breeze,benign,0,0.025140284,0,benign
edu.synthetic.androzoo.malware.spyware_surveillance.0089,malware,1,0.9445199,1,malware
smile.com.telonium.mobile,benign,0,0.10286988,0,benign
com.yclients.mobile.g73827,benign,0,0.22429903,0,benign
com.friendscube.somoim,benign,0,0.017590234,0,benign
arl.terminal.reefercontainerpretripinspector,benign,0,0.9986712,1,malware
com.lixiangdong.idphotomaker,malware,1,0.0137471175,0,benign
com.imweb.appS20200605d0b93b390db0f_61d458797eeea,benign,0,0.7670868,1,malware
edu.synthetic.androzoo.malware.banker_accessibility.1133,malware,1,0.99118996,1,malware
com.byairapp.android,benign,0,0.0033447437,0,benign
edu.synthetic.androzoo.malware.spyware_surveillance.0075,malware,1,0.99390596,1,malware
eye.art.makeup.games,benign,0,0.018436631,0,benign
com.upboardclass10previousyearquestionpaper,benign,0,0.16824822,0,benign
com.colyinc.mahoyaku,benign,0,0.105192766,0,benign
com.mobincube.parabolas_de_jesus.sc_H7QXK9,malware,1,0.5847195,1,malware
edu.synthetic.androzoo.malware.spyware_surveillance.1471,malware,1,0.9941948,1,malware
edu.synthetic.androzoo.malware.overlay_pin_stealer.0140,malware,1,0.9054303,1,malware
com.herofang,malware,1,0.9804357,1,malware
com.threestonesoft.pigotd,malware,1,0.91908586,1,malware
com.fast.free.folowvpn,malware,1,0.031644788,0,benign
jp.co.a_tm.android.plus_strawberry_time,benign,0,0.703994,1,malware
edu.synthetic.androzoo.malware.banker_accessibility.1916,malware,1,0.99650806,1,malware
edu.synthetic.androzoo.malware.spyware_surveillance.0029,malware,1,0.96246374,1,malware
unlsoc.seniordesign.huskerstemvr_mobile,benign,0,0.08937932,0,benign
com.IronHorseGames.IdleMineRPG,benign,0,0.3571842,0,benign
free.ocean.fish.solitaire.match,benign,0,0.52505517,1,malware
edu.synthetic.androzoo.malware.banker_accessibility.1542,malware,1,0.99393564,1,malware
edu.synthetic.androzoo.malware.dropper_loader.0931,malware,1,0.85815066,1,malware
com.avvaloffice.flutter_hbb,malware,1,0.30172545,0,benign
com.rottzgames.mastermind,benign,0,0.98437285,1,malware
edu.synthetic.androzoo.malware.dropper_loader.1700,malware,1,0.7719354,1,malware
jp.mana_tea,benign,0,0.9569803,1,malware
edu.synthetic.androzoo.malware.ransomware_locker.0717,malware,1,0.7343629,1,malware
edu.synthetic.androzoo.malware.dropper_loader.1879,malware,1,0.9152189,1,malware
edu.synthetic.androzoo.malware.ransomware_locker.0181,malware,1,0.9548842,1,malware
com.phrasebook.lt,benign,0,0.20269175,0,benign
com.money.Mentorship,malware,1,0.23993133,0,benign
edu.synthetic.androzoo.malware.adware_clicker.1529,malware,1,0.9899843,1,malware
kr.co.emeye.joinsautocom,benign,0,0.43656877,0,benign
jp.co.comic.mangaone,benign,0,0.10546565,0,benign
edu.synthetic.androzoo.malware.spyware_surveillance.1287,malware,1,0.97225857,1,malware
com.mike.koutu,malware,1,0.16115698,0,benign
edu.synthetic.androzoo.malware.spyware_surveillance.1801,malware,1,0.97648984,1,malware
edu.synthetic.androzoo.malware.dropper_loader.0326,malware,1,0.7930054,1,malware
com.radiosenpy.radioactivafm,benign,0,0.5023737,1,malware
edu.synthetic.androzoo.malware.banker_accessibility.1021,malware,1,0.9961738,1,malware
edu.synthetic.androzoo.malware.overlay_pin_stealer.0194,malware,1,0.9793205,1,malware
edu.synthetic.androzoo.malware.spyware_surveillance.1376,malware,1,0.9723672,1,malware
com.skyfun.loveandfashiongp,malware,1,0.3158511,0,benign
com.sniper_games.silent.scope.sniper.games,benign,0,0.96593326,1,malware
com.mres.schedule,benign,0,0.15670201,0,benign
com.nu.production,benign,0,0.8750767,1,malware
com.rsupport.remotemeeting.application.solution.kinfa,benign,0,0.17708905,0,benign
ie.zappy.fennec.evansvilleyogaspace,benign,0,0.65710515,1,malware
com.exploremetro.sh,benign,0,0.7980998,1,malware
edu.synthetic.androzoo.malware.overlay_pin_stealer.0274,malware,1,0.9772246,1,malware
edu.synthetic.androzoo.malware.overlay_pin_stealer.0381,malware,1,0.92445683,1,malware
bin.mt.plus,malware,1,0.99099815,1,malware
diy.soap.recipes,malware,1,0.54589075,1,malware
com.wixot.merge,benign,0,0.021520026,0,benign
com.Golden.Dinopaint,benign,0,0.9396284,1,malware
com.playhardlab.heroes,benign,0,0.9526172,1,malware
edu.synthetic.androzoo.malware.spyware_surveillance.0487,malware,1,0.91529447,1,malware
jp.roundflat.takudrill_pt_app,benign,0,0.2741444,0,benign
edu.synthetic.androzoo.malware.banker_accessibility.1779,malware,1,0.95377356,1,malware
com.crisp.vertical,benign,0,0.8572598,1,malware
com.advice.university.heysem99,benign,0,0.006874678,0,benign
com.gr.clean.dream.hotel,benign,0,0.038152125,0,benign
edu.synthetic.androzoo.malware.dropper_loader.0156,malware,1,0.7835921,1,malware
net.staca,benign,0,0.9780701,1,malware
com.monstro.mdungeons,malware,1,0.06682904,0,benign
com.sayhi.app,benign,0,0.043287188,0,benign
com.talb.blowery,malware,1,0.31451896,0,benign
com.deltaepa.smarthome,benign,0,0.07531716,0,benign
hk.com.ayers.wwind.token1,malware,1,0.9526172,1,malware
net.jeu.solitaire,benign,0,0.9711275,1,malware
com.Moveware.Mobi,benign,0,0.9874019,1,malware
de.twopeaches.babelli,benign,0,0.9465254,1,malware
edu.synthetic.androzoo.malware.wallet_stealer.0869,malware,1,0.9966427,1,malware
nz.co.trademe.trademe,benign,0,0.0017656569,0,benign
com.subsplashconsulting.s_J59FST,benign,0,0.034418903,0,benign
com.ithinkers.abokado,benign,0,0.0058455057,0,benign
edu.synthetic.androzoo.malware.spyware_surveillance.0584,malware,1,0.97617424,1,malware
edu.synthetic.androzoo.malware.overlay_pin_stealer.1089,malware,1,0.9619311,1,malware
edu.synthetic.androzoo.malware.adware_clicker.0652,malware,1,0.9257913,1,malware
com.gameduell.tarot,benign,0,0.77798104,1,malware
edu.synthetic.androzoo.malware.overlay_pin_stealer.0513,malware,1,0.90695685,1,malware
com.subsplashconsulting.s_BR2B97,benign,0,0.054413512,0,benign
edu.synthetic.androzoo.malware.dropper_loader.0870,malware,1,0.894944,1,malware
com.cookingmouse.cheesefry,benign,0,0.1111394,0,benign
edu.synthetic.androzoo.malware.dropper_loader.0028,malware,1,0.9231941,1,malware
edu.synthetic.androzoo.malware.banker_accessibility.0738,malware,1,0.99559766,1,malware
com.mscz.yyn,malware,1,0.8505359,1,malware
edu.synthetic.androzoo.malware.overlay_pin_stealer.1791,malware,1,0.9633005,1,malware
com.clocknestgames.olimdal,malware,1,0.95615107,1,malware
edu.synthetic.androzoo.malware.overlay_pin_stealer.0787,malware,1,0.96142256,1,malware
edu.synthetic.androzoo.malware.banker_accessibility.1828,malware,1,0.9937808,1,malware
edu.synthetic.androzoo.malware.wallet_stealer.0441,malware,1,0.98445064,1,malware
ru.astrostar.yakuba.android,benign,0,0.9839318,1,malware
com.newssynergy.kxweatherapp,benign,0,0.099365786,0,benign
com.subsplash.thechurchapp.truehopechurch,benign,0,0.0063513564,0,benign
edu.synthetic.androzoo.malware.overlay_pin_stealer.0294,malware,1,0.92620367,1,malware
com.provakil.provakil,benign,0,0.21736434,0,benign
edu.synthetic.androzoo.malware.overlay_pin_stealer.0087,malware,1,0.89036185,1,malware
edu.synthetic.androzoo.malware.spyware_surveillance.0757,malware,1,0.97216165,1,malware
skywave.draw.food,benign,0,0.23385836,0,benign
com.jixing.shenqifangkuai,malware,1,0.9577484,1,malware
com.geniustime.bbxdj.mi,malware,1,0.07205872,0,benign
com.collect.letterlinkgame,malware,1,0.97744226,1,malware
com.sword.camera.editor,malware,1,0.9247631,1,malware
edu.synthetic.androzoo.malware.dropper_loader.0600,malware,1,0.8282647,1,malware
product.clicklabs.jugnoo.driver,benign,0,0.31152105,0,benign
com.drive2,benign,0,0.017853713,0,benign
net.grechu.gnetcctvsecond,malware,1,0.6152169,1,malware
edu.synthetic.androzoo.malware.spyware_surveillance.0841,malware,1,0.949878,1,malware
co.ivyonline.app,benign,0,0.98939985,1,malware
com.uroad.zhgs,malware,1,0.9153292,1,malware
com.cb.cakebaker.bakinggames.makergames,benign,0,0.5913709,1,malware
com.mds.tplus,benign,0,0.4599765,0,benign
com.kasbcompany.android,benign,0,0.9931804,1,malware
com.mobincube.diccionario_griego_biblico.sc_HP9E26,malware,1,0.8104074,1,malware
edu.synthetic.androzoo.malware.overlay_pin_stealer.0072,malware,1,0.90795016,1,malware
edu.synthetic.androzoo.malware.dropper_loader.0292,malware,1,0.8590203,1,malware
com.foxsports.android,benign,0,0.6371496,1,malware
jp.co.cyberagent.miami,benign,0,0.9636581,1,malware
com.arclightCity.dexappstudio,benign,0,0.73638964,1,malware
org.cocos2dx.lianliankan,malware,1,0.9836374,1,malware
edu.synthetic.androzoo.malware.spyware_surveillance.1369,malware,1,0.9826476,1,malware
com.koinum.app,malware,1,0.05432802,0,benign
edu.synthetic.androzoo.malware.spyware_surveillance.0882,malware,1,0.9769295,1,malware
edu.synthetic.androzoo.malware.adware_clicker.0170,malware,1,0.49065632,0,benign
edu.synthetic.androzoo.malware.sms_otp_stealer.1276,malware,1,0.98428416,1,malware
de.daedalic.deadsynchronicity.android_st,malware,1,0.9526172,1,malware
edu.synthetic.androzoo.malware.adware_clicker.0334,malware,1,0.5133075,1,malware
com.mobikasaba.carlaandroid,benign,0,0.014083053,0,benign
com.et2t.xingbao,malware,1,0.99064505,1,malware
com.dev.abcdapps.nearbymosque,benign,0,0.036592044,0,benign
com.jacapps.wfed,benign,0,0.01086443,0,benign
com.whj.app.stavemaster,malware,1,0.08450539,0,benign
edu.synthetic.androzoo.malware.banker_accessibility.0484,malware,1,0.9962872,1,malware
com.kys,malware,1,0.76836586,1,malware
edu.synthetic.androzoo.malware.banker_accessibility.1024,malware,1,0.9838765,1,malware
com.classlist.parent,benign,0,0.961582,1,malware
com.DTDAGames.Chronc,benign,0,0.83811,1,malware
com.info_sync.infosync,benign,0,0.22497045,0,benign
com.enjoygame.ttwyjp,malware,1,0.9883024,1,malware
edu.synthetic.androzoo.malware.banker_accessibility.1594,malware,1,0.99090403,1,malware
easy.smarttools.font.emoji.custom.keyboard.photokeyboard,benign,0,0.41362053,0,benign
com.g5e.jewelsofmahjong.android,benign,0,0.9763964,1,malware
com.visionect.joan.desk,benign,0,0.0060540377,0,benign
edu.synthetic.androzoo.malware.overlay_pin_stealer.0270,malware,1,0.9626892,1,malware
com.funbox.dailyenglishconversation,benign,0,0.024006566,0,benign
com.ptminder.oryanfitness,benign,0,0.101579085,0,benign
com.koudai.zuhao,malware,1,0.97425824,1,malware
com.coljonesswim.icp,benign,0,0.018594671,0,benign
de.hugendubel.app,benign,0,0.10091398,0,benign
edu.synthetic.androzoo.malware.adware_clicker.0614,malware,1,0.96281946,1,malware
com.ap.adval,benign,0,0.21882647,0,benign
com.ModernPhilosophy.Fallen,benign,0,0.57617253,1,malware
edu.synthetic.androzoo.malware.dropper_loader.1109,malware,1,0.63951683,1,malware
com.its.mobilebanking.ajf,benign,0,0.9953034,1,malware
com.synx.fleetmanager,benign,0,0.019841237,0,benign
it.iridi.dalgrano,benign,0,0.7347417,1,malware
health.step.walk,malware,1,0.34323722,0,benign
com.overnight.oats.recipe.app,benign,0,0.052826714,0,benign
edu.synthetic.androzoo.malware.spyware_surveillance.1706,malware,1,0.98411477,1,malware
com.subsplashconsulting.s_CRB6RK,benign,0,0.012703873,0,benign
edu.synthetic.androzoo.malware.overlay_pin_stealer.1884,malware,1,0.8947966,1,malware
com.watercountry.mobile,benign,0,0.5852581,1,malware
com.refixprotect.zpsjhfu,malware,1,0.041265715,0,benign
com.apaman.android,benign,0,0.24433912,0,benign
com.yelp.android,benign,0,0.62119037,1,malware
edu.synthetic.androzoo.malware.spyware_surveillance.1724,malware,1,0.9375526,1,malware
com.chippercash,benign,0,0.6874548,1,malware
com.posteitaliane.spim,benign,0,0.47957045,0,benign
com.caltopo.android,benign,0,0.9286638,1,malware
mtcperu.simulacromtc.examenmtc,benign,0,0.16914546,0,benign
edu.synthetic.androzoo.malware.spyware_surveillance.0291,malware,1,0.99461573,1,malware
ar.lifemart.android,benign,0,0.99653983,1,malware
com.nosuke.yomoo,benign,0,0.3687102,0,benign
com.zhaot.zhigj,malware,1,0.52390796,1,malware
com.qiyang.yueyu,malware,1,0.6089513,1,malware
komandco.matete,benign,0,0.870984,1,malware
edu.synthetic.androzoo.malware.spyware_surveillance.0732,malware,1,0.9499337,1,malware
edu.synthetic.androzoo.malware.spyware_surveillance.1888,malware,1,0.96929157,1,malware
zahleb.me,benign,0,0.08101554,0,benign
my.hotel.design,benign,0,0.018459937,0,benign
com.aospstudio.quicksearch,benign,0,0.06341546,0,benign
com.AresGames.SwordSorceryAC,benign,0,0.16734529,0,benign
com.mango.sanguo15.plsz,malware,1,0.9644987,1,malware
com.dongqiudi.news,malware,1,0.8885237,1,malware
com.realbyteapps.moneymanagerfree,benign,0,0.9542745,1,malware
com.audiosdroid.speech2text,malware,1,0.07420206,0,benign
com.memoriki.fullhousecasino,benign,0,0.4833309,0,benign
edu.synthetic.androzoo.malware.overlay_pin_stealer.0910,malware,1,0.90231144,1,malware
heybarber.app,benign,0,0.08135729,0,benign
com.beartool.girfriendvalue,malware,1,0.9974226,1,malware
edu.synthetic.androzoo.malware.wallet_stealer.0566,malware,1,0.99193406,1,malware
edu.synthetic.androzoo.malware.overlay_pin_stealer.1086,malware,1,0.9396461,1,malware
com.hltcorp.footcare,benign,0,0.0058456613,0,benign
edu.synthetic.androzoo.malware.banker_accessibility.0290,malware,1,0.9884652,1,malware
com.precisebytes.flashlightdualmode.free.release,benign,0,0.34785837,0,benign
jp.co.gemdrops.lbca,malware,1,0.8408935,1,malware
com.buzzato.s24p,benign,0,0.13422078,0,benign
jp.fourm.ragdollbowling,benign,0,0.1477081,0,benign
com.ac.englishtokhmertranslator,benign,0,0.678679,1,malware
com.tube.play.music.downloader.mp3.musica.sound.descargar.freeapp,benign,0,0.35140005,0,benign
com.flower.advisor,benign,0,0.9851459,1,malware
com.doapps.android.mln.MLN_90d668b2ee3a0975df39f54a3f466090,benign,0,0.018012278,0,benign
com.nbs.StudentStore,benign,0,0.2849739,0,benign
dk.fdmmotor.reader,benign,0,0.038664043,0,benign
com.akashlilhare.homeworkout,benign,0,0.9942514,1,malware
net.everdo.everdo,benign,0,0.7967295,1,malware
com.pineapple.woody.block.color.blast,benign,0,0.6679107,1,malware
jp.co.x_bit.rakushifu,benign,0,0.9761143,1,malware
rams.proyect.afiliadorams.com.appafiliado,benign,0,0.015963616,0,benign
edu.synthetic.androzoo.malware.dropper_loader.0661,malware,1,0.7943183,1,malware
edu.synthetic.androzoo.malware.adware_clicker.0698,malware,1,0.43968284,0,benign
com.cinkate.rmd,malware,1,0.7098366,1,malware
nl.wienelware.calligraphydesignideas.app,benign,0,0.14692096,0,benign
com.cgff.moutned.horseback.police.chase,benign,0,0.75622296,1,malware
com.playcurio.safariar,benign,0,0.29727829,0,benign
com.mini.mixed.color,malware,1,0.091454364,0,benign
com.wyt.iexuetang.hd.xxwkt,malware,1,0.63007444,1,malware
hivebrite.gabv_community.app,benign,0,0.26514727,0,benign
com.dnm.radioeuskirchen,benign,0,0.3417221,0,benign
com.subsplashconsulting.s_V97894,benign,0,0.061204538,0,benign
com.boomradio.player,benign,0,0.13865574,0,benign
com.brilian.studyx.student,benign,0,0.8249708,1,malware
edu.synthetic.androzoo.malware.adware_clicker.1022,malware,1,0.89032394,1,malware
es.odilo.capodilo,benign,0,0.32108873,0,benign
com.flexaspect.android.everycallcontrol,benign,0,0.006784683,0,benign
edu.synthetic.androzoo.malware.wallet_stealer.1383,malware,1,0.99353784,1,malware
edu.eduhk.emobileapp,benign,0,0.91966313,1,malware
com.dav_vizag.school,benign,0,0.20803492,0,benign
com.mintgames.matchfind3d,benign,0,0.093118556,0,benign
edu.synthetic.androzoo.malware.ransomware_locker.1364,malware,1,0.5618489,1,malware
jp.jmty.app2,benign,0,0.121464156,0,benign
com.t2s.spicegarden792960,benign,0,0.011255455,0,benign
com.looped.pos.looped_pos_new,benign,0,0.9857157,1,malware
net.xinhuamm.d3074,malware,1,0.8310279,1,malware
edu.synthetic.androzoo.malware.wallet_stealer.0454,malware,1,0.9830263,1,malware
edu.synthetic.androzoo.malware.banker_accessibility.1845,malware,1,0.9962262,1,malware
edu.synthetic.androzoo.malware.spyware_surveillance.0648,malware,1,0.9758589,1,malware
pf.isi.TiareFM,benign,0,0.5036017,1,malware
edu.synthetic.androzoo.malware.banker_accessibility.0271,malware,1,0.92315197,1,malware
net.freshgogo.android,malware,1,0.8721983,1,malware
io.voodoo.paper2,benign,0,0.7437142,1,malware
com.sinyee.babybus.numberwriter,benign,0,0.478338,0,benign
com.sybogames.subway.surfers.game,benign,0,0.928111,1,malware
edu.synthetic.androzoo.malware.banker_accessibility.1353,malware,1,0.9936811,1,malware
bibogames.fill.oneline,benign,0,0.2659005,0,benign
edu.synthetic.androzoo.malware.spyware_surveillance.0890,malware,1,0.9694243,1,malware
com.pujiagames.ennichi,malware,1,0.96268344,1,malware
com.zsjoinblob.sfclash.yyh,malware,1,0.9047205,1,malware
mf.myeg.com.eservicemobile,benign,0,0.18423408,0,benign
com.fissa.scan,benign,0,0.048037395,0,benign
edu.synthetic.androzoo.malware.wallet_stealer.0277,malware,1,0.9899781,1,malware
com.iq.brain.out.ly,malware,1,0.984854,1,malware
edu.synthetic.androzoo.malware.wallet_stealer.1648,malware,1,0.9882782,1,malware
com.modeleon.northernlightsalert,benign,0,0.7577968,1,malware
com.etips.tatemodern.travel.guide,benign,0,0.98479515,1,malware
academy.gocrypto.trading,benign,0,0.9945973,1,malware
edu.synthetic.androzoo.malware.ransomware_locker.0306,malware,1,0.93242496,1,malware
edu.synthetic.androzoo.malware.ransomware_locker.1572,malware,1,0.86885417,1,malware
edu.synthetic.androzoo.malware.ransomware_locker.1857,malware,1,0.4672076,0,benign
com.efun.cnbh.android,malware,1,0.4165118,0,benign
com.wink.android.weather,benign,0,0.01267777,0,benign
com.bootmod3.mobile,benign,0,0.97920257,1,malware
jp.co.imagineer.sumikkogurashi.kids,benign,0,0.18703242,0,benign
com.rhmsoft.edit,benign,0,0.013399189,0,benign
edu.synthetic.androzoo.malware.banker_accessibility.0079,malware,1,0.9706495,1,malware
net.wordbit.itpt,benign,0,0.09218277,0,benign
dev.langhoangal.mindfulness_bell,benign,0,0.9853372,1,malware
edu.synthetic.androzoo.malware.banker_accessibility.1186,malware,1,0.9966987,1,malware
edu.synthetic.androzoo.malware.wallet_stealer.0159,malware,1,0.99147123,1,malware
com.chirayusoft.thashnabullion,benign,0,0.60695565,1,malware
com.xd.impostor.alphabet,benign,0,0.38853964,0,benign
com.india.manomay,benign,0,0.67882997,1,malware
digifit.android.virtuagym.pro.personaltrainingastensomeren,benign,0,0.9193538,1,malware
com.funstay.android.global.idlerpgv1,benign,0,0.119771,0,benign
com.maxtoolbox.rot,malware,1,0.28597996,0,benign
com.mspy.lite,malware,1,0.9904785,1,malware
com.darkwind.nucarnival,benign,0,0.260577,0,benign
jp.stageinc.app.blue,benign,0,0.77146417,1,malware
edu.synthetic.androzoo.malware.banker_accessibility.1644,malware,1,0.9932481,1,malware
com.cashaa.app,benign,0,0.99329466,1,malware
jp.factoryjapan.fjg,benign,0,0.14161636,0,benign
com.marinahome,benign,0,0.012395676,0,benign
com.hqgames.pencil.sketch.photo,benign,0,0.040944356,0,benign
edu.synthetic.androzoo.malware.spyware_surveillance.1241,malware,1,0.9769304,1,malware
com.soap.awaygo.yyh,malware,1,0.320034,0,benign
jp.co.techmatrix.tsumugino,benign,0,0.9794611,1,malware
com.inyad.store,benign,0,0.0027702106,0,benign
edu.synthetic.androzoo.malware.spyware_surveillance.1113,malware,1,0.9644439,1,malware
com.is.vitllinkSOS,malware,1,0.29399553,0,benign
io.plagap.com,benign,0,0.24653512,0,benign
com.cafe24.ec.plustitad,benign,0,0.93750024,1,malware
com.gds.tennis.master.clash.mini.games.offline,benign,0,0.18100427,0,benign
com.wnqncivu.renpeo,malware,1,0.9685034,1,malware
edu.synthetic.androzoo.malware.adware_clicker.1247,malware,1,0.9756589,1,malware
edu.synthetic.androzoo.malware.overlay_pin_stealer.0696,malware,1,0.9977182,1,malware
com.ht96.trongdaotran.dongyapplication,benign,0,0.94210273,1,malware
com.careem.acma,benign,0,0.01363404,0,benign
com.dragon.coloring.Coloringbook,benign,0,0.19812413,0,benign
com.pulu.popforest,benign,0,0.17117715,0,benign
com.chat.dominicano,malware,1,0.28116366,0,benign
edu.synthetic.androzoo.malware.ransomware_locker.1693,malware,1,0.4742573,0,benign
com.ordogames.anomalydayzero,benign,0,0.50459725,1,malware
a882902.mcn,benign,0,0.059675045,0,benign
com.tellurionmobile.aliencraftpro,malware,1,0.97281647,1,malware
online.wsticker,benign,0,0.6058415,1,malware
com.drbrosdev.qrscannerfromlib,benign,0,0.9748317,1,malware
edu.synthetic.androzoo.malware.wallet_stealer.1198,malware,1,0.94859254,1,malware
edu.synthetic.androzoo.malware.spyware_surveillance.1820,malware,1,0.92493296,1,malware
edu.synthetic.androzoo.malware.ransomware_locker.1155,malware,1,0.9823783,1,malware
com.litegames.farkle,benign,0,0.007467843,0,benign
edu.synthetic.androzoo.malware.wallet_stealer.1406,malware,1,0.99282914,1,malware
cc.rs.gc,malware,1,0.9787445,1,malware
com.grokker,benign,0,0.9836526,1,malware
com.MiniCo.UltraFarmingTractorTrucks,benign,0,0.54273206,1,malware
fr.ina.madelen,benign,0,0.9384965,1,malware
com.asobimo.avars,benign,0,0.09695225,0,benign
com.ionic.enginehire,benign,0,0.39020318,0,benign
com.ultrahuman.android,benign,0,0.965195,1,malware
com.erow.stickman.dismount,malware,1,0.14194632,0,benign
com.keeson.hotelmanagement,malware,1,0.0034044562,0,benign
edu.synthetic.androzoo.malware.wallet_stealer.0302,malware,1,0.97461194,1,malware
edu.synthetic.androzoo.malware.sms_otp_stealer.0847,malware,1,0.993729,1,malware
com.travellink,benign,0,0.14198679,0,benign
webviewgold.sole,benign,0,0.67219305,1,malware
com.fruit.hexa.sort,benign,0,0.25774345,0,benign
com.desirepk.mountain.hitman.project.assasin.apps,malware,1,0.8118968,1,malware
edu.synthetic.androzoo.malware.overlay_pin_stealer.0588,malware,1,0.9888313,1,malware
edu.synthetic.androzoo.malware.dropper_loader.0399,malware,1,0.824631,1,malware
com.meemcolart.dumptruck.passenger,benign,0,0.96480757,1,malware
com.mmis.Envi,benign,0,0.9977576,1,malware
com.ellabook,malware,1,0.11646618,0,benign
com.coyoapp.comtsnet.engage.android,benign,0,0.84560585,1,malware
tv.uscreen.thewkout,benign,0,0.96810955,1,malware
at.csd.emurmuru,benign,0,0.23423634,0,benign
com.kk.xx.sleepnoise,malware,1,0.1083986,0,benign
edu.synthetic.androzoo.malware.dropper_loader.1539,malware,1,0.93810874,1,malware
com.good.xuanyuan.appchina,malware,1,0.8963793,1,malware
com.sankuai.sailor.afooddelivery,benign,0,0.06898524,0,benign
edu.synthetic.androzoo.malware.overlay_pin_stealer.0559,malware,1,0.9921177,1,malware
edu.synthetic.androzoo.malware.banker_accessibility.1266,malware,1,0.987666,1,malware
edu.synthetic.androzoo.malware.dropper_loader.1102,malware,1,0.92297083,1,malware
com.nobrainstate.city.construction.building.game,benign,0,0.5589212,1,malware
edu.synthetic.androzoo.malware.spyware_surveillance.0788,malware,1,0.9024806,1,malware
edu.synthetic.androzoo.malware.ransomware_locker.1836,malware,1,0.7440547,1,malware
com.theblackbit.animemania.android,benign,0,0.007056354,0,benign
edu.synthetic.androzoo.malware.dropper_loader.0480,malware,1,0.8441337,1,malware
com.pdfeditor.pdfeditorandriod,benign,0,0.98309475,1,malware
com.knew.feed,malware,1,0.45506647,0,benign
edu.synthetic.androzoo.malware.ransomware_locker.1859,malware,1,0.8243191,1,malware
com.onefitstop.kettlefit,benign,0,0.9966614,1,malware
edu.synthetic.androzoo.malware.dropper_loader.1463,malware,1,0.82531434,1,malware
edu.synthetic.androzoo.malware.banker_accessibility.1890,malware,1,0.9804967,1,malware
com.gamaxgamesidc.clashofcrimemafiagang,malware,1,0.9386849,1,malware
edu.synthetic.androzoo.malware.adware_clicker.0960,malware,1,0.49420616,0,benign
edu.synthetic.androzoo.malware.ransomware_locker.1217,malware,1,0.8001976,1,malware
com.RBHAccess.Integra32AxiomLiteMobile,benign,0,0.008998385,0,benign
edu.synthetic.androzoo.malware.spyware_surveillance.0726,malware,1,0.9532017,1,malware
kvp.jjy.smartSafePayment,benign,0,0.05267238,0,benign
digifit.android.virtuagym.pro.fundacionriasdosur,benign,0,0.83723646,1,malware
tech.foys.ska,benign,0,0.97094035,1,malware
com.sdf.untitled,benign,0,0.97124857,1,malware
com.greenapes.horizontalandroid,benign,0,0.9247782,1,malware
com.apptegy.conawayar,benign,0,0.046844486,0,benign
com.project43.isei,benign,0,0.88752985,1,malware
com.lutech.applock,malware,1,0.2072684,0,benign
edu.synthetic.androzoo.malware.banker_accessibility.0532,malware,1,0.81476235,1,malware
edu.synthetic.androzoo.malware.ransomware_locker.0530,malware,1,0.47540167,0,benign
edu.synthetic.androzoo.malware.overlay_pin_stealer.0776,malware,1,0.97967565,1,malware
com.anacity,benign,0,0.994263,1,malware
com.seacloud.bc,benign,0,0.012351314,0,benign
edu.synthetic.androzoo.malware.ransomware_locker.1388,malware,1,0.9645627,1,malware
io.ionic.kuentro,benign,0,0.38234687,0,benign
com.allup.ufc,benign,0,0.8338901,1,malware
com.fronius.solarweb,benign,0,0.3858288,0,benign
cn.museedu.iden,benign,0,0.32832175,0,benign
edu.synthetic.androzoo.malware.adware_clicker.0234,malware,1,0.60481685,1,malware
com.bartering.forsa,benign,0,0.076754496,0,benign
edu.synthetic.androzoo.malware.banker_accessibility.0981,malware,1,0.96467066,1,malware
app.louga.vocabulary,benign,0,0.975683,1,malware
com.umeox.qibla,malware,1,0.04722422,0,benign
com.KLP.RZG,benign,0,0.9355697,1,malware
mobi.easyorderapp.keurslagerclaudeisabelle,benign,0,0.87853897,1,malware
edu.synthetic.androzoo.malware.spyware_surveillance.0460,malware,1,0.96990716,1,malware
edu.synthetic.androzoo.malware.banker_accessibility.0606,malware,1,0.99441975,1,malware
eka.care.doctor,benign,0,0.8429302,1,malware
edu.synthetic.androzoo.malware.wallet_stealer.0397,malware,1,0.9871836,1,malware
com.foodient.whisk,benign,0,0.007476557,0,benign
com.lijianqiang12.silent,malware,1,0.09013289,0,benign
edu.synthetic.androzoo.malware.ransomware_locker.0202,malware,1,0.8331949,1,malware
com.aichess.ball,malware,1,0.7480922,1,malware
com.scloud.scloud.mobile,benign,0,0.03041242,0,benign
com.spond.spond,benign,0,0.5497149,1,malware
edu.synthetic.androzoo.malware.ransomware_locker.1121,malware,1,0.7633291,1,malware
edu.synthetic.androzoo.malware.overlay_pin_stealer.0372,malware,1,0.97885865,1,malware
com.upjers.molehillempire2,benign,0,0.54801565,1,malware
edu.synthetic.androzoo.malware.banker_accessibility.1274,malware,1,0.9980197,1,malware
edu.synthetic.androzoo.malware.banker_accessibility.0083,malware,1,0.9962746,1,malware
com.rytong.hnair,malware,1,0.9092399,1,malware
edu.synthetic.androzoo.malware.banker_accessibility.0047,malware,1,0.78531194,1,malware
com.suchgamesmuchwow.readysetcat,malware,1,0.09529155,0,benign
com.asgarvpn.asgar2023,malware,1,0.0468574,0,benign
com.cafe24.ec.pluspmkcrew,benign,0,0.98321193,1,malware
com.mventus.selfcare.activity,benign,0,0.9940083,1,malware
edu.synthetic.androzoo.malware.spyware_surveillance.1371,malware,1,0.9300697,1,malware
com.vicsothemes.hebrewforbeginners,benign,0,0.5395375,1,malware
by.gov.mns.mobile.selfemployed,benign,0,0.9891111,1,malware
edu.synthetic.androzoo.malware.sms_otp_stealer.0092,malware,1,0.9866214,1,malware
edu.synthetic.androzoo.malware.wallet_stealer.0534,malware,1,0.99388206,1,malware
net.nightdevsolutions.easy_catalog,benign,0,0.9123405,1,malware
com.prashantsj.apps.movietitlegame,benign,0,0.18452649,0,benign
com.mazidashi.cs,malware,1,0.98714966,1,malware
edu.synthetic.androzoo.malware.wallet_stealer.0064,malware,1,0.9828287,1,malware
edu.synthetic.androzoo.malware.adware_clicker.0754,malware,1,0.48456115,0,benign
com.linecorp.b612.android,malware,1,0.06260756,0,benign
jp.co.mixi.karasta,benign,0,0.09564913,0,benign
com.edanadservicecooperativebank.mobileapplcation,benign,0,0.8447655,1,malware
edu.synthetic.androzoo.malware.ransomware_locker.1472,malware,1,0.8487722,1,malware
edu.synthetic.androzoo.malware.dropper_loader.1509,malware,1,0.88068664,1,malware
edu.synthetic.androzoo.malware.banker_accessibility.1887,malware,1,0.9897655,1,malware
com.ideas.guide.diy.origami.stepbystep3,malware,1,0.5615596,1,malware
com.hero.legend.mmo,benign,0,0.45403647,0,benign
com.motorbike.driving.simulator,malware,1,0.71615654,1,malware
com.trainerize.fitlifeparenting,benign,0,0.32955834,0,benign
com.mixgo.PropertySEO,benign,0,0.6448024,1,malware
com.mobincube.promesas_biblicas.sc_HYL5R8,malware,1,0.9331137,1,malware
edu.synthetic.androzoo.malware.ransomware_locker.1651,malware,1,0.6106447,1,malware
com.publink.shb.app,benign,0,0.92735076,1,malware
pl.fitollo,benign,0,0.97061193,1,malware
edu.synthetic.androzoo.malware.overlay_pin_stealer.1919,malware,1,0.97485286,1,malware
net.playtouch.myponymlr,benign,0,0.048407793,0,benign
digifit.android.virtuagym.pro.nul40fitbv,benign,0,0.9537873,1,malware
com.my.browserplus,malware,1,0.9780326,1,malware
edu.synthetic.androzoo.malware.ransomware_locker.1151,malware,1,0.92414415,1,malware
edu.synthetic.androzoo.malware.dropper_loader.1523,malware,1,0.59833664,1,malware
com.hanbiro.groupware.android.tablet,benign,0,0.9785881,1,malware
com.appcano.catchphrase,benign,0,0.011759231,0,benign
edu.synthetic.androzoo.malware.banker_accessibility.0305,malware,1,0.99026567,1,malware
com.alaeat.customer.android.fujigongcha,benign,0,0.98396933,1,malware
com.karim.timerunner,benign,0,0.056648653,0,benign
com.lypro.motto,malware,1,0.97914666,1,malware
com.lovebeat.v2.name,benign,0,0.063347496,0,benign
com.genesys.purecloud.collaborate,benign,0,0.067845896,0,benign
gtpay.gtronicspay.com,benign,0,0.9951534,1,malware
net.lionbird.google.holyChristmasEvolutionTale,malware,1,0.5739461,1,malware
edu.synthetic.androzoo.malware.sms_otp_stealer.0012,malware,1,0.93327355,1,malware
edu.synthetic.androzoo.malware.dropper_loader.0852,malware,1,0.88361865,1,malware
com.haunted.silentinvade,malware,1,0.27286723,0,benign
cashcow.app,benign,0,0.9813415,1,malware
com.subsplash.thechurchapp.fellowshipbiblechurchtopeka,benign,0,0.060363233,0,benign
com.canine.flash.flicker,malware,1,0.3199938,0,benign
com.intuiface.playernextgen,benign,0,0.4266199,0,benign
com.vplus.learnoldnorsefree,benign,0,0.19393818,0,benign
edu.synthetic.androzoo.malware.dropper_loader.0474,malware,1,0.9485949,1,malware
com.trainerize.harrythorncoachingapp,benign,0,0.960972,1,malware
edu.synthetic.androzoo.malware.overlay_pin_stealer.1660,malware,1,0.94247997,1,malware
nl.serviceapotheek.serviceapotheek_app,benign,0,0.9410815,1,malware
com.mgsstudio.ownteleportpe,malware,1,0.14959806,0,benign
com.ArtSoft.EscapeofHorror,benign,0,0.8859455,1,malware
edu.synthetic.androzoo.malware.banker_accessibility.0705,malware,1,0.9972709,1,malware
ch.ultrastark.leuk,benign,0,0.88703954,1,malware
cn.jiedh.app.jiedaihui,malware,1,0.74476844,1,malware
com.smg.snow.blower.truck.simulator,benign,0,0.423492,0,benign
com.christmas.funny.happy.festival.paint.coloring.game,benign,0,0.97635466,1,malware
com.cabtime.android.customerApp,benign,0,0.058249768,0,benign
com.pro.viatime,benign,0,0.9670108,1,malware
edu.synthetic.androzoo.malware.dropper_loader.0902,malware,1,0.96894765,1,malware
edu.synthetic.androzoo.malware.dropper_loader.1310,malware,1,0.8694331,1,malware
edu.synthetic.androzoo.malware.wallet_stealer.0950,malware,1,0.9871874,1,malware
edu.synthetic.androzoo.malware.overlay_pin_stealer.1512,malware,1,0.89422876,1,malware
gallery.hidepictures.photovault.lockgallery,benign,0,0.071682386,0,benign
edu.synthetic.androzoo.malware.spyware_surveillance.0437,malware,1,0.9816622,1,malware
picedit.traslatekeyboard.manglishkeyboard,benign,0,0.84723556,1,malware
edu.synthetic.androzoo.malware.dropper_loader.1813,malware,1,0.819271,1,malware
edu.synthetic.androzoo.malware.dropper_loader.1448,malware,1,0.9305371,1,malware
org.xbasoft.master_mind,benign,0,0.9742389,1,malware
edu.synthetic.androzoo.malware.spyware_surveillance.1090,malware,1,0.9868079,1,malware
com.eetop.bewt.liveapp,malware,1,0.9757681,1,malware
com.CSfroufrou.android,benign,0,0.13611335,0,benign
edu.synthetic.androzoo.malware.dropper_loader.0130,malware,1,0.7970704,1,malware
fr.koust.applicationkoust,benign,0,0.8207557,1,malware
com.touchnote.android,benign,0,0.01707439,0,benign
de.steinborn_online.apps.envelopepunchboard,malware,1,0.025850717,0,benign
edu.synthetic.androzoo.malware.wallet_stealer.0095,malware,1,0.9885557,1,malware
com.iem.sem.webview,benign,0,0.29376963,0,benign
mobi.shoumeng.smtank,malware,1,0.99635726,1,malware
com.sinyee.babybus.number,malware,1,0.8807973,1,malware
com.houyikj.appocr,malware,1,0.7534137,1,malware
edu.synthetic.androzoo.malware.sms_otp_stealer.1092,malware,1,0.93526554,1,malware
de.keleya.app,benign,0,0.034336627,0,benign
edu.synthetic.androzoo.malware.wallet_stealer.0651,malware,1,0.9896124,1,malware
edu.synthetic.androzoo.malware.overlay_pin_stealer.1716,malware,1,0.9855627,1,malware
app.dls.go,benign,0,0.9744844,1,malware
com.neat.escapegallery,malware,1,0.99535394,1,malware
rocks.konzertmeister.Production,benign,0,0.75038594,1,malware
su.prtv.tvapp,benign,0,0.40171054,0,benign
com.mirmeapp,benign,0,0.0063601527,0,benign
edu.synthetic.androzoo.malware.ransomware_locker.0327,malware,1,0.9384453,1,malware
com.zyberchief.mindfuel.danmark,benign,0,0.1194896,0,benign
com.dengtadoctor.bjyuyue,malware,1,0.111322135,0,benign
edu.synthetic.androzoo.malware.spyware_surveillance.0201,malware,1,0.90767336,1,malware
com.subsplashconsulting.s_RQ4SNH,benign,0,0.15118822,0,benign
cn.weposter,malware,1,0.49274576,0,benign
com.sugamobile.santapocket,benign,0,0.97129524,1,malware
com.nhl.gc1112.free,benign,0,0.9934807,1,malware
org.wycliffe.zapotecoistmo.zai,benign,0,0.034659524,0,benign
com.qilu.studio.CrystalGuard,benign,0,0.98178977,1,malware
edu.synthetic.androzoo.malware.sms_otp_stealer.1833,malware,1,0.8888881,1,malware
cn.tsign.esign,malware,1,0.98681414,1,malware
com.puzzle.find.differences,benign,0,0.30725777,0,benign
edu.synthetic.androzoo.malware.spyware_surveillance.1401,malware,1,0.96080786,1,malware
com.henteri.addressfinder,benign,0,0.052935887,0,benign
com.demaecan.shop.manager,benign,0,0.94374156,1,malware
com.infomat.starter,benign,0,0.5492577,1,malware
com.igindis.latinamericaempire2027,benign,0,0.98655856,1,malware
com.mindverse.mebot,benign,0,0.99071956,1,malware
com.enovation.greentinsolutions,benign,0,0.9517604,1,malware
conversor.conversaotaxasbasico.clptop,benign,0,0.110657156,0,benign
edu.synthetic.androzoo.malware.spyware_surveillance.0970,malware,1,0.97095865,1,malware
edu.synthetic.androzoo.malware.banker_accessibility.1283,malware,1,0.99013186,1,malware
com.appsmart.delivery.restaurantgrillzumhollander15810,benign,0,0.103850074,0,benign
edu.synthetic.androzoo.malware.dropper_loader.0718,malware,1,0.53806555,1,malware
edu.synthetic.androzoo.malware.overlay_pin_stealer.1391,malware,1,0.97136116,1,malware
com.MonsterPlanet.MrHero,benign,0,0.9526172,1,malware
edu.synthetic.androzoo.malware.ransomware_locker.0906,malware,1,0.83715034,1,malware
com.yayskool.yayconnect,benign,0,0.011167585,0,benign
edu.synthetic.androzoo.malware.dropper_loader.1260,malware,1,0.7170038,1,malware
edu.synthetic.androzoo.malware.overlay_pin_stealer.1794,malware,1,0.9408256,1,malware
com.lambtongames.pokerjumble,benign,0,0.007834433,0,benign
com.cf_holding.mint.app,benign,0,0.17773908,0,benign
com.ycay,malware,1,0.9780326,1,malware
edu.synthetic.androzoo.malware.sms_otp_stealer.1097,malware,1,0.887549,1,malware
edu.synthetic.androzoo.malware.banker_accessibility.1070,malware,1,0.99309605,1,malware
ai.chat.gpt.bot,malware,1,0.004911636,0,benign
club.betnow.coral,benign,0,0.5558154,1,malware
appinventor.ai_darkvid3r.fiducia,benign,0,0.14195113,0,benign
com.fahrtenbuch.carlogbook,benign,0,0.18870668,0,benign
archer.defender.bow,benign,0,0.6655015,1,malware
edu.synthetic.androzoo.malware.adware_clicker.0710,malware,1,0.864907,1,malware
com.greenrevolution.ivelo,benign,0,0.004268818,0,benign
com.lishi.shengyu,malware,1,0.11405777,0,benign
com.vgrstudios.Birdphotoeditor,benign,0,0.56448257,1,malware
com.phorest.harperandstrand,benign,0,0.0046526273,0,benign
com.pen.paper.note,benign,0,0.96042234,1,malware
com.bimiboo.drawing,benign,0,0.19720612,0,benign
com.qubits.fw3.tb,benign,0,0.026969906,0,benign
edu.synthetic.androzoo.malware.dropper_loader.0938,malware,1,0.79504615,1,malware
com.guusto.guusto,benign,0,0.18367818,0,benign
edu.synthetic.androzoo.malware.ransomware_locker.1028,malware,1,0.91368073,1,malware
com.shiyoujiliangdj.weilaikeji,malware,1,0.98347694,1,malware
com.nupuit.qRegisteredDietitian,benign,0,0.849853,1,malware
edu.synthetic.androzoo.malware.wallet_stealer.0752,malware,1,0.9976788,1,malware
com.skyblue.pra.wrkf,benign,0,0.005668206,0,benign
com.alreef.app,benign,0,0.6065931,1,malware
kr.co.nhcapital,benign,0,0.929382,1,malware
studio.biom.app,benign,0,0.019155798,0,benign
edu.synthetic.androzoo.malware.overlay_pin_stealer.0317,malware,1,0.90265834,1,malware
com.nodemerger.class9thengbook,benign,0,0.13466881,0,benign
edu.synthetic.androzoo.malware.overlay_pin_stealer.0690,malware,1,0.92771155,1,malware
air.EscapeBackyardNow,malware,1,0.761113,1,malware
com.i89trillion.animal.land,benign,0,0.004500618,0,benign
wap.ccw.shuxue,malware,1,0.9997011,1,malware
edu.synthetic.androzoo.malware.banker_accessibility.0248,malware,1,0.97286046,1,malware
edu.synthetic.androzoo.malware.overlay_pin_stealer.0076,malware,1,0.97309744,1,malware
edu.synthetic.androzoo.malware.dropper_loader.0996,malware,1,0.89745724,1,malware
edu.synthetic.androzoo.malware.sms_otp_stealer.0762,malware,1,0.94695365,1,malware
com.trackingtopia.seoulairportguide,benign,0,0.82220685,1,malware
com.siyangxunfei.chenyang.sharetrack,benign,0,0.7110372,1,malware
edu.synthetic.androzoo.malware.spyware_surveillance.1592,malware,1,0.9838035,1,malware
edu.synthetic.androzoo.malware.spyware_surveillance.0749,malware,1,0.99751425,1,malware
com.zyxr.home.toulfhome,malware,1,0.8755679,1,malware
edu.synthetic.androzoo.malware.spyware_surveillance.1640,malware,1,0.9958476,1,malware
edu.synthetic.androzoo.malware.banker_accessibility.1709,malware,1,0.9924049,1,malware
com.alexandrefreitas.flutterProfile,benign,0,0.9790982,1,malware
com.subsplash.thechurchapp.worship,benign,0,0.0468032,0,benign
edu.synthetic.androzoo.malware.spyware_surveillance.1399,malware,1,0.98808074,1,malware
com.barringtontv.android.wach,benign,0,0.009846346,0,benign
com.gaminations.murlan,benign,0,0.016735025,0,benign
com.cargo.gel,benign,0,0.9652928,1,malware
net.ays.PROD558317,benign,0,0.9504253,1,malware
az.foodsoul.c82,benign,0,0.34776536,0,benign
com.hitachi.netcs.sh,benign,0,0.95811707,1,malware
edu.synthetic.androzoo.malware.overlay_pin_stealer.0505,malware,1,0.9773408,1,malware
edu.synthetic.androzoo.malware.overlay_pin_stealer.1487,malware,1,0.91904783,1,malware
org.me.mobiexpensifyg,benign,0,0.72585917,1,malware
com.leqi.ProfessionalIDPhoto,malware,1,0.77437323,1,malware
com.xingluo.allcolor,malware,1,0.28414023,0,benign
com.kk.game.bubble,malware,1,0.9737717,1,malware
com.asmr.doctor.diy.makeup.salon.games,benign,0,0.45193297,0,benign
edu.synthetic.androzoo.malware.banker_accessibility.0681,malware,1,0.99606884,1,malware
com.youth4work.BHU_TEST,benign,0,0.6036544,1,malware
edu.synthetic.androzoo.malware.ransomware_locker.0303,malware,1,0.7265782,1,malware
com.genie9.intelli,malware,1,0.98262006,1,malware
edu.synthetic.androzoo.malware.overlay_pin_stealer.0840,malware,1,0.9949976,1,malware
com.titanarrow.idle.farm.tycoon.farming.empire,benign,0,0.0567321,0,benign
com.passionair.biletsatis,benign,0,0.84204704,1,malware
edu.synthetic.androzoo.malware.banker_accessibility.0748,malware,1,0.99713457,1,malware
com.subsplash.thechurchapp.s_CTCWBD,benign,0,0.10476649,0,benign
com.m360.android.elsiesante,benign,0,0.5309063,1,malware
edu.synthetic.androzoo.malware.banker_accessibility.0579,malware,1,0.98894715,1,malware
edu.synthetic.androzoo.malware.ransomware_locker.1589,malware,1,0.7039438,1,malware
com.jai.connect,benign,0,0.037415866,0,benign
com.creativefungames.crashdummy3d,benign,0,0.9457355,1,malware
com.rg.stickman.escape.thief.puzzle,benign,0,0.04423696,0,benign
com.keyautomation.kubeuf.key,benign,0,0.9864309,1,malware
edu.synthetic.androzoo.malware.banker_accessibility.0122,malware,1,0.9937011,1,malware
com.apptegy.peoriail,benign,0,0.248552,0,benign
com.transsion.healthlife,benign,0,0.98073375,1,malware
edu.synthetic.androzoo.malware.dropper_loader.0942,malware,1,0.5029578,1,malware
com.sbi.cariloha,malware,1,0.07218059,0,benign
com.example.bt.xiaowu,malware,1,0.037392173,0,benign
jp.co.jreast.jrepoint,benign,0,0.9831671,1,malware
edu.synthetic.androzoo.malware.spyware_surveillance.0325,malware,1,0.9840307,1,malware
com.pacific.hometeam,benign,0,0.2623151,0,benign
org.wikipedia,benign,0,0.5054105,1,malware
edu.synthetic.androzoo.malware.wallet_stealer.1312,malware,1,0.9921604,1,malware
edu.synthetic.androzoo.malware.overlay_pin_stealer.0366,malware,1,0.83333737,1,malware
edu.synthetic.androzoo.malware.banker_accessibility.0282,malware,1,0.9860328,1,malware
com.meishe.videoshow,malware,1,0.95066744,1,malware
com.zeptolab.myomnom.free.google,malware,1,0.77201766,1,malware
edu.synthetic.androzoo.malware.overlay_pin_stealer.0512,malware,1,0.93062365,1,malware
embroidery.design.app.tutorial,benign,0,0.040186413,0,benign
com.hccp.studygateway,benign,0,0.89197475,1,malware
com.outloudapps.kuulorata,benign,0,0.95834136,1,malware
com.bettertomorrowapps.camerablockfree,benign,0,0.8390761,1,malware
com.magzter.agridoctor,benign,0,0.025648419,0,benign
com.hotelscombined.mobile,benign,0,0.012180729,0,benign
edu.synthetic.androzoo.malware.dropper_loader.0523,malware,1,0.8031595,1,malware
com.ThreeCatGames.HamsterAttack,malware,1,0.6237326,1,malware
be.persgroep.red.mobile.android.daz,benign,0,0.8949163,1,malware
edu.synthetic.androzoo.malware.overlay_pin_stealer.0919,malware,1,0.9410878,1,malware
edu.synthetic.androzoo.malware.sms_otp_stealer.1182,malware,1,0.9858298,1,malware
edu.synthetic.androzoo.malware.spyware_surveillance.0275,malware,1,0.9773539,1,malware
com.faneganr.waygo.yyh,malware,1,0.9204973,1,malware
edu.synthetic.androzoo.malware.spyware_surveillance.0422,malware,1,0.95491844,1,malware
com.iappsbeats.bbuilder,benign,0,0.23297676,0,benign
com.valentinewatchface.valentinesday.watchface,benign,0,0.6359143,1,malware
srl.kyas.fixbean,benign,0,0.788874,1,malware
en.mk.bestdict,benign,0,0.9718721,1,malware
edu.synthetic.androzoo.malware.adware_clicker.1199,malware,1,0.8606038,1,malware
edu.synthetic.androzoo.malware.sms_otp_stealer.1570,malware,1,0.97285575,1,malware
edu.synthetic.androzoo.malware.ransomware_locker.0034,malware,1,0.69498426,1,malware
com.wbr.worldofbattleship.ly,malware,1,0.15623645,0,benign
com.ibuild.isaving,benign,0,0.08415629,0,benign
com.subsplashconsulting.s_5PXTR6,benign,0,0.0101960525,0,benign
com.sagi.barrett,benign,0,0.0395151,0,benign
com.abi.royalcarcustom,benign,0,0.989235,1,malware
edu.synthetic.androzoo.malware.dropper_loader.0310,malware,1,0.7206182,1,malware
com.huaien.LiftCommemorate,malware,1,0.056056958,0,benign
cn.wsds.gamemaster,malware,1,0.18213888,0,benign
com.orange.pop,benign,0,0.25801003,0,benign
com.sn1.TheAncientBookOfJudith,benign,0,0.1483214,0,benign
edu.synthetic.androzoo.malware.ransomware_locker.1075,malware,1,0.9473682,1,malware
com.webedge,benign,0,0.44228607,0,benign
edu.synthetic.androzoo.malware.banker_accessibility.0602,malware,1,0.9531537,1,malware
edu.synthetic.androzoo.malware.banker_accessibility.1212,malware,1,0.9963642,1,malware
edu.synthetic.androzoo.malware.banker_accessibility.1930,malware,1,0.9640374,1,malware
com.drillingfluidsoftware.speedometer,benign,0,0.023356605,0,benign
edu.synthetic.androzoo.malware.dropper_loader.0342,malware,1,0.8867763,1,malware
com.sinyee.babybus.babydrawing,malware,1,0.8365608,1,malware
com.ig.tastyworks.app,benign,0,0.74022794,1,malware
net.sharetrip,benign,0,0.3756239,0,benign
edu.synthetic.androzoo.malware.spyware_surveillance.0610,malware,1,0.98671246,1,malware
com.img.barber.shop.hair.salon.game,benign,0,0.16433641,0,benign
com.axondevstudio.RobberyClashThiefPranksGame,benign,0,0.09063663,0,benign
com.globalgarner,benign,0,0.8836543,1,malware
co.tapcart.app.id_lQ39VhjG8V,benign,0,0.13732073,0,benign
com.bnt.torfx,benign,0,0.8687602,1,malware
net.laureate.gd.waldenuniversity,benign,0,0.0809404,0,benign
com.playhome,malware,1,0.724191,1,malware
com.bubblestudio.crazyguess,malware,1,0.9916128,1,malware
edu.synthetic.androzoo.malware.dropper_loader.1262,malware,1,0.81690913,1,malware
com.playrix.gardenscapes,benign,0,0.9398539,1,malware
com.alphazeedevs.quotifyy,benign,0,0.27255872,0,benign
guangzhou.com.cn,malware,1,0.90456223,1,malware
com.jeindevica.origamiairplanes,benign,0,0.9487013,1,malware
com.alphabeat.cacitizenship,benign,0,0.6447965,1,malware
edu.synthetic.androzoo.malware.spyware_surveillance.0473,malware,1,0.9837797,1,malware
edu.synthetic.androzoo.malware.dropper_loader.0630,malware,1,0.80592203,1,malware
chalyaara.com,benign,0,0.9673285,1,malware
edu.synthetic.androzoo.malware.overlay_pin_stealer.0928,malware,1,0.9725558,1,malware
com.ionicframework.posistlite,benign,0,0.65595746,1,malware
com.trainerize.mybod,benign,0,0.9549305,1,malware
com.gamepie.airpolice,benign,0,0.013551417,0,benign
edu.synthetic.androzoo.malware.ransomware_locker.1032,malware,1,0.84273005,1,malware
edu.synthetic.androzoo.malware.sms_otp_stealer.0060,malware,1,0.93990374,1,malware
ru.uralsib.business,benign,0,0.019244008,0,benign
ar.com.redlink.custom,benign,0,0.96004134,1,malware
com.loja.ddown,malware,1,0.42958903,0,benign
edu.synthetic.androzoo.malware.banker_accessibility.0764,malware,1,0.98778397,1,malware
com.niceflower.massegaty2020,benign,0,0.7653713,1,malware
com.papoworld.apps.papotownfarm,benign,0,0.3363362,0,benign
edu.synthetic.androzoo.malware.spyware_surveillance.1764,malware,1,0.83308434,1,malware
edu.synthetic.androzoo.malware.ransomware_locker.1209,malware,1,0.7526503,1,malware
com.bjtpartners.ringover.app,benign,0,0.98625714,1,malware
edu.synthetic.androzoo.malware.banker_accessibility.0945,malware,1,0.92938554,1,malware
com.nt.games.busjam,benign,0,0.013045448,0,benign
com.kui.fruitpuzzle,malware,1,0.98450446,1,malware
tw.net.ebc.fncyoutube,benign,0,0.42872104,0,benign
com.trainerize.mikegrimmfitness,benign,0,0.9788206,1,malware
com.egitimyazilimlari.smartboard,benign,0,0.99402964,1,malware
com.combine.loss,benign,0,0.039199363,0,benign
com.drcom.DuoDian,malware,1,0.5483697,1,malware
com.marryshare,malware,1,0.009489271,0,benign
edu.synthetic.androzoo.malware.dropper_loader.0920,malware,1,0.7514346,1,malware
com.playagames.mobile.dungeon.team.battle.rpg,benign,0,0.29633817,0,benign
com.ahuxueshu,malware,1,0.7828701,1,malware
com.chd.investnaija.invest_naija,benign,0,0.9520285,1,malware
edu.synthetic.androzoo.malware.spyware_surveillance.1071,malware,1,0.9831502,1,malware
com.inputmethod.bambara.bamana.bamanankan.keyboard.bambarakeyboard.infra,benign,0,0.8560053,1,malware
in.closecall,malware,1,0.9796903,1,malware
edu.synthetic.androzoo.malware.adware_clicker.1761,malware,1,0.98124355,1,malware
com.subsplashconsulting.s_BHDNZ2,benign,0,0.003598212,0,benign
nz.co.solus.Kotui.Selwyn,benign,0,0.9647051,1,malware
net.nymtech.nymvpn,benign,0,0.02062381,0,benign
edu.synthetic.androzoo.malware.ransomware_locker.1822,malware,1,0.7199235,1,malware
edu.synthetic.androzoo.malware.sms_otp_stealer.0418,malware,1,0.8588233,1,malware
ovh.sauzanaprod.meteovenezuela,benign,0,0.013154372,0,benign
com.cars.laosticket,malware,1,0.97387934,1,malware
com.august.bennu,benign,0,0.7772277,1,malware
com.desn.ffb.lihangzhixing,malware,1,0.013637227,0,benign
com.abanca.bancamovil.particulares,benign,0,0.002482507,0,benign
edu.synthetic.androzoo.malware.wallet_stealer.0972,malware,1,0.9788005,1,malware
com.martian.RoomEscape21.yyh,malware,1,0.777007,1,malware
com.subsplashconsulting.s_XMCCSF,benign,0,0.004928318,0,benign
edu.synthetic.androzoo.malware.dropper_loader.0779,malware,1,0.7482718,1,malware
com.shivakushwaha.class10thsciencenotes,benign,0,0.983881,1,malware
com.gestionpos.app,benign,0,0.9697846,1,malware
org.toshi,benign,0,0.84463066,1,malware
edu.synthetic.androzoo.malware.spyware_surveillance.0283,malware,1,0.97409385,1,malware
com.math.hydraulique.dz.univ,malware,1,0.6521201,1,malware
edu.synthetic.androzoo.malware.banker_accessibility.1615,malware,1,0.9910896,1,malware
edu.synthetic.androzoo.malware.sms_otp_stealer.1774,malware,1,0.98501366,1,malware
com.bgg.jump,benign,0,0.0060344404,0,benign
com.gutrendvision.robot,benign,0,0.39601544,0,benign
edu.synthetic.androzoo.malware.overlay_pin_stealer.1550,malware,1,0.91442233,1,malware
com.arianee.forge,benign,0,0.38543737,0,benign
com.lq.speedracingGP,malware,1,0.25811926,0,benign
com.ffsvideogames.btaw8,benign,0,0.9836091,1,malware
edu.synthetic.androzoo.malware.overlay_pin_stealer.1929,malware,1,0.9791311,1,malware
de.sgunterrath.app,benign,0,0.92098606,1,malware
com.NekoniiiStudio.TapDuelPokerDeck,benign,0,0.11179187,0,benign
edu.synthetic.androzoo.malware.ransomware_locker.0627,malware,1,0.71170413,1,malware
edu.synthetic.androzoo.malware.overlay_pin_stealer.1333,malware,1,0.87040514,1,malware
com.airkast.tunekast1825_165,benign,0,0.35014045,0,benign
edu.synthetic.androzoo.malware.overlay_pin_stealer.0936,malware,1,0.87128586,1,malware
com.kigle.cocobi.littlepolice,benign,0,0.40297532,0,benign
edu.synthetic.androzoo.malware.overlay_pin_stealer.0992,malware,1,0.9894314,1,malware
com.stbfmc.app,benign,0,0.32555658,0,benign
edu.synthetic.androzoo.malware.banker_accessibility.1235,malware,1,0.9764581,1,malware
com.arketa.herehotyoga,benign,0,0.63928324,1,malware
com.woqu.fruit.yyh,malware,1,0.2320989,0,benign
edu.synthetic.androzoo.malware.overlay_pin_stealer.0777,malware,1,0.99072474,1,malware
com.czy.guandeng,malware,1,0.9994522,1,malware
com.chelsea.sailing,benign,0,0.73036486,1,malware
edu.synthetic.androzoo.malware.spyware_surveillance.1834,malware,1,0.9896917,1,malware
ru.thenewschool.trainer.math,benign,0,0.84930736,1,malware
edu.synthetic.androzoo.malware.spyware_surveillance.1220,malware,1,0.97118104,1,malware
edu.synthetic.androzoo.malware.overlay_pin_stealer.0447,malware,1,0.9716248,1,malware
edu.synthetic.androzoo.malware.dropper_loader.1552,malware,1,0.74984586,1,malware
com.voice.changer.today,malware,1,0.11695645,0,benign
com.blackatomgames.cutegirlunicorntoyphonedaycaredressup,benign,0,0.9825781,1,malware
com.frisbee.schoolvankampen,benign,0,0.117818326,0,benign
com.cmstop.yangzhounews,malware,1,0.44783774,0,benign
edu.synthetic.androzoo.malware.ransomware_locker.0088,malware,1,0.84578526,1,malware
dngsoftware.acerfid,benign,0,0.89364916,1,malware
com.tamilessays,benign,0,0.54695135,1,malware
com.tls.maker.ice.cream.cake,malware,1,0.9797871,1,malware
net.appdevs.adfund,benign,0,0.12994261,0,benign
edu.synthetic.androzoo.malware.banker_accessibility.0856,malware,1,0.98893833,1,malware
com.podddddd.planesedition1111,malware,1,0.5809282,1,malware
com.smarttech.smartmirrorapp,benign,0,0.9130256,1,malware
com.picturest.my,malware,1,0.9877236,1,malware
edu.synthetic.androzoo.malware.banker_accessibility.1595,malware,1,0.96779656,1,malware
com.pachagame.FlatEarth,malware,1,0.98501706,1,malware
com.apptegy.ithacaps,benign,0,0.064379,0,benign
edu.synthetic.androzoo.malware.banker_accessibility.1837,malware,1,0.9979182,1,malware
com.yanka.mc,benign,0,0.01159152,0,benign
com.outfit7.mytalkingtom2,benign,0,0.42389667,0,benign
nz.co.nbs.app,benign,0,0.010060453,0,benign
w3bminds.engVarta.app,benign,0,0.77633595,1,malware
com.game.mobi.recover.photo.files,malware,1,0.56533813,1,malware
com.kreggscode.sigmundfreudquotes,malware,1,0.2867407,0,benign
com.shiyi.toolbox,malware,1,0.24697249,0,benign
com.apptegy.frankfort168,benign,0,0.29963535,0,benign
net.manoloworks.radio_kiev_kyiv_kiyev_dnieper_ukraine,benign,0,0.10654637,0,benign
br.com.mytrace.stark,benign,0,0.877047,1,malware
edu.synthetic.androzoo.malware.overlay_pin_stealer.1154,malware,1,0.9301255,1,malware
edu.synthetic.androzoo.malware.banker_accessibility.1775,malware,1,0.9752916,1,malware
edu.synthetic.androzoo.malware.spyware_surveillance.0978,malware,1,0.95928216,1,malware
com.gemdale.client,malware,1,0.1812098,0,benign
apprendre.francais.rapidement.facilement,benign,0,0.042526465,0,benign
cn.pinming.bim360,malware,1,0.0680075,0,benign
edu.synthetic.androzoo.malware.ransomware_locker.1219,malware,1,0.7321097,1,malware
com.technource.equipt,benign,0,0.8965252,1,malware
jp.boi.mementomori.android,benign,0,0.24256974,0,benign
com.instalaxmi.omsairam,benign,0,0.030658318,0,benign
com.bhima.nameonpics,benign,0,0.862712,1,malware
edu.synthetic.androzoo.malware.spyware_surveillance.1456,malware,1,0.9306708,1,malware
com.stromsholmen.hysonsafetyapp,benign,0,0.032653216,0,benign
com.soulgame.garfield,malware,1,0.9955029,1,malware
com.mcpe.skins.barbie,benign,0,0.42325246,0,benign
com.ricoh.pfu.scansnaphome,benign,0,0.09364726,0,benign
edu.synthetic.androzoo.malware.overlay_pin_stealer.0860,malware,1,0.90475655,1,malware
edu.synthetic.androzoo.malware.banker_accessibility.0816,malware,1,0.98176277,1,malware
com.clarkdistributors.clarkdistributorsapp,benign,0,0.15857933,0,benign
edu.synthetic.androzoo.malware.sms_otp_stealer.1289,malware,1,0.9853725,1,malware
edu.synthetic.androzoo.malware.spyware_surveillance.1038,malware,1,0.9709572,1,malware
com.ninehundredapps.daralfaqih,benign,0,0.07668083,0,benign
jp.nexyz.aimed,benign,0,0.02573734,0,benign
pyramid.solitaire.mermaid,benign,0,0.562049,1,malware
com.abenity.justia,benign,0,0.9839601,1,malware
com.dgt.hairstyleforshorthairgirls,benign,0,0.76603985,1,malware
edu.synthetic.androzoo.malware.ransomware_locker.1904,malware,1,0.8202428,1,malware
edu.synthetic.androzoo.malware.spyware_surveillance.0824,malware,1,0.9675348,1,malware
com.paymentus.client.cncw,benign,0,0.049834985,0,benign
net.wordbit.enru,benign,0,0.0166752,0,benign
com.istar.rclient,benign,0,0.8818381,1,malware
edu.synthetic.androzoo.malware.overlay_pin_stealer.1004,malware,1,0.8859006,1,malware
com.ring.fantasy.today,malware,1,0.33588913,0,benign
com.viva.vivamax,benign,0,0.008148611,0,benign
edu.synthetic.androzoo.malware.spyware_surveillance.1726,malware,1,0.9728281,1,malware
com.medlang.medicalenglish,benign,0,0.99084586,1,malware
in.mohalla.video,benign,0,0.02713538,0,benign
com.AppSociety.ISEPS,benign,0,0.13688129,0,benign
com.nummagames.VikingWars,benign,0,0.16309923,0,benign
com.linecorp.linemanth,benign,0,0.7240537,1,malware
com.brief_schreiben_deutsch.a005brief_schreiben_deutsch_a1_a2,benign,0,0.41607344,0,benign
ru.medsoftpro.medcalc,benign,0,0.5192488,1,malware
com.great.forecast.weatherinfomation,benign,0,0.1104865,0,benign
com.tap4fun.reignofwar.androidme,benign,0,0.28368282,0,benign
ru.ikey.express,benign,0,0.99038374,1,malware
com.threew.wordgame,benign,0,0.2670233,0,benign
edu.synthetic.androzoo.malware.sms_otp_stealer.1902,malware,1,0.78663045,1,malware
th.co.the1.the1app,benign,0,0.9323984,1,malware
com.bca,benign,0,0.09962745,0,benign
net.manoloworks.Mecklenburg_Vorpommern_radiosender,benign,0,0.010338993,0,benign
edu.synthetic.androzoo.malware.adware_clicker.1530,malware,1,0.5872186,1,malware
com.smart.eraser.app,malware,1,0.007188358,0,benign
jp.niben.miniben,benign,0,0.36817533,0,benign
edu.synthetic.androzoo.malware.ransomware_locker.1215,malware,1,0.5341891,1,malware
com.apptegy.pilotgrove,benign,0,0.121712886,0,benign
com.edgetechapps.crypto_khabar,benign,0,0.06344345,0,benign
com.modhaus.cosmo,benign,0,0.081890136,0,benign
com.iwangzhe.app,malware,1,0.3706797,0,benign
edu.synthetic.androzoo.malware.overlay_pin_stealer.0639,malware,1,0.9809172,1,malware
com.evrika.math.club,benign,0,0.7926668,1,malware
games.grouper.checkmatewildwest,benign,0,0.17940912,0,benign
edu.synthetic.androzoo.malware.sms_otp_stealer.0243,malware,1,0.9786064,1,malware
edu.synthetic.androzoo.malware.spyware_surveillance.0522,malware,1,0.97864974,1,malware
air.com.tutotoons.app.sweetbabygirlchristmas2.free,benign,0,0.4768988,0,benign
com.udemy.android.ufb,benign,0,0.985887,1,malware
com.ihuman.yuwen,malware,1,0.06670674,0,benign
neat.viewpdf.com,benign,0,0.9423562,1,malware
vip.mytokenpocket,malware,1,0.8562242,1,malware
com.coppercod.classicWhist,benign,0,0.11521207,0,benign
com.IllusionsGames.PoppyAndGlamrock,benign,0,0.0898763,0,benign
edu.synthetic.androzoo.malware.dropper_loader.0663,malware,1,0.73988676,1,malware
com.ptanktechnology.tipitaka,benign,0,0.52393734,1,malware
edu.synthetic.androzoo.malware.sms_otp_stealer.1025,malware,1,0.9683349,1,malware
edu.synthetic.androzoo.malware.overlay_pin_stealer.0973,malware,1,0.97609055,1,malware
edu.synthetic.androzoo.malware.adware_clicker.0647,malware,1,0.4411299,0,benign
edu.synthetic.androzoo.malware.banker_accessibility.0741,malware,1,0.9894761,1,malware
com.darkurio.tastytipcalculator,benign,0,0.039603412,0,benign
com.cruisetraka.amacruiser,benign,0,0.0059131566,0,benign
edu.synthetic.androzoo.malware.ransomware_locker.0830,malware,1,0.7618764,1,malware
edu.synthetic.androzoo.malware.wallet_stealer.1767,malware,1,0.99222684,1,malware
edu.synthetic.androzoo.malware.banker_accessibility.1740,malware,1,0.9869644,1,malware
br.com.zeroeum.biblia,benign,0,0.5844911,1,malware
vp.com.vit80,benign,0,0.19928588,0,benign
com.findhelp.android.lpca,benign,0,0.15013978,0,benign
edu.synthetic.androzoo.malware.ransomware_locker.1138,malware,1,0.8632519,1,malware
com.toptrendin.gingerbreadmanrun,benign,0,0.100470684,0,benign
com.qalbvn.ave.filemanager,malware,1,0.98568326,1,malware
com.da.advanced_geocamera,benign,0,0.014249995,0,benign
edu.synthetic.androzoo.malware.overlay_pin_stealer.1206,malware,1,0.89162636,1,malware
com.fancystudiomods.mobmods,benign,0,0.10887318,0,benign
edu.synthetic.androzoo.malware.spyware_surveillance.0975,malware,1,0.96013796,1,malware
edu.synthetic.androzoo.malware.dropper_loader.0629,malware,1,0.92570907,1,malware
com.makeshop.powerapp.modooin,benign,0,0.13838594,0,benign
edu.synthetic.androzoo.malware.overlay_pin_stealer.1100,malware,1,0.9305255,1,malware
com.gizmodus.myswimcoach,benign,0,0.30543396,0,benign
com.pickle.HelicopterFlightPilotSimulator,benign,0,0.013956734,0,benign
com.rubikscube.freesolve,benign,0,0.09457645,0,benign
edu.synthetic.androzoo.malware.adware_clicker.0678,malware,1,0.6112388,1,malware
iclass.mathflat.parent.student,benign,0,0.09092574,0,benign
com.phyla.phyla,benign,0,0.9783528,1,malware
solitaire.card.games.solitaire.newyear.free,benign,0,0.23258103,0,benign
com.justco.justco,benign,0,0.034994725,0,benign
edu.synthetic.androzoo.malware.ransomware_locker.0511,malware,1,0.7446541,1,malware
com.hayl,benign,0,0.060906906,0,benign
edu.synthetic.androzoo.malware.wallet_stealer.0844,malware,1,0.9925996,1,malware
net.dzyga.android.fishing,benign,0,0.6007961,1,malware
jp.co.revorn.iinioidevices.android,benign,0,0.092855796,0,benign
com.IllusionsGames.BrainWorkout,benign,0,0.9248967,1,malware
e.moob.app,benign,0,0.07172646,0,benign
edu.synthetic.androzoo.malware.sms_otp_stealer.1009,malware,1,0.9463077,1,malware
edu.synthetic.androzoo.malware.dropper_loader.0688,malware,1,0.9027862,1,malware
edu.synthetic.androzoo.malware.wallet_stealer.0054,malware,1,0.9920128,1,malware
zhiyuan.net.pdf2,malware,1,0.47967193,0,benign
com.drum.muse.pad.bit,malware,1,0.14426608,0,benign
edu.synthetic.androzoo.malware.adware_clicker.0349,malware,1,0.93732053,1,malware
com.wangzhi.microlife,malware,1,0.9984975,1,malware
edu.synthetic.androzoo.malware.overlay_pin_stealer.1934,malware,1,0.93968517,1,malware
br.com.sistemaprover.pibbh,benign,0,0.924859,1,malware
com.NekoFurryStudios.Coramine,benign,0,0.1787503,0,benign
edu.synthetic.androzoo.malware.ransomware_locker.0329,malware,1,0.80297136,1,malware
com.migastone.appthree.android62c4276994784,benign,0,0.88775516,1,malware
com.example.kuban24,benign,0,0.031912714,0,benign
com.ata.games.spacecat,benign,0,0.03624955,0,benign
com.constantcontact.toolkit,benign,0,0.026004195,0,benign
edu.synthetic.androzoo.malware.wallet_stealer.0948,malware,1,0.992309,1,malware
com.mmikdev.gorskieszczyty,benign,0,0.50948155,1,malware
edu.synthetic.androzoo.malware.banker_accessibility.1120,malware,1,0.99117416,1,malware
pl.bsgrudusk.naszbank,benign,0,0.13919795,0,benign
com.app.kitaabattawheed,malware,1,0.0875792,0,benign
edu.synthetic.androzoo.malware.wallet_stealer.1741,malware,1,0.95256656,1,malware
com.hungama.myplay.activity,malware,1,0.7066532,1,malware
com.nickpapanik.strommate,benign,0,0.7494509,1,malware
ridewithvia.tra.treviso,benign,0,0.44500378,0,benign
edu.synthetic.androzoo.malware.spyware_surveillance.0345,malware,1,0.9619503,1,malware
com.malvo.frisbee,benign,0,0.10423634,0,benign
doctorjob.com.cn,malware,1,0.8079593,1,malware
com.raysharp.bolidenew,benign,0,0.47405806,0,benign
edu.synthetic.androzoo.malware.sms_otp_stealer.0638,malware,1,0.92335963,1,malware
gazpacho.strawberries.vova_adidas,benign,0,0.063049465,0,benign
com.couplower.qin,malware,1,0.9419831,1,malware
com.aemobile.games.tycoon.capitalist.idle,benign,0,0.028773516,0,benign
com.withbuddies.dice.free,benign,0,0.04056305,0,benign
com.vool.app,benign,0,0.9896758,1,malware
edu.synthetic.androzoo.malware.overlay_pin_stealer.1624,malware,1,0.9611725,1,malware
edu.synthetic.androzoo.malware.dropper_loader.0020,malware,1,0.89873904,1,malware
com.fitivity.rehab_ankle,benign,0,0.1649202,0,benign
com.stolenpad.barrelmaker,benign,0,0.19174223,0,benign
br.tv.horizonte.android.premierefc,benign,0,0.2659868,0,benign
com.kuaiyou.loveplatform,malware,1,0.2789461,0,benign
jp.bizstation.drgps,benign,0,0.9457286,1,malware
jp.qvc,benign,0,0.0107006,0,benign
com.baucuanb1.baucua20212022,benign,0,0.74546784,1,malware
co.hellocode.exist,benign,0,0.622446,1,malware
edu.synthetic.androzoo.malware.dropper_loader.0889,malware,1,0.7715607,1,malware
re.leaderprice.comptefidelite,benign,0,0.8320961,1,malware
edu.synthetic.androzoo.malware.wallet_stealer.1065,malware,1,0.99602205,1,malware
com.joincarbon.nutrition,benign,0,0.054495748,0,benign
com.onvirtualgym.ffitness,benign,0,0.011781401,0,benign
edu.synthetic.androzoo.malware.sms_otp_stealer.1162,malware,1,0.82169247,1,malware
funtaptic.thegrugs.runner.hector,benign,0,0.23430127,0,benign
edu.synthetic.androzoo.malware.spyware_surveillance.0967,malware,1,0.98484904,1,malware
amobi.weather.forecast.storm.radar,benign,0,0.043829925,0,benign
com.apps.amit.lawofattraction,benign,0,0.104840435,0,benign
edu.synthetic.androzoo.malware.spyware_surveillance.0898,malware,1,0.8720013,1,malware
edu.synthetic.androzoo.malware.dropper_loader.0412,malware,1,0.6812493,1,malware
com.cielo.app.cielohome,benign,0,0.04579302,0,benign
com.edurev.mpsc,benign,0,0.012600347,0,benign
edu.synthetic.androzoo.malware.spyware_surveillance.0082,malware,1,0.93844354,1,malware
com.postulate.postulate_erp,benign,0,0.99221545,1,malware
eu.movepayment.customer,benign,0,0.9708011,1,malware
edu.synthetic.androzoo.malware.ransomware_locker.0489,malware,1,0.7646023,1,malware
com.jushine.cdiary,benign,0,0.2654709,0,benign
edu.synthetic.androzoo.malware.banker_accessibility.1850,malware,1,0.9975896,1,malware
tw.com.skywatch.view,benign,0,0.24949948,0,benign
au.com.solus.MoretonBayLibraries,benign,0,0.9605019,1,malware
com.otek.bigalati,benign,0,0.9888837,1,malware
com.prisaradio.replicapp.caracolradio,benign,0,0.022514861,0,benign
com.habapp,benign,0,0.5744807,1,malware
edu.synthetic.androzoo.malware.dropper_loader.1304,malware,1,0.77579963,1,malware
edu.synthetic.androzoo.malware.dropper_loader.1745,malware,1,0.97969794,1,malware
edu.synthetic.androzoo.malware.wallet_stealer.0724,malware,1,0.98808753,1,malware
edu.synthetic.androzoo.malware.wallet_stealer.0580,malware,1,0.9972549,1,malware
com.kopca.goldengoal,benign,0,0.029800216,0,benign
com.examgoal.android.app,benign,0,0.49419835,0,benign
com.hsv.privatebrowser,malware,1,0.97346175,1,malware
edu.synthetic.androzoo.malware.spyware_surveillance.0550,malware,1,0.5610273,1,malware
edu.synthetic.androzoo.malware.sms_otp_stealer.1453,malware,1,0.8592952,1,malware
com.gy.amobile.company,malware,1,0.9394568,1,malware
edu.synthetic.androzoo.malware.banker_accessibility.1233,malware,1,0.9934034,1,malware
edu.synthetic.androzoo.malware.ransomware_locker.1248,malware,1,0.35918298,0,benign
edu.synthetic.androzoo.malware.dropper_loader.1839,malware,1,0.32053408,0,benign
com.ma.ld.dict.idioms,malware,1,0.9777535,1,malware
edu.synthetic.androzoo.malware.ransomware_locker.1658,malware,1,0.6857521,1,malware
com.howtopraythescriptures.dailyverses,benign,0,0.018778052,0,benign
edu.synthetic.androzoo.malware.banker_accessibility.1689,malware,1,0.9979274,1,malware
com.roababusinessdirectory.roaba,benign,0,0.024517601,0,benign
com.bnesim.android,benign,0,0.96860147,1,malware
com.messi.languagehelper,malware,1,0.044822287,0,benign
edu.synthetic.androzoo.malware.overlay_pin_stealer.0237,malware,1,0.9757651,1,malware
com.tech.bazaar.easykhata,benign,0,0.97040784,1,malware
com.patanjali.bulk,benign,0,0.022871071,0,benign
edu.synthetic.androzoo.malware.ransomware_locker.0628,malware,1,0.77035505,1,malware
com.wearlynx.slandroidjacksonhole,malware,1,0.016033975,0,benign
sisters.usa.shuttle.taxi.passenger,benign,0,0.008858615,0,benign
edu.synthetic.androzoo.malware.overlay_pin_stealer.1012,malware,1,0.9781652,1,malware
com.gangdong.AndroidDisplay,benign,0,0.004031482,0,benign
com.dangerb.pedometer,malware,1,0.99112076,1,malware
edu.synthetic.androzoo.malware.spyware_surveillance.0183,malware,1,0.98458004,1,malware
com.oi.handtevy,benign,0,0.07604624,0,benign
tech.arcent,benign,0,0.8475447,1,malware
no.faebrik.app,benign,0,0.3600455,0,benign
edu.synthetic.androzoo.malware.overlay_pin_stealer.1520,malware,1,0.9517561,1,malware
com.hw22pro.smartwatch.guidetaha,benign,0,0.68928003,1,malware
edu.synthetic.androzoo.malware.spyware_surveillance.1058,malware,1,0.9620598,1,malware
edu.synthetic.androzoo.malware.dropper_loader.0417,malware,1,0.820403,1,malware
com.cirkwi.pit,benign,0,0.023710689,0,benign
com.franceair.appc4,benign,0,0.56560695,1,malware
com.skymobi.battletowers,malware,1,0.8906161,1,malware
com.magicalstory.cleaner,malware,1,0.23289573,0,benign
uk.co.gonortheast.android,benign,0,0.5290122,1,malware
com.njh.biubiu,malware,1,0.0136387395,0,benign
edu.synthetic.androzoo.malware.banker_accessibility.1810,malware,1,0.9489705,1,malware
edu.synthetic.androzoo.malware.overlay_pin_stealer.0391,malware,1,0.96991336,1,malware
edu.synthetic.androzoo.malware.adware_clicker.0475,malware,1,0.9299598,1,malware
edu.synthetic.androzoo.malware.dropper_loader.1703,malware,1,0.834165,1,malware
au.com.avsoft.avplanefb,benign,0,0.0013391753,0,benign
edu.synthetic.androzoo.malware.sms_otp_stealer.1000,malware,1,0.93279254,1,malware
edu.synthetic.androzoo.malware.spyware_surveillance.0452,malware,1,0.9860438,1,malware
edu.synthetic.androzoo.malware.wallet_stealer.0097,malware,1,0.9892965,1,malware
com.bubadu.duddu,benign,0,0.97789586,1,malware
com.gurtam.local_logistics,benign,0,0.08843523,0,benign
com.communi.christuskirche,benign,0,0.9153809,1,malware
edu.synthetic.androzoo.malware.overlay_pin_stealer.0244,malware,1,0.9610847,1,malware
com.appslitedesarrolladores.bibliadejerusalen,malware,1,0.9714938,1,malware
edu.synthetic.androzoo.malware.sms_otp_stealer.1005,malware,1,0.92521214,1,malware
com.newoffroadgames.cargotruck.driver3d.offroad.truck.simulator.free,benign,0,0.12584105,0,benign
appinventor.ai_izzybella419.AmateurRadioQCodeQuiz,malware,1,0.017209107,0,benign
edu.synthetic.androzoo.malware.spyware_surveillance.0450,malware,1,0.950598,1,malware
com.llj.qq,malware,1,0.99995744,1,malware
edu.synthetic.androzoo.malware.overlay_pin_stealer.1300,malware,1,0.9748208,1,malware
com.yottagames.gameofmafia,benign,0,0.9757213,1,malware
edu.synthetic.androzoo.malware.dropper_loader.1132,malware,1,0.825845,1,malware
se.avida.cards.sdk,benign,0,0.98717064,1,malware
be.persgroep.android.news.mobilema,benign,0,0.28040725,0,benign
edu.synthetic.androzoo.malware.overlay_pin_stealer.0613,malware,1,0.9540713,1,malware
com.supperapps.transp,benign,0,0.017325033,0,benign
ca.lapresse.android.lapressemobile,benign,0,0.002195251,0,benign
edu.synthetic.androzoo.malware.banker_accessibility.1094,malware,1,0.99562883,1,malware
edu.synthetic.androzoo.malware.spyware_surveillance.0117,malware,1,0.9869083,1,malware
com.apptegy.citydesarc,benign,0,0.025118515,0,benign
com.infolink.limeiptv,benign,0,0.013412541,0,benign
com.neema.android,benign,0,0.018689493,0,benign
edu.synthetic.androzoo.malware.dropper_loader.1787,malware,1,0.8188848,1,malware
com.ostar.iheartspo2.vip,benign,0,0.07083035,0,benign
edu.synthetic.androzoo.malware.dropper_loader.1917,malware,1,0.81809396,1,malware
com.BraDev.CherryBlossom45,benign,0,0.16769896,0,benign
edu.synthetic.androzoo.malware.banker_accessibility.1436,malware,1,0.99599576,1,malware
jp.moneyeasy.combank,benign,0,0.6846886,1,malware
com.squarespace.android.squarespaceapp,benign,0,0.24485114,0,benign
edu.synthetic.androzoo.malware.sms_otp_stealer.1483,malware,1,0.9654079,1,malware
com.oldmutual.myoldmutual,benign,0,0.7788385,1,malware
com.buwizz.buwizz2,benign,0,0.05895117,0,benign
edu.synthetic.androzoo.malware.banker_accessibility.1400,malware,1,0.95784736,1,malware
edu.synthetic.androzoo.malware.overlay_pin_stealer.0540,malware,1,0.96338814,1,malware
cloud.blynk,benign,0,0.36975598,0,benign
jp.dle.gyakuten,malware,1,0.9849438,1,malware
com.deval.fiskalizimi,benign,0,0.9763474,1,malware
com.avena.avenafit,benign,0,0.99216205,1,malware
edu.synthetic.androzoo.malware.banker_accessibility.0011,malware,1,0.99238926,1,malware
air.conditioner.calculator,benign,0,0.16596083,0,benign
com.alaeat.customer.android.bnsandwiches,benign,0,0.98586696,1,malware
com.tsm.altmissoula,benign,0,0.09270683,0,benign
com.xiachufang,malware,1,0.2733247,0,benign
edu.synthetic.androzoo.malware.banker_accessibility.1428,malware,1,0.99758303,1,malware
com.subsplash.thechurchapp.s_5DSKHR,benign,0,0.00925584,0,benign
edu.synthetic.androzoo.malware.overlay_pin_stealer.1015,malware,1,0.92747635,1,malware
com.fcy.wordgame,benign,0,0.0515246,0,benign
app.donkeymobile.renswoudehervormd,benign,0,0.9487976,1,malware
edu.synthetic.androzoo.malware.ransomware_locker.0685,malware,1,0.8429776,1,malware
edu.synthetic.androzoo.malware.spyware_surveillance.0785,malware,1,0.93346804,1,malware
fr.nartex.navette,benign,0,0.32286784,0,benign
com.mhl.pathworks2,benign,0,0.014024876,0,benign
edu.synthetic.androzoo.malware.banker_accessibility.0104,malware,1,0.98358595,1,malware
edu.synthetic.androzoo.malware.wallet_stealer.0611,malware,1,0.99470866,1,malware
edu.synthetic.androzoo.malware.sms_otp_stealer.1244,malware,1,0.97893494,1,malware
edu.synthetic.androzoo.malware.dropper_loader.0208,malware,1,0.5574942,1,malware
com.insac.can.pinthatpoint,benign,0,0.9614318,1,malware
com.modeshift.jsp,benign,0,0.9958295,1,malware
edu.synthetic.androzoo.malware.wallet_stealer.0263,malware,1,0.9246971,1,malware
ru.iamtagir.tla4.ly,malware,1,0.13674124,0,benign
com.project.oneplace.beninrestoo,benign,0,0.9785857,1,malware
com.everywear.game5,benign,0,0.81702536,1,malware
com.klickl4u.apps,benign,0,0.98600316,1,malware
alldictdict.alldict.arhi,benign,0,0.43669924,0,benign
com.harsh.dhillon.colorbinder,benign,0,0.5152262,1,malware
com.maxitime22.createmusic.frequencygenerator.portretversion,benign,0,0.046020117,0,benign
com.apgaragedealer,benign,0,0.010703842,0,benign
edu.synthetic.androzoo.malware.sms_otp_stealer.0010,malware,1,0.8658375,1,malware
com.cuddlynest,benign,0,0.97839063,1,malware
com.t2s.fantastico794475,benign,0,0.010292667,0,benign
com.notificationcenter.iphone.controlcenter.alarm,benign,0,0.017476145,0,benign
com.lyricfluent.app,benign,0,0.15184143,0,benign
com.einnovation.temu,benign,0,0.36250097,0,benign
com.zellamsee.summercard,benign,0,0.17213464,0,benign
orangekik.app,benign,0,0.09360077,0,benign
com.game.zombiosio,malware,1,0.93129694,1,malware
tv.uscreen.defy,benign,0,0.96810955,1,malware
com.hanweb.ganfutong,malware,1,0.34446844,0,benign
edu.synthetic.androzoo.malware.wallet_stealer.0956,malware,1,0.9935869,1,malware
com.tgh.us.army.oil.tanker.truck.driving.games,benign,0,0.90021527,1,malware
edu.synthetic.androzoo.malware.adware_clicker.0249,malware,1,0.76564306,1,malware
com.ubestkid.phonics.a,malware,1,0.6087966,1,malware
edu.synthetic.androzoo.malware.dropper_loader.0554,malware,1,0.90536237,1,malware
com.skyphone.app,benign,0,0.9724514,1,malware
com.cyberlink.powerdirector.DRA140225_01,benign,0,0.38298914,0,benign
edu.synthetic.androzoo.malware.spyware_surveillance.0316,malware,1,0.9593444,1,malware
com.cronostechnologies.skiplan,benign,0,0.869915,1,malware
com.multibrains.taxi.driver.ridepassengeret,benign,0,0.0073565817,0,benign
edu.synthetic.androzoo.malware.spyware_surveillance.0488,malware,1,0.98945147,1,malware
edu.synthetic.androzoo.malware.banker_accessibility.0730,malware,1,0.98127973,1,malware
two.factor.authenticator.generator.code,benign,0,0.006602332,0,benign
com.xiaoshi.toupiao,malware,1,0.6576203,1,malware
com.puzzle1studio.go.wordsearchinspiration,benign,0,0.02736495,0,benign
com.meest.ua,benign,0,0.35845912,0,benign
com.stamfordfgkebab,benign,0,0.99186313,1,malware
com.xeno.investment,benign,0,0.9608823,1,malware
ru.yandex.key,benign,0,0.9743075,1,malware
edu.synthetic.androzoo.malware.spyware_surveillance.0254,malware,1,0.9831596,1,malware
com.cambodianinvestorscorporation,benign,0,0.9619976,1,malware
org.lateral.app,benign,0,0.69990516,1,malware
com.kindae.lephysicien,malware,1,0.9770995,1,malware
co.northplay.ConductTHIS,benign,0,0.9072431,1,malware
com.huashi6.hst,malware,1,0.9404446,1,malware
air.com.eni.FashionJudy038,malware,1,0.9978689,1,malware
edu.synthetic.androzoo.malware.ransomware_locker.1641,malware,1,0.80705494,1,malware
com.derayah,benign,0,0.9454847,1,malware
edu.synthetic.androzoo.malware.overlay_pin_stealer.0133,malware,1,0.94949955,1,malware
edu.synthetic.androzoo.malware.sms_otp_stealer.0101,malware,1,0.98293555,1,malware
edu.synthetic.androzoo.malware.adware_clicker.1285,malware,1,0.5814807,1,malware
edu.synthetic.androzoo.malware.ransomware_locker.1816,malware,1,0.68861663,1,malware
edu.synthetic.androzoo.malware.ransomware_locker.0521,malware,1,0.9762264,1,malware
edu.synthetic.androzoo.malware.overlay_pin_stealer.1259,malware,1,0.9675523,1,malware
com.whalejoy.living,benign,0,0.9848727,1,malware
edu.synthetic.androzoo.malware.banker_accessibility.0925,malware,1,0.9977495,1,malware
com.taza,benign,0,0.036881678,0,benign
com.chordu.chorduapp,benign,0,0.011798239,0,benign
edu.synthetic.androzoo.malware.ransomware_locker.1680,malware,1,0.9109026,1,malware
com.chownow.bagelpub,benign,0,0.33189178,0,benign
edu.synthetic.androzoo.malware.dropper_loader.0007,malware,1,0.7298603,1,malware
edu.synthetic.androzoo.malware.wallet_stealer.0293,malware,1,0.9957403,1,malware
jp.co.tekutekulife.tekutekulife,benign,0,0.6062821,1,malware
com.lixiangdong.LCDWatch.Pro,malware,1,0.013541439,0,benign
com.studio27.MelonPlayground,benign,0,0.06893937,0,benign
edu.synthetic.androzoo.malware.sms_otp_stealer.0458,malware,1,0.9430289,1,malware
vn.qsoft.chinhxac,benign,0,0.9744236,1,malware
edu.synthetic.androzoo.malware.banker_accessibility.1251,malware,1,0.91817176,1,malware
com.smartforu,benign,0,0.9903458,1,malware
com.ax003d.sichu,malware,1,0.9511219,1,malware
radio.szent.istvan,benign,0,0.0876827,0,benign
br.com.alon,benign,0,0.53642553,1,malware
edu.synthetic.androzoo.malware.ransomware_locker.1668,malware,1,0.78106207,1,malware
naveen.duplicatefile.fixerfinder,benign,0,0.8613905,1,malware
com.appsmart.delivery.pizzeriaalbertomarl12997,benign,0,0.19866347,0,benign
com.Manababa.RandomSpinDEF,benign,0,0.05722072,0,benign
com.meta.boom,malware,1,0.4926305,0,benign
com.nwagu.chai,benign,0,0.69560105,1,malware
edu.synthetic.androzoo.malware.overlay_pin_stealer.1925,malware,1,0.95635414,1,malware
cc.flydemo.erge2,malware,1,0.04279102,0,benign
cs.cover.strike.gun.shooting.games.offline,benign,0,0.8112089,1,malware
net.infojobs.mobile.android,benign,0,0.01382951,0,benign
com.ywx.qhyx.yyh,malware,1,0.7590381,1,malware
com.cat.kitten.wallpapers,benign,0,0.01303193,0,benign
com.readygo.dark.gp,benign,0,0.75791514,1,malware
fi.upsi,benign,0,0.96061754,1,malware
edu.synthetic.androzoo.malware.adware_clicker.1204,malware,1,0.94519186,1,malware
com.cooking.world.chef.craze.restaurant.fever.free,benign,0,0.015580042,0,benign
edu.synthetic.androzoo.malware.adware_clicker.0142,malware,1,0.66791844,1,malware
se.langia.fishpoc,benign,0,0.6431082,1,malware
com.tanwan.mobile.zhengtu,malware,1,0.99556917,1,malware
com.insideoutside.ihunternb,benign,0,0.9851634,1,malware
edu.synthetic.androzoo.malware.wallet_stealer.1867,malware,1,0.98952407,1,malware
com.claranet.mfa,benign,0,0.45589903,0,benign
edu.synthetic.androzoo.malware.dropper_loader.1617,malware,1,0.54210174,1,malware
com.zenlabs.challenge.squats,benign,0,0.056978177,0,benign
com.manle.phone.android.tumor,malware,1,0.9917596,1,malware
com.yusi.chongchong,malware,1,0.15365994,0,benign
com.bravolang.thai,malware,1,0.6520222,1,malware
com.bo.fotoo,malware,1,0.16642034,0,benign
net.wordbit.enes,benign,0,0.8244674,1,malware
link.mikan.mikanandroid,benign,0,0.9172063,1,malware
com.trainerize.topnotchfitness,benign,0,0.9832092,1,malware
com.mydroid.svg.print.craft.design.graphic.sticker,benign,0,0.006246644,0,benign
edu.synthetic.androzoo.malware.banker_accessibility.1922,malware,1,0.99251986,1,malware
aplus.europeworldhistorycourse,benign,0,0.16696867,0,benign
ru.sotnik.areacalc,malware,1,0.109608576,0,benign
edu.synthetic.androzoo.malware.overlay_pin_stealer.1846,malware,1,0.86461276,1,malware
de.thomann,benign,0,0.9949185,1,malware
co.hotfollower.app,benign,0,0.98422295,1,malware
moe.quickscreentrading.android,benign,0,0.87192863,1,malware
com.zltx.sgame.yyh,malware,1,0.48084223,0,benign
com.bandindustries.roadie,benign,0,0.9561517,1,malware
edu.synthetic.androzoo.malware.overlay_pin_stealer.0352,malware,1,0.9369393,1,malware
vt.android.ilearn,benign,0,0.93362236,1,malware
com.holyblade.cloud.platform,malware,1,0.094348,0,benign
com.VForVictory.ExtremeBallStrikerGoalBlast,benign,0,0.1742074,0,benign
com.simcoeit.searchopal,benign,0,0.9814627,1,malware
com.bankscene.bes.welllinkbank,benign,0,0.10218027,0,benign
bloodpressure.bloodpressureapp.bloodpressuretracker,benign,0,0.034221545,0,benign
com.djremix.djmusicplayers,malware,1,0.0048011667,0,benign
edu.synthetic.androzoo.malware.adware_clicker.1055,malware,1,0.320936,0,benign
com.elephantgames.hstndhiddenobjects.googpremium,benign,0,0.9775628,1,malware
com.profittrading.forkucoin,benign,0,0.050329734,0,benign
com.ahboutique.android,benign,0,0.9503519,1,malware
com.goodwallpapers.coffe_hd,benign,0,0.26223156,0,benign
com.hippo.lighthouse,benign,0,0.4351697,0,benign
edu.synthetic.androzoo.malware.overlay_pin_stealer.0057,malware,1,0.9758974,1,malware
ddidev94.fishingweather,benign,0,0.3851664,0,benign
edu.synthetic.androzoo.malware.overlay_pin_stealer.1321,malware,1,0.9443594,1,malware
edu.synthetic.androzoo.malware.spyware_surveillance.1891,malware,1,0.9651833,1,malware
com.cleverapps.magicwords,benign,0,0.115880094,0,benign
edu.synthetic.androzoo.malware.spyware_surveillance.1253,malware,1,0.9811056,1,malware
com.ngc.fora,benign,0,0.96372265,1,malware
edu.synthetic.androzoo.malware.spyware_surveillance.1533,malware,1,0.9826042,1,malware
ridewithvia.sncfyriex,benign,0,0.8346096,1,malware
com.smilion.CaboclinhoDoReMi,benign,0,0.9846272,1,malware
com.cloudmobile.einvoice,benign,0,0.3402694,0,benign
edu.synthetic.androzoo.malware.wallet_stealer.0241,malware,1,0.9825806,1,malware
de.jentsch.floatingstopwatch,malware,1,0.049040135,0,benign
com.madness.man.whirl,malware,1,0.5928116,1,malware
com.cellsavers.savers,benign,0,0.03305962,0,benign
com.ibm.lava.hot.volcano.car.games,malware,1,0.92541,1,malware
com.alaeat.customer.android.cheflee,benign,0,0.99612194,1,malware
ch.beekeeper.beekeeper,benign,0,0.484143,0,benign
com.elian.lambabible,benign,0,0.08043658,0,benign
edu.synthetic.androzoo.malware.spyware_surveillance.0848,malware,1,0.9913994,1,malware
edu.synthetic.androzoo.malware.banker_accessibility.1418,malware,1,0.99479324,1,malware
com.swaas.hidoctor,benign,0,0.106641956,0,benign
edu.synthetic.androzoo.malware.overlay_pin_stealer.1821,malware,1,0.9298175,1,malware
de.randstad.meinrandstad,benign,0,0.60892004,1,malware
com.fpt.fci.aimentor,benign,0,0.97515804,1,malware
com.neopons.Talkytalky,benign,0,0.027928283,0,benign
edu.synthetic.androzoo.malware.spyware_surveillance.0040,malware,1,0.98646903,1,malware
com.nekki.shadowfight3,malware,1,0.07772341,0,benign
edu.synthetic.androzoo.malware.banker_accessibility.1347,malware,1,0.9975116,1,malware
net.zdsoft.zerobook_android,malware,1,0.08412581,0,benign
com.zigis.paleontologas,benign,0,0.012330234,0,benign
de.dimock.shallowchess,benign,0,0.05386348,0,benign
edu.synthetic.androzoo.malware.sms_otp_stealer.1046,malware,1,0.88469464,1,malware
edu.synthetic.androzoo.malware.sms_otp_stealer.0100,malware,1,0.98457354,1,malware
com.overworld.app,benign,0,0.019398788,0,benign
com.lgufstore_rn,benign,0,0.89479995,1,malware
edu.synthetic.androzoo.malware.spyware_surveillance.0582,malware,1,0.9892825,1,malware
com.aapmobile,benign,0,0.08668449,0,benign
com.crosoften.adjuve,benign,0,0.1249067,0,benign
vn.cimbbank.octo,benign,0,0.9423055,1,malware
edu.synthetic.androzoo.malware.wallet_stealer.0301,malware,1,0.95939845,1,malware
com.appss.wallpaperaestetic2026,benign,0,0.5746389,1,malware
com.wjbk.android.weather,benign,0,0.1307787,0,benign
com.unitel.mocha.app,benign,0,0.9376785,1,malware
com.shixian.kaihua,malware,1,0.9927205,1,malware
com.yunmi.water,malware,1,0.9787445,1,malware
com.tytops.ocarinalite,benign,0,0.8946506,1,malware
wheelzgh.app,benign,0,0.056678906,0,benign
com.inso.app,malware,1,0.99310815,1,malware
edu.synthetic.androzoo.malware.spyware_surveillance.0269,malware,1,0.8387426,1,malware
com.nabe.es4efyq,benign,0,0.42815766,0,benign
com.compareinsurance.carinsurancecheckapp,malware,1,0.91040134,1,malware
com.allied.helicopter.commando.air.strike,malware,1,0.95680666,1,malware
com.clicklabs.flyingfun,malware,1,0.95163465,1,malware
edu.synthetic.androzoo.malware.sms_otp_stealer.0023,malware,1,0.99673176,1,malware
edu.synthetic.androzoo.malware.dropper_loader.0768,malware,1,0.7647351,1,malware
word.riddles.guess.brain.test.tricky.puzzle.quiz.game.free,benign,0,0.052112147,0,benign
com.coinex.trade.play,benign,0,0.9853066,1,malware
edu.synthetic.androzoo.malware.dropper_loader.0857,malware,1,0.90135527,1,malware
eu.rc.electronics,benign,0,0.17828777,0,benign
jp.co.hotelnewgrand.app.newgrandclub,benign,0,0.98327214,1,malware
edu.synthetic.androzoo.malware.overlay_pin_stealer.0701,malware,1,0.9694216,1,malware
edu.synthetic.androzoo.malware.overlay_pin_stealer.0111,malware,1,0.9466616,1,malware
in.bluapps.webapp,malware,1,0.88457996,1,malware
com.memopad.for_.writing.babylon,benign,0,0.0027432707,0,benign
com.tygame.game33,malware,1,0.484199,0,benign
de.metro.alex.customer.digitalcard.makro,benign,0,0.7666503,1,malware
pl.biokod.goodcoach,benign,0,0.6705999,1,malware
edu.synthetic.androzoo.malware.adware_clicker.0923,malware,1,0.69412684,1,malware
edu.synthetic.androzoo.malware.sms_otp_stealer.0861,malware,1,0.9504089,1,malware
com.gil.nxtdigital.mynxt,benign,0,0.013130419,0,benign
br.com.tkrastreadores.mobile,benign,0,0.97483724,1,malware
com.alexto.radio.cambodia,benign,0,0.0038157827,0,benign
bass.booster,malware,1,0.7975367,1,malware
com.neusoft.app.beijingdaily.phone,malware,1,0.409833,0,benign
ruler.bubblelevel,benign,0,0.06649233,0,benign
com.easysay.korean,malware,1,0.7035932,1,malware
edu.synthetic.androzoo.malware.dropper_loader.0019,malware,1,0.9808286,1,malware
edu.synthetic.androzoo.malware.wallet_stealer.0644,malware,1,0.98738223,1,malware
com.gidetechs.myhourofgrace,benign,0,0.9912676,1,malware
edu.synthetic.androzoo.malware.spyware_surveillance.0575,malware,1,0.97618663,1,malware
com.t2s.mospalace793657,benign,0,0.017900547,0,benign
com.chris.hyperrace,malware,1,0.9812371,1,malware
edu.synthetic.androzoo.malware.ransomware_locker.1798,malware,1,0.77121156,1,malware
edu.synthetic.androzoo.malware.spyware_surveillance.0560,malware,1,0.94102865,1,malware
com.zepni.hamster,benign,0,0.057875108,0,benign
com.euvic.fpowner,benign,0,0.98139155,1,malware
edu.synthetic.androzoo.malware.dropper_loader.1657,malware,1,0.82706445,1,malware
edu.synthetic.androzoo.malware.ransomware_locker.1035,malware,1,0.79736006,1,malware
se.selfmadeacademy,benign,0,0.9732868,1,malware
com.igen.solarmanbusiness,benign,0,0.97643435,1,malware
edu.synthetic.androzoo.malware.wallet_stealer.0333,malware,1,0.9697112,1,malware
edu.synthetic.androzoo.malware.wallet_stealer.1701,malware,1,0.99648404,1,malware
com.devjah.plants,benign,0,0.51484317,1,malware
com.yc.dayband,malware,1,0.91934264,1,malware
com.azyouxi.quanwangqw,malware,1,0.9882166,1,malware
com.istsoft.dipteal1,benign,0,0.9638231,1,malware
edu.synthetic.androzoo.malware.ransomware_locker.1049,malware,1,0.7251795,1,malware
edu.synthetic.androzoo.malware.overlay_pin_stealer.1484,malware,1,0.917809,1,malware
edu.synthetic.androzoo.malware.dropper_loader.0136,malware,1,0.97320515,1,malware
edu.synthetic.androzoo.malware.banker_accessibility.0502,malware,1,0.95724785,1,malware
com.sector.sectoralarm,benign,0,0.008179496,0,benign
com.amutcomi.acty.client,benign,0,0.78421843,1,malware
edu.synthetic.androzoo.malware.spyware_surveillance.1397,malware,1,0.98544866,1,malware
com.minikara.crossword.android,benign,0,0.31736222,0,benign
com.golfapp.gcgiez,benign,0,0.42283177,0,benign
tv.uscreen.sarahbethyoga,benign,0,0.8588061,1,malware
com.jizhi.jlongg,malware,1,0.9526172,1,malware
com.pdmi.chongxin.media,malware,1,0.20268403,0,benign
com.tataera.lazylisten,malware,1,0.016706826,0,benign
edu.synthetic.androzoo.malware.dropper_loader.0171,malware,1,0.5531323,1,malware
com.tjnit.gonghui,malware,1,0.07558006,0,benign
edu.synthetic.androzoo.malware.wallet_stealer.0758,malware,1,0.9934094,1,malware
com.blockcitywars.thugcity,malware,1,0.14285779,0,benign
io.everfit.wlreform,benign,0,0.34599668,0,benign
com.subsplashconsulting.s_RKDTCB,benign,0,0.020724962,0,benign
edu.synthetic.androzoo.malware.adware_clicker.0926,malware,1,0.9854746,1,malware
edu.synthetic.androzoo.malware.sms_otp_stealer.0635,malware,1,0.9897496,1,malware
edu.synthetic.androzoo.malware.spyware_surveillance.0135,malware,1,0.9872629,1,malware
edu.synthetic.androzoo.malware.wallet_stealer.0800,malware,1,0.9802712,1,malware
edu.synthetic.androzoo.malware.dropper_loader.1855,malware,1,0.66313547,1,malware
com.overlay.pokeratlasmobile,benign,0,0.030034477,0,benign
com.easy.all.today.translator,malware,1,0.44664183,0,benign
com.sonica.IbizaSonicaRadio,benign,0,0.029066324,0,benign
edu.synthetic.androzoo.malware.adware_clicker.0253,malware,1,0.9630976,1,malware
com.szckhd.jwgly.azyw,benign,0,0.96695083,1,malware
edu.synthetic.androzoo.malware.adware_clicker.1536,malware,1,0.5701248,1,malware
com.ouimoveup,benign,0,0.9491492,1,malware
com.gww.km,benign,0,0.13098516,0,benign
aurorafirst.app.com,benign,0,0.96461,1,malware
com.ruk.usastudio.mosshotassistant,benign,0,0.9033722,1,malware
be.lgc.wep.herve,benign,0,0.10094594,0,benign
com.mwrlife,benign,0,0.83993685,1,malware
com.subsplashconsulting.s_FT5NQC,benign,0,0.4693249,0,benign
com.ab.vectronix,benign,0,0.023408415,0,benign
bfac.android.ngmdapp,benign,0,0.98257935,1,malware
edu.synthetic.androzoo.malware.banker_accessibility.0129,malware,1,0.9970561,1,malware
nz.co.snapper.mobile,benign,0,0.0015807804,0,benign
edu.synthetic.androzoo.malware.banker_accessibility.1656,malware,1,0.9962908,1,malware
com.constanttherapy.android.main,benign,0,0.15736178,0,benign
edu.synthetic.androzoo.malware.wallet_stealer.0109,malware,1,0.9959966,1,malware
edu.synthetic.androzoo.malware.ransomware_locker.0782,malware,1,0.94587106,1,malware
edu.synthetic.androzoo.malware.dropper_loader.0374,malware,1,0.7357513,1,malware
com.elephantgames.parfilthetall,benign,0,0.98174554,1,malware
com.regnumwealthmanagementpvtltd,benign,0,0.9890427,1,malware
edu.synthetic.androzoo.malware.spyware_surveillance.1778,malware,1,0.9940698,1,malware
com.rega.regaapp,benign,0,0.99182665,1,malware
com.singxie.olarticle,malware,1,0.92334515,1,malware
com.temporary.email.pro,benign,0,0.99727005,1,malware
edu.synthetic.androzoo.malware.spyware_surveillance.1502,malware,1,0.9671193,1,malware
edu.synthetic.androzoo.malware.ransomware_locker.1078,malware,1,0.6515371,1,malware
linkdesks.jigsaw.puzzle.classic,benign,0,0.059609327,0,benign
com.witmob.newsdigest,malware,1,0.7842959,1,malware
com.fairtiq.android.ftqlab,benign,0,0.039915033,0,benign
it.redbitgames.stonesandsails,benign,0,0.97051144,1,malware
ru.frolovvv.lightlamp,benign,0,0.29597753,0,benign
com.smartworld.photoframe,benign,0,0.093933694,0,benign
com.dawa.mobile,benign,0,0.5394156,1,malware
com.esi.kbbio,benign,0,0.02384961,0,benign
edu.synthetic.androzoo.malware.ransomware_locker.0322,malware,1,0.9684331,1,malware
com.iyaltamizh.app.btprinter,benign,0,0.1472592,0,benign
edu.synthetic.androzoo.malware.dropper_loader.0952,malware,1,0.7982845,1,malware
edu.synthetic.androzoo.malware.spyware_surveillance.1002,malware,1,0.95804405,1,malware
com.funnygames.game.smania,benign,0,0.39979464,0,benign
edu.synthetic.androzoo.malware.spyware_surveillance.1256,malware,1,0.98899895,1,malware
edu.synthetic.androzoo.malware.overlay_pin_stealer.0963,malware,1,0.8896237,1,malware
com.pujiagames.Grandmother,malware,1,0.8772762,1,malware
com.wintertales.moonwalkersimulatorvr,malware,1,0.7844897,1,malware
com.xinan.motorgps,malware,1,0.8200214,1,malware
edu.synthetic.androzoo.malware.banker_accessibility.0563,malware,1,0.9939441,1,malware
com.owlogue.mandrakeboys.kor,benign,0,0.12127218,0,benign
com.vedicrishiastro.kundli,benign,0,0.07552431,0,benign
com.pocketpiano.mobile,malware,1,0.77608526,1,malware
com.kabbalah.calendar,benign,0,0.18643607,0,benign
edu.synthetic.androzoo.malware.wallet_stealer.1829,malware,1,0.99544454,1,malware
de.ck1981.android.blockstopper,benign,0,0.04221464,0,benign
app.upvpn.upvpn,benign,0,0.8216817,1,malware
edu.synthetic.androzoo.malware.overlay_pin_stealer.0455,malware,1,0.94543815,1,malware
edu.synthetic.androzoo.malware.dropper_loader.0820,malware,1,0.8359156,1,malware
com.carlosv.menulateral,benign,0,0.05013503,0,benign
edu.synthetic.androzoo.malware.dropper_loader.0448,malware,1,0.8055449,1,malware
edu.synthetic.androzoo.malware.banker_accessibility.0833,malware,1,0.99162525,1,malware
com.gethabitcoach.android2,benign,0,0.1807777,0,benign
edu.synthetic.androzoo.malware.wallet_stealer.0001,malware,1,0.987305,1,malware
com.luckystargame.texaspoker,malware,1,0.98023397,1,malware
com.threed.spider.hero.flying.bike.city.battle,malware,1,0.99822086,1,malware
edu.synthetic.androzoo.malware.overlay_pin_stealer.1654,malware,1,0.9878209,1,malware
com.zakinn.app,benign,0,0.007538028,0,benign
com.subsplash.thechurchapp.s_TTF4T8,benign,0,0.010518917,0,benign
edu.synthetic.androzoo.malware.spyware_surveillance.0531,malware,1,0.9791397,1,malware
com.taprun.fruit.candy.candymonsterline,malware,1,0.9879958,1,malware
com.seigneurin.carspotclient,benign,0,0.114551745,0,benign
com.apptegy.villageforsyth,benign,0,0.010734752,0,benign
edu.synthetic.androzoo.malware.dropper_loader.0172,malware,1,0.90999395,1,malware
org.getcompliant.getcompliantapp,benign,0,0.27913824,0,benign
edu.synthetic.androzoo.malware.dropper_loader.1363,malware,1,0.9889108,1,malware
com.mobincube.estudios_biblicos.sc_HNPIES,malware,1,0.19963932,0,benign
edu.synthetic.androzoo.malware.spyware_surveillance.1101,malware,1,0.8877059,1,malware
com.panagola.game.arrangefree,benign,0,0.92841977,1,malware
edu.synthetic.androzoo.malware.dropper_loader.0637,malware,1,0.6190988,1,malware
com.example.administrator.picturetransliteration,malware,1,0.16821243,0,benign
com.nword.std8maharashtra,benign,0,0.08625426,0,benign
edu.synthetic.androzoo.malware.overlay_pin_stealer.1191,malware,1,0.91925246,1,malware
edu.synthetic.androzoo.malware.overlay_pin_stealer.1190,malware,1,0.9476299,1,malware
com.boyzum.motoboy,benign,0,0.97301596,1,malware
edu.synthetic.androzoo.malware.banker_accessibility.0771,malware,1,0.9810687,1,malware
edu.synthetic.androzoo.malware.banker_accessibility.0466,malware,1,0.998728,1,malware
com.launcher.light.theme3d,malware,1,0.92517847,1,malware
com.teamlinkt.sportTeamApp,benign,0,0.982417,1,malware
com.xiyue.drama,benign,0,0.9878473,1,malware
com.qingyuegames.petmatch,benign,0,0.28527114,0,benign
com.grwth.ai,benign,0,0.7964323,1,malware
com.moyun365.android.gkhistorytong,malware,1,0.82323545,1,malware
edu.synthetic.androzoo.malware.banker_accessibility.1455,malware,1,0.99450135,1,malware
edu.synthetic.androzoo.malware.dropper_loader.1578,malware,1,0.81213325,1,malware
edu.synthetic.androzoo.malware.banker_accessibility.0537,malware,1,0.99364096,1,malware
com.roughcode.parboti,benign,0,0.025508197,0,benign
edu.synthetic.androzoo.malware.dropper_loader.0595,malware,1,0.7981118,1,malware
edu.synthetic.androzoo.malware.sms_otp_stealer.1451,malware,1,0.96158963,1,malware
com.jmfleet.android,benign,0,0.043780126,0,benign
com.boatip.browser,malware,1,0.96810955,1,malware
com.apptegy.conradpa,benign,0,0.028576484,0,benign
com.codeEscape.codeescape,benign,0,0.96671057,1,malware
edu.synthetic.androzoo.malware.ransomware_locker.0384,malware,1,0.46450186,0,benign
com.tanzam,benign,0,0.97873926,1,malware
com.inmovation.newspaper,malware,1,0.652119,1,malware
tk.climbzilla,benign,0,0.03708129,0,benign
edu.synthetic.androzoo.malware.overlay_pin_stealer.1170,malware,1,0.9648101,1,malware
edu.synthetic.androzoo.malware.dropper_loader.0205,malware,1,0.9358417,1,malware
com.telstra.nrl.dragons,benign,0,0.02673429,0,benign
com.kratosle.unlim,benign,0,0.67841506,1,malware
com.jobsdb,benign,0,0.0060375184,0,benign
ru.lptracker.app,benign,0,0.9814627,1,malware
com.tempstick,benign,0,0.9559467,1,malware
edu.synthetic.androzoo.malware.overlay_pin_stealer.0624,malware,1,0.96364516,1,malware
edu.synthetic.androzoo.malware.wallet_stealer.1365,malware,1,0.9964916,1,malware
com.cleanmate.abroad,malware,1,0.44164827,0,benign
com.aMo.gdlFax,malware,1,0.99228764,1,malware
com.antescofo.metronaut,benign,0,0.008601016,0,benign
edu.synthetic.androzoo.malware.banker_accessibility.1497,malware,1,0.99512804,1,malware
com.oq.store,benign,0,0.8532467,1,malware
com.chownow.riardosbargrill,benign,0,0.061723452,0,benign
com.ebcard.cashbee.hce.jeonju,benign,0,0.18085036,0,benign
edu.synthetic.androzoo.malware.overlay_pin_stealer.0496,malware,1,0.97665113,1,malware
edu.synthetic.androzoo.malware.spyware_surveillance.1750,malware,1,0.83381927,1,malware
edu.synthetic.androzoo.malware.dropper_loader.1324,malware,1,0.5879838,1,malware
com.plazz,benign,0,0.0011949559,0,benign
edu.synthetic.androzoo.malware.dropper_loader.0013,malware,1,0.98085266,1,malware
com.trainerize.lisaelliottonlinecoaching,benign,0,0.94960594,1,malware
com.phorest.finandco,benign,0,0.0029139358,0,benign
com.enoiu.scorepdf,benign,0,0.98344016,1,malware
edu.synthetic.androzoo.malware.overlay_pin_stealer.1052,malware,1,0.9347512,1,malware
br.com.abril.comerebeber,benign,0,0.9014003,1,malware
com.reliancegames.wwemayhem,benign,0,0.87184054,1,malware
com.iz.timpy.ice.cream.cone.bar.maker.shop.truck.game,benign,0,0.15665688,0,benign
com.subsplash.thechurchapp.s_W89C49,benign,0,0.23987107,0,benign
cn.trinea.android.developertools,malware,1,0.016090784,0,benign
com.magzter.bikeindia,benign,0,0.010013453,0,benign
com.elderribador,benign,0,0.03532914,0,benign
edu.synthetic.androzoo.malware.wallet_stealer.1180,malware,1,0.97228414,1,malware
com.tradeindia.apps.timessenger,benign,0,0.600825,1,malware
au.com.allhomes,malware,1,0.059012335,0,benign
com.mercadolibre,benign,0,0.03166193,0,benign
com.comichub,benign,0,0.015461892,0,benign
com.doggymakers.tuckerattack,benign,0,0.3507694,0,benign
edu.synthetic.androzoo.malware.banker_accessibility.0463,malware,1,0.9817707,1,malware
edu.synthetic.androzoo.malware.overlay_pin_stealer.0887,malware,1,0.9487097,1,malware
com.b01t.touchphotolock,benign,0,0.8877648,1,malware
fr.morvan.morvanurbasee,benign,0,0.23620963,0,benign
edu.synthetic.androzoo.malware.adware_clicker.0839,malware,1,0.7282264,1,malware
edu.synthetic.androzoo.malware.overlay_pin_stealer.0258,malware,1,0.9236948,1,malware
com.languagedrops.drops.learn.learning.speak.language.dutch.words,benign,0,0.98441523,1,malware
com.feelcrafters.buspuzzle,benign,0,0.059175067,0,benign
com.jura.formula.race.master,benign,0,0.6825313,1,malware
com.mindioaitherapy.app,benign,0,0.9860465,1,malware
swipestox.mobile,benign,0,0.9687828,1,malware
com.hy.csj,malware,1,0.7390687,1,malware
com.play.tube.adsblock.video.vanceded.free,malware,1,0.071291625,0,benign
com.sonkins.tbass,benign,0,0.98659503,1,malware
usa.radio.hishop,benign,0,0.51908433,1,malware
com.heyholi.holi,benign,0,0.91800064,1,malware
edu.synthetic.androzoo.malware.banker_accessibility.0146,malware,1,0.98989445,1,malware
edu.synthetic.androzoo.malware.dropper_loader.0676,malware,1,0.5938076,1,malware
edu.synthetic.androzoo.malware.banker_accessibility.0086,malware,1,0.99540424,1,malware
edu.synthetic.androzoo.malware.dropper_loader.0098,malware,1,0.84600765,1,malware
edu.synthetic.androzoo.malware.sms_otp_stealer.0802,malware,1,0.9267692,1,malware
edu.synthetic.androzoo.malware.ransomware_locker.1225,malware,1,0.80975145,1,malware
com.plus.ai,malware,1,0.7963679,1,malware
jp.co.c2inc.deepsleep.pokemedi,benign,0,0.05226407,0,benign
be.rentio.app,benign,0,0.025486268,0,benign
edu.synthetic.androzoo.malware.dropper_loader.0514,malware,1,0.56376624,1,malware
br.com.dod.msx2cas,benign,0,0.10597282,0,benign
de.web.mobile.android.mail,benign,0,0.61254513,1,malware
br.org.iecsiderlandia.appEK1975,benign,0,0.94109464,1,malware
com.huaien.genealogy,malware,1,0.029127164,0,benign
edu.synthetic.androzoo.malware.overlay_pin_stealer.0354,malware,1,0.9938403,1,malware
edu.synthetic.androzoo.malware.ransomware_locker.0378,malware,1,0.5893172,1,malware
edu.synthetic.androzoo.malware.dropper_loader.1932,malware,1,0.82922274,1,malware
edu.synthetic.androzoo.malware.wallet_stealer.0027,malware,1,0.9924091,1,malware
org.nationalregistry.android.production,benign,0,0.24569048,0,benign
app.mynetvpnvip.build,malware,1,0.6864247,1,malware
com.arksur.navol,malware,1,0.7432326,1,malware
com.jasp.rosarioVirgenMaria,benign,0,0.39972973,0,benign
musica.musicfree.snaptube.weezer.mp3app,malware,1,0.0038249488,0,benign
edu.synthetic.androzoo.malware.banker_accessibility.0335,malware,1,0.9940749,1,malware
com.mxtech.videoplayer.ad,benign,0,0.27518207,0,benign
com.centris_mobile,benign,0,0.98899674,1,malware
com.appical.io,benign,0,0.018883666,0,benign
com.softmaker.cowkisan,benign,0,0.013279653,0,benign
edu.synthetic.androzoo.malware.banker_accessibility.1511,malware,1,0.99224454,1,malware
edu.synthetic.androzoo.malware.ransomware_locker.0707,malware,1,0.91932905,1,malware
com.ujigu.tcyuying,malware,1,0.95641935,1,malware
jp.Yokeijyo.YummyBar,benign,0,0.94139385,1,malware
edu.synthetic.androzoo.malware.dropper_loader.0442,malware,1,0.7069625,1,malware
com.jiaming.qiming,malware,1,0.6147673,1,malware
digifit.android.virtuagym.pro.capitanemo,benign,0,0.9885112,1,malware
com.g5e.nineclues2.android,malware,1,0.75509334,1,malware
edu.synthetic.androzoo.malware.dropper_loader.0284,malware,1,0.42482483,0,benign
com.joinknack.knack,benign,0,0.07340242,0,benign
com.goose.snake,benign,0,0.9163432,1,malware
edu.synthetic.androzoo.malware.adware_clicker.0665,malware,1,0.6514896,1,malware
com.techvariable.networktravels,benign,0,0.054632,0,benign
com.ca.ppm.intune.mobile.v2,benign,0,0.655712,1,malware
edu.synthetic.androzoo.malware.dropper_loader.0993,malware,1,0.87079793,1,malware
edu.synthetic.androzoo.malware.spyware_surveillance.1756,malware,1,0.9770279,1,malware
cn.com.chinagrain,malware,1,0.047759634,0,benign
edu.synthetic.androzoo.malware.banker_accessibility.0470,malware,1,0.99645907,1,malware
edu.synthetic.androzoo.malware.dropper_loader.1079,malware,1,0.5702321,1,malware
edu.synthetic.androzoo.malware.sms_otp_stealer.1106,malware,1,0.8073478,1,malware
edu.synthetic.androzoo.malware.ransomware_locker.0330,malware,1,0.8374932,1,malware
edu.synthetic.androzoo.malware.banker_accessibility.0090,malware,1,0.9721357,1,malware
com.newellmediallc.live.hippo,malware,1,0.90036875,1,malware
edu.synthetic.androzoo.malware.sms_otp_stealer.0666,malware,1,0.88721865,1,malware
edu.synthetic.androzoo.malware.overlay_pin_stealer.1272,malware,1,0.98930573,1,malware
com.selogerplus.android,benign,0,0.011528519,0,benign
com.schoolpointe.oh_mississinawavalleyschs,benign,0,0.20164493,0,benign
com.boursorama.android.clients,benign,0,0.990638,1,malware
com.ultralpower.roamwifi_international,malware,1,0.7753516,1,malware
com.mycasavi.ottoimmo,benign,0,0.11434259,0,benign
cc.flydemo.math2,malware,1,0.045563783,0,benign
com.martian.yly.yyh,malware,1,0.9507835,1,malware
gazpacho.strawberries.stones,benign,0,0.03264534,0,benign
com.immediatemedia.historyextrarn,benign,0,0.31633195,0,benign
edu.synthetic.androzoo.malware.banker_accessibility.0228,malware,1,0.9859039,1,malware
com.mjcsoft.stream.fmforres,benign,0,0.037017267,0,benign
edu.synthetic.androzoo.malware.overlay_pin_stealer.0341,malware,1,0.9568931,1,malware
edu.synthetic.androzoo.malware.sms_otp_stealer.1569,malware,1,0.93704516,1,malware
com.simyasolutions.ling.bn,benign,0,0.98348343,1,malware
edu.synthetic.androzoo.malware.adware_clicker.0954,malware,1,0.8635296,1,malware
edu.synthetic.androzoo.malware.wallet_stealer.1549,malware,1,0.9891606,1,malware
edu.synthetic.androzoo.malware.sms_otp_stealer.0062,malware,1,0.9779269,1,malware
com.easternpromiseonline,benign,0,0.013530615,0,benign
edu.synthetic.androzoo.malware.banker_accessibility.0519,malware,1,0.9939129,1,malware
io.github.fate_grand_automata,benign,0,0.0526398,0,benign
com.lemellabs.differences,benign,0,0.03355315,0,benign
edu.synthetic.androzoo.malware.overlay_pin_stealer.0398,malware,1,0.95981497,1,malware
com.immusician.musiclass,malware,1,0.6553869,1,malware
org.alias,benign,0,0.5233938,1,malware
edu.synthetic.androzoo.malware.banker_accessibility.1441,malware,1,0.9973356,1,malware
com.WildcoreGames.RockKommander,benign,0,0.9041772,1,malware
edu.synthetic.androzoo.malware.dropper_loader.0517,malware,1,0.98057854,1,malware
com.MojikenStudio.WhenPastWasAround,malware,1,0.07553843,0,benign
com.reportallusa.landglide,benign,0,0.9881896,1,malware
com.tpwar,benign,0,0.65792584,1,malware
edu.synthetic.androzoo.malware.dropper_loader.1486,malware,1,0.98468506,1,malware
linkdesks.screw.bolts.nuts.story,benign,0,0.43742272,0,benign
edu.synthetic.androzoo.malware.banker_accessibility.0805,malware,1,0.9953088,1,malware
edu.synthetic.androzoo.malware.dropper_loader.1295,malware,1,0.9675702,1,malware
inc.ambit.client,benign,0,0.9761697,1,malware
in.mohalla.sharechat,benign,0,0.020289475,0,benign
com.overplaygames,benign,0,0.06353633,0,benign
com.visma.hryou,benign,0,0.98794156,1,malware
com.neb.app.nebsl,benign,0,0.8028471,1,malware
de.beetsandroots.android,benign,0,0.9813246,1,malware
com.heavy.truck.driver.simulator.offroad.game,benign,0,0.40303463,0,benign
com.signnow.android,benign,0,0.9287224,1,malware
com.mirai.cat.prank.simulator.granny,benign,0,0.9294867,1,malware
edu.synthetic.androzoo.malware.spyware_surveillance.1140,malware,1,0.9691659,1,malware
ru.shtrafy_gibdd.nalogi,benign,0,0.005263573,0,benign
edu.synthetic.androzoo.malware.overlay_pin_stealer.1876,malware,1,0.9144804,1,malware
com.ingrails.motherland,benign,0,0.9399452,1,malware
com.greenvalleyenglishschool,benign,0,0.23453684,0,benign
mkisly.backgammon.tawla,benign,0,0.94381785,1,malware
edu.synthetic.androzoo.malware.sms_otp_stealer.1290,malware,1,0.9008826,1,malware
com.sinyee.babybus.garbage,malware,1,0.70065403,1,malware
com.beijzc.skits,malware,1,0.9296248,1,malware
com.sched.hosastateleadershiptwofour,benign,0,0.03883007,0,benign
com.tianqiyubao2345,malware,1,0.2964076,0,benign
edu.synthetic.androzoo.malware.banker_accessibility.0214,malware,1,0.93777055,1,malware
com.simpler.dialer,benign,0,0.031707935,0,benign
edu.synthetic.androzoo.malware.sms_otp_stealer.0154,malware,1,0.9932683,1,malware
com.apptegy.eastpalestine,benign,0,0.032070845,0,benign
com.trendyweb.lukkyapp,benign,0,0.9816845,1,malware
com.educonnect.totvs.unisal,benign,0,0.9924394,1,malware
edu.synthetic.androzoo.malware.ransomware_locker.0346,malware,1,0.5465887,1,malware
cn.com.ethank.mobilehotel,malware,1,0.7780965,1,malware
com.yunzyo.mow,benign,0,0.85479885,1,malware
edu.synthetic.androzoo.malware.overlay_pin_stealer.1613,malware,1,0.9639705,1,malware
com.overlapapp,benign,0,0.9837362,1,malware
com.codeflies.supertravelUser,benign,0,0.008310971,0,benign
com.fanimalapp.organizer,benign,0,0.87187105,1,malware
com.agile.community,malware,1,0.87832534,1,malware
com.notartel.esignotp,benign,0,0.20966195,0,benign
com.mudgames.snakesandladders3d,benign,0,0.36391106,0,benign
edu.synthetic.androzoo.malware.wallet_stealer.0657,malware,1,0.98847127,1,malware
com.customchurchapps.appvxkjg2z3,benign,0,0.007157673,0,benign
com.zlapcreator.blockor,malware,1,0.76469785,1,malware
edu.synthetic.androzoo.malware.ransomware_locker.0096,malware,1,0.88617706,1,malware
io.flexprotect.mobile,benign,0,0.99168867,1,malware
com.sharkgame.Memory,malware,1,0.024307754,0,benign
edu.synthetic.androzoo.malware.banker_accessibility.1695,malware,1,0.9621381,1,malware
penguin.solitaire.match,benign,0,0.5515,1,malware
edu.synthetic.androzoo.malware.overlay_pin_stealer.0108,malware,1,0.96753144,1,malware
edu.synthetic.androzoo.malware.spyware_surveillance.1443,malware,1,0.771094,1,malware
com.menny.android.anysoftkeyboard,benign,0,0.81921065,1,malware
com.civicapps.hendersonnv,benign,0,0.017591018,0,benign
cn.bkw,malware,1,0.95684737,1,malware
edu.synthetic.androzoo.malware.wallet_stealer.1868,malware,1,0.9790744,1,malware
com.androtv.fvm,benign,0,0.024502268,0,benign
com.PeskyMaple.Set,malware,1,0.0944787,0,benign
edu.synthetic.androzoo.malware.ransomware_locker.0837,malware,1,0.81010133,1,malware
edu.synthetic.androzoo.malware.dropper_loader.0924,malware,1,0.95769453,1,malware
com.kaixin.duomaomao,malware,1,0.9526172,1,malware
edu.synthetic.androzoo.malware.spyware_surveillance.1457,malware,1,0.98342556,1,malware
com.ske6bento.kotodama,benign,0,0.3874917,0,benign
edu.synthetic.androzoo.malware.overlay_pin_stealer.1597,malware,1,0.98319745,1,malware
com.permadi.hexagonCrushGame,benign,0,0.41777766,0,benign
perfectly.imperfect.yoga,benign,0,0.9038544,1,malware
edu.synthetic.androzoo.malware.dropper_loader.0164,malware,1,0.9786009,1,malware
com.laraun.plantapp,benign,0,0.99465597,1,malware
com.sn1.TheImitationofChrist,benign,0,0.15291122,0,benign
edu.synthetic.androzoo.malware.dropper_loader.1119,malware,1,0.943062,1,malware
com.sinyee.babybus.wobunanguo,malware,1,0.642806,1,malware
com.damidev.ipoolremote,benign,0,0.19762978,0,benign
edu.synthetic.androzoo.malware.wallet_stealer.0017,malware,1,0.9621081,1,malware
edu.synthetic.androzoo.malware.overlay_pin_stealer.0772,malware,1,0.9750265,1,malware
com.asus.rog.roggamingcenter3,benign,0,0.21995452,0,benign
edu.synthetic.androzoo.malware.sms_otp_stealer.1714,malware,1,0.98049253,1,malware
edu.synthetic.androzoo.malware.banker_accessibility.0660,malware,1,0.9907218,1,malware
com.kongsolo.jsmap,benign,0,0.04022303,0,benign
jp.co.dtpnet.user86.lc2,benign,0,0.024252273,0,benign
com.accor.appli.hybrid,benign,0,0.10330034,0,benign
edu.synthetic.androzoo.malware.spyware_surveillance.0946,malware,1,0.978917,1,malware
com.subsplashconsulting.s_49ZKSJ,benign,0,0.005616967,0,benign
edu.synthetic.androzoo.malware.dropper_loader.0311,malware,1,0.85218054,1,malware
com.gcap.jumbleword,benign,0,0.94667464,1,malware
com.ultra.gfx.tool.pro,malware,1,0.5561975,1,malware
com.windcloud.recorder,malware,1,0.9788294,1,malware
com.riu,benign,0,0.4255502,0,benign
com.linkdokter.halodoc.android,benign,0,0.024835832,0,benign
edu.synthetic.androzoo.malware.banker_accessibility.1278,malware,1,0.97547656,1,malware
edu.synthetic.androzoo.malware.ransomware_locker.1386,malware,1,0.8538937,1,malware
edu.synthetic.androzoo.malware.banker_accessibility.0369,malware,1,0.99719113,1,malware
com.nstudio.weatherhere.free,benign,0,0.5929529,1,malware
ai.atheneum,benign,0,0.9009008,1,malware
com.ecoleplus.app,benign,0,0.3013076,0,benign
edu.synthetic.androzoo.malware.overlay_pin_stealer.1074,malware,1,0.9636604,1,malware
com.sinyee.babybus.musicparty,malware,1,0.28480825,0,benign
com.domicilien.aase,benign,0,0.81051373,1,malware
kr.ac.hufs.mobilecampus,benign,0,0.02989596,0,benign
edu.synthetic.androzoo.malware.ransomware_locker.1670,malware,1,0.9157347,1,malware
com.DevDragon.QuebraCabecasBenzemaPuzzles,benign,0,0.92493516,1,malware
com.productmadness.fafafagold,benign,0,0.13387036,0,benign
com.intermaps.iskirussia,benign,0,0.010434091,0,benign
com.wgt.android.golf,benign,0,0.28141236,0,benign
edu.synthetic.androzoo.malware.banker_accessibility.1354,malware,1,0.993472,1,malware
com.windyty.android,benign,0,0.18466376,0,benign
com.curefun,malware,1,0.7760943,1,malware
com.video.videodownloader_appdl,malware,1,0.30338413,0,benign
edu.synthetic.androzoo.malware.ransomware_locker.0728,malware,1,0.7495102,1,malware
edu.synthetic.androzoo.malware.ransomware_locker.0464,malware,1,0.7651363,1,malware
edu.synthetic.androzoo.malware.overlay_pin_stealer.1568,malware,1,0.96775335,1,malware
edu.synthetic.androzoo.malware.overlay_pin_stealer.1449,malware,1,0.9833333,1,malware
cash.selene.app,benign,0,0.09188301,0,benign
com.maxedadiygroup.brico,benign,0,0.02087112,0,benign
edu.synthetic.androzoo.malware.banker_accessibility.1124,malware,1,0.9933617,1,malware
com.square_enix.android_googleplay.mangaup_jp,benign,0,0.8538774,1,malware
edu.synthetic.androzoo.malware.dropper_loader.1374,malware,1,0.5710959,1,malware
com.bim.osus,benign,0,0.9437189,1,malware
edu.synthetic.androzoo.malware.sms_otp_stealer.0186,malware,1,0.94404924,1,malware
sk.antik.antikgo,benign,0,0.66980255,1,malware
edu.synthetic.androzoo.malware.banker_accessibility.0371,malware,1,0.9986094,1,malware
com.ygtech.ddyx,benign,0,0.6874856,1,malware
com.somfy.homeapp,benign,0,0.9797673,1,malware
radio.tacana,benign,0,0.06928699,0,benign
com.wifi.reader.lite,malware,1,0.98674196,1,malware
com.visiblemobile.flagship,benign,0,0.05449453,0,benign
edu.synthetic.androzoo.malware.ransomware_locker.0884,malware,1,0.5073185,1,malware
com.centra.livekirtan,benign,0,0.32317236,0,benign
cl.coopeuch.pass,malware,1,0.4043289,0,benign
com.medevio.gateway,benign,0,0.0041446355,0,benign
edu.synthetic.androzoo.malware.spyware_surveillance.0596,malware,1,0.99208695,1,malware
edu.synthetic.androzoo.malware.ransomware_locker.1817,malware,1,0.6810148,1,malware
maa.standby_ios.widgets.lock_screen,benign,0,0.6886344,1,malware
edu.synthetic.androzoo.malware.ransomware_locker.1275,malware,1,0.8540686,1,malware
br.com.bb.android,benign,0,0.7869692,1,malware
asia.coins.mobile,benign,0,0.09839218,0,benign
edu.synthetic.androzoo.malware.dropper_loader.1380,malware,1,0.87227887,1,malware
com.CSbossbabeboutiquellc.android,benign,0,0.017185768,0,benign
com.xizi.quan,malware,1,0.8708803,1,malware
br.com.raise.app10239,benign,0,0.26294723,0,benign
com.permadi.basketball,benign,0,0.30026376,0,benign
au.com.mentoracademy.app,benign,0,0.037839912,0,benign
com.storytoys.lego.duplo.disney.mickey.and.friends.googleplay,benign,0,0.5300795,1,malware
io.voodoo.holeio,malware,1,0.379541,0,benign
edu.synthetic.androzoo.malware.sms_otp_stealer.1115,malware,1,0.92414284,1,malware
com.gruntify.app,benign,0,0.977132,1,malware
xw.givee.re4,malware,1,0.81629777,1,malware
com.resdiary.androidapp,benign,0,0.015478102,0,benign
edu.synthetic.androzoo.malware.adware_clicker.1341,malware,1,0.9494673,1,malware
edu.synthetic.androzoo.malware.dropper_loader.1227,malware,1,0.9924069,1,malware
edu.synthetic.androzoo.malware.overlay_pin_stealer.0709,malware,1,0.99016094,1,malware
com.animocabrands.google.hoverrider,malware,1,0.96815735,1,malware
com.yandex.yango,benign,0,0.22414935,0,benign
com.developer.appRadioBucuresti,benign,0,0.39297405,0,benign
com.sauer.unity.griddefender,benign,0,0.057240143,0,benign
edu.synthetic.androzoo.malware.banker_accessibility.1727,malware,1,0.994869,1,malware
mkisly.american.checkers,benign,0,0.5922891,1,malware
edu.synthetic.androzoo.malware.spyware_surveillance.1001,malware,1,0.98686695,1,malware
com.kbpro.Fixiclicker,malware,1,0.88038105,1,malware
net.absoluta.brpostefacil,benign,0,0.010531933,0,benign
mk.functionalplanet.app,benign,0,0.5301828,1,malware
edu.synthetic.androzoo.malware.wallet_stealer.0061,malware,1,0.8838017,1,malware
edu.synthetic.androzoo.malware.wallet_stealer.1294,malware,1,0.9870843,1,malware
com.cn.yikaosouti,malware,1,0.8668445,1,malware
biz.kajiken.app,benign,0,0.95382136,1,malware
com.SereDim.OneDChess,benign,0,0.8378323,1,malware
plus.H5A84F959,malware,1,0.88105,1,malware
com.thinkwu.live,malware,1,0.7513992,1,malware
com.foodbooking.kebapnovelda,benign,0,0.0919706,0,benign
edu.synthetic.androzoo.malware.ransomware_locker.1754,malware,1,0.5700822,1,malware
com.berhanbanksc.mobiruby,benign,0,0.40315768,0,benign
com.moneybookers.skrillpayments,benign,0,0.016700396,0,benign
edu.synthetic.androzoo.malware.dropper_loader.1006,malware,1,0.8427132,1,malware
com.nexon.bluearchive,benign,0,0.15215425,0,benign
org.NSAA.BOU,benign,0,0.8171447,1,malware
com.kahunas.io.DifferentBreedCoaching,benign,0,0.9332906,1,malware
com.tianwen.jjrb,malware,1,0.7133097,1,malware
edu.synthetic.androzoo.malware.ransomware_locker.0591,malware,1,0.6803343,1,malware
com.volkswagen.vwnavarra2,benign,0,0.29676977,0,benign
app.haoce.com,malware,1,0.88622904,1,malware
com.sinyee.babybus.food,malware,1,0.88797593,1,malware
edu.synthetic.androzoo.malware.banker_accessibility.1379,malware,1,0.9816605,1,malware
com.perception.soc.en,malware,1,0.1325374,0,benign
edu.synthetic.androzoo.malware.ransomware_locker.0385,malware,1,0.73984456,1,malware
edu.synthetic.androzoo.malware.dropper_loader.0632,malware,1,0.97098416,1,malware
edu.synthetic.androzoo.malware.spyware_surveillance.1848,malware,1,0.9875919,1,malware
in.playsimple.cryptogram,benign,0,0.9645069,1,malware
com.anchornode.rabbitcafe,benign,0,0.36667758,0,benign
edu.synthetic.androzoo.malware.dropper_loader.0699,malware,1,0.6098306,1,malware
edu.synthetic.androzoo.malware.spyware_surveillance.1723,malware,1,0.98960334,1,malware
edu.synthetic.androzoo.malware.overlay_pin_stealer.1528,malware,1,0.9307935,1,malware
com.KrakerStudio.IHeelGood,benign,0,0.09948318,0,benign
edu.synthetic.androzoo.malware.overlay_pin_stealer.1581,malware,1,0.9662922,1,malware
edu.synthetic.androzoo.malware.overlay_pin_stealer.1134,malware,1,0.8785662,1,malware
com.mf.xjafx.mi,malware,1,0.9973845,1,malware
com.insthub.voguemini,malware,1,0.92220265,1,malware
edu.synthetic.androzoo.malware.spyware_surveillance.0949,malware,1,0.99344206,1,malware
com.myspa.lima,benign,0,0.98396724,1,malware
edu.synthetic.androzoo.malware.wallet_stealer.1213,malware,1,0.9821125,1,malware
com.douguo.yummydiary,malware,1,0.9976291,1,malware
com.gearandroid.phoneleashfree,malware,1,0.029894643,0,benign
edu.synthetic.androzoo.malware.sms_otp_stealer.1661,malware,1,0.99465334,1,malware
com.garhijp.docchigaooikana,benign,0,0.06643261,0,benign
cn.eakay,malware,1,0.9964845,1,malware
com.jxdmxxw.gnq,malware,1,0.71428573,1,malware
edu.synthetic.androzoo.malware.banker_accessibility.1393,malware,1,0.995507,1,malware
com.lianaibiji.dev,malware,1,0.75267494,1,malware
edu.synthetic.androzoo.malware.overlay_pin_stealer.0231,malware,1,0.96129906,1,malware
com.iyuba.englishfm,malware,1,0.10522595,0,benign
com.ultragames.ArmWrestler3D,benign,0,0.97519946,1,malware
edu.synthetic.androzoo.malware.wallet_stealer.0485,malware,1,0.8723874,1,malware
edu.synthetic.androzoo.malware.wallet_stealer.0392,malware,1,0.97584015,1,malware
edu.synthetic.androzoo.malware.sms_otp_stealer.0817,malware,1,0.90528893,1,malware
com.quiply.leimerkg,benign,0,0.11542721,0,benign
conversor.conversaotaxasbasico.gbpsdg,benign,0,0.03607177,0,benign
com.u8.pblast,benign,0,0.02447256,0,benign
com.easilydo.mail,benign,0,0.87251014,1,malware
com.easyhome.fucai,malware,1,0.16104558,0,benign
br.com.mestria.mx100TF,benign,0,0.9647669,1,malware
jp.nakano.tokyo.rsa,benign,0,0.98517126,1,malware
edu.synthetic.androzoo.malware.banker_accessibility.0155,malware,1,0.9947174,1,malware
edu.synthetic.androzoo.malware.banker_accessibility.1638,malware,1,0.9922144,1,malware
it.xmenu.mandarinosushi,benign,0,0.30073828,0,benign
com.transcore.android.commuterLink,benign,0,0.8511318,1,malware
air.android.evolutionalpaca,malware,1,0.9755704,1,malware
dk.tactile.lilysgarden,benign,0,0.13952932,0,benign
com.watchface.heartratetracker.heartratemonitor,benign,0,0.3150399,0,benign
com.ccspltms,benign,0,0.19037542,0,benign
edu.synthetic.androzoo.malware.sms_otp_stealer.1771,malware,1,0.7239001,1,malware
com.crescentmoongames.hammerbomb_st,malware,1,0.9971168,1,malware
vn.icheck.android,benign,0,0.9219659,1,malware
com.laoniao.leaperkim,malware,1,0.73204774,1,malware
com.padu.paduapp,benign,0,0.19189358,0,benign
in.tradebulls.trading,benign,0,0.06495322,0,benign
edu.synthetic.androzoo.malware.spyware_surveillance.0191,malware,1,0.9637573,1,malware
com.tallurigames.nurserykids,benign,0,0.92806864,1,malware
edu.synthetic.androzoo.malware.overlay_pin_stealer.0331,malware,1,0.9891934,1,malware
com.app4joy.world_flags_free,benign,0,0.34115908,0,benign
edu.synthetic.androzoo.malware.ransomware_locker.0853,malware,1,0.75848955,1,malware
edu.synthetic.androzoo.malware.banker_accessibility.1707,malware,1,0.9789692,1,malware
edu.synthetic.androzoo.malware.overlay_pin_stealer.0435,malware,1,0.9527084,1,malware
com.trainerize.fitnesswithfranapp,benign,0,0.99080163,1,malware
vn.payoo,benign,0,0.05139813,0,benign
edu.synthetic.androzoo.malware.sms_otp_stealer.1007,malware,1,0.98374975,1,malware
com.ayome.sg,benign,0,0.39353818,0,benign
com.dreamo.xxsf,benign,0,0.93797976,1,malware
com.julyz.babyenglish,malware,1,0.35703164,0,benign
edu.synthetic.androzoo.malware.banker_accessibility.1173,malware,1,0.9306193,1,malware
com.lomolsoft.language.learnslovak,benign,0,0.75394297,1,malware
air.nn.VEhFUEFQQVNIT1RET0dHRVJJQQ.ThePapasHotDoggeria,malware,1,0.9271274,1,malware
app.jkmichaelspm.com,benign,0,0.061054572,0,benign
au.com.solus.GlenEiraLibraries,benign,0,0.9800577,1,malware
edu.synthetic.androzoo.malware.ransomware_locker.1580,malware,1,0.69193465,1,malware
com.HardcoreGamesStudio.DoomZDay,benign,0,0.46838245,0,benign
biblia.reina.valera.virtual,malware,1,0.98796034,1,malware
us.game.a5,malware,1,0.18313247,0,benign
com.KurikulumMerdeka.BukuGuruMatematikaKelas7L,benign,0,0.79937494,1,malware
edu.synthetic.androzoo.malware.banker_accessibility.1687,malware,1,0.9940853,1,malware
com.airkast.tunekast1613_132,benign,0,0.4448854,0,benign
no.compilo.civis,benign,0,0.021462753,0,benign
com.apptegy.balticsd,benign,0,0.22635911,0,benign
com.programmisty.emiasapp,benign,0,0.12281148,0,benign
com.lstapps.batterywidget,malware,1,0.28483993,0,benign
net.megastudy.qube,benign,0,0.08892619,0,benign
com.perfectdraft,benign,0,0.97094035,1,malware
com.rise.mobile,benign,0,0.9930756,1,malware
au.com.nrl.tipping,benign,0,0.0042326846,0,benign
com.craftgames.plntcrft,benign,0,0.63338536,1,malware
edu.synthetic.androzoo.malware.adware_clicker.0336,malware,1,0.92577046,1,malware
edu.synthetic.androzoo.malware.wallet_stealer.1019,malware,1,0.99279964,1,malware
net.fmstudio.forgottenhillfirststeps,malware,1,0.06376034,0,benign
com.temobi.zhibojiangmen,malware,1,0.03898586,0,benign
mn.ard.android,benign,0,0.943756,1,malware
com.expoplatform.beauty.app1,benign,0,0.531061,1,malware
com.orientapps.idlecitymafiaclicker,malware,1,0.9907408,1,malware
com.oclocher.mobileApp,benign,0,0.98446584,1,malware
com.runawayplay.birdgame,benign,0,0.045646477,0,benign
orphy.orphyDrive,benign,0,0.90650475,1,malware
com.mais.smairtherov2,benign,0,0.10239511,0,benign
barbeariaolympia.bestbarbers.app,benign,0,0.9748189,1,malware
com.BERLITZDC.DprincessHDWallpaper2019,benign,0,0.06976482,0,benign
com.gps.gpskids,benign,0,0.16079256,0,benign
com.grmrk.dressupgames,malware,1,0.8528409,1,malware
hr.app.n207002376,benign,0,0.463497,0,benign
com.innovatise.coastalmovement,benign,0,0.7951355,1,malware
com.praharaj_sqlite.app,benign,0,0.94754595,1,malware
edu.synthetic.androzoo.malware.spyware_surveillance.1013,malware,1,0.9685941,1,malware
edu.synthetic.androzoo.malware.ransomware_locker.0319,malware,1,0.74931425,1,malware
edu.synthetic.androzoo.malware.dropper_loader.0250,malware,1,0.96359974,1,malware
edu.synthetic.androzoo.malware.banker_accessibility.1202,malware,1,0.99405646,1,malware
com.schooleye.tps,benign,0,0.9805638,1,malware
io.ionic.indichords,benign,0,0.90345526,1,malware
cn.com.vau,benign,0,0.01806193,0,benign
cz.fio.sb2,benign,0,0.27503067,0,benign
com.eea.android,benign,0,0.079399966,0,benign
pi.browser,benign,0,0.04570995,0,benign
com.sinyee.babybus.foodcity,benign,0,0.50797224,1,malware
com.appsmart.delivery.pizzeriacaravellaa5272,benign,0,0.3190869,0,benign
com.realvisiontv,benign,0,0.32777342,0,benign
dbzzz.dragon.ssj.battle,malware,1,0.889736,1,malware
com.yuwanxiong.yzddtwo,malware,1,0.928932,1,malware
com.humor.talking.archaeopteryx,benign,0,0.0913184,0,benign
ch.ceres24.app2,benign,0,0.49721843,0,benign
com.lunarway.app,benign,0,0.06287175,0,benign
edu.synthetic.androzoo.malware.ransomware_locker.0188,malware,1,0.9008641,1,malware
com.h4lsoft.scandroid,benign,0,0.029484838,0,benign
com.pregnancyapp.babyinside,benign,0,0.11316166,0,benign
com.zl.hlvideo,malware,1,0.05989753,0,benign
edu.synthetic.androzoo.malware.spyware_surveillance.1281,malware,1,0.9066552,1,malware
com.flaregames.rrtournament,benign,0,0.13676889,0,benign
com.wLeOInsights_12057002,malware,1,0.04900712,0,benign
conversor.conversaotaxasbasico.jpygyd,benign,0,0.007616718,0,benign
com.sebferrer.life_notes,benign,0,0.20090415,0,benign
edu.synthetic.androzoo.malware.wallet_stealer.1762,malware,1,0.9887122,1,malware
com.phonelocator.mobile.number.locationfinder.callerid,benign,0,0.8684796,1,malware
org.smap.smapTask.android,benign,0,0.121058665,0,benign
edu.synthetic.androzoo.malware.adware_clicker.0356,malware,1,0.7696742,1,malware
com.azgame.app.poolcity,benign,0,0.018328702,0,benign
global.untolddubai,benign,0,0.9908517,1,malware
edu.synthetic.androzoo.malware.overlay_pin_stealer.1792,malware,1,0.98919976,1,malware
edu.synthetic.androzoo.malware.overlay_pin_stealer.1103,malware,1,0.889045,1,malware
etg.extranet,benign,0,0.09167761,0,benign
com.projectx.mripl,malware,1,0.03227266,0,benign
com.edxavier.wheels_equivalent,benign,0,0.0055477386,0,benign
edu.synthetic.androzoo.malware.banker_accessibility.1557,malware,1,0.99242353,1,malware
edu.synthetic.androzoo.malware.adware_clicker.1063,malware,1,0.61894494,1,malware
com.lumilabs.LingoLooper,benign,0,0.116034254,0,benign
com.laixue.lxagent,malware,1,0.93405306,1,malware
vk.chungju,benign,0,0.11438031,0,benign
edu.synthetic.androzoo.malware.dropper_loader.0796,malware,1,0.6094716,1,malware
edu.synthetic.androzoo.malware.dropper_loader.0999,malware,1,0.8546182,1,malware
com.microfund.app,malware,1,0.93901336,1,malware
edu.synthetic.androzoo.malware.overlay_pin_stealer.0901,malware,1,0.98917645,1,malware
com.apazine.floral,benign,0,0.23591293,0,benign
com.singlife.mobile,benign,0,0.0026893471,0,benign
cz.hipercalc,benign,0,0.028481698,0,benign
com.pizzanova.ui,benign,0,0.16829033,0,benign
com.gameme5.FTHDHD,malware,1,0.9621866,1,malware
net.ethervision.noworriesclub,benign,0,0.02382389,0,benign
com.lifree1.agent,benign,0,0.88946384,1,malware
com.tentech.remote,benign,0,0.02227356,0,benign
edu.synthetic.androzoo.malware.banker_accessibility.0612,malware,1,0.9802679,1,malware
com.smartlife.nebula,benign,0,0.20240232,0,benign
com.subsplashconsulting.s_XNK3P6,benign,0,0.0061136247,0,benign
com.kenangan.my,benign,0,0.9526449,1,malware
com.DigitalOxygen.FireFly,benign,0,0.060769413,0,benign
edu.synthetic.androzoo.malware.dropper_loader.0863,malware,1,0.87013274,1,malware
virtue.android.ddp,malware,1,0.8011143,1,malware
edu.synthetic.androzoo.malware.dropper_loader.0355,malware,1,0.46790484,0,benign
dev.Frases.deAmor.jado,benign,0,0.18424067,0,benign
com.mu.mmo.rpg.game,benign,0,0.0035830815,0,benign
com.sinyee.babybus.song,malware,1,0.80604833,1,malware
edu.synthetic.androzoo.malware.spyware_surveillance.0481,malware,1,0.9411966,1,malware
edu.synthetic.androzoo.malware.banker_accessibility.0706,malware,1,0.997544,1,malware
cc.septnet.student,malware,1,0.8436437,1,malware
com.audaxis.nordlittoral,benign,0,0.15400419,0,benign
com.uncleroccos,benign,0,0.007706185,0,benign
edu.synthetic.androzoo.malware.wallet_stealer.1210,malware,1,0.99056226,1,malware
jp.co.obunsha.dic.browser,benign,0,0.87412846,1,malware
com.OMCDev.Mockup3D,benign,0,0.25724107,0,benign
abs.homeworkout.fit.packs.healthy,benign,0,0.08827014,0,benign
edu.synthetic.androzoo.malware.banker_accessibility.0456,malware,1,0.9889003,1,malware
cn.hundun.app.data,malware,1,0.9993426,1,malware
com.gangguwang.yewugo,malware,1,0.70045453,1,malware
edu.synthetic.androzoo.malware.wallet_stealer.1800,malware,1,0.98754233,1,malware
com.inovcares.patient,benign,0,0.987387,1,malware
com.aizu.lite,malware,1,0.15702541,0,benign
com.biz.android.mbanking,benign,0,0.018025745,0,benign
edu.synthetic.androzoo.malware.overlay_pin_stealer.0909,malware,1,0.94682914,1,malware
com.benqu.wuta,malware,1,0.93676627,1,malware
com.tanggo.frogjump,malware,1,0.987151,1,malware
com.songkick,benign,0,0.63174886,1,malware
com.kaneep.dmang,malware,1,0.9784847,1,malware
edu.synthetic.androzoo.malware.adware_clicker.1562,malware,1,0.8471918,1,malware
edu.synthetic.androzoo.malware.ransomware_locker.0267,malware,1,0.9184178,1,malware
com.szmg.zhinews,malware,1,0.69543666,1,malware
jp.co.excite.radiotalk,benign,0,0.89379543,1,malware
edu.synthetic.androzoo.malware.ransomware_locker.0351,malware,1,0.90061176,1,malware
com.hqyl.freebot,benign,0,0.80861914,1,malware
com.lemon.play.linecolor,malware,1,0.727871,1,malware
com.hulldailymail,benign,0,0.94991845,1,malware
games.syrupy.sandwichshop,benign,0,0.86388236,1,malware
com.prospre,benign,0,0.7157331,1,malware
com.nrpriore.TT2RaidOptimizer,benign,0,0.9631061,1,malware
com.rd.huatest,malware,1,0.53576666,1,malware
edu.synthetic.androzoo.malware.ransomware_locker.0166,malware,1,0.5895211,1,malware
edu.synthetic.androzoo.malware.banker_accessibility.1139,malware,1,0.9939261,1,malware
edu.synthetic.androzoo.malware.banker_accessibility.1105,malware,1,0.9903238,1,malware
edu.synthetic.androzoo.malware.adware_clicker.1892,malware,1,0.72712487,1,malware
com.bayasaver.baya,benign,0,0.9781563,1,malware
edu.synthetic.androzoo.malware.wallet_stealer.0619,malware,1,0.97998637,1,malware
de.tutao.tutanota,benign,0,0.96500224,1,malware
edu.synthetic.androzoo.malware.wallet_stealer.1088,malware,1,0.9279699,1,malware
com.revolve,benign,0,0.009322498,0,benign
com.abacuschampsacademy.abacusChamp,benign,0,0.030774157,0,benign
edu.synthetic.androzoo.malware.dropper_loader.1437,malware,1,0.84369177,1,malware
edu.synthetic.androzoo.malware.wallet_stealer.1338,malware,1,0.9802698,1,malware
edu.synthetic.androzoo.malware.ransomware_locker.0783,malware,1,0.65584683,1,malware
com.IVR.horoscopocancer,benign,0,0.17131142,0,benign
edu.synthetic.androzoo.malware.spyware_surveillance.1909,malware,1,0.98989713,1,malware
edu.synthetic.androzoo.malware.banker_accessibility.1746,malware,1,0.97103643,1,malware
com.englishkeyboard.voicetyping.speaktotype.translator,benign,0,0.43324193,0,benign
com.happy.box.draw.shapes.game.cn,malware,1,0.97713006,1,malware
com.dictionary.englishtoswahilidic,malware,1,0.07789812,0,benign
com.pgc.propertygaincalculator,benign,0,0.16157384,0,benign
com.healthfitnessnordic.gxbooking,benign,0,0.039328393,0,benign
edu.synthetic.androzoo.malware.banker_accessibility.1315,malware,1,0.9925472,1,malware
shamimsoft.sahar,malware,1,0.21208611,0,benign
edu.synthetic.androzoo.malware.banker_accessibility.1748,malware,1,0.9913976,1,malware
edu.synthetic.androzoo.malware.overlay_pin_stealer.1642,malware,1,0.9708331,1,malware
channelmentor.travelgrid.nh,benign,0,0.9902416,1,malware
net.usb.usby4,benign,0,0.06074261,0,benign
com.vamoos.apps.tourcompass,benign,0,0.98152965,1,malware
tictactoe.game.imagebutton_group,benign,0,0.10671152,0,benign
com.ddfkgab.bhuva,malware,1,0.24947064,0,benign
edu.synthetic.androzoo.malware.wallet_stealer.1125,malware,1,0.96143997,1,malware
en.murmli.espressotrackster,benign,0,0.67114633,1,malware
com.ydsrsssl,malware,1,0.3764041,0,benign
io.breezeway.Breezeway,benign,0,0.057067405,0,benign
edu.synthetic.androzoo.malware.sms_otp_stealer.0163,malware,1,0.91357356,1,malware
com.iwanzbiz.megacarp,benign,0,0.982239,1,malware
core.writer,benign,0,0.030733284,0,benign
io.bravon.pureliink,benign,0,0.9424159,1,malware
giraffic.traffic,benign,0,0.9954412,1,malware
com.makeshop.podbbang,benign,0,0.4965166,0,benign
br.com.guiasos.app53on,benign,0,0.0027449504,0,benign
edu.synthetic.androzoo.malware.overlay_pin_stealer.0179,malware,1,0.9563124,1,malware
jp.co.inte.miidas,benign,0,0.92878616,1,malware
com.southradios,benign,0,0.023271637,0,benign
edu.synthetic.androzoo.malware.sms_otp_stealer.0239,malware,1,0.9836452,1,malware
com.degoo.android.hsclinic,malware,1,0.99768674,1,malware
edu.synthetic.androzoo.malware.spyware_surveillance.1323,malware,1,0.98710024,1,malware
com.frolicfoxstudio.bssd,malware,1,0.9947915,1,malware
com.trainerize.gentrygym,benign,0,0.97438043,1,malware
com.inscore.inscore,benign,0,0.0044976324,0,benign
com.subsplashconsulting.s_VTHQCQ,benign,0,0.012005081,0,benign
com.mwaa.digital.signage.tc.iad,benign,0,0.07844805,0,benign
edu.synthetic.androzoo.malware.overlay_pin_stealer.1297,malware,1,0.98075795,1,malware
com.e.fratebookingapp,benign,0,0.118849546,0,benign
edu.synthetic.androzoo.malware.spyware_surveillance.0806,malware,1,0.9811782,1,malware
edu.synthetic.androzoo.malware.ransomware_locker.1384,malware,1,0.4317102,0,benign
edu.synthetic.androzoo.malware.spyware_surveillance.0983,malware,1,0.9854256,1,malware
com.dada.songshu,malware,1,0.990987,1,malware
edu.synthetic.androzoo.malware.ransomware_locker.1744,malware,1,0.73714775,1,malware
edu.synthetic.androzoo.malware.ransomware_locker.1637,malware,1,0.5215569,1,malware
edu.synthetic.androzoo.malware.sms_otp_stealer.0825,malware,1,0.9948775,1,malware
eu.mobile_alerts.thermoconnect,benign,0,0.0068022683,0,benign
com.jewel.drop.slide.block.puzzlegame,benign,0,0.025596416,0,benign
com.hkaa.carshare,benign,0,0.83131963,1,malware
edu.synthetic.androzoo.malware.overlay_pin_stealer.1440,malware,1,0.9540435,1,malware
com.kigle.cocobi.hospital,benign,0,0.81614834,1,malware
edu.synthetic.androzoo.malware.banker_accessibility.1042,malware,1,0.967749,1,malware
com.vanniktech.meditationtimer,benign,0,0.01829689,0,benign
edu.synthetic.androzoo.malware.banker_accessibility.1797,malware,1,0.9852938,1,malware
com.ridetaskapp.store,benign,0,0.22933866,0,benign
edu.synthetic.androzoo.malware.sms_otp_stealer.0834,malware,1,0.87305725,1,malware
edu.synthetic.androzoo.malware.overlay_pin_stealer.0439,malware,1,0.84125906,1,malware
com.urbandroid.lux,benign,0,0.3768336,0,benign
edu.synthetic.androzoo.malware.overlay_pin_stealer.0103,malware,1,0.91932935,1,malware
com.yuanlue.chongwu,malware,1,0.91593206,1,malware
com.gomemyc.mylc.android,malware,1,0.9950412,1,malware
com.cjump.clothing.store.sim.game,benign,0,0.70264477,1,malware
edu.synthetic.androzoo.malware.banker_accessibility.1454,malware,1,0.9921936,1,malware
com.gabama.monopostolite,benign,0,0.07464592,0,benign
com.EdicionesAlborada.PiensaMateALM2AR2023,benign,0,0.63917255,1,malware
com.threeminutegames.lifelinehalftoinfinitygoog.st,malware,1,0.30668497,0,benign
com.webbergate.chs,benign,0,0.12165219,0,benign
com.despdev.silver_and_gold_price_calc,benign,0,0.008673308,0,benign
com.steinberg.cubasisle3,benign,0,0.5426729,1,malware
com.EvolutionOfGames.EvolutionOfSpecies2,benign,0,0.89904803,1,malware
com.dyg.presstheodds,benign,0,0.16159596,0,benign
io.shiftee.app,benign,0,0.9349082,1,malware
com.restaumatic.sivas_kebab_production,benign,0,0.07880222,0,benign
com.tuboapps.vmate,benign,0,0.018835464,0,benign
com.bible.dailyprayer.verse.devotion.guide,benign,0,0.02968918,0,benign
com.vanilatechmta.fgv,benign,0,0.81243104,1,malware
com.shelvz.fieldForce,benign,0,0.009474488,0,benign
com.telematicssdk.zenroad,benign,0,0.32584321,0,benign
edu.synthetic.androzoo.malware.ransomware_locker.1699,malware,1,0.6508604,1,malware
jp.studysapurienglish.student,benign,0,0.016397662,0,benign
edu.synthetic.androzoo.malware.spyware_surveillance.1143,malware,1,0.9657719,1,malware
edu.synthetic.androzoo.malware.overlay_pin_stealer.0510,malware,1,0.953295,1,malware
edu.synthetic.androzoo.malware.dropper_loader.1425,malware,1,0.9862895,1,malware
edu.synthetic.androzoo.malware.overlay_pin_stealer.1893,malware,1,0.9752484,1,malware
com.bushiroad.BushiroadFightersNavigator,benign,0,0.018690333,0,benign
ua.com.etnocode.minecraftpacks,benign,0,0.33689556,0,benign
com.Alaa.Akl.App.Quran.Karime,benign,0,0.8995213,1,malware
edu.synthetic.androzoo.malware.adware_clicker.0703,malware,1,0.6254157,1,malware
com.startsecurityapptool.scanner,malware,1,0.98471916,1,malware
edu.synthetic.androzoo.malware.ransomware_locker.1084,malware,1,0.49189198,0,benign
jp.co.sony.hes.home,benign,0,0.9927649,1,malware
edu.synthetic.androzoo.malware.dropper_loader.1036,malware,1,0.7306642,1,malware
app.nepaliapp.successbusiness,malware,1,0.16684532,0,benign
com.jygame.qqtyt.kbls3d.yyh,malware,1,0.97309,1,malware
com.tpltrakker.main,benign,0,0.8474455,1,malware
com.visma.ruby,benign,0,0.0049470677,0,benign
edu.synthetic.androzoo.malware.spyware_surveillance.1698,malware,1,0.9706386,1,malware
jp.co.fukuibank.bankingappli,benign,0,0.012892989,0,benign
edu.synthetic.androzoo.malware.sms_otp_stealer.0922,malware,1,0.8658738,1,malware
edu.synthetic.androzoo.malware.ransomware_locker.0819,malware,1,0.98072433,1,malware
edu.synthetic.androzoo.malware.overlay_pin_stealer.1634,malware,1,0.89382297,1,malware
com.sei.sevencharge.ca,benign,0,0.5796879,1,malware
edu.synthetic.androzoo.malware.dropper_loader.1387,malware,1,0.74257153,1,malware
com.radefffactory.simplelauncher,benign,0,0.097203344,0,benign
stock.xiaomi.mi.mix.fold.poco.redmi.k50.launcher.wallpaper,benign,0,0.33626437,0,benign
com.deere.myoperations,benign,0,0.12993777,0,benign
com.fantasticostudio.cuccchi,malware,1,0.19054556,0,benign
com.bigduckgames.flowshapes,benign,0,0.96966976,1,malware
com.tourradar.traveller.app,benign,0,0.99605584,1,malware
edu.synthetic.androzoo.malware.overlay_pin_stealer.1543,malware,1,0.96106094,1,malware
no.ibooking.membroapp,benign,0,0.98719066,1,malware
edu.synthetic.androzoo.malware.overlay_pin_stealer.1504,malware,1,0.9875119,1,malware
edu.synthetic.androzoo.malware.spyware_surveillance.1056,malware,1,0.99215406,1,malware
com.tahara.tahara_app,benign,0,0.97798765,1,malware
com.cslm.abc,malware,1,0.15111783,0,benign
edu.synthetic.androzoo.malware.banker_accessibility.0444,malware,1,0.9395734,1,malware
edu.synthetic.androzoo.malware.banker_accessibility.0021,malware,1,0.95649487,1,malware
nl.negentwee,benign,0,0.46249947,0,benign
com.alhuda.learnquran,benign,0,0.6631609,1,malware
edu.synthetic.androzoo.malware.spyware_surveillance.0543,malware,1,0.9593501,1,malware
edu.synthetic.androzoo.malware.dropper_loader.1737,malware,1,0.85490656,1,malware
com.znam_majstora.android,benign,0,0.009141233,0,benign
lv.bite.manabite,benign,0,0.11890845,0,benign
in.indwealth,benign,0,0.97208965,1,malware
com.leltek.leltekultrasound,benign,0,0.98876125,1,malware
ru.biletpdd,benign,0,0.035359062,0,benign
com.howtobiz.innoutm,benign,0,0.047759667,0,benign
jp.arrano.dogyearscalc,benign,0,0.026712704,0,benign
com.famobi.neontower,benign,0,0.9772817,1,malware
edu.synthetic.androzoo.malware.banker_accessibility.1751,malware,1,0.979837,1,malware
edu.synthetic.androzoo.malware.adware_clicker.1862,malware,1,0.8318756,1,malware
com.onevision.workspace.workstations,benign,0,0.9797879,1,malware
edu.synthetic.androzoo.malware.spyware_surveillance.1908,malware,1,0.9678565,1,malware
com.angry.brei,benign,0,0.9524076,1,malware
com.solucionesandinas.depositoon_line,benign,0,0.082137436,0,benign
com.sinyee.babybus.angie,malware,1,0.8554179,1,malware
edu.synthetic.androzoo.malware.ransomware_locker.0018,malware,1,0.92515457,1,malware
com.innobe.apps.farmdiary.vnext,benign,0,0.8557618,1,malware
com.icbc.wapc,malware,1,0.161601,0,benign
edu.synthetic.androzoo.malware.overlay_pin_stealer.1858,malware,1,0.9696451,1,malware
com.asfcraftsmansupercraftingcraft.asfcraft,malware,1,0.9738481,1,malware
com.WriterInformation.dharana,benign,0,0.9844675,1,malware
edu.synthetic.androzoo.malware.banker_accessibility.1931,malware,1,0.99512994,1,malware
edu.synthetic.androzoo.malware.spyware_surveillance.1591,malware,1,0.97877043,1,malware
com.apptegy.wheelertx,benign,0,0.028271396,0,benign
edu.synthetic.androzoo.malware.banker_accessibility.0467,malware,1,0.97103465,1,malware
edu.synthetic.androzoo.malware.sms_otp_stealer.1766,malware,1,0.9646194,1,malware
edu.synthetic.androzoo.malware.overlay_pin_stealer.0207,malware,1,0.9903514,1,malware
edu.synthetic.androzoo.malware.sms_otp_stealer.0218,malware,1,0.9204199,1,malware
edu.synthetic.androzoo.malware.wallet_stealer.1034,malware,1,0.98912394,1,malware
com.eonsoft.MultiTimer,benign,0,0.36540663,0,benign
edu.synthetic.androzoo.malware.spyware_surveillance.0736,malware,1,0.95592445,1,malware
com.tap_to_translate.snap_translate,malware,1,0.003972347,0,benign
com.dcngame.yasuo,malware,1,0.94255567,1,malware
uk.takeaway.android,benign,0,0.0042326082,0,benign
com.dreamcast.junglee,benign,0,0.14525913,0,benign
com.provigil.vgs,benign,0,0.9713279,1,malware
in.odiaportal.odiajataka,malware,1,0.2824009,0,benign
edu.synthetic.androzoo.malware.spyware_surveillance.1548,malware,1,0.97379714,1,malware
com.business.vidcomapp,benign,0,0.12355404,0,benign
dev.SellAnnuityPayment.WaterDropLiveWallpaper,benign,0,0.19622056,0,benign
com.woycnl.cxdyxhk,malware,1,0.9526172,1,malware
edu.synthetic.androzoo.malware.ransomware_locker.1803,malware,1,0.7719161,1,malware
de.bild.MeinKlub,benign,0,0.20623194,0,benign
com.wyj.snake,malware,1,0.9985488,1,malware
cat.bcn.llumbcn,benign,0,0.52792335,1,malware
edu.synthetic.androzoo.malware.adware_clicker.0536,malware,1,0.4948208,0,benign
com.dazheng,malware,1,0.5299872,1,malware
com.docterz.connect.velocity,benign,0,0.01919266,0,benign
je.fit,benign,0,0.001716702,0,benign
com.hstech.cretamaris,benign,0,0.15814796,0,benign
in.org.vaishnaviconsultancy,benign,0,0.77863246,1,malware
edu.synthetic.androzoo.malware.spyware_surveillance.0150,malware,1,0.8507126,1,malware
edu.synthetic.androzoo.malware.sms_otp_stealer.1317,malware,1,0.97384757,1,malware
no.aftenbladet,benign,0,0.021523656,0,benign
uk.co.solus.WindsorMaidenheadLibraries,benign,0,0.95707506,1,malware
com.zivanafa.PirateWallpaperShip,benign,0,0.3608739,0,benign
fi.eventbrokers.sporttipassimobile,benign,0,0.5042683,1,malware
com.mogo.DropBubble,malware,1,0.9973787,1,malware
com.akd.luxurycars,malware,1,0.99664295,1,malware
edu.synthetic.androzoo.malware.sms_otp_stealer.0045,malware,1,0.87161154,1,malware
com.subsplashconsulting.s_H9CPMS,benign,0,0.00305064,0,benign
com.appernewsr.zambiaradiostations,benign,0,0.09606892,0,benign
com.pixticle.bokuboku.yg,malware,1,0.9897822,1,malware
com.tengniu.p2p.tnp2p,malware,1,0.9886783,1,malware
com.redroserestaurantonlineee,benign,0,0.0070090936,0,benign
edu.synthetic.androzoo.malware.overlay_pin_stealer.0929,malware,1,0.9573536,1,malware
stoameditation.stoa,benign,0,0.97937304,1,malware
com.yingedu.ppst,malware,1,0.9822694,1,malware
edu.synthetic.androzoo.malware.banker_accessibility.1864,malware,1,0.99818915,1,malware
com.whalo.games.fishoffortune,benign,0,0.14911795,0,benign
fr.mutlab.lmp,benign,0,0.5634952,1,malware
fr.geev.application,benign,0,0.006316283,0,benign
com.wholesale7.yxm,malware,1,0.9873863,1,malware
edu.synthetic.androzoo.malware.spyware_surveillance.0222,malware,1,0.9914893,1,malware
com.openlms.myccmoodle,benign,0,0.6088329,1,malware
com.tikalk.worktracker,benign,0,0.12242923,0,benign
com.hrblock.AtHome,benign,0,0.10723661,0,benign
com.james.SmartCalculator,benign,0,0.22613229,0,benign
com.clanified.virtual.rent.family.sim,benign,0,0.10292244,0,benign
com.cqaizhe.cassette,malware,1,0.9938664,1,malware
edu.synthetic.androzoo.malware.sms_otp_stealer.0916,malware,1,0.9670729,1,malware
app.pod1um.coach,benign,0,0.98589015,1,malware
edu.synthetic.androzoo.malware.dropper_loader.0197,malware,1,0.66682523,1,malware
com.hinews,malware,1,0.8109135,1,malware
speaker.cleaner.remove.water.cleanspkrwater.speakerdustremover,malware,1,0.9870838,1,malware
edu.synthetic.androzoo.malware.sms_otp_stealer.1280,malware,1,0.86203134,1,malware
com.kyzook.travelx,benign,0,0.1924635,0,benign
com.clickastro.freehoroscope.astrology,benign,0,0.96339303,1,malware
edu.synthetic.androzoo.malware.ransomware_locker.1164,malware,1,0.63979954,1,malware
edu.synthetic.androzoo.malware.banker_accessibility.0424,malware,1,0.99384093,1,malware
com.classpro.enquiry,benign,0,0.8493223,1,malware
com.xemplar.drive,malware,1,0.99519664,1,malware
com.princeappstudio.ptu_cgpa_tracker,benign,0,0.71823823,1,malware
com.magmalearning.magma,benign,0,0.328712,0,benign
com.yiqun.antmayi,malware,1,0.9526172,1,malware
com.hb.xiaobien,malware,1,0.53963315,1,malware
edu.synthetic.androzoo.malware.banker_accessibility.1895,malware,1,0.9945083,1,malware
com.g5e.ghoststories.android,malware,1,0.8038235,1,malware
fenshu.jisuanqi.yuyin,malware,1,0.11947754,0,benign
com.endalia.mobile.hr,benign,0,0.78588736,1,malware
com.tinytouchtales.cardthief,benign,0,0.935066,1,malware
com.webuildgroup.approve,benign,0,0.98694056,1,malware
edu.synthetic.androzoo.malware.dropper_loader.0765,malware,1,0.498493,0,benign
com.myguitarchord.app,malware,1,0.5665761,1,malware
edu.synthetic.androzoo.malware.dropper_loader.1752,malware,1,0.67137027,1,malware
com.happigo.activity,malware,1,0.2925174,0,benign
com.specialy.app,benign,0,0.045237046,0,benign
com.chronogolf.booking.batchwood,benign,0,0.78583163,1,malware
Uxpp.UC,benign,0,0.0028461383,0,benign
uk.co.redchillieskincardinee,benign,0,0.008430212,0,benign
com.customchurchappsmtlassencommunitychurch,benign,0,0.008674362,0,benign
com.rumble.denver_post_sports,benign,0,0.38646418,0,benign
com.livextra.bible.awadhi,benign,0,0.23938376,0,benign
com.wishsoft.yyj.phone,malware,1,0.9149713,1,malware
edu.synthetic.androzoo.malware.dropper_loader.0266,malware,1,0.73330224,1,malware
com.coachcatalyst.covalcoaching,benign,0,0.13187698,0,benign
edu.synthetic.androzoo.malware.wallet_stealer.1179,malware,1,0.9934237,1,malware
edu.synthetic.androzoo.malware.adware_clicker.0807,malware,1,0.57780296,1,malware
am.studio.poison.habit.of.force,benign,0,0.012390726,0,benign
sk.mildev84.agendareminder,benign,0,0.0065307054,0,benign
com.plussmilea.lamhaa,benign,0,0.097474076,0,benign
com.opogo,benign,0,0.018759571,0,benign
no.fishbuddy_playground.app,benign,0,0.07232846,0,benign
bhakti.sagar.mahamrityunjaya.mantra,benign,0,0.04514954,0,benign
com.Fivestones.Alter,malware,1,0.99570316,1,malware
com.vergolansw.vergola,benign,0,0.07115943,0,benign
org.chromium.webapk.a7b2684bdfb8a73b6_v2,benign,0,0.7279086,1,malware
tiger.free.wild.wallpapers,benign,0,0.013351724,0,benign
info.oturizme.shashki,benign,0,0.20342718,0,benign
com.communi.app,benign,0,0.3656159,0,benign
edu.synthetic.androzoo.malware.sms_otp_stealer.0226,malware,1,0.9669844,1,malware
com.distiller.distiller,benign,0,0.9135291,1,malware
com.pumptrip.pumptrip,benign,0,0.9818225,1,malware
com.wetu.android.wetuandroid,benign,0,0.97351235,1,malware
com.GraubaumgameStudio.RennumdeinLeben,benign,0,0.98113453,1,malware
com.hipu.yidian,malware,1,0.5854569,1,malware
com.letsgetdigital.app3685x,benign,0,0.057299804,0,benign
edu.synthetic.androzoo.malware.banker_accessibility.1230,malware,1,0.99647945,1,malware
com.bizico.socar,benign,0,0.040237702,0,benign
edu.synthetic.androzoo.malware.dropper_loader.1809,malware,1,0.79992324,1,malware
eu.duong.imagedatefixer,benign,0,0.96810955,1,malware
com.cofox.kahunas.CameronLeemingFitness,benign,0,0.13964897,0,benign
edu.synthetic.androzoo.malware.dropper_loader.1889,malware,1,0.67649674,1,malware
com.jernung.infinite.deu,benign,0,0.008122538,0,benign
com.gamenug.hotdonutlite,malware,1,0.95449054,1,malware
edu.synthetic.androzoo.malware.wallet_stealer.1590,malware,1,0.9466486,1,malware
edu.synthetic.androzoo.malware.overlay_pin_stealer.0255,malware,1,0.98129874,1,malware
com.coolcollege.kxy,malware,1,0.657273,1,malware
edu.synthetic.androzoo.malware.ransomware_locker.1408,malware,1,0.51830095,1,malware
com.grunkr.facelock,malware,1,0.824794,1,malware
com.telek.smarthome.android,malware,1,0.89172125,1,malware
au.gov.nsw.service,benign,0,0.99317604,1,malware
edu.synthetic.androzoo.malware.dropper_loader.1268,malware,1,0.770056,1,malware
f.info.actualites.france.infos.direct,benign,0,0.23042203,0,benign
com.ds.mf.dhansampan,benign,0,0.20450036,0,benign
edu.synthetic.androzoo.malware.spyware_surveillance.1633,malware,1,0.942428,1,malware
edu.synthetic.androzoo.malware.banker_accessibility.0553,malware,1,0.99596775,1,malware
edu.synthetic.androzoo.malware.banker_accessibility.1711,malware,1,0.98280185,1,malware
edu.synthetic.androzoo.malware.ransomware_locker.1585,malware,1,0.95269716,1,malware
edu.synthetic.androzoo.malware.overlay_pin_stealer.1718,malware,1,0.990166,1,malware
edu.synthetic.androzoo.malware.dropper_loader.1731,malware,1,0.8119106,1,malware
com.newclassic.doublerich,benign,0,0.003181505,0,benign
org.kalvari.ignite,malware,1,0.21998355,0,benign
edu.synthetic.androzoo.malware.spyware_surveillance.0636,malware,1,0.98284274,1,malware
com.baijiayun.hanfeng,malware,1,0.5433003,1,malware
com.ggstudio.yeloli,benign,0,0.16215503,0,benign
edu.synthetic.androzoo.malware.ransomware_locker.0238,malware,1,0.6263148,1,malware
edu.synthetic.androzoo.malware.sms_otp_stealer.0573,malware,1,0.962259,1,malware
org.mobilegpstracker.client,benign,0,0.79587513,1,malware
com.ysg.ejt,malware,1,0.79592246,1,malware
com.androidwasabi.wallpaper.cosmic,benign,0,0.084559634,0,benign
com.doc360.client,malware,1,0.8415943,1,malware
com.onewaycab,benign,0,0.9615861,1,malware
com.infiniplay.merge.fashion.romance.story,benign,0,0.07780491,0,benign
de.crysxd.octoapp,benign,0,0.0055595967,0,benign
com.washify,benign,0,0.9793742,1,malware
com.colobu.flyrunner,malware,1,0.20055455,0,benign
edu.synthetic.androzoo.malware.banker_accessibility.0309,malware,1,0.9757825,1,malware
com.fiya.android,benign,0,0.9843125,1,malware
ott.buildandburn,benign,0,0.11113586,0,benign
app.call.com,benign,0,0.9823231,1,malware
free_translator.mnzh,benign,0,0.48967907,0,benign
com.genji.zimiscq,malware,1,0.7079588,1,malware
com.microsoft.planner,benign,0,0.56264514,1,malware
edu.synthetic.androzoo.malware.sms_otp_stealer.0615,malware,1,0.94218105,1,malware
edu.synthetic.androzoo.malware.banker_accessibility.0761,malware,1,0.98787093,1,malware
com.fiveloyalty.nutbutter,benign,0,0.9779936,1,malware
io.expopass.expo,benign,0,0.032000117,0,benign
edu.synthetic.androzoo.malware.banker_accessibility.0453,malware,1,0.9941346,1,malware
com.SunnyMoonProject.SweetStacksV2,benign,0,0.09838402,0,benign
edu.synthetic.androzoo.malware.spyware_surveillance.0622,malware,1,0.97530854,1,malware
ld.learn.acupressure.points.acupuncture.tips,malware,1,0.10312189,0,benign
com.subsplashconsulting.s_83272W,benign,0,0.35947138,0,benign
com.funlabs.ironRangerMarvelPacificman2,benign,0,0.08008034,0,benign
com.fairfaxmedia.ink.metro.smh,benign,0,0.9648631,1,malware
com.sstech.suh.dic.hau,malware,1,0.95439065,1,malware
org.wycliffe.mixtecosurpuebla.mit,benign,0,0.11820849,0,benign
com.rubeacon.niceandjoy,benign,0,0.9931676,1,malware
edu.synthetic.androzoo.malware.banker_accessibility.1169,malware,1,0.99049157,1,malware
com.mod.downloader.menu,malware,1,0.1117909,0,benign
com.pregnant.bestpregnancytime,benign,0,0.25406525,0,benign
com.chariloto.cla,benign,0,0.97734106,1,malware
com.bis.bisapp,benign,0,0.37847823,0,benign
ireport.liberia.mobile,benign,0,0.93385994,1,malware
edu.synthetic.androzoo.malware.spyware_surveillance.0493,malware,1,0.9673848,1,malware
com.eventodivertido.eventodivertido,benign,0,0.9914043,1,malware
br.com.wiki4fit.marcusvinicius,benign,0,0.088601016,0,benign
edu.synthetic.androzoo.malware.banker_accessibility.0230,malware,1,0.9921462,1,malware
edu.synthetic.androzoo.malware.dropper_loader.1316,malware,1,0.83100474,1,malware
com.simyasolutions.ling.lv,benign,0,0.016839087,0,benign
edu.synthetic.androzoo.malware.ransomware_locker.1332,malware,1,0.54488665,1,malware
com.funny.voicechanger.free.voiceeditor.voiceeffects.soundeffects,benign,0,0.98729634,1,malware
edu.synthetic.androzoo.malware.banker_accessibility.1564,malware,1,0.9860124,1,malware
edu.synthetic.androzoo.malware.banker_accessibility.0498,malware,1,0.99589527,1,malware
com.bxsoftx.spxdatareover,malware,1,0.14444315,0,benign
com.beliapp.myapp,benign,0,0.68641174,1,malware
kr.railnetwork.app.railnetwork,benign,0,0.98321193,1,malware
com.baole.blap,malware,1,0.98924327,1,malware
edu.synthetic.androzoo.malware.overlay_pin_stealer.1018,malware,1,0.9431042,1,malware
com.williamsinteractive.goldfish,benign,0,0.009790378,0,benign
edu.synthetic.androzoo.malware.dropper_loader.1514,malware,1,0.9451402,1,malware
edu.synthetic.androzoo.malware.dropper_loader.1254,malware,1,0.8537626,1,malware
nz.school.npbhstraining.train.own,benign,0,0.976631,1,malware
lingauto.gczx.shop4s.wsjb,malware,1,0.9982331,1,malware
com.dungmori.dungmoriapp,benign,0,0.2942859,0,benign
com.mobincube.homiletica.sc_HU3B1K,malware,1,0.19707535,0,benign
com.prepaid.inncableguy,benign,0,0.42386734,0,benign
edu.synthetic.androzoo.malware.wallet_stealer.1031,malware,1,0.9866976,1,malware
com.wenext.wayak,benign,0,0.96219075,1,malware
com.intermaps.iskituerkiye,benign,0,0.0017832026,0,benign
edu.synthetic.androzoo.malware.wallet_stealer.1447,malware,1,0.9740893,1,malware
com.netease.too.netease,malware,1,0.8895489,1,malware
edu.synthetic.androzoo.malware.wallet_stealer.1614,malware,1,0.9970504,1,malware
com.kahunas.io.LEANERSTRONGERFASTER,benign,0,0.01128934,0,benign
edu.synthetic.androzoo.malware.dropper_loader.1416,malware,1,0.92655617,1,malware
com.hishabee.business,benign,0,0.050691225,0,benign
com.MapsAndVirtualCompass,benign,0,0.0077902055,0,benign
edu.synthetic.androzoo.malware.banker_accessibility.1135,malware,1,0.986227,1,malware
za.co.discovery.consumer.remedi,benign,0,0.39445204,0,benign
cc.meowssage.astroweather,benign,0,0.15081088,0,benign
com.anji.plus.crm,malware,1,0.06229608,0,benign
ai.hyke.dealer,benign,0,0.9660795,1,malware
edu.synthetic.androzoo.malware.overlay_pin_stealer.0443,malware,1,0.79467946,1,malware
jp.co.bronco.app.bronco,benign,0,0.9320868,1,malware
edu.synthetic.androzoo.malware.banker_accessibility.1037,malware,1,0.99117637,1,malware
es.duocom.reloj_laboral,benign,0,0.9834018,1,malware
edu.synthetic.androzoo.malware.spyware_surveillance.1201,malware,1,0.90490913,1,malware
com.lotus.lianliankan,malware,1,0.9990037,1,malware
com.sinyee.babybus.stroke,malware,1,0.028933367,0,benign
com.pdit.sausagelady,malware,1,0.9861201,1,malware
com.magzter.architectureplusdesign,benign,0,0.0037659004,0,benign
edu.synthetic.androzoo.malware.wallet_stealer.1473,malware,1,0.9854536,1,malware
com.hf.findmaster,malware,1,0.4350271,0,benign
com.yesihome.smartlife,benign,0,0.9551483,1,malware
com.color.busfrenzy,benign,0,0.073217236,0,benign
com.zuzuChe.wz.sh,malware,1,0.70088583,1,malware
com.heitao.mhj.appchina,malware,1,0.99209607,1,malware
com.app.tpvpak,benign,0,0.9763215,1,malware
gen.tech.keiki.world.learning,benign,0,0.16993865,0,benign
com.kiarygames.tinyroom,malware,1,0.8438914,1,malware
edu.synthetic.androzoo.malware.banker_accessibility.0264,malware,1,0.8830693,1,malware
com.zhiliaoxl.lingyun,malware,1,0.996425,1,malware
com.tt.customer.us,benign,0,0.07622808,0,benign
edu.synthetic.androzoo.malware.sms_otp_stealer.0285,malware,1,0.90967715,1,malware
com.expert.eplive,benign,0,0.89845055,1,malware
com.deadwarfare.gungames,malware,1,0.30362505,0,benign
edu.synthetic.androzoo.malware.overlay_pin_stealer.1239,malware,1,0.92114484,1,malware
com.reliantparking.resident,benign,0,0.22029297,0,benign
mobilesoftgame.grandwarssa,malware,1,0.67249215,1,malware
com.asobimo.alchemiastory,benign,0,0.018917859,0,benign
com.suppapp,benign,0,0.3249286,0,benign
com.apptegy.michael,benign,0,0.17083219,0,benign
com.meiya.airprice,malware,1,0.9605966,1,malware
edu.synthetic.androzoo.malware.banker_accessibility.1410,malware,1,0.99315214,1,malware
edu.synthetic.androzoo.malware.spyware_surveillance.1450,malware,1,0.9842375,1,malware
com.coastonemortgage,benign,0,0.3272317,0,benign
edu.synthetic.androzoo.malware.overlay_pin_stealer.0631,malware,1,0.9572933,1,malware
com.ffreward.namit,malware,1,0.023730427,0,benign
co.strongteam.gwapovpn,benign,0,0.96829814,1,malware
com.Emozzes.TheEmozzes,benign,0,0.09922231,0,benign
com.wallpaper.express.daily,malware,1,0.54188603,1,malware
edu.synthetic.androzoo.malware.wallet_stealer.0182,malware,1,0.93718094,1,malware
edu.synthetic.androzoo.malware.sms_otp_stealer.0912,malware,1,0.92717546,1,malware
edu.synthetic.androzoo.malware.adware_clicker.0708,malware,1,0.68600434,1,malware
edu.synthetic.androzoo.malware.sms_otp_stealer.0421,malware,1,0.9798859,1,malware
edu.synthetic.androzoo.malware.spyware_surveillance.0895,malware,1,0.9833007,1,malware
net.tonysoft.bookmory,benign,0,0.99709356,1,malware
eu.bookrepublic_webnovels.narae.production,benign,0,0.9834018,1,malware
com.ujobsdriver.provider,benign,0,0.856768,1,malware
edu.synthetic.androzoo.malware.overlay_pin_stealer.1825,malware,1,0.957941,1,malware
edu.synthetic.androzoo.malware.dropper_loader.1600,malware,1,0.8129109,1,malware
app.itera,benign,0,0.9808188,1,malware
nl.aareon.mybricr,benign,0,0.97170615,1,malware
com.cookapps.catshinobi,benign,0,0.9526172,1,malware
edu.synthetic.androzoo.malware.banker_accessibility.1420,malware,1,0.99231887,1,malware
edu.synthetic.androzoo.malware.dropper_loader.0958,malware,1,0.8890181,1,malware
appinventor.ai_jhugo_meraka.Mon4x4,benign,0,0.074555956,0,benign
com.niuwa.zsmz.yyh,malware,1,0.9968284,1,malware
cn.com.dareway.mhsc_binzhou,malware,1,0.91271853,1,malware
co.diy17.jnbvs,benign,0,0.0047989916,0,benign
com.bloodsugartrak.one,benign,0,0.015205348,0,benign
com.jumpgames.rswrb,benign,0,0.0055068317,0,benign
net.xinhuamm.d0537,malware,1,0.9739285,1,malware
edu.synthetic.androzoo.malware.ransomware_locker.1417,malware,1,0.77399063,1,malware
com.sinyee.babybus.papermaking,malware,1,0.64976966,1,malware
edu.synthetic.androzoo.malware.banker_accessibility.1676,malware,1,0.9957231,1,malware
com.homeprotech.homeproalarm,benign,0,0.9858838,1,malware
edu.synthetic.androzoo.malware.ransomware_locker.0574,malware,1,0.86681426,1,malware
com.digeam.a.mhgl,benign,0,0.0070005697,0,benign
edu.synthetic.androzoo.malware.overlay_pin_stealer.1647,malware,1,0.9324809,1,malware
edu.synthetic.androzoo.malware.banker_accessibility.0607,malware,1,0.9594099,1,malware
jp.co.yupiteru.nobmaru,benign,0,0.028481226,0,benign
com.appseed.famipoi,benign,0,0.35044315,0,benign
com.subsplashconsulting.s_RT2T5K,benign,0,0.007717362,0,benign
in.co.woco,benign,0,0.008632992,0,benign
com.scoolinary.app,benign,0,0.9683652,1,malware
com.orbit.cooking.carnival.restro.game,benign,0,0.29548526,0,benign
edu.synthetic.androzoo.malware.banker_accessibility.1165,malware,1,0.99673575,1,malware
fr.rainetcom.indoorcenter,benign,0,0.5609392,1,malware
edu.synthetic.androzoo.malware.spyware_surveillance.0598,malware,1,0.99142355,1,malware
com.miragine.MiragineWar,benign,0,0.97276413,1,malware
com.tianxiang.skputonghua,malware,1,0.45403883,0,benign
edu.synthetic.androzoo.malware.dropper_loader.1118,malware,1,0.8174722,1,malware
com.bullb.austin,benign,0,0.0021685471,0,benign
com.ulster.clearspend,benign,0,0.011392629,0,benign
edu.synthetic.androzoo.malware.banker_accessibility.1685,malware,1,0.98814267,1,malware
edu.synthetic.androzoo.malware.sms_otp_stealer.1273,malware,1,0.90912145,1,malware
com.mgif.ball.v,benign,0,0.0041797725,0,benign
edu.synthetic.androzoo.malware.spyware_surveillance.1882,malware,1,0.9724845,1,malware
dk.bitlizard.ultimatelive,benign,0,0.9733113,1,malware
com.salicru.equinox,benign,0,0.73554945,1,malware
com.pokulan.thehobo.st,malware,1,0.93286264,1,malware
com.englishbay.App,benign,0,0.9811554,1,malware
com.pushpress.chopshopphysiques,benign,0,0.79931647,1,malware
com.click_sec.gmoclickcfd,benign,0,0.9837944,1,malware
com.icck.Elespectador,benign,0,0.0033842737,0,benign
ayulearn.adxx,malware,1,0.0019566817,0,benign
com.CarWallpapers.Ferrari,benign,0,0.7202681,1,malware
edu.synthetic.androzoo.malware.overlay_pin_stealer.1567,malware,1,0.9799461,1,malware
com.edujia.ime,malware,1,0.9259731,1,malware
com.leighton.kbrf,benign,0,0.15656689,0,benign
com.balimedia.ramalan,benign,0,0.033633385,0,benign
com.crossfit05.kevinboirel.strivee,benign,0,0.9616466,1,malware
com.tinmanarts.TwoGoodFriendsPhone,malware,1,0.99482393,1,malware
edu.synthetic.androzoo.malware.wallet_stealer.0832,malware,1,0.99188155,1,malware
com.ongreen,benign,0,0.0029113821,0,benign
com.gallerypro.photosgalleryalbum,benign,0,0.13785724,0,benign
edu.synthetic.androzoo.malware.overlay_pin_stealer.1223,malware,1,0.8049489,1,malware
com.ylogame.kghj,malware,1,0.995379,1,malware
net.xinhuamm.d3049,malware,1,0.98102653,1,malware
edu.synthetic.androzoo.malware.spyware_surveillance.1366,malware,1,0.9883455,1,malware
com.habby.archero,benign,0,0.8743935,1,malware
com.huge.betting.tips,malware,1,0.6439528,1,malware
edu.synthetic.androzoo.malware.ransomware_locker.0457,malware,1,0.79926103,1,malware
com.funeasylearn.english.american,benign,0,0.028073383,0,benign
com.harri.employer,benign,0,0.5163594,1,malware
heart.rate.monitor.tracker,malware,1,0.87305397,1,malware
com.zinio.mobile.android.reader,benign,0,0.9149927,1,malware
com.vero.neomiAR,benign,0,0.11162117,0,benign
edu.synthetic.androzoo.malware.ransomware_locker.1815,malware,1,0.89185196,1,malware
com.ftnetid.dogeminerlite,malware,1,0.5560973,1,malware
org.osmosis.med,benign,0,0.9101432,1,malware
com.canlang.weixiaojizhang,malware,1,0.53623915,1,malware
edu.synthetic.androzoo.malware.banker_accessibility.1768,malware,1,0.9939156,1,malware
fr.djma.app,benign,0,0.90904605,1,malware
com.macroscop.mobile,benign,0,0.13364024,0,benign
edu.synthetic.androzoo.malware.banker_accessibility.1359,malware,1,0.9955252,1,malware
com.ujigu.ytb,malware,1,0.9891398,1,malware
com.yunuo.zsxt,malware,1,0.9778917,1,malware
com.jcdecaux.vls.maribor,benign,0,0.065454565,0,benign
com.bestfuncoolapps.TakeYourPills,benign,0,0.01942131,0,benign
se.appcorn.Blocket,benign,0,0.008073004,0,benign
com.skoda.skoda_inspection_android_app,benign,0,0.38602895,0,benign
edu.synthetic.androzoo.malware.wallet_stealer.0979,malware,1,0.9643771,1,malware
com.innosoftfusion.play,benign,0,0.9835174,1,malware
com.kktcell.onlineservices2,benign,0,0.94808525,1,malware
com.smartup.veedz,benign,0,0.08932176,0,benign
com.bulkypix.calimero,malware,1,0.748824,1,malware
edu.synthetic.androzoo.malware.adware_clicker.1705,malware,1,0.95165193,1,malware
edu.synthetic.androzoo.malware.spyware_surveillance.1271,malware,1,0.99248534,1,malware
indian.army.photo.suit,benign,0,0.95039123,1,malware
com.logisk.chronos,malware,1,0.053012654,0,benign
com.moseiki.moseiki,benign,0,0.9895918,1,malware
com.apptegy.norputnam,benign,0,0.01216793,0,benign
com.estoty.riverjump,malware,1,0.19858843,0,benign
edu.synthetic.androzoo.malware.banker_accessibility.1899,malware,1,0.9887012,1,malware
es.iberdrola.ibdistrconsumidores,benign,0,0.73178345,1,malware
com.VideoEditor.videomakerpro,benign,0,0.027071519,0,benign
com.moyun365.android.zkenglish,malware,1,0.35800087,0,benign
edu.synthetic.androzoo.malware.ransomware_locker.1390,malware,1,0.5729447,1,malware
com.roadside.drive,benign,0,0.9914937,1,malware
br.com.gomesmartins.gomesmartins,benign,0,0.6951193,1,malware
com.frugalflyer.airport.bgy,benign,0,0.6602187,1,malware
com.Kidoverse.HairSalon,benign,0,0.9555486,1,malware
app.hallow.android,benign,0,0.042452987,0,benign
com.plndr.activity,benign,0,0.011438644,0,benign
edu.synthetic.androzoo.malware.overlay_pin_stealer.1093,malware,1,0.9182414,1,malware
com.tutotoons.app.fluvsies.free,benign,0,0.32433087,0,benign
com.newgenerationhub.speedtest.meter.wifi.coverage.speed.test,benign,0,0.019293763,0,benign
com.shortbox.drama,benign,0,0.03218894,0,benign
com.ulab.treasurehunter,benign,0,0.2407165,0,benign
com.polypal.app,benign,0,0.9956495,1,malware
uz.yubor.app,benign,0,0.9882117,1,malware
co.ninj.bikinihd,malware,1,0.9296403,1,malware
com.cheche365.cheche.android,malware,1,0.7992388,1,malware
secret.hide.calculator,malware,1,0.010136835,0,benign
com.biemore.android.ExploreSupermarket,malware,1,0.9973049,1,malware
edu.synthetic.androzoo.malware.dropper_loader.0735,malware,1,0.64170134,1,malware
com.translator.morse_code,benign,0,0.79317486,1,malware
com.wellspring.main,benign,0,0.876296,1,malware
edu.synthetic.androzoo.malware.wallet_stealer.0383,malware,1,0.9221151,1,malware
edu.synthetic.androzoo.malware.spyware_surveillance.1649,malware,1,0.9465393,1,malware
edu.synthetic.androzoo.malware.sms_otp_stealer.0053,malware,1,0.93313867,1,malware
com.pupilleader.android.apps.stfrancis,benign,0,0.06396859,0,benign
edu.synthetic.androzoo.malware.wallet_stealer.0445,malware,1,0.9889797,1,malware
com.appsolutionslab.discoverusa,benign,0,0.97837716,1,malware
alldictdict.alldict.fizh,benign,0,0.21566743,0,benign
com.qconline.android,benign,0,0.015190482,0,benign
com.CanttGames.GoldenEggCatcher,malware,1,0.75881344,1,malware
edu.synthetic.androzoo.malware.banker_accessibility.1730,malware,1,0.9981509,1,malware
cn.zhui.client827935,malware,1,0.9921943,1,malware
org.impactindia.llemeddocket,benign,0,0.1399081,0,benign
uk.bitlands.mobonovels,benign,0,0.9791479,1,malware
com.bulkypix.orborun,malware,1,0.9864037,1,malware
jp.co.nomura.onestock,benign,0,0.0069953403,0,benign
taptap.twoaccounts.dual.space,malware,1,0.02183627,0,benign
edu.synthetic.androzoo.malware.overlay_pin_stealer.1576,malware,1,0.9681979,1,malware
com.wtjwrpk.yx.yyk,malware,1,0.9526172,1,malware
com.LuB.RoyalRealms,benign,0,0.3932004,0,benign
com.zy.feiji2014,malware,1,0.99224347,1,malware
com.vandersw.wenderlogbook,malware,1,0.9878405,1,malware
syj.youngfhsher,malware,1,0.031705182,0,benign
edu.synthetic.androzoo.malware.overlay_pin_stealer.0835,malware,1,0.8817578,1,malware
edu.synthetic.androzoo.malware.ransomware_locker.0039,malware,1,0.6310624,1,malware
edu.synthetic.androzoo.malware.banker_accessibility.0557,malware,1,0.986361,1,malware
com.shenqi.app.vvlive,benign,0,0.9837944,1,malware
io.refold.ghostsandapples,malware,1,0.074339494,0,benign
jp.co.skyperfectv.baseball.android,benign,0,0.18467142,0,benign
edu.synthetic.androzoo.malware.adware_clicker.0043,malware,1,0.7266756,1,malware
ru.ftc.faktura.kbhmb,benign,0,0.88465196,1,malware
com.audiobooks.androidapp,benign,0,0.97471434,1,malware
hr.asseco.android.jimba.cecro,benign,0,0.23657767,0,benign
com.evolution.hyper,benign,0,0.020098183,0,benign
com.fourth.marketplace,benign,0,0.98049474,1,malware
edu.synthetic.androzoo.malware.overlay_pin_stealer.0347,malware,1,0.936068,1,malware
edu.synthetic.androzoo.malware.spyware_surveillance.0838,malware,1,0.99550253,1,malware
com.bananaapps.kidappgames.pets.cartoon.sounds.free,malware,1,0.9986053,1,malware
com.worldwidetranscriptss.client,benign,0,0.2505969,0,benign
edu.synthetic.androzoo.malware.banker_accessibility.0084,malware,1,0.9951616,1,malware
edu.synthetic.androzoo.malware.dropper_loader.0792,malware,1,0.5387129,1,malware
com.inpeaceapp.quadrangularavareregionalieq.sp,benign,0,0.09430465,0,benign
org.nativescript.bmicalculator,benign,0,0.30583215,0,benign
com.azena.gemini,benign,0,0.19407012,0,benign
edu.synthetic.androzoo.malware.banker_accessibility.0893,malware,1,0.99404514,1,malware
com.brc.keyline,benign,0,0.035505865,0,benign
edu.synthetic.androzoo.malware.ransomware_locker.0462,malware,1,0.63068986,1,malware
edu.synthetic.androzoo.malware.spyware_surveillance.1639,malware,1,0.9442829,1,malware
edu.synthetic.androzoo.malware.spyware_surveillance.1582,malware,1,0.9496937,1,malware
edu.synthetic.androzoo.malware.sms_otp_stealer.0363,malware,1,0.9757068,1,malware
edu.synthetic.androzoo.malware.banker_accessibility.0433,malware,1,0.9966537,1,malware
edu.synthetic.androzoo.malware.sms_otp_stealer.0261,malware,1,0.90593475,1,malware
ridewithvia.bra.branttransit,benign,0,0.7772539,1,malware
com.delightgames.medievalfantasy,benign,0,0.012411126,0,benign
cutanddry.acmesteak.mobile.android,benign,0,0.01235804,0,benign
air.jp.globalgear.shere.pj,malware,1,0.89192116,1,malware
edu.synthetic.androzoo.malware.banker_accessibility.1544,malware,1,0.8514616,1,malware
com.maketore.kintorememo,benign,0,0.05907766,0,benign
edu.synthetic.androzoo.malware.overlay_pin_stealer.0195,malware,1,0.97256845,1,malware
com.the.std7englishexams,benign,0,0.56954575,1,malware
edu.synthetic.androzoo.malware.spyware_surveillance.0225,malware,1,0.9870344,1,malware
edu.synthetic.androzoo.malware.adware_clicker.1432,malware,1,0.90076613,1,malware
com.weetechmarcosfishandchips,benign,0,0.10851689,0,benign
com.gurwi,benign,0,0.9456834,1,malware
com.moyun365.android.gkchemistrytong,malware,1,0.7057469,1,malware
edu.synthetic.androzoo.malware.banker_accessibility.0940,malware,1,0.99487007,1,malware
com.MPProductions.GalacticSparkMission,benign,0,0.17813158,0,benign
com.mogo.dongmanpuzzle,malware,1,0.9897355,1,malware
com.snapbreak.doors,malware,1,0.8767454,1,malware
edu.synthetic.androzoo.malware.spyware_surveillance.1282,malware,1,0.9737544,1,malware
edu.synthetic.androzoo.malware.banker_accessibility.0858,malware,1,0.99671435,1,malware
edu.synthetic.androzoo.malware.overlay_pin_stealer.1508,malware,1,0.74572325,1,malware
edu.synthetic.androzoo.malware.wallet_stealer.1083,malware,1,0.9844599,1,malware
com.couplower.jing,malware,1,0.7727135,1,malware
com.crescentmoongames.mazeman,malware,1,0.071770996,0,benign
com.stilog.VPGOU,benign,0,0.9806064,1,malware
com.riftergames.ovi.android,benign,0,0.9567403,1,malware
com.ShahPTPIS,benign,0,0.14394997,0,benign
com.chitralekha.evolution,benign,0,0.76367277,1,malware
psychiatrie.pro,benign,0,0.7446837,1,malware
edu.synthetic.androzoo.malware.ransomware_locker.0766,malware,1,0.8691872,1,malware
edu.synthetic.androzoo.malware.dropper_loader.1085,malware,1,0.940607,1,malware
com.communi.fegmuehlacker,benign,0,0.055364136,0,benign
com.arizonasunrays.icp,benign,0,0.008061572,0,benign
com.ubestkid.jigsawpuzzle.a,malware,1,0.6531974,1,malware
au.com.jll.tqt.member.app,benign,0,0.23108707,0,benign
jyeoo.app.ystudy,malware,1,0.89264506,1,malware
edu.synthetic.androzoo.malware.banker_accessibility.1924,malware,1,0.9928712,1,malware
com.xtrend.app,benign,0,0.7946998,1,malware
it.tecnoconference.MITO,benign,0,0.0077856663,0,benign
chat.delta,benign,0,0.6704457,1,malware
com.anexat.realCarRace,malware,1,0.9912348,1,malware
com.liubowang.drawingboard,malware,1,0.98381734,1,malware
edu.synthetic.androzoo.malware.banker_accessibility.1403,malware,1,0.9937365,1,malware
com.moimob.drinkable,benign,0,0.9374194,1,malware
com.souche.apps.destiny,malware,1,0.92632955,1,malware
com.indiandevelopershailendra.tailorbookpro,benign,0,0.048825614,0,benign
com.indiggcommunity,benign,0,0.20363048,0,benign
com.TironiumTech.IdlePlanetMiner,benign,0,0.108925395,0,benign
net.slions.fulguris.full.playstore,benign,0,0.10935202,0,benign
com.gallagher.am.mobile.android.eshepherd,benign,0,0.8828612,1,malware
com.jfox.huntersss.tw,malware,1,0.3266056,0,benign
edu.synthetic.androzoo.malware.banker_accessibility.0446,malware,1,0.9885239,1,malware
com.BraDev.RedPanda102,benign,0,0.2270688,0,benign
com.iproyal.android,malware,1,0.020206662,0,benign
com.beyondthewhiteboard.johnnyutah,benign,0,0.9872754,1,malware
edu.synthetic.androzoo.malware.dropper_loader.0107,malware,1,0.81807286,1,malware
com.flipkart.seller,benign,0,0.48645532,0,benign
uk.co.olsonapps.fiveMinPilates,benign,0,0.024013668,0,benign
edu.synthetic.androzoo.malware.wallet_stealer.1302,malware,1,0.96736676,1,malware
edu.synthetic.androzoo.malware.ransomware_locker.1694,malware,1,0.5289245,1,malware
com.funeasylearn.danish,benign,0,0.099876985,0,benign
com.starom1.ome222,malware,1,0.67792207,1,malware
edu.synthetic.androzoo.malware.overlay_pin_stealer.1840,malware,1,0.967166,1,malware
com.digidust.leucate.infotravaux,benign,0,0.1336977,0,benign
com.shionplus_android,benign,0,0.050681166,0,benign
com.coopresapps.free.antivirus,malware,1,0.45327705,0,benign
edu.synthetic.androzoo.malware.spyware_surveillance.0402,malware,1,0.92830163,1,malware
edu.synthetic.androzoo.malware.banker_accessibility.1255,malware,1,0.9942047,1,malware
edu.synthetic.androzoo.malware.spyware_surveillance.1495,malware,1,0.99160683,1,malware
edu.synthetic.androzoo.malware.overlay_pin_stealer.1579,malware,1,0.85963076,1,malware
air.com.vikrams.telugucalendar2014,benign,0,0.43654907,0,benign
com.pronunciatorllc.bluebird.persian,benign,0,0.93498677,1,malware
edu.synthetic.androzoo.malware.adware_clicker.1298,malware,1,0.6906656,1,malware
co.wesper.sleep,malware,1,0.52897996,1,malware
com.rift.no.wifi.offline.puzzles.offline.games,benign,0,0.41701555,0,benign
edu.synthetic.androzoo.malware.wallet_stealer.0008,malware,1,0.9909089,1,malware
edu.synthetic.androzoo.malware.sms_otp_stealer.0674,malware,1,0.94910353,1,malware
edu.synthetic.androzoo.malware.sms_otp_stealer.0790,malware,1,0.9650163,1,malware
com.kamoer.x1dosingpump,malware,1,0.0979319,0,benign
edu.synthetic.androzoo.malware.overlay_pin_stealer.1545,malware,1,0.97117907,1,malware
com.myworkoutplan.myworkoutplan,benign,0,0.97604764,1,malware
com.boxwiki.app,benign,0,0.24324727,0,benign
mohot.fit.booking,benign,0,0.2259827,0,benign
edu.synthetic.androzoo.malware.spyware_surveillance.1329,malware,1,0.9555979,1,malware
edu.synthetic.androzoo.malware.sms_otp_stealer.0180,malware,1,0.9157551,1,malware
edu.synthetic.androzoo.malware.overlay_pin_stealer.1558,malware,1,0.9864384,1,malware
edu.synthetic.androzoo.malware.dropper_loader.0892,malware,1,0.7981355,1,malware
com.trainerize.lift4life,benign,0,0.29368564,0,benign
secolink.manager,malware,1,0.904222,1,malware
edu.synthetic.androzoo.malware.sms_otp_stealer.1830,malware,1,0.84611195,1,malware
com.ciyun.oneshop,malware,1,0.101812944,0,benign
edu.synthetic.androzoo.malware.spyware_surveillance.1653,malware,1,0.9313893,1,malware
com.lycamobile.no,benign,0,0.99552625,1,malware
com.dalongtech.cloud,malware,1,0.9781155,1,malware
edu.synthetic.androzoo.malware.adware_clicker.0115,malware,1,0.8349137,1,malware
edu.synthetic.androzoo.malware.overlay_pin_stealer.1433,malware,1,0.9402089,1,malware
com.rz.caller.name.announcer,benign,0,0.04139175,0,benign
com.hachette.hereaderepubv2,benign,0,0.43494824,0,benign
boxnmove.mover.driver,malware,1,0.020534214,0,benign
edu.synthetic.androzoo.malware.adware_clicker.1459,malware,1,0.6457381,1,malware
com.amila.parenting,benign,0,0.017253486,0,benign
com.udemy.android,benign,0,0.9117629,1,malware
edu.synthetic.androzoo.malware.banker_accessibility.0795,malware,1,0.98909926,1,malware
com.qupil,benign,0,0.9922725,1,malware
com.google.android.apps.tachyon,benign,0,0.2558884,0,benign
edu.synthetic.androzoo.malware.spyware_surveillance.0273,malware,1,0.992392,1,malware
edu.synthetic.androzoo.malware.wallet_stealer.1603,malware,1,0.99521756,1,malware
edu.synthetic.androzoo.malware.dropper_loader.0338,malware,1,0.79927,1,malware
edu.synthetic.androzoo.malware.overlay_pin_stealer.1475,malware,1,0.9542298,1,malware
com.task.calendar,benign,0,0.19213328,0,benign
per.zhj.seefunc,malware,1,0.059186008,0,benign
edu.synthetic.androzoo.malware.banker_accessibility.0528,malware,1,0.9982659,1,malware
com.spiritapps.thethoroughbred,benign,0,0.22383478,0,benign
com.xiangha.homecoke,malware,1,0.11121291,0,benign
com.cinemaxx.activity,benign,0,0.69232947,1,malware
imagine.ai.art.photo.image.generator,malware,1,0.0047571366,0,benign
mycity.popstar.pt,malware,1,0.2656603,0,benign
edu.synthetic.androzoo.malware.overlay_pin_stealer.1340,malware,1,0.93211377,1,malware
ly.omegle.android,benign,0,0.043550737,0,benign
com.fastgame.p001012,benign,0,0.67628485,1,malware
com.easy_wallpapers.plants,benign,0,0.9608874,1,malware
com.maxart.crazy_bricks,benign,0,0.24345896,0,benign
com.sssfight.shiba,malware,1,0.063134335,0,benign
com.dhadbadati.apps.ram_katha_hindi,benign,0,0.020810679,0,benign
com.trainerize.fibrofitwarriors,benign,0,0.99482155,1,malware
jp.co.a_tm.android.plus_umito_kaigarato_shinju,benign,0,0.92884713,1,malware
edu.synthetic.androzoo.malware.overlay_pin_stealer.1635,malware,1,0.9507817,1,malware
edu.synthetic.androzoo.malware.dropper_loader.1413,malware,1,0.8674513,1,malware
com.cgs.FruitGemsClassicMatch3,benign,0,0.30901718,0,benign
com.biemore.android.kidsFireman,malware,1,0.9925357,1,malware
edu.synthetic.androzoo.malware.spyware_surveillance.0695,malware,1,0.9711094,1,malware
edu.synthetic.androzoo.malware.sms_otp_stealer.1261,malware,1,0.82328403,1,malware
com.swapcard.apps.android.irmeet,benign,0,0.95155025,1,malware
edu.synthetic.androzoo.malware.sms_otp_stealer.1517,malware,1,0.9559838,1,malware
moneytracker.expensetracker.budgetplanner.spendingtracker,malware,1,0.1440294,0,benign
com.droidcorp.magicaljigsawpuzzles,malware,1,0.5145835,1,malware
edu.synthetic.androzoo.malware.wallet_stealer.1114,malware,1,0.9950814,1,malware
edu.synthetic.androzoo.malware.wallet_stealer.1869,malware,1,0.9492888,1,malware
co.langlang.translator_for_wsp,benign,0,0.9486198,1,malware
edu.synthetic.androzoo.malware.spyware_surveillance.1336,malware,1,0.9880861,1,malware
ai.mybuddy.talkingflashcards_new,benign,0,0.06483629,0,benign
com.natewren.lightvoidfree,benign,0,0.6716282,1,malware
com.impp.forklift.driver.games,benign,0,0.10176371,0,benign
edu.synthetic.androzoo.malware.spyware_surveillance.0035,malware,1,0.960194,1,malware
com.sg.free.prado.car.parking.games,benign,0,0.79571986,1,malware
com.appazur.chss,benign,0,0.9809153,1,malware
edu.synthetic.androzoo.malware.overlay_pin_stealer.0229,malware,1,0.9852688,1,malware
edu.synthetic.androzoo.malware.sms_otp_stealer.0984,malware,1,0.9801011,1,malware
edu.synthetic.androzoo.malware.banker_accessibility.0074,malware,1,0.99247944,1,malware
com.milleniumfmelectrodj.radio,benign,0,0.97735506,1,malware
edu.synthetic.androzoo.malware.banker_accessibility.1790,malware,1,0.9941573,1,malware
com.curatedplanet.client.ophorus.release,benign,0,0.02932006,0,benign
com.ripstone.flyhunter,malware,1,0.9797553,1,malware
edu.synthetic.androzoo.malware.overlay_pin_stealer.1489,malware,1,0.773624,1,malware
com.enupgames.qp,benign,0,0.9804033,1,malware
edu.synthetic.androzoo.malware.spyware_surveillance.0509,malware,1,0.98802674,1,malware
com.wildlife.games.battle.royale.free.zooba,benign,0,0.20918389,0,benign
edu.synthetic.androzoo.malware.spyware_surveillance.1832,malware,1,0.9633311,1,malware
com.bladexdesigns.helpdesk,benign,0,0.059112217,0,benign
io.stockapp.starter,benign,0,0.27572623,0,benign
edu.synthetic.androzoo.malware.ransomware_locker.0373,malware,1,0.9537241,1,malware
edu.synthetic.androzoo.malware.banker_accessibility.0240,malware,1,0.98873425,1,malware
com.kidzian.binaryconverter,benign,0,0.0669903,0,benign
com.codebug.hindi.physics1,benign,0,0.42264256,0,benign
edu.synthetic.androzoo.malware.spyware_surveillance.0009,malware,1,0.7999605,1,malware
com.showclix.crowd,benign,0,0.10256223,0,benign
com.gigabyte.e7linecloud,benign,0,0.07261408,0,benign
com.webook.android,benign,0,0.93296134,1,malware
edu.synthetic.androzoo.malware.adware_clicker.0251,malware,1,0.74486536,1,malware
com.ea.emiratesauction,benign,0,0.024504097,0,benign
app.habitedge.chrono_cat,benign,0,0.9936992,1,malware
com.activtrades.app,benign,0,0.0063471985,0,benign
com.hexin.plat.android.ZhongyuanSecurity,malware,1,0.9526172,1,malware
edu.synthetic.androzoo.malware.overlay_pin_stealer.1307,malware,1,0.93752384,1,malware
edu.synthetic.androzoo.malware.overlay_pin_stealer.0879,malware,1,0.9746919,1,malware
edu.synthetic.androzoo.malware.spyware_surveillance.1586,malware,1,0.88773674,1,malware
com.speed.svpn,malware,1,0.45614728,0,benign
app.rosario.it,benign,0,0.26133564,0,benign
edu.synthetic.androzoo.malware.spyware_surveillance.0396,malware,1,0.9825423,1,malware
com.alight.motion.preset,malware,1,0.09625919,0,benign
com.tempgame.mysteryexit,malware,1,0.9400653,1,malware
com.easi.customer,benign,0,0.7638526,1,malware
edu.synthetic.androzoo.malware.spyware_surveillance.1129,malware,1,0.92252994,1,malware
com.garhijp.Yokero,benign,0,0.98257935,1,malware
com.gears42.surelock,malware,1,0.36517668,0,benign
com.sanmao.threeupenglishpro,malware,1,0.9526172,1,malware
com.BloompixStudios.HouseOfTerrorVRFree,malware,1,0.4179317,0,benign
edu.synthetic.androzoo.malware.overlay_pin_stealer.1677,malware,1,0.9498343,1,malware
com.garda.gardaadc,benign,0,0.2948684,0,benign
com.app.punctualiti,benign,0,0.2690725,0,benign
edu.synthetic.androzoo.malware.wallet_stealer.1918,malware,1,0.9933484,1,malware
edu.synthetic.androzoo.malware.spyware_surveillance.1081,malware,1,0.94672304,1,malware
edu.synthetic.androzoo.malware.sms_otp_stealer.0886,malware,1,0.98073065,1,malware
org.stocktwits.android.activity,benign,0,0.0037130588,0,benign
edu.synthetic.androzoo.malware.dropper_loader.1875,malware,1,0.77770966,1,malware
com.mcleansmartialarts.mcleans,benign,0,0.8573916,1,malware
br.com.inchurch.gochurch,benign,0,0.9950211,1,malware
edu.synthetic.androzoo.malware.spyware_surveillance.0152,malware,1,0.981388,1,malware
com.greattimemusic.starmusic,benign,0,0.99471635,1,malware
mm.pndaza.atthakathanissaya,benign,0,0.9288983,1,malware
com.racing.racer.ly,malware,1,0.8665953,1,malware
edu.synthetic.androzoo.malware.ransomware_locker.0425,malware,1,0.830802,1,malware
edu.synthetic.androzoo.malware.overlay_pin_stealer.0491,malware,1,0.9183911,1,malware
edu.synthetic.androzoo.malware.spyware_surveillance.0508,malware,1,0.9788188,1,malware
edu.synthetic.androzoo.malware.ransomware_locker.0080,malware,1,0.59273154,1,malware
com.mustafayigit.tabula,benign,0,0.9936261,1,malware
com.beautiful.wallpaper.backgrounds.interesting,malware,1,0.25296813,0,benign
edu.synthetic.androzoo.malware.spyware_surveillance.1319,malware,1,0.97856754,1,malware
edu.synthetic.androzoo.malware.overlay_pin_stealer.0625,malware,1,0.98778474,1,malware
free.Gps_Maps,benign,0,0.98288625,1,malware
com.bhadartech.saint_rita_novena,benign,0,0.8570053,1,malware
co.ninetynine.android,benign,0,0.017395483,0,benign
edu.synthetic.androzoo.malware.spyware_surveillance.0022,malware,1,0.9756566,1,malware
it.eolo.appeolo,benign,0,0.019525016,0,benign
com.softwareillusions.cashblaster,benign,0,0.96778035,1,malware
edu.synthetic.androzoo.malware.ransomware_locker.0168,malware,1,0.71233326,1,malware
edu.synthetic.androzoo.malware.spyware_surveillance.1478,malware,1,0.9774624,1,malware
edu.synthetic.androzoo.malware.dropper_loader.0139,malware,1,0.6842396,1,malware
com.trainerize.stephenholtfitness,benign,0,0.94272494,1,malware
com.writer.xzj,malware,1,0.015317117,0,benign
edu.synthetic.androzoo.malware.ransomware_locker.0405,malware,1,0.64751816,1,malware
edu.synthetic.androzoo.malware.banker_accessibility.0745,malware,1,0.99568284,1,malware
edu.synthetic.androzoo.malware.ransomware_locker.0545,malware,1,0.8068624,1,malware
edu.synthetic.androzoo.malware.spyware_surveillance.1907,malware,1,0.9862344,1,malware
com.my.xwenar1,malware,1,0.44690195,0,benign
com.pip.yxppp.yyh,malware,1,0.56656975,1,malware
com.aaron.grabredpacket,malware,1,0.9433036,1,malware
com.iok.childwordhan,malware,1,0.9971386,1,malware
com.responsivedata.anoviteprospector,benign,0,0.14630005,0,benign
edu.synthetic.androzoo.malware.wallet_stealer.1345,malware,1,0.9953011,1,malware
io.axip.inneralchemy,benign,0,0.57141757,1,malware
edu.synthetic.androzoo.malware.dropper_loader.1060,malware,1,0.7399061,1,malware
edu.synthetic.androzoo.malware.sms_otp_stealer.0151,malware,1,0.9779137,1,malware
neronovs.urlplayer,benign,0,0.55874366,1,malware
com.linj,malware,1,0.079427406,0,benign
de.ndr.app.ndrhh,benign,0,0.95139474,1,malware
com.fireworkcreator,benign,0,0.2538781,0,benign
com.theheyyapp,benign,0,0.9979626,1,malware
com.nuqiapp.mayzallari,benign,0,0.8549195,1,malware
edu.synthetic.androzoo.malware.spyware_surveillance.1783,malware,1,0.9630938,1,malware
kr.neolab.edu.collector,benign,0,0.60425806,1,malware
com.sigmasport.ebikeapp,benign,0,0.97912985,1,malware
com.fromsolvers.r10,benign,0,0.9207659,1,malware
edu.synthetic.androzoo.malware.ransomware_locker.1461,malware,1,0.53142905,1,malware
edu.synthetic.androzoo.malware.banker_accessibility.0989,malware,1,0.99377185,1,malware
edu.synthetic.androzoo.malware.wallet_stealer.1900,malware,1,0.9982469,1,malware
edu.synthetic.androzoo.malware.overlay_pin_stealer.0339,malware,1,0.9190464,1,malware
com.bravolang.portuguese,malware,1,0.2720799,0,benign
com.sino_net.cits,malware,1,0.9080232,1,malware
edu.synthetic.androzoo.malware.overlay_pin_stealer.1301,malware,1,0.94148797,1,malware
edu.synthetic.androzoo.malware.overlay_pin_stealer.1812,malware,1,0.86487484,1,malware
edu.synthetic.androzoo.malware.dropper_loader.1632,malware,1,0.911177,1,malware
com.guazi.android.chesupai,malware,1,0.18927827,0,benign
com.missu.bill,malware,1,0.8228152,1,malware
gta.grandtheftauto.five.crime,benign,0,0.112756364,0,benign
edu.synthetic.androzoo.malware.wallet_stealer.0875,malware,1,0.99691916,1,malware
edu.synthetic.androzoo.malware.ransomware_locker.0192,malware,1,0.95162225,1,malware
com.workvivo.android,benign,0,0.10239741,0,benign
jp.foresta.dojo.math.pro,benign,0,0.019752564,0,benign
edu.synthetic.androzoo.malware.banker_accessibility.1506,malware,1,0.9911602,1,malware
fr.coopcycle.lcr,benign,0,0.97938985,1,malware
jp.co.lavan7.gakupuri_android,benign,0,0.06563703,0,benign
en.lt.bestdict,benign,0,0.8470064,1,malware
com.Upperpik.HairChallenge,benign,0,0.08915911,0,benign
com.GoblinStudio.L4KApp,benign,0,0.35772467,0,benign
com.homeMenu,malware,1,0.9208308,1,malware
com.microsoft.windowsintune.companyportal,benign,0,0.8742098,1,malware
edu.synthetic.androzoo.malware.banker_accessibility.1153,malware,1,0.995637,1,malware
dto.ee.barprephero.genius,benign,0,0.98260605,1,malware
edu.synthetic.androzoo.malware.spyware_surveillance.0799,malware,1,0.9673702,1,malware
no.nettavisen.phonegap.na,benign,0,0.004233849,0,benign
com.mobilepcmonitor,benign,0,0.17803898,0,benign
edu.synthetic.androzoo.malware.spyware_surveillance.1291,malware,1,0.98903394,1,malware
com.tyou.daizhu,malware,1,0.9425436,1,malware
ch.ringier.beobachter,benign,0,0.023963653,0,benign
com.simlabstudio.thief.simulator,malware,1,0.4912417,0,benign
com.haichuan.wjzb.yyh,malware,1,0.9846837,1,malware
com.wireguard.android,benign,0,0.04959908,0,benign
edu.synthetic.androzoo.malware.dropper_loader.0262,malware,1,0.59312475,1,malware
edu.synthetic.androzoo.malware.overlay_pin_stealer.1067,malware,1,0.9339426,1,malware
io.liaopin.NI2DD730B,malware,1,0.97670585,1,malware
com.ludoy.colorhole,malware,1,0.666693,1,malware
com.thumbtel.anothernumber,malware,1,0.10397148,0,benign
nl.trackitt.app,benign,0,0.19341324,0,benign
edu.synthetic.androzoo.malware.ransomware_locker.0380,malware,1,0.4581675,0,benign
com.awcc.asan,benign,0,0.16506243,0,benign
com.gff.car.transport.cargo.plane,malware,1,0.99256516,1,malware
com.efulife.customer,benign,0,0.9728319,1,malware
com.hubby.esim,benign,0,0.99768376,1,malware
com.fungames.flightpilot,benign,0,0.85887915,1,malware
com.uniriho.szt,malware,1,0.9426235,1,malware
com.sg.spinner.merge.fight,benign,0,0.71574986,1,malware
edu.synthetic.androzoo.malware.overlay_pin_stealer.1367,malware,1,0.98901016,1,malware
com.uniforest.connect,benign,0,0.81407315,1,malware
edu.synthetic.androzoo.malware.overlay_pin_stealer.0359,malware,1,0.941871,1,malware
edu.synthetic.androzoo.malware.wallet_stealer.0711,malware,1,0.99436224,1,malware
com.kddglm.xjl,malware,1,0.48348066,0,benign
com.exeysoft.mathcalculator,benign,0,0.92997086,1,malware
edu.synthetic.androzoo.malware.dropper_loader.0539,malware,1,0.87324953,1,malware
sudoku.puzzle.free.game.brain,benign,0,0.9665681,1,malware
edu.synthetic.androzoo.malware.banker_accessibility.1525,malware,1,0.98706377,1,malware
hr.hac.enc_mobile,benign,0,0.9396573,1,malware
com.sinyee.babybus.foodstuff,malware,1,0.80710375,1,malware
edu.synthetic.androzoo.malware.sms_otp_stealer.1334,malware,1,0.94177496,1,malware
edu.synthetic.androzoo.malware.overlay_pin_stealer.0124,malware,1,0.95251,1,malware
co.davos.mathme,benign,0,0.845181,1,malware
com.fornetjob.neonballs,benign,0,0.12305985,0,benign
com.relax.wordsearch,benign,0,0.66514385,1,malware
com.nexmachina.grupsoletict,benign,0,0.89436597,1,malware
com.aduro.amp,benign,0,0.4308369,0,benign
com.examin8.exam,benign,0,0.008875373,0,benign
edu.synthetic.androzoo.malware.sms_otp_stealer.0753,malware,1,0.9841046,1,malware
webviewgold.iTipFooty,benign,0,0.19611982,0,benign
ru.simple.wine,benign,0,0.99193174,1,malware
com.nsd.mysteryOfFortune,malware,1,0.9959274,1,malware
com.utec.utec,malware,1,0.031975765,0,benign
com.tidemedia.bozhou,malware,1,0.9780326,1,malware
com.ledpixelart.piledriver,benign,0,0.075594634,0,benign
com.hazratferozmemon,benign,0,0.07512389,0,benign
com.kahunas.io.OsborneCoaching,benign,0,0.10840098,0,benign
com.pdf.reader.pdfviewer.pdfeditor.forandroid,benign,0,0.7482594,1,malware
com.Edugamus.CityPatrol,benign,0,0.2794621,0,benign
com.fywork.ballwa,malware,1,0.99954826,1,malware
com.iphigenie,benign,0,0.9951515,1,malware
com.happybirthdaysms.happybirthdaysms,malware,1,0.028938739,0,benign
com.app.mycatholiclifeinc,benign,0,0.98545736,1,malware
com.coolandroidappzfree.freesudoku,benign,0,0.20231198,0,benign
li.mmc.app,benign,0,0.5433189,1,malware
com.ggxfj.frog,malware,1,0.029090213,0,benign
com.boltrend.castleburn.nesh,malware,1,0.995977,1,malware
edu.synthetic.androzoo.malware.wallet_stealer.0165,malware,1,0.9914665,1,malware
com.jeffreytht.gobblet,benign,0,0.082007155,0,benign
com.studdywise,benign,0,0.044673484,0,benign
jp.digitallab.kawachi,benign,0,0.88601834,1,malware
com.youdao.translator,malware,1,0.12142137,0,benign
com.pvp_online.naval.warship.tactics,benign,0,0.95833194,1,malware
edu.synthetic.androzoo.malware.banker_accessibility.0937,malware,1,0.99350834,1,malware
edu.synthetic.androzoo.malware.wallet_stealer.0024,malware,1,0.9819536,1,malware
edu.synthetic.androzoo.malware.banker_accessibility.1476,malware,1,0.9752725,1,malware
edu.synthetic.androzoo.malware.ransomware_locker.0620,malware,1,0.51596063,1,malware
com.activecampaign.androidcrm,benign,0,0.14174086,0,benign
ai.plaud.android.plaud,benign,0,0.934999,1,malware
edu.synthetic.androzoo.malware.banker_accessibility.1604,malware,1,0.9550554,1,malware
com.flighthub.app,benign,0,0.9778432,1,malware
nc.zygo.taxi.passenger,benign,0,0.0056014936,0,benign
com.youvisit.hybridvr59971,malware,1,0.12764291,0,benign
edu.synthetic.androzoo.malware.spyware_surveillance.1933,malware,1,0.9888144,1,malware
com.stb.v2,benign,0,0.98404944,1,malware
com.entrolabs.ncdap,benign,0,0.5753446,1,malware
edu.synthetic.androzoo.malware.adware_clicker.0587,malware,1,0.6645346,1,malware
edu.synthetic.androzoo.malware.banker_accessibility.0049,malware,1,0.9974878,1,malware
com.PAglosario,benign,0,0.97680646,1,malware
com.eni.communication,benign,0,0.008940777,0,benign
com.sportq.fit,malware,1,0.95211345,1,malware
edu.synthetic.androzoo.malware.dropper_loader.0495,malware,1,0.6937136,1,malware
io.flic.app,benign,0,0.5009814,1,malware
edu.synthetic.androzoo.malware.banker_accessibility.1655,malware,1,0.9947966,1,malware
com.aura.suite,malware,1,0.0035732314,0,benign
edu.synthetic.androzoo.malware.adware_clicker.0145,malware,1,0.79643494,1,malware
edu.synthetic.androzoo.malware.sms_otp_stealer.0541,malware,1,0.98942965,1,malware
com.longkoo.fighter,malware,1,0.9607831,1,malware
edu.synthetic.androzoo.malware.dropper_loader.0836,malware,1,0.81154186,1,malware
com.next.nlp.stemfield,benign,0,0.0326212,0,benign
edu.synthetic.androzoo.malware.banker_accessibility.0716,malware,1,0.92608947,1,malware
com.grunkr.gravitylockscreen,malware,1,0.9153147,1,malware
com.zamplus.marathonsh,malware,1,0.016377741,0,benign
jp.go.kunaicho.iha,benign,0,0.7933741,1,malware
com.sega.ColorfulStage.en,benign,0,0.3565893,0,benign
edu.synthetic.androzoo.malware.spyware_surveillance.1521,malware,1,0.87005454,1,malware
edu.synthetic.androzoo.malware.ransomware_locker.1631,malware,1,0.6129718,1,malware
edu.synthetic.androzoo.malware.banker_accessibility.0943,malware,1,0.9955979,1,malware
com.styleseat.promobile,benign,0,0.66938317,1,malware
edu.synthetic.androzoo.malware.sms_otp_stealer.1375,malware,1,0.8912054,1,malware
edu.synthetic.androzoo.malware.banker_accessibility.1091,malware,1,0.9903724,1,malware
edu.synthetic.androzoo.malware.ransomware_locker.1242,malware,1,0.31232628,0,benign
com.ai.womendrag,malware,1,0.31293312,0,benign
com.card.carddiary,malware,1,0.040404364,0,benign
com.simpfect.mrsilver.easyklassmember,benign,0,0.45751745,0,benign
com.ubestkid.collection.a,malware,1,0.9787445,1,malware
digifit.android.virtuagym.pro.ywcaofasheville,benign,0,0.98936605,1,malware
edu.synthetic.androzoo.malware.spyware_surveillance.0116,malware,1,0.97663474,1,malware
com.appeasybuild.apps6093bab1a04b5,benign,0,0.86338234,1,malware
uk.co.newsquest.dorsetecho,benign,0,0.063662656,0,benign
com.subsplashconsulting.s_S9QW82,benign,0,0.03811112,0,benign
com.grandgames.carmatch,benign,0,0.0119567765,0,benign
com.mnightt.slices,benign,0,0.13489261,0,benign
edu.synthetic.androzoo.malware.overlay_pin_stealer.1442,malware,1,0.9687349,1,malware
com.myunitel.activities,benign,0,0.00576862,0,benign
com.guidebook.apps.IES.android,benign,0,0.97322583,1,malware
edu.synthetic.androzoo.malware.overlay_pin_stealer.0968,malware,1,0.97805744,1,malware
edu.synthetic.androzoo.malware.spyware_surveillance.1650,malware,1,0.98313797,1,malware
edu.synthetic.androzoo.malware.overlay_pin_stealer.1076,malware,1,0.96775705,1,malware
com.yizhilu.caidiantong,malware,1,0.7325991,1,malware
com.pheaa.mobile.aspire,benign,0,0.32960278,0,benign
org.pattersonclippers.pattersonapp,malware,1,0.11028283,0,benign
com.eztcn.user,malware,1,0.9568479,1,malware
edu.synthetic.androzoo.malware.spyware_surveillance.1064,malware,1,0.91628927,1,malware
goldensoft.com.goldenpedidos,benign,0,0.87651646,1,malware
com.expertsuggestion.percentagecalculator,benign,0,0.12439291,0,benign
jp.pya.tenten.app.minuterogue,benign,0,0.03712277,0,benign
sharedesk.net.optixapp.launchcowork,benign,0,0.59575355,1,malware
com.TarterStudio.MRIProtocolosdeResonancia,benign,0,0.074452914,0,benign
com.rajgrowup.djmusicmixer,benign,0,0.015281414,0,benign
com.mysticmobileapps.terrain.radar,benign,0,0.014185343,0,benign
com.free.ttdj,malware,1,0.028606826,0,benign
com.CSswankychicboutique.android,benign,0,0.06916554,0,benign
com.eduven.cc.italian,benign,0,0.020673735,0,benign
edu.synthetic.androzoo.malware.dropper_loader.1452,malware,1,0.6625937,1,malware
fr.gestionsports.dijonpadel,benign,0,0.7038207,1,malware
com.thepattern.app,benign,0,0.84792256,1,malware
com.sobrr.agnes,benign,0,0.97143835,1,malware
com.coeursoft.bbdeathpitch,benign,0,0.89221203,1,malware
com.champapps.gtp,benign,0,0.7953762,1,malware
edu.synthetic.androzoo.malware.adware_clicker.0722,malware,1,0.35155675,0,benign
nl.speakap.linda,benign,0,0.26509735,0,benign
edu.synthetic.androzoo.malware.sms_otp_stealer.1136,malware,1,0.9361567,1,malware
com.groupebayard.prionseneglise.iphone,benign,0,0.24070463,0,benign
com.aljazeera.mobile,benign,0,0.97973114,1,malware
edu.synthetic.androzoo.malware.banker_accessibility.0289,malware,1,0.99536574,1,malware
com.dailyworkhoroscopes.net,benign,0,0.47454908,0,benign
br.com.controlezootecnico.lactalis,benign,0,0.28404355,0,benign
edu.synthetic.androzoo.malware.wallet_stealer.0815,malware,1,0.99210465,1,malware
com.play.merge.restyle,benign,0,0.8812555,1,malware
com.rainbow.shreecarpenter,benign,0,0.06836898,0,benign
com.saubcy.games.puzzle.Palm,malware,1,0.33237454,0,benign
com.moov.jets.sharingapp2,benign,0,0.99054015,1,malware
com.easytor.ohadshemesh,benign,0,0.9766908,1,malware
edu.synthetic.androzoo.malware.wallet_stealer.1898,malware,1,0.8967926,1,malware
com.sug3rs.manypaper,malware,1,0.7080023,1,malware
com.huaban.android,malware,1,0.9778677,1,malware
com.google.android.youtube,benign,0,0.54892594,1,malware
com.apptegy.centralca,benign,0,0.1523589,0,benign
com.hiwell,benign,0,0.17475742,0,benign
com.swissborg.android,benign,0,0.98080486,1,malware
edu.synthetic.androzoo.malware.banker_accessibility.0812,malware,1,0.93793726,1,malware
edu.synthetic.androzoo.malware.dropper_loader.0896,malware,1,0.70667225,1,malware
com.nznlabs.litpro_mx,benign,0,0.731809,1,malware
com.melodygames.royaldreamindianwedding,benign,0,0.5654103,1,malware
de.geos.app,benign,0,0.6685639,1,malware
com.app.goldnlilies,benign,0,0.9833297,1,malware
edu.synthetic.androzoo.malware.spyware_surveillance.0379,malware,1,0.9901394,1,malware
ak.christmasshooter,malware,1,0.56798506,1,malware
com.playspare.pizzarestaurant,malware,1,0.11150055,0,benign
edu.synthetic.androzoo.malware.overlay_pin_stealer.1168,malware,1,0.98140275,1,malware
it.bigstudio.bigstudio3,malware,1,0.7777345,1,malware
com.trexit.trexedia,benign,0,0.36342067,0,benign
edu.synthetic.androzoo.malware.adware_clicker.0645,malware,1,0.99108243,1,malware
com.chief.mobile,benign,0,0.1292689,0,benign
com.vs.mena,benign,0,0.755617,1,malware
com.berrycomm.smarthome,benign,0,0.0076549747,0,benign
com.tocaboca.tocamini,malware,1,0.30778295,0,benign
edu.synthetic.androzoo.malware.wallet_stealer.1356,malware,1,0.9971806,1,malware
com.gotoup.amenhelper,malware,1,0.26333246,0,benign
com.dongbao.ygzj,malware,1,0.09381536,0,benign
com.subsplashconsulting.s_G5V9SS,benign,0,0.0061605256,0,benign
edu.synthetic.androzoo.malware.sms_otp_stealer.0382,malware,1,0.9542772,1,malware
edu.synthetic.androzoo.malware.overlay_pin_stealer.1823,malware,1,0.9771732,1,malware
com.sybirex.wingoplan,benign,0,0.0029206171,0,benign
edu.synthetic.androzoo.malware.dropper_loader.1077,malware,1,0.94712305,1,malware
jp.co.machicomi,benign,0,0.9868405,1,malware
com.upperpik.beadtoyasmr,benign,0,0.2747985,0,benign
com.ebsig.shop,malware,1,0.9526172,1,malware
com.sxb.answer.activity,malware,1,0.961702,1,malware
com.twitter.videodownload.videodownloaderfortwitter,benign,0,0.99398005,1,malware
com.motionmetrics.carv,benign,0,0.9392135,1,malware
edu.synthetic.androzoo.malware.banker_accessibility.0307,malware,1,0.9803555,1,malware
edu.synthetic.androzoo.malware.banker_accessibility.1087,malware,1,0.9923045,1,malware
com.ghs.sortpuz.bottle.game,benign,0,0.026061915,0,benign
edu.synthetic.androzoo.malware.ransomware_locker.1679,malware,1,0.96770424,1,malware
com.trainerize.noahlyftsfitness,benign,0,0.93570924,1,malware
com.hexun.caidaopro,malware,1,0.37824804,0,benign
edu.synthetic.androzoo.malware.ransomware_locker.1378,malware,1,0.787804,1,malware
edu.synthetic.androzoo.malware.wallet_stealer.0976,malware,1,0.99042577,1,malware
zeljkoa.games.planetdrop,malware,1,0.99235743,1,malware
com.padeldev.stat,benign,0,0.37550396,0,benign
com.phone.contact.call.phonecontact,malware,1,0.3661598,0,benign
kr.ninth.sol2,benign,0,0.48205647,0,benign
edu.synthetic.androzoo.malware.adware_clicker.0216,malware,1,0.9334795,1,malware
com.cosentino.cconnect,benign,0,0.13502821,0,benign
com.pixplus.ali,malware,1,0.9495654,1,malware
com.equipmentgroup.AlignerSX1,benign,0,0.038859483,0,benign
com.fubar.mobile,benign,0,0.13045673,0,benign
com.silky.apps.gold.lock,benign,0,0.12592335,0,benign
edu.synthetic.androzoo.malware.adware_clicker.1231,malware,1,0.65844345,1,malware
edu.synthetic.androzoo.malware.dropper_loader.1784,malware,1,0.95417583,1,malware
org.cocos2dx.LittleBattle,malware,1,0.9998696,1,malware
com.anbe.app,benign,0,0.96958995,1,malware
com.garantiemeklilik.cepsube,benign,0,0.51848257,1,malware
com.nampadesign.train,benign,0,0.11925122,0,benign
edu.synthetic.androzoo.malware.overlay_pin_stealer.0377,malware,1,0.98146397,1,malware
edu.synthetic.androzoo.malware.spyware_surveillance.0729,malware,1,0.9915187,1,malware
edu.synthetic.androzoo.malware.sms_otp_stealer.1311,malware,1,0.9729565,1,malware
com.onaliro.mpa,benign,0,0.98380727,1,malware
teletalk.teletalkcustomerapp,benign,0,0.20608258,0,benign
edu.synthetic.androzoo.malware.dropper_loader.1636,malware,1,0.6293344,1,malware
au.com.cheq,benign,0,0.41829306,0,benign
com.zanaxu.wordcounter,benign,0,0.69032055,1,malware
com.mogo.shuiguollk,malware,1,0.547116,1,malware
jp.co.iyobank.dhdl.safety.playstore,benign,0,0.73793095,1,malware
ae.silal.fms,benign,0,0.9825781,1,malware
edu.synthetic.androzoo.malware.overlay_pin_stealer.0065,malware,1,0.9202359,1,malware
com.apptegy.ocostawa,benign,0,0.034518726,0,benign
jp.co.welpjob,benign,0,0.020801954,0,benign
edu.synthetic.androzoo.malware.sms_otp_stealer.1905,malware,1,0.99468863,1,malware
com.funiza.poolstrikeoffline,benign,0,0.124018565,0,benign
com.citizenobserver.wildtipnc,benign,0,0.9689297,1,malware
com.game168.gameofmafia,benign,0,0.98299545,1,malware
com.vanceandhines.fp4,benign,0,0.051103603,0,benign
com.shubhlaxmi.option.stoploss.target,malware,1,0.95125055,1,malware
com.epay.wallet.epmm,benign,0,0.93621886,1,malware
gr.delhaize,benign,0,0.6910877,1,malware
com.brewgames.coinmatch,benign,0,0.7921824,1,malware
bd.com.upay.customer,malware,1,0.014863216,0,benign
com.qiuwen.android,malware,1,0.0676471,0,benign
com.getgarner.app,benign,0,0.969676,1,malware
com.goodapp.camera,malware,1,0.98491687,1,malware
com.resetfitness.tribe,benign,0,0.076612964,0,benign
com.huazhenginfo.HZDailyqd,malware,1,0.2701518,0,benign
edu.synthetic.androzoo.malware.dropper_loader.1178,malware,1,0.8376963,1,malware
com.subsplashconsulting.s_859K4B,benign,0,0.0071477653,0,benign
edu.synthetic.androzoo.malware.overlay_pin_stealer.1852,malware,1,0.9824923,1,malware
edu.synthetic.androzoo.malware.spyware_surveillance.1234,malware,1,0.9115802,1,malware
com.attack.longlegs.yyh,malware,1,0.8872652,1,malware
com.venusjewel,benign,0,0.6389858,1,malware
edu.synthetic.androzoo.malware.banker_accessibility.0044,malware,1,0.9872432,1,malware
com.chillnstudy.enhu,benign,0,0.8930467,1,malware
edu.synthetic.androzoo.malware.spyware_surveillance.1296,malware,1,0.7656044,1,malware
projet824.menorah,benign,0,0.8562862,1,malware
edu.synthetic.androzoo.malware.overlay_pin_stealer.0410,malware,1,0.97128016,1,malware
edu.synthetic.androzoo.malware.banker_accessibility.1910,malware,1,0.99051356,1,malware
edu.synthetic.androzoo.malware.banker_accessibility.1865,malware,1,0.97392714,1,malware
edu.synthetic.androzoo.malware.overlay_pin_stealer.1128,malware,1,0.94590104,1,malware
mn.zerotech.boostibev1,benign,0,0.9764075,1,malware
com.cyta.selfcare,benign,0,0.019565148,0,benign
com.scsoft.maldivesrtl,benign,0,0.9748277,1,malware
com.quitoque,benign,0,0.9783504,1,malware
com.Prompt.MuApp,benign,0,0.091691054,0,benign
edu.synthetic.androzoo.malware.ransomware_locker.1054,malware,1,0.5437852,1,malware
keikyu.kq_app,benign,0,0.9937943,1,malware
edu.synthetic.androzoo.malware.sms_otp_stealer.0797,malware,1,0.98670423,1,malware
com.sibisoft.lakemoni,benign,0,0.051727187,0,benign
com.tinmanarts.IWantToWatchTVPhone,malware,1,0.9977385,1,malware
net.meshkorea.vroongfriends,benign,0,0.009968015,0,benign
au.com.digivista.wordpipes,benign,0,0.057012446,0,benign
com.csasecurity.app,benign,0,0.98163164,1,malware
com.Radyoye.Kurdi,benign,0,0.013913196,0,benign
com.hrs.decibelmobilesolution,malware,1,0.012291347,0,benign
edu.synthetic.androzoo.malware.ransomware_locker.1678,malware,1,0.6871635,1,malware
com.openworld.carsimulatorct,benign,0,0.51018703,1,malware
com.simyasolutions.ling,benign,0,0.025340443,0,benign
cc.sidi.SigmaScript,benign,0,0.5346532,1,malware
edu.synthetic.androzoo.malware.overlay_pin_stealer.1571,malware,1,0.97673804,1,malware
com.canva.editor,benign,0,0.004354021,0,benign
edu.synthetic.androzoo.malware.ransomware_locker.0388,malware,1,0.81984484,1,malware
linguado.com.linguado,benign,0,0.020012947,0,benign
lsh.nzcp4,malware,1,0.9908827,1,malware
edu.synthetic.androzoo.malware.dropper_loader.0173,malware,1,0.8747092,1,malware
com.autobid.val,benign,0,0.9677389,1,malware
com.gps.routefinder.livetraffic.map,benign,0,0.07604262,0,benign
com.razzlepuzzles.dotconnect,benign,0,0.08580534,0,benign
io.mediaworks.android.dnevnohr,benign,0,0.983244,1,malware
com.luckystargame.funbigtwo,malware,1,0.9948437,1,malware
edu.synthetic.androzoo.malware.banker_accessibility.0413,malware,1,0.9953092,1,malware
com.bridgebase.BridgeBase,benign,0,0.08980228,0,benign
com.shuiyinbao.android,malware,1,0.97195995,1,malware
com.BloonClicker.playgameservices,benign,0,0.9879572,1,malware
com.eflasoft.fradeufree,benign,0,0.07040207,0,benign
edu.synthetic.androzoo.malware.overlay_pin_stealer.0272,malware,1,0.96428305,1,malware
com.zonedeliveryservicerider,benign,0,0.01731213,0,benign
edu.synthetic.androzoo.malware.sms_otp_stealer.1068,malware,1,0.9168904,1,malware
com.babe.bliss.studio.Kids.Fun.Car.Repair.Race.Game,benign,0,0.9543941,1,malware
water.drink.reminder.tracker,benign,0,0.9547063,1,malware
edu.synthetic.androzoo.malware.dropper_loader.0843,malware,1,0.9937238,1,malware
net.hanulsoft.nenc,benign,0,0.33151093,0,benign
com.mywidz.mwp.hb.app.di.android,benign,0,0.28616574,0,benign
com.cleverapps.adventure,benign,0,0.005849004,0,benign
edu.synthetic.androzoo.malware.spyware_surveillance.0939,malware,1,0.994111,1,malware
fi.digilehdet,benign,0,0.029603697,0,benign
com.recode.pregis,benign,0,0.957623,1,malware
com.bongopharma.bd,malware,1,0.62216866,1,malware
edu.synthetic.androzoo.malware.banker_accessibility.0640,malware,1,0.9989505,1,malware
com.bookmyartist.app,benign,0,0.967952,1,malware
edu.synthetic.androzoo.malware.overlay_pin_stealer.1373,malware,1,0.9799137,1,malware
com.ovuline.fertility,benign,0,0.642959,1,malware
appsolutions.HMT,benign,0,0.9757361,1,malware
com.fibrum.froggyvr,malware,1,0.967557,1,malware
edu.synthetic.androzoo.malware.overlay_pin_stealer.0525,malware,1,0.96020114,1,malware
com.yango.driver.beta,benign,0,0.97760576,1,malware
com.dii.demosphere.prod,benign,0,0.034892496,0,benign
com.economicview.jingwei,malware,1,0.8261486,1,malware
edu.synthetic.androzoo.malware.adware_clicker.0102,malware,1,0.8450612,1,malware
edu.synthetic.androzoo.malware.spyware_surveillance.0723,malware,1,0.94147456,1,malware
com.asngames.basketballdunkgame,malware,1,0.9215837,1,malware
com.everysing.lysn,benign,0,0.9526172,1,malware
com.bol.shop,benign,0,0.016571857,0,benign
edu.synthetic.androzoo.malware.overlay_pin_stealer.1915,malware,1,0.96157277,1,malware
edu.synthetic.androzoo.malware.dropper_loader.1499,malware,1,0.8209311,1,malware
edu.synthetic.androzoo.malware.dropper_loader.1675,malware,1,0.53503096,1,malware
tr.turkgram.messenger,benign,0,0.8683054,1,malware
com.ca.ppm.mobile.v1,benign,0,0.93466824,1,malware
tv.uscreen.haumyoga,benign,0,0.98568326,1,malware
com.bulkypix.wiredefuser,malware,1,0.94946736,1,malware
com.ogemary.smarthome,malware,1,0.8586656,1,malware
com.aimo.quin.colibri,benign,0,0.24725668,0,benign
com.bardovpn,malware,1,0.9607884,1,malware
game.brain.games.iq.test.brain.test.teasers,benign,0,0.11572653,0,benign
com.tree.dayleft,benign,0,0.44409904,0,benign
com.wyt.iexuetang.hd.gs,malware,1,0.78371626,1,malware
com.nexudusspaces.theshop,benign,0,0.31698197,0,benign
edu.synthetic.androzoo.malware.dropper_loader.1609,malware,1,0.68816686,1,malware
com.es.mengmobile.yyh,malware,1,0.997707,1,malware
com.getnotion.android,benign,0,0.9807983,1,malware
ie.uniquepublishing.limericketss,benign,0,0.10441247,0,benign
org.lestuck.mobile,benign,0,0.9215089,1,malware
com.cjol,malware,1,0.25015947,0,benign
com.star.laogh.qiuqian,malware,1,0.97978014,1,malware
edu.synthetic.androzoo.malware.spyware_surveillance.0872,malware,1,0.772472,1,malware
website.lookandfindapp.app,benign,0,0.96449596,1,malware
com.zhihui.chinese,malware,1,0.03589792,0,benign
edu.synthetic.androzoo.malware.banker_accessibility.1747,malware,1,0.9909887,1,malware
com.melesta.coffeeshop,benign,0,0.014350344,0,benign
com.risingapps.photoenhancer,benign,0,0.0359952,0,benign
io.sequr,benign,0,0.9843907,1,malware
edu.synthetic.androzoo.malware.overlay_pin_stealer.0862,malware,1,0.97548974,1,malware
com.subsplashconsulting.s_7BFPKG,benign,0,0.22352143,0,benign
apps.muslim_musafir_khana,benign,0,0.9390382,1,malware
feather.notes,malware,1,0.17879668,0,benign
com.wzhx.mobile.sgbxdw,malware,1,0.9951898,1,malware
app.outsystems.ipppooling.PalletHero,benign,0,0.5469778,1,malware
com.toccata.games.cannonman,malware,1,0.9637655,1,malware
edu.synthetic.androzoo.malware.spyware_surveillance.1507,malware,1,0.997488,1,malware
edu.synthetic.androzoo.malware.banker_accessibility.0114,malware,1,0.9966684,1,malware
cn.com.drivedu.chexuetang,malware,1,0.9489537,1,malware
edu.synthetic.androzoo.malware.wallet_stealer.0051,malware,1,0.99370474,1,malware
ru.frolovvv.asd,benign,0,0.10635317,0,benign
edu.synthetic.androzoo.malware.spyware_surveillance.0561,malware,1,0.9534831,1,malware
com.esiwei.yyasianshop,malware,1,0.80183434,1,malware
edu.synthetic.androzoo.malware.overlay_pin_stealer.1412,malware,1,0.98613876,1,malware
com.magicapp.keepclean.phonebooster,malware,1,0.8374288,1,malware
edu.synthetic.androzoo.malware.spyware_surveillance.1284,malware,1,0.97200173,1,malware
com.clowngames.mobgio.st,malware,1,0.97458684,1,malware
com.colanotes.android,malware,1,0.25061995,0,benign
com.bananaapps.kidapps.cowboys.contourdots.free,malware,1,0.9996202,1,malware
edu.synthetic.androzoo.malware.spyware_surveillance.0774,malware,1,0.88195175,1,malware
com.appslab.blackgospelradio,benign,0,0.020550687,0,benign
edu.synthetic.androzoo.malware.banker_accessibility.0914,malware,1,0.98900616,1,malware
com.babbel.mobile.android.en,benign,0,0.24749589,0,benign
pro.bacca.uralairlines,benign,0,0.8222585,1,malware
edu.synthetic.androzoo.malware.spyware_surveillance.1853,malware,1,0.98629665,1,malware
edu.synthetic.androzoo.malware.overlay_pin_stealer.0586,malware,1,0.9741037,1,malware
com.style_7.lightanalogclocklw_7,benign,0,0.7342164,1,malware
edu.synthetic.androzoo.malware.overlay_pin_stealer.1719,malware,1,0.98742294,1,malware
com.rym.door,benign,0,0.98309475,1,malware
com.poetry.fk.cm,malware,1,0.9997011,1,malware
com.zjlandm.indkuang,malware,1,0.9526172,1,malware
ru.nexttehnika.sos112ru.wrtc,benign,0,0.48125955,0,benign
com.nelliemaevip.android,benign,0,0.11616197,0,benign
com.bithack.apparatus.st,malware,1,0.86691236,1,malware
edu.synthetic.androzoo.malware.spyware_surveillance.1623,malware,1,0.9619534,1,malware
com.pfhcard.production,benign,0,0.9966828,1,malware
kr.co.smartskin.sseoqkr7,benign,0,0.32986388,0,benign
com.napoleon.bookoffate,benign,0,0.7714351,1,malware
com.antpool.app.android,benign,0,0.51971567,1,malware
com.topnewgames.car.parking.game.free,benign,0,0.35802412,0,benign
com.kick.wild.lion.attack,malware,1,0.3791473,0,benign
com.tappocket.dragonvillage,benign,0,0.9014651,1,malware
com.thefishing.hawaii,benign,0,0.2989632,0,benign
com.tippingcanoe.pepperpl,benign,0,0.007599404,0,benign
edu.synthetic.androzoo.malware.dropper_loader.0760,malware,1,0.7561128,1,malware
tech.jm,benign,0,0.003405487,0,benign
com.florasense,benign,0,0.04385776,0,benign
com.mse.monumentalnetworks,benign,0,0.0021040235,0,benign
com.isharing.isharing,benign,0,0.04179485,0,benign
br.com.inchurch.pazchurchguaratuba,benign,0,0.9513385,1,malware
dk.klaravik.app,benign,0,0.9925424,1,malware
edu.synthetic.androzoo.malware.adware_clicker.1122,malware,1,0.865395,1,malware
com.rvappstudios.tile.connect.link.puzzle.game,benign,0,0.98526937,1,malware
com.moblin.israeltrain,benign,0,0.13168047,0,benign
com.emcan.emarat,benign,0,0.05646057,0,benign
se.svd.start,benign,0,0.013290067,0,benign
com.tplink.omada,benign,0,0.4891918,0,benign
com.bssys.mbcphone.akbars,benign,0,0.89413285,1,malware
com.morega.ldsg,malware,1,0.9756756,1,malware
com.guidebook.apps.uos.android,benign,0,0.90106165,1,malware
ru.DmitryLomakin.ReanimationInc.yg,malware,1,0.975104,1,malware
com.renderedideas.idlefarmingtycoon,benign,0,0.16055113,0,benign
com.walainteractive.roshambodash,benign,0,0.082567126,0,benign
edu.synthetic.androzoo.malware.dropper_loader.1127,malware,1,0.849303,1,malware
com.subsplashconsulting.s_983JH4,benign,0,0.009870428,0,benign
edu.synthetic.androzoo.malware.spyware_surveillance.1683,malware,1,0.92871636,1,malware
com.infra.jkgb,benign,0,0.22540934,0,benign
edu.synthetic.androzoo.malware.adware_clicker.1524,malware,1,0.9462367,1,malware
com.qumu.viewer,benign,0,0.07486026,0,benign
com.mobirix.jp.bubblebobble1,benign,0,0.047624268,0,benign
com.neighbors.darkriddle,benign,0,0.98868144,1,malware
com.subsplashconsulting.s_HBP7KC,benign,0,0.05475745,0,benign
com.wave.lalkar,benign,0,0.33755338,0,benign
com.helplove.shbf,malware,1,0.8442637,1,malware
net.nijigen_chat,benign,0,0.9761125,1,malware
com.estgames.cm.jp,benign,0,0.016759532,0,benign
io.iftech.android.box,malware,1,0.25151578,0,benign
edu.synthetic.androzoo.malware.ransomware_locker.1185,malware,1,0.6881334,1,malware
com.wanmeizhensuo.zhensuo,malware,1,0.46191075,0,benign
com.yulin.VertexVerveInc.Games,malware,1,0.67949224,1,malware
org.fcbh.xalibt.n2.n,benign,0,0.9390376,1,malware
edu.synthetic.androzoo.malware.overlay_pin_stealer.1396,malware,1,0.96822125,1,malware
edu.synthetic.androzoo.malware.overlay_pin_stealer.1402,malware,1,0.9892547,1,malware
com.my6.android,benign,0,0.21255653,0,benign
com.mike.gifmaker,benign,0,0.9968586,1,malware
com.shici,malware,1,0.60307413,1,malware
edu.synthetic.androzoo.malware.overlay_pin_stealer.0221,malware,1,0.96922517,1,malware
edu.synthetic.androzoo.malware.dropper_loader.0867,malware,1,0.75713235,1,malware
com.thuanlumi.gentlesunny,benign,0,0.9049796,1,malware
pl.netigen.perfect.bouzouki.tuner,benign,0,0.9941328,1,malware
edu.synthetic.androzoo.malware.wallet_stealer.0878,malware,1,0.9584712,1,malware
py.com.sudameris,benign,0,0.0058755176,0,benign
com.sice_app,benign,0,0.01741584,0,benign
com.cloudtech.weatherradar,malware,1,0.9968087,1,malware
com.nikinorm.gus,benign,0,0.17867647,0,benign
edu.synthetic.androzoo.malware.spyware_surveillance.0246,malware,1,0.9879032,1,malware
jp.app.flipit,benign,0,0.01662059,0,benign
edu.synthetic.androzoo.malware.banker_accessibility.1040,malware,1,0.9642197,1,malware
edu.synthetic.androzoo.malware.overlay_pin_stealer.1292,malware,1,0.9505589,1,malware
com.loopdfs.consumer,malware,1,0.9719953,1,malware
edu.synthetic.androzoo.malware.wallet_stealer.0472,malware,1,0.99464095,1,malware
com.cellit.cellitnews.wset,benign,0,0.3435746,0,benign
edu.synthetic.androzoo.malware.overlay_pin_stealer.1245,malware,1,0.97647285,1,malware
com.nahdi.main,benign,0,0.9487179,1,malware
com.xd_geospatial.andorra,benign,0,0.13705713,0,benign
com.wishfinityinc.wishfinity,benign,0,0.20487767,0,benign
edu.synthetic.androzoo.malware.spyware_surveillance.1318,malware,1,0.9561209,1,malware
com.inforcrom.android.avfarena,malware,1,0.9989574,1,malware
HitTheBottle.com,malware,1,0.9548207,1,malware
uk.co.stefsquared.vanguard,benign,0,0.016772967,0,benign
com.kingsoft.mobile3d.iloli91,malware,1,0.29940474,0,benign
com.LDRLY.budmatch,benign,0,0.06989514,0,benign
com.h8games.helixjump,malware,1,0.53044736,1,malware
com.repsly.android.feed,benign,0,0.0061321175,0,benign
com.coachcare.lifetimehnmhj,benign,0,0.7631323,1,malware
com.wizeyes.colorcapture,malware,1,0.034579992,0,benign
edu.synthetic.androzoo.malware.wallet_stealer.0068,malware,1,0.9963012,1,malware
com.sixfootthreefoot.elevensup,benign,0,0.17429486,0,benign
com.global.pnck,benign,0,0.08818794,0,benign
edu.synthetic.androzoo.malware.sms_otp_stealer.1144,malware,1,0.90251917,1,malware
no.nyby,benign,0,0.020317603,0,benign
com.blaszmo.bthere,benign,0,0.77671367,1,malware
edu.synthetic.androzoo.malware.wallet_stealer.0070,malware,1,0.9880436,1,malware
edu.synthetic.androzoo.malware.spyware_surveillance.0200,malware,1,0.9881294,1,malware
digifit.android.virtuagym.pro.eindhovengym,benign,0,0.90201014,1,malware
edu.synthetic.androzoo.malware.banker_accessibility.1626,malware,1,0.94678384,1,malware
games.doro.busstation,benign,0,0.17456053,0,benign
com.ddsafricaltd.fieldmetrics,benign,0,0.0035360844,0,benign
com.exys2008.over,benign,0,0.31237808,0,benign
com.prvidr.paas.coles.prod,benign,0,0.014804855,0,benign
shamimsoft.vares,malware,1,0.03381228,0,benign
co.com.hgi.hginetmovil,benign,0,0.03325944,0,benign
com.mojobybobo.komunitikita,benign,0,0.95324147,1,malware
edu.synthetic.androzoo.malware.sms_otp_stealer.0980,malware,1,0.9817763,1,malware
com.yimishiji.app,malware,1,0.04115994,0,benign
app.streetracefury,benign,0,0.97011536,1,malware
com.communi.agl,benign,0,0.019978723,0,benign
edu.synthetic.androzoo.malware.ransomware_locker.0004,malware,1,0.84586334,1,malware
edu.synthetic.androzoo.malware.ransomware_locker.0190,malware,1,0.5593873,1,malware
com.lge.laundryinstaller,benign,0,0.9953306,1,malware
aexyn.stereogramviewer,benign,0,0.10920475,0,benign
com.unitybars.corplight.oschadbank,benign,0,0.0069592334,0,benign
guide.portugal.lisbon.prod,benign,0,0.9921182,1,malware
jp.co.masa21.app.masa21scapp,benign,0,0.14578237,0,benign
com.apptegy.dawson,benign,0,0.24690351,0,benign
tv.sensical.android,benign,0,0.85265833,1,malware
com.wnapp.id1717297840426,benign,0,0.51679426,1,malware
edu.synthetic.androzoo.malware.dropper_loader.1587,malware,1,0.96426237,1,malware
com.pivotcreates.universalchurchdirectory,benign,0,0.9903464,1,malware
app.donkeymobile.interkerkelijkdovenpastoraat,benign,0,0.021615105,0,benign
com.holucent.grammarde,benign,0,0.012917833,0,benign
com.comptoirdespecheurs.app.dkt,benign,0,0.042947732,0,benign
com.kiloo.subwaysurf,malware,1,0.59603876,1,malware
com.arryved,benign,0,0.39926976,0,benign
brazil.chatsansar.com,benign,0,0.8605776,1,malware
com.recode.aerodyneapex,benign,0,0.9627343,1,malware
edu.synthetic.androzoo.malware.dropper_loader.0876,malware,1,0.6912705,1,malware
events.seminairepartenaires.iwi,benign,0,0.846324,1,malware
edu.synthetic.androzoo.malware.sms_otp_stealer.0256,malware,1,0.8820979,1,malware
com.ttk.hdl,malware,1,0.96220356,1,malware
com.horizonfitnessexperience.programs,benign,0,0.43799138,0,benign
com.sinyee.babybus.share,malware,1,0.86755663,1,malware
com.ionicframework.cs0786,benign,0,0.9021781,1,malware
com.subsplashconsulting.s_W98M7N,benign,0,0.024791611,0,benign
coza.globalchoices.infinitiassist,benign,0,0.06913919,0,benign
com.gmfr.heavy.excavator.simulator2,malware,1,0.68413484,1,malware
com.mitsu.ColorNo33_autumn,benign,0,0.9752823,1,malware
com.arbella.myarbella,benign,0,0.61259747,1,malware
edu.synthetic.androzoo.malware.wallet_stealer.0650,malware,1,0.96429425,1,malware
edu.synthetic.androzoo.malware.ransomware_locker.0003,malware,1,0.69775,1,malware
com.bmac.usbsnc,benign,0,0.0037297867,0,benign
edu.synthetic.androzoo.malware.sms_otp_stealer.0997,malware,1,0.8687444,1,malware
edu.synthetic.androzoo.malware.banker_accessibility.1881,malware,1,0.9881223,1,malware
com.onetake,benign,0,0.48079306,0,benign
com.blackthorn.clipmaker,benign,0,0.053248886,0,benign
edu.synthetic.androzoo.malware.spyware_surveillance.0429,malware,1,0.9539768,1,malware
com.ritzdeligames.eraserblast,benign,0,0.04539056,0,benign
com.subsplashconsulting.s_5MFNFH,benign,0,0.029545987,0,benign
io.pushpay.hcnazarene,benign,0,0.03418441,0,benign
edu.synthetic.androzoo.malware.banker_accessibility.0323,malware,1,0.9899442,1,malware
com.vacationtracker.app,benign,0,0.42421538,0,benign
com.grocerkey.frontendapp.woodmans,benign,0,0.475749,0,benign
edu.synthetic.androzoo.malware.adware_clicker.0965,malware,1,0.7058904,1,malware
com.ssgz.pica,benign,0,0.9384576,1,malware
com.linker.scyt,malware,1,0.6383766,1,malware
com.bitmango.go.unblockcasual,benign,0,0.025846828,0,benign
com.capitalairlines.dingpiao,malware,1,0.9684235,1,malware
jp.co.a_tm.android.plus_kawaii_hamster,benign,0,0.08428275,0,benign
edu.synthetic.androzoo.malware.banker_accessibility.0419,malware,1,0.89053404,1,malware
edu.synthetic.androzoo.malware.sms_otp_stealer.0370,malware,1,0.88066435,1,malware
edu.synthetic.androzoo.malware.sms_otp_stealer.0713,malware,1,0.9930821,1,malware
edu.synthetic.androzoo.malware.sms_otp_stealer.0583,malware,1,0.9038081,1,malware
edu.synthetic.androzoo.malware.ransomware_locker.0296,malware,1,0.5612916,1,malware
com.Sunscool.Sunscool,benign,0,0.9778439,1,malware
it.gasparilab.myroverchiara,benign,0,0.9499709,1,malware
com.rescue.machine,benign,0,0.09167557,0,benign
com.filerecoverypro.master.frp,malware,1,0.13692883,0,benign
com.lduboscq.goodvibesdaily,benign,0,0.2048683,0,benign
com.newindiadevs.weedseed,benign,0,0.37181273,0,benign
edu.synthetic.androzoo.malware.overlay_pin_stealer.1755,malware,1,0.9731679,1,malware
edu.synthetic.androzoo.malware.banker_accessibility.0507,malware,1,0.9967722,1,malware
com.wonderfulgames.princesscatlearun,benign,0,0.4539571,0,benign
edu.synthetic.androzoo.malware.dropper_loader.0675,malware,1,0.7939292,1,malware
com.MyCollege.app,benign,0,0.05446612,0,benign
me.hxyfj.rk,malware,1,0.75340086,1,malware
edu.synthetic.androzoo.malware.banker_accessibility.0803,malware,1,0.9924279,1,malware
com.trainerize.unconventionaltrainingapp,benign,0,0.91129696,1,malware
edu.synthetic.androzoo.malware.overlay_pin_stealer.0281,malware,1,0.9692143,1,malware
uk.co.storlann.faclanfalaichte.faclan_falaichte,benign,0,0.7862838,1,malware
com.mavi.kartus,benign,0,0.008430841,0,benign
com.team17.escapists,malware,1,0.92355585,1,malware
uk.co.aifactory.sudokufree,benign,0,0.43473002,0,benign
com.my.jump.lab,benign,0,0.06421159,0,benign
com.ayibang.ayb,malware,1,0.6935956,1,malware
co.hopon.client,benign,0,0.7254045,1,malware
edu.synthetic.androzoo.malware.overlay_pin_stealer.1841,malware,1,0.96629244,1,malware
edu.synthetic.androzoo.malware.banker_accessibility.0046,malware,1,0.9973556,1,malware
com.noqta.noqtadispetchdriver,benign,0,0.0071414537,0,benign
com.subsplashconsulting.s_VM45B6,benign,0,0.00849617,0,benign
com.soft.ware.lock.hd,malware,1,0.004515615,0,benign
com.scg.anime.family.simulator,malware,1,0.99391574,1,malware
com.facilitygrid.mobile,benign,0,0.5616823,1,malware
edu.synthetic.androzoo.malware.spyware_surveillance.0394,malware,1,0.9873376,1,malware
edu.synthetic.androzoo.malware.dropper_loader.0213,malware,1,0.83989143,1,malware
com.sabe.brevet,benign,0,0.2547667,0,benign
edu.synthetic.androzoo.malware.overlay_pin_stealer.1920,malware,1,0.9814403,1,malware
com.adventure.streamwalkertribes,benign,0,0.25401786,0,benign
com.yong.bible_plus,malware,1,0.01390366,0,benign
art.teamlab.exhibitions.app,benign,0,0.9602923,1,malware
com.isl.sifootball,benign,0,0.0045913938,0,benign
edu.synthetic.androzoo.malware.banker_accessibility.1824,malware,1,0.9467457,1,malware
com.hungrypanda.waimai,benign,0,0.98400104,1,malware
edu.synthetic.androzoo.malware.overlay_pin_stealer.0432,malware,1,0.93892854,1,malware
com.best.quick.browser,malware,1,0.09500975,0,benign
com.momsitter.android.hybridapp,benign,0,0.059943333,0,benign
get.lokal.localjobs,benign,0,0.10563634,0,benign
edu.synthetic.androzoo.malware.dropper_loader.1346,malware,1,0.9726467,1,malware
edu.synthetic.androzoo.malware.banker_accessibility.0791,malware,1,0.9949115,1,malware
com.citizenobserver.dodgecitypd,benign,0,0.97235876,1,malware
ca.craver.aptthreeespbar,benign,0,0.9643333,1,malware
com.lungtransplant,benign,0,0.10887024,0,benign
edu.synthetic.androzoo.malware.overlay_pin_stealer.0167,malware,1,0.977764,1,malware
com.sibisoft.leisure,benign,0,0.16156025,0,benign
edu.synthetic.androzoo.malware.dropper_loader.0365,malware,1,0.78512686,1,malware
com.sh.tlzgh,malware,1,0.42182484,0,benign
com.hs.leadi,benign,0,0.24129908,0,benign
edu.synthetic.androzoo.malware.banker_accessibility.0280,malware,1,0.9927108,1,malware
edu.synthetic.androzoo.malware.dropper_loader.1785,malware,1,0.9001026,1,malware
jp.gr.java_conf.koni.warasibe.pj,malware,1,0.1511311,0,benign
me.magicgirl.magicgirl,benign,0,0.87160325,1,malware
com.bravolang.dutch,malware,1,0.97530884,1,malware
br.com.sistemaprover.pibvidacrista,benign,0,0.123499565,0,benign
edu.synthetic.androzoo.malware.sms_otp_stealer.1688,malware,1,0.96096593,1,malware
edu.synthetic.androzoo.malware.sms_otp_stealer.1844,malware,1,0.948519,1,malware
com.luyun.diary,malware,1,0.8635291,1,malware
com.corridor.rots,malware,1,0.13633333,0,benign
edu.synthetic.androzoo.malware.dropper_loader.1759,malware,1,0.98357403,1,malware
words.puzzle.wordgame.free.connect,benign,0,0.0759203,0,benign
com.subsplash.thechurchapp.s_2KTBXN,benign,0,0.004894973,0,benign
edu.synthetic.androzoo.malware.banker_accessibility.1733,malware,1,0.99694186,1,malware
edu.synthetic.androzoo.malware.wallet_stealer.0842,malware,1,0.99836963,1,malware
com.ustcsoft.zshl.app,malware,1,0.9222741,1,malware
de.appack.project.tv_bruckhausen,benign,0,0.7165509,1,malware
com.YsoCorp.Bacteria,benign,0,0.11244943,0,benign
com.scenix.mlearning,malware,1,0.020889701,0,benign
com.octotelematics.creditras,benign,0,0.5107673,1,malware
edu.synthetic.androzoo.malware.sms_otp_stealer.1419,malware,1,0.8560286,1,malware
com.loner.fruitclear,malware,1,0.9937255,1,malware
com.moyun365.android.zkhistory,malware,1,0.25201163,0,benign
com.mta.videotube.playtube,benign,0,0.13144937,0,benign
jp.co.muse.matsuro,malware,1,0.11249463,0,benign
edu.synthetic.androzoo.malware.dropper_loader.1666,malware,1,0.98594695,1,malware
com.dwwang.staff,malware,1,0.9943374,1,malware
edu.synthetic.androzoo.malware.banker_accessibility.1736,malware,1,0.9943447,1,malware
com.communi.stamiapp,benign,0,0.5819188,1,malware
edu.synthetic.androzoo.malware.dropper_loader.0132,malware,1,0.76323,1,malware
com.vip.bet.predict,malware,1,0.9645264,1,malware
com.ptwired.betapt,benign,0,0.27160805,0,benign
com.aitype.android.lang.ru,benign,0,0.97921604,1,malware
edu.synthetic.androzoo.malware.wallet_stealer.0138,malware,1,0.9908873,1,malware
edu.synthetic.androzoo.malware.banker_accessibility.0955,malware,1,0.9932634,1,malware
com.youxigongchang.chuanyuexiyou.a323.yyh,malware,1,0.99391234,1,malware
edu.synthetic.androzoo.malware.ransomware_locker.0161,malware,1,0.91053504,1,malware
edu.synthetic.androzoo.malware.overlay_pin_stealer.0823,malware,1,0.9426197,1,malware
edu.synthetic.androzoo.malware.banker_accessibility.0871,malware,1,0.9969361,1,malware
com.bayt,benign,0,0.7382864,1,malware
com.herogame.gplay.eternalevolution.idlerpg,benign,0,0.66440505,1,malware
com.app4joy.tunisia_free,benign,0,0.41128063,0,benign
edu.synthetic.androzoo.malware.wallet_stealer.0944,malware,1,0.9984573,1,malware
au.com.seatfrog.icarus,benign,0,0.9813541,1,malware
br.com.vsvdrive.passenger.drivermachine,benign,0,0.9532547,1,malware
ru.ifmo.itmostudents,benign,0,0.986331,1,malware
com.trukkeruae.trukker_vender,benign,0,0.04543317,0,benign
edu.synthetic.androzoo.malware.spyware_surveillance.0395,malware,1,0.98239785,1,malware
com.matrix_digi.ma_remote,malware,1,0.9041299,1,malware
com.acemoneytransfer.android,benign,0,0.95220596,1,malware
com.bhmginc.id2997,benign,0,0.016116682,0,benign
ru.psbank.invest,benign,0,0.018282272,0,benign
edu.synthetic.androzoo.malware.overlay_pin_stealer.0436,malware,1,0.9319025,1,malware
ca.lockedup.teleporte,benign,0,0.25388515,0,benign
edu.synthetic.androzoo.malware.dropper_loader.0780,malware,1,0.8556125,1,malware
edu.synthetic.androzoo.malware.overlay_pin_stealer.0128,malware,1,0.93299943,1,malware
jp.co.jal.flightfun,benign,0,0.53362,1,malware
edu.synthetic.androzoo.malware.overlay_pin_stealer.1270,malware,1,0.94272953,1,malware
com.echurchapps.newspringks,benign,0,0.017020974,0,benign
com.zhan.runhealthy,benign,0,0.9614245,1,malware
com.eka.Resist,benign,0,0.015826099,0,benign
com.sneakmartapp,benign,0,0.9938268,1,malware
edu.synthetic.androzoo.malware.sms_otp_stealer.0957,malware,1,0.8201864,1,malware
com.blackbird.card.aata,benign,0,0.3623468,0,benign
edu.synthetic.androzoo.malware.banker_accessibility.0059,malware,1,0.97323686,1,malware
wsh.shuizhu.boook,malware,1,0.05867072,0,benign
net.plazz.mea.octopusfreightnetwork,benign,0,0.89008456,1,malware
com.soft.blued,malware,1,0.9734795,1,malware
com.regula.documentreader,benign,0,0.004408077,0,benign
edu.synthetic.androzoo.malware.spyware_surveillance.1606,malware,1,0.99200374,1,malware
edu.synthetic.androzoo.malware.ransomware_locker.0894,malware,1,0.97248566,1,malware
com.mampod.ergedd,malware,1,0.8953912,1,malware
edu.synthetic.androzoo.malware.overlay_pin_stealer.1331,malware,1,0.9737005,1,malware
rod.WebView.apps,malware,1,0.8603961,1,malware
com.wego.android,benign,0,0.07047345,0,benign
edu.synthetic.androzoo.malware.overlay_pin_stealer.1142,malware,1,0.96908385,1,malware
com.meuradinho.radio40039,benign,0,0.15293248,0,benign
com.minimotors.escooter,benign,0,0.50764036,1,malware
com.subsplash.thechurchapp.reallife,benign,0,0.00711349,0,benign
com.application.zomato.district,benign,0,0.020289665,0,benign
edu.synthetic.androzoo.malware.spyware_surveillance.0198,malware,1,0.98294514,1,malware
edu.synthetic.androzoo.malware.overlay_pin_stealer.1016,malware,1,0.9676945,1,malware
com.tgame.sand.box,benign,0,0.3898276,0,benign
weather.forecast.storm.radar,malware,1,0.90948296,1,malware
edu.synthetic.androzoo.malware.banker_accessibility.0808,malware,1,0.9875946,1,malware
jp.co.aree_cosme.AREE,benign,0,0.9456913,1,malware
edu.synthetic.androzoo.malware.wallet_stealer.0618,malware,1,0.9893021,1,malware
edu.synthetic.androzoo.malware.wallet_stealer.1187,malware,1,0.97292966,1,malware
com.mitake.mls,benign,0,0.4218919,0,benign
com.appsphereinnovations.tamilcomedystickers,benign,0,0.17194806,0,benign
com.igg.android.galaxyonline3_beta,malware,1,0.31597647,0,benign
gr.itworx.solidcore,benign,0,0.069384694,0,benign
com.aaritya.sahi_trade_app,benign,0,0.9846037,1,malware
edu.synthetic.androzoo.malware.banker_accessibility.1860,malware,1,0.9962431,1,malware
edu.synthetic.androzoo.malware.adware_clicker.1851,malware,1,0.6611113,1,malware
com.asapps.learnfrench,benign,0,0.9849781,1,malware
com.etcgamestudioo.pixel,malware,1,0.96640867,1,malware
coach.zing.fitness,benign,0,0.012592755,0,benign
com.idmobile.norwaymeteo,benign,0,0.22836216,0,benign
com.weatherteam.dailyweather.forecast,benign,0,0.3177179,0,benign
com.coloring.games.color.by.numbers,benign,0,0.019219296,0,benign
com.appmocion.club_gourmet,benign,0,0.048285067,0,benign
com.giantfish.survive.thelong.drive,malware,1,0.11014312,0,benign
com.boyaa.androidmarketfr,benign,0,0.9952991,1,malware
com.lgtech.checktime_io,benign,0,0.23820378,0,benign
edu.synthetic.androzoo.malware.banker_accessibility.0930,malware,1,0.95729524,1,malware
si.triglavskladi.app,benign,0,0.2931717,0,benign
edu.synthetic.androzoo.malware.spyware_surveillance.0551,malware,1,0.93427837,1,malware
com.gergelynagy.wordfinder,benign,0,0.39129597,0,benign
com.shoujiduoduo.dj,malware,1,0.6123153,1,malware
com.alan.mod.skin.for.mcpe,malware,1,0.7523279,1,malware
com.wyt.iexuetang.hd.xxtb,malware,1,0.8025118,1,malware
gool.mobile,benign,0,0.89129007,1,malware
edu.synthetic.androzoo.malware.spyware_surveillance.0158,malware,1,0.94611174,1,malware
com.afgame.app.poolball,benign,0,0.007419363,0,benign
com.estsoft.alyac,benign,0,0.019053265,0,benign
com.ios.callscreen.icalldialer,benign,0,0.13465255,0,benign
edu.synthetic.androzoo.malware.sms_otp_stealer.0623,malware,1,0.9253063,1,malware
com.medpresso.Lonestar.currcardio,benign,0,0.2680188,0,benign
edu.synthetic.androzoo.malware.overlay_pin_stealer.1566,malware,1,0.98506147,1,malware
edu.synthetic.androzoo.malware.overlay_pin_stealer.1361,malware,1,0.9847356,1,malware
com.DiyPalletsAndCrates.andidev,benign,0,0.940719,1,malware
edu.synthetic.androzoo.malware.ransomware_locker.1814,malware,1,0.87286574,1,malware
com.upbean.appcmcoop,benign,0,0.92023605,1,malware
edu.synthetic.androzoo.malware.ransomware_locker.1357,malware,1,0.9545114,1,malware
com.cgs.flying.monster.robot.transformer,malware,1,0.9937571,1,malware
edu.synthetic.androzoo.malware.dropper_loader.0501,malware,1,0.9582366,1,malware
edu.synthetic.androzoo.malware.ransomware_locker.0737,malware,1,0.4281732,0,benign
edu.synthetic.androzoo.malware.overlay_pin_stealer.1561,malware,1,0.9074242,1,malware
com.iyuba.camstory,malware,1,0.105970554,0,benign
com.appazur.nsspartans,benign,0,0.86434686,1,malware
it.bolognafc.app,benign,0,0.9909197,1,malware
edu.synthetic.androzoo.malware.spyware_surveillance.0112,malware,1,0.99150556,1,malware
com.chownow.mimistoobagelsdeli,benign,0,0.059550222,0,benign
mmorpg.main,benign,0,0.5886982,1,malware
info.ishared.gwy_xc,malware,1,0.10074882,0,benign
com.cheche365.a.chebaoyi,malware,1,0.2323138,0,benign
edu.synthetic.androzoo.malware.dropper_loader.0177,malware,1,0.821356,1,malware
com.focustech.abizbest.app.moblie,malware,1,0.5703446,1,malware
kh.com.wooribank.ibanking,benign,0,0.051105045,0,benign
com.mysports.branded.icekalt,benign,0,0.9841484,1,malware
edu.synthetic.androzoo.malware.sms_otp_stealer.0360,malware,1,0.9733331,1,malware
com.burningthumb.mobile.iDrone,benign,0,0.18949182,0,benign
water.sort.soda.color.puzzle.games,benign,0,0.08274337,0,benign
edu.synthetic.androzoo.malware.overlay_pin_stealer.0212,malware,1,0.98422503,1,malware
com.zaggle,benign,0,0.07128725,0,benign
edu.synthetic.androzoo.malware.wallet_stealer.0482,malware,1,0.99159557,1,malware
com.tbs.incredible.monster.ghost.superhero.aliens,malware,1,0.7871913,1,malware
com.chargepass.presto,benign,0,0.99075246,1,malware
edu.synthetic.androzoo.malware.sms_otp_stealer.1659,malware,1,0.9186264,1,malware
net.capitalfirst.fi,benign,0,0.040979166,0,benign
edu.synthetic.androzoo.malware.wallet_stealer.1773,malware,1,0.99417406,1,malware
edu.synthetic.androzoo.malware.dropper_loader.0932,malware,1,0.59652996,1,malware
edu.synthetic.androzoo.malware.spyware_surveillance.1503,malware,1,0.90296584,1,malware
com.metta.mindfulness,malware,1,0.8435793,1,malware
com.thinkive.android.hbtyb,malware,1,0.56486195,1,malware
com.Nubapp.Resawod,benign,0,0.9015108,1,malware
com.bds.orthodox_bible,benign,0,0.9925431,1,malware
edu.synthetic.androzoo.malware.spyware_surveillance.1555,malware,1,0.97362906,1,malware
edu.synthetic.androzoo.malware.banker_accessibility.0343,malware,1,0.99124056,1,malware
pl.pkobp.iko,benign,0,0.52430826,1,malware
com.games.trucksimulator.indiantruck.free,malware,1,0.63607657,1,malware
com.auyou.eqy,malware,1,0.7539288,1,malware
edu.synthetic.androzoo.malware.spyware_surveillance.1188,malware,1,0.8002714,1,malware
com.peterhohsy.mybowling,benign,0,0.58356684,1,malware
com.was.city.traffic.control.simulator3d,malware,1,0.8748523,1,malware
com.moon.baby.learn.pinying,malware,1,0.06526041,0,benign
com.subsplashconsulting.s_V9XJC8,benign,0,0.0044695684,0,benign
com.tools.web.hi.browser,benign,0,0.19358821,0,benign
edu.synthetic.androzoo.malware.dropper_loader.0085,malware,1,0.9347381,1,malware
com.sage.jiecai,malware,1,0.9750416,1,malware
com.falan.humanfall,benign,0,0.9685139,1,malware
com.backupeamoozesh3,malware,1,0.18297185,0,benign
com.simcoachgames.gethired,benign,0,0.04743433,0,benign
edu.synthetic.androzoo.malware.wallet_stealer.1011,malware,1,0.9838562,1,malware
com.jsdx.hsdj,malware,1,0.53502065,1,malware
com.acesoft.ninjajump,benign,0,0.059741195,0,benign
edu.synthetic.androzoo.malware.spyware_surveillance.1575,malware,1,0.9677536,1,malware
com.cocos2dx.hobbit,malware,1,0.9897564,1,malware
jp.Ruta56.SlantGauge,benign,0,0.39343053,0,benign
edu.synthetic.androzoo.malware.banker_accessibility.1861,malware,1,0.9900412,1,malware
edu.synthetic.androzoo.malware.spyware_surveillance.0459,malware,1,0.9302421,1,malware
edu.synthetic.androzoo.malware.ransomware_locker.1267,malware,1,0.74509865,1,malware
com.yeoniyouni.readbooks,benign,0,0.4032133,0,benign
com.trainerize.holismo,benign,0,0.99216205,1,malware
com.mondadori.scienceetvie,benign,0,0.9257634,1,malware
com.battledragonrpg.death,malware,1,0.9901598,1,malware
com.sizestream.sah,benign,0,0.9035344,1,malware
com.subsplashconsulting.s_FJMDHB,benign,0,0.0053658583,0,benign
edu.synthetic.androzoo.malware.overlay_pin_stealer.1518,malware,1,0.84719014,1,malware
ua.com.goodwine.app,benign,0,0.0070708925,0,benign
es.odilo.merck,benign,0,0.24474856,0,benign
com.ThreeCatGames.HamsterAttack,malware,1,0.57006544,1,malware
com.ahs.gaipapp.gaipapp,benign,0,0.90824443,1,malware
edu.synthetic.androzoo.malware.banker_accessibility.0854,malware,1,0.9973477,1,malware
edu.synthetic.androzoo.malware.dropper_loader.0357,malware,1,0.85926247,1,malware
com.whetcloud.forunpoint.user,benign,0,0.6837633,1,malware
com.exmge.app,benign,0,0.95625216,1,malware
com.ballfoot.kingzq,malware,1,0.9526172,1,malware
edu.synthetic.androzoo.malware.overlay_pin_stealer.0178,malware,1,0.9006611,1,malware
solitaire.cardgames.solitairegames.free.klondike,benign,0,0.5328156,1,malware
com.fibrum.propastvr,malware,1,0.6409152,1,malware
com.livemcq.livemcq,benign,0,0.4979056,0,benign
edu.synthetic.androzoo.malware.dropper_loader.1601,malware,1,0.5023448,1,malware
com.lixil.hmnet.android.smartjp,benign,0,0.26910016,0,benign
com.ingin.games.hangryplant,benign,0,0.12575614,0,benign
edu.synthetic.androzoo.malware.wallet_stealer.0692,malware,1,0.9880927,1,malware
edu.synthetic.androzoo.malware.overlay_pin_stealer.1667,malware,1,0.9539272,1,malware
edu.synthetic.androzoo.malware.spyware_surveillance.1877,malware,1,0.94212145,1,malware
sandbox.numberbycolor.pixelart,malware,1,0.9770512,1,malware
edu.synthetic.androzoo.malware.overlay_pin_stealer.0740,malware,1,0.95093745,1,malware
com.inhouse.chinesewriter,benign,0,0.8996091,1,malware
edu.synthetic.androzoo.malware.ransomware_locker.0055,malware,1,0.91833276,1,malware
edu.synthetic.androzoo.malware.sms_otp_stealer.0694,malware,1,0.9550765,1,malware
edu.synthetic.androzoo.malware.dropper_loader.0849,malware,1,0.79130703,1,malware
edu.synthetic.androzoo.malware.spyware_surveillance.1488,malware,1,0.9590841,1,malware
edu.synthetic.androzoo.malware.sms_otp_stealer.1728,malware,1,0.8977197,1,malware
com.mskj.riwei,malware,1,0.951599,1,malware
edu.synthetic.androzoo.malware.spyware_surveillance.1407,malware,1,0.9290186,1,malware
edu.synthetic.androzoo.malware.banker_accessibility.1906,malware,1,0.9661434,1,malware
edu.synthetic.androzoo.malware.overlay_pin_stealer.0873,malware,1,0.9217734,1,malware
com.nonghyupit.with,benign,0,0.99863356,1,malware
edu.synthetic.androzoo.malware.sms_otp_stealer.1163,malware,1,0.82601714,1,malware
edu.synthetic.androzoo.malware.banker_accessibility.1409,malware,1,0.99097073,1,malware
com.medpresso.Lonestar.emsnotes,benign,0,0.108304165,0,benign
edu.synthetic.androzoo.malware.dropper_loader.1556,malware,1,0.8177402,1,malware
edu.synthetic.androzoo.malware.ransomware_locker.0147,malware,1,0.68131715,1,malware
io.github.trojan_gfw.igniterfst,malware,1,0.15886727,0,benign
uy.com.Santander,benign,0,0.00901655,0,benign
com.bluegolf.android.ntpga,benign,0,0.096524626,0,benign
com.rich.person.roll,malware,1,0.18972184,0,benign
com.whoisup.app,benign,0,0.85771877,1,malware
edu.synthetic.androzoo.malware.banker_accessibility.0597,malware,1,0.95834005,1,malware
com.game.officelife.pt,malware,1,0.5050519,1,malware
com.apextiming.speeders,benign,0,0.009130563,0,benign
edu.synthetic.androzoo.malware.overlay_pin_stealer.1293,malware,1,0.9700979,1,malware
com.Jarvis.AI.Mzansi.Hustle.Game,benign,0,0.94357616,1,malware
com.android.kmax.noisecheck,malware,1,0.9995845,1,malware
com.leadertask.app,benign,0,0.9850278,1,malware
com.ikdong.recipe.b07491ycs9,benign,0,0.10488441,0,benign
com.solou.catendless.run.mg.ly,malware,1,0.88854647,1,malware
com.AnderK.WheelScale.pt,malware,1,0.9867867,1,malware
com.app.alershad,benign,0,0.9761125,1,malware
nl.marktplaats.android,benign,0,0.13015793,0,benign
com.ymatou.shop,malware,1,0.042901184,0,benign
com.igratstudios.joindotswars,malware,1,0.12420296,0,benign
com.redgamesinc.loserwithrope,malware,1,0.97835016,1,malware
com.cykj.chuangyingdiy,malware,1,0.99206233,1,malware
edu.synthetic.androzoo.malware.dropper_loader.1194,malware,1,0.8517439,1,malware
com.sinyee.babybus.help,malware,1,0.8327522,1,malware
com.oliveyoung,benign,0,0.98507255,1,malware
com.cnr.hkradio,malware,1,0.88043004,1,malware
edu.synthetic.androzoo.malware.banker_accessibility.1147,malware,1,0.97314477,1,malware
com.absolutist.witchpranksfreegame,benign,0,0.41139704,0,benign
com.zhkj.lawquerysystem,malware,1,0.7555976,1,malware
com.creativeconsultant.comcomcoin,benign,0,0.10299981,0,benign
edu.synthetic.androzoo.malware.spyware_surveillance.0386,malware,1,0.9764513,1,malware
com.bigduckgames.sparkart.beautyfire,malware,1,0.17224996,0,benign
net.gntalk.oitalk,benign,0,0.037463725,0,benign
edu.unisim.backpack,benign,0,0.025891647,0,benign
com.promo360.promo360,benign,0,0.063957065,0,benign
com.pyngmobile,benign,0,0.94933385,1,malware
com.chuangkit,malware,1,0.04959687,0,benign
edu.synthetic.androzoo.malware.wallet_stealer.1897,malware,1,0.9168942,1,malware
com.loyverse.dashboard,benign,0,0.32577956,0,benign
edu.synthetic.androzoo.malware.spyware_surveillance.1458,malware,1,0.93286425,1,malware
com.cradlepoint.verify,benign,0,0.5103456,1,malware
com.cafe24.ec.pluslemango,benign,0,0.94272494,1,malware
com.mobiloids.findjoe.mystery_of_the_stones.margaret,benign,0,0.16878477,0,benign
com.eastsidegames.ccmatch,benign,0,0.13079202,0,benign
com.ariesapp.elisi.elisiwrapper,benign,0,0.05514412,0,benign
edu.synthetic.androzoo.malware.sms_otp_stealer.0742,malware,1,0.97076845,1,malware
com.amixys.ami,malware,1,0.95488226,1,malware
edu.synthetic.androzoo.malware.dropper_loader.1349,malware,1,0.6803607,1,malware
edu.synthetic.androzoo.malware.dropper_loader.1684,malware,1,0.8062334,1,malware
jp.dotgames.maouyusya_hh,malware,1,0.94023305,1,malware
edu.synthetic.androzoo.malware.banker_accessibility.0041,malware,1,0.99122334,1,malware
com.divmob.impostor,benign,0,0.92044336,1,malware
com.iacad.apps,benign,0,0.13124467,0,benign
com.debragga.debraggaapp,benign,0,0.070212,0,benign
edu.synthetic.androzoo.malware.spyware_surveillance.1870,malware,1,0.98701847,1,malware
com.hemzstudios.slimemerge,benign,0,0.0950908,0,benign
com.kyivstar.tv.mobile,benign,0,0.0023168935,0,benign
edu.synthetic.androzoo.malware.banker_accessibility.0160,malware,1,0.997601,1,malware
wb.gc.xmxx.zxb.yyh,malware,1,0.9991198,1,malware
geo.gpsfence.mapster,benign,0,0.09260172,0,benign
ru.zigmund.online,benign,0,0.9009813,1,malware
edu.synthetic.androzoo.malware.banker_accessibility.0900,malware,1,0.993668,1,malware
edu.synthetic.androzoo.malware.sms_otp_stealer.1602,malware,1,0.97086394,1,malware
com.tiamaes.busassistant,malware,1,0.9526172,1,malware
edu.synthetic.androzoo.malware.ransomware_locker.1277,malware,1,0.8211719,1,malware
com.gwhizmobile.lippincottpathology,benign,0,0.013044773,0,benign
com.akdeveloper.staffregister,benign,0,0.19561353,0,benign
ch.beekeeper.bellfoodgroup,benign,0,0.39770874,0,benign
edu.synthetic.androzoo.malware.banker_accessibility.0547,malware,1,0.9983638,1,malware
jp.mixi,benign,0,0.05224574,0,benign
com.studioclangore.escaperoom,benign,0,0.8739795,1,malware
com.easytor.barbel,benign,0,0.19593522,0,benign
com.dijitalvarliklar.tgrthaber,benign,0,0.52845514,1,malware
com.evendo.global_guide,benign,0,0.9944246,1,malware
com.StatusSaver.forWhatsapp,malware,1,0.11960788,0,benign
my.com.cosway.team,benign,0,0.05136967,0,benign
com.finance.hotline,benign,0,0.94919056,1,malware
com.bindassgames.csstrike.gun.shooting.game2020,benign,0,0.28426725,0,benign
com.codewai.radios.uk.hsm,benign,0,0.31180608,0,benign
com.takeoffbolts.screw.puzzle,benign,0,0.0071482593,0,benign
com.privatevpn.internetaccess,benign,0,0.040776234,0,benign
com.batix.wrapper.KomBus,benign,0,0.06583366,0,benign
com.anykrowd.luckyclub_app,benign,0,0.72966725,1,malware
com.pricelesscarrental.app,benign,0,0.4698531,0,benign
com.oscar.videochat.wow,benign,0,0.045249395,0,benign
edu.synthetic.androzoo.malware.overlay_pin_stealer.1708,malware,1,0.97302306,1,malware
com.spiritshack.sls,benign,0,0.4179491,0,benign
com.bloommushroom.fourworlds.shiba,malware,1,0.31989834,0,benign
com.screamgo.onion,malware,1,0.9958282,1,malware
com.mobile.number.location.call.number.locator.call.tracker,benign,0,0.9925249,1,malware
com.video.downloader.vitmate.allvideodownloader,malware,1,0.7615721,1,malware
edu.synthetic.androzoo.malware.sms_otp_stealer.0851,malware,1,0.8618,1,malware
cc.ottclub.android,benign,0,0.025416298,0,benign
shenzhen.com.cn,malware,1,0.8007329,1,malware
edu.synthetic.androzoo.malware.dropper_loader.1818,malware,1,0.74883974,1,malware
com.mobincube.estudios_biblicos_mujeres.sc_H2AC4E,malware,1,0.2670655,0,benign
ie.flipdish.fd18352,benign,0,0.6061094,1,malware
dev.wafu.classgrad,benign,0,0.17302068,0,benign
com.apcurium.MK.Alberta,benign,0,0.7306015,1,malware
com.trainerize.eastwesthealth,benign,0,0.96832377,1,malware
com.bbumgames.opa,benign,0,0.12286112,0,benign
edu.synthetic.androzoo.malware.banker_accessibility.0605,malware,1,0.9955493,1,malware
com.amuvirus.hookvpn,malware,1,0.010338134,0,benign
com.NanoMedix.EasyGameDev,malware,1,0.46540454,0,benign
edu.synthetic.androzoo.malware.banker_accessibility.0646,malware,1,0.9957926,1,malware
com.mobiweb.bizcloud,benign,0,0.07170757,0,benign
com.is.android.modalis,benign,0,0.38059396,0,benign
com.mobeasyapp.app227612917576,benign,0,0.20097186,0,benign
store_app_interface.elmaayergy,benign,0,0.030040145,0,benign
in.sunfox.healthcare.spandanecg,benign,0,0.9763979,1,malware
com.eonsoft.DiscV2,benign,0,0.88097906,1,malware
edu.synthetic.androzoo.malware.dropper_loader.1885,malware,1,0.5700167,1,malware
edu.synthetic.androzoo.malware.banker_accessibility.0162,malware,1,0.9879666,1,malware
dev.tuantv.android.quickaccess,benign,0,0.6767261,1,malware
com.apiomni.kikkle,benign,0,0.01947828,0,benign
jp.sally_inc.uzu,benign,0,0.9742017,1,malware
edu.synthetic.androzoo.malware.banker_accessibility.0755,malware,1,0.99739945,1,malware
com.centr.app,benign,0,0.6757648,1,malware
edu.synthetic.androzoo.malware.spyware_surveillance.1166,malware,1,0.9708076,1,malware
com.free.vpn.super.hotspot.open,benign,0,0.92646676,1,malware
com.mnblessgt.sefdidf,malware,1,0.9526172,1,malware
edu.synthetic.androzoo.malware.adware_clicker.1777,malware,1,0.8181333,1,malware
jp.co.mplanning.grow,benign,0,0.6433344,1,malware
com.linebet.tebenil.line.bet,malware,1,0.16465715,0,benign
gr.imove.passenger,benign,0,0.8405968,1,malware
edu.synthetic.androzoo.malware.dropper_loader.1811,malware,1,0.9501995,1,malware
com.nurseio,benign,0,0.25021353,0,benign
news.cnr.cn,malware,1,0.9233867,1,malware
com.askme.application,benign,0,0.9884437,1,malware
com.appsmart.delivery.chillipizzeria15232,benign,0,0.824056,1,malware
edu.synthetic.androzoo.malware.sms_otp_stealer.0364,malware,1,0.97180736,1,malware
edu.synthetic.androzoo.malware.overlay_pin_stealer.1117,malware,1,0.97118145,1,malware
edu.synthetic.androzoo.malware.banker_accessibility.1175,malware,1,0.9969405,1,malware
com.qihoo.cleandroid_cn,malware,1,0.9526172,1,malware
com.erow.oneguncat,benign,0,0.8498195,1,malware
com.nechapps.hairdress,benign,0,0.0134463785,0,benign
cc.ldsd.yxt,malware,1,0.9797084,1,malware
wireless.forum,malware,1,0.1528483,0,benign
edu.synthetic.androzoo.malware.wallet_stealer.1770,malware,1,0.99777836,1,malware
com.app.worldwinorder,benign,0,0.09187403,0,benign
com.buzzato.lungcancer,benign,0,0.10084943,0,benign
edu.synthetic.androzoo.malware.spyware_surveillance.1880,malware,1,0.9696935,1,malware
edu.synthetic.androzoo.malware.banker_accessibility.1141,malware,1,0.9973258,1,malware
com.trucorp.trumonitor,benign,0,0.99665797,1,malware
com.triviaquiz.funtriviaquestions,benign,0,0.26207176,0,benign
com.TDF.ShellRacingLegends,benign,0,0.9673363,1,malware
com.suivo.timelogger,benign,0,0.9695136,1,malware
com.t20000.lvji,malware,1,0.93322206,1,malware
com.radiopatsh.libia_arab,benign,0,0.08170959,0,benign
water.sort.puzzle.color.sort.games,benign,0,0.090506144,0,benign
com.aboutjsp.memowidget,benign,0,0.19877681,0,benign
com.planeth.rhythm,benign,0,0.22126804,0,benign
edu.synthetic.androzoo.malware.banker_accessibility.1226,malware,1,0.99681324,1,malware
com.fatmerge.global,benign,0,0.01858412,0,benign
edu.synthetic.androzoo.malware.ransomware_locker.0720,malware,1,0.7976051,1,malware
com.frp.garbage.truck.simulator,benign,0,0.19681373,0,benign
alarmclock.alarm.simplealarm.clock.alarmapp,malware,1,0.024742795,0,benign
com.vagell.kv4pht,benign,0,0.034493253,0,benign
edu.synthetic.androzoo.malware.sms_otp_stealer.0169,malware,1,0.9637016,1,malware
com.multibrains.taxi.passenger.ulendotaxizambia,benign,0,0.0065447376,0,benign
com.perfect.organizing.tidy.games,benign,0,0.034475826,0,benign
org.viewspark.admin,benign,0,0.62939054,1,malware
edu.synthetic.androzoo.malware.banker_accessibility.0350,malware,1,0.99595547,1,malware
edu.synthetic.androzoo.malware.dropper_loader.0684,malware,1,0.6724932,1,malware
edu.synthetic.androzoo.malware.banker_accessibility.1195,malware,1,0.99279964,1,malware
edu.synthetic.androzoo.malware.spyware_surveillance.0589,malware,1,0.9881025,1,malware
edu.synthetic.androzoo.malware.spyware_surveillance.0143,malware,1,0.99218255,1,malware
edu.synthetic.androzoo.malware.spyware_surveillance.0562,malware,1,0.9636036,1,malware
com.trainerize.kettlebellkim,benign,0,0.989125,1,malware
com.unyte.relaxingrhythms2,benign,0,0.029060643,0,benign
edu.synthetic.androzoo.malware.sms_otp_stealer.1313,malware,1,0.88891894,1,malware
com.aptener.bluarmor.app,benign,0,0.9850943,1,malware
com.numbers.pop.puzzlegames.block,benign,0,0.27197602,0,benign
net.myarx.placesbeen,benign,0,0.919698,1,malware
edu.synthetic.androzoo.malware.overlay_pin_stealer.0224,malware,1,0.96632874,1,malware
edu.synthetic.androzoo.malware.dropper_loader.0977,malware,1,0.98148715,1,malware
io.covalue.www.covalueapp,benign,0,0.0135449935,0,benign
br.com.pampa.liberdade,benign,0,0.03310554,0,benign
com.gribbon.android.rocketbosang,benign,0,0.011547836,0,benign
eu.screensoft.vigneullesinfos,benign,0,0.35325623,0,benign
com.andrutyk.waiterbolt,benign,0,0.9937388,1,malware
edu.synthetic.androzoo.malware.sms_otp_stealer.0105,malware,1,0.89877975,1,malware
com.gtsy.capturing.heroes,benign,0,0.081718646,0,benign
pl.appworks.holzberg_totem,benign,0,0.14584412,0,benign
com.rootershub.psx,benign,0,0.9931722,1,malware
com.amitech.alleventsorg,benign,0,0.98137605,1,malware
edu.synthetic.androzoo.malware.banker_accessibility.0259,malware,1,0.9830335,1,malware
cn.com.vtmarkets,benign,0,0.9552055,1,malware
app.zeal.wallet,benign,0,0.99281985,1,malware
com.YsoCorp.DinoDomination,benign,0,0.1757988,0,benign
edu.synthetic.androzoo.malware.overlay_pin_stealer.1148,malware,1,0.9509359,1,malware
com.mynayatel,benign,0,0.03344158,0,benign
com.delcedo.app.improasis,benign,0,0.03162676,0,benign
com.pixeleater.nocturneheights,malware,1,0.059825234,0,benign
net.spookygames.sacrifices,benign,0,0.104254894,0,benign
com.aiyu.kaipanla,malware,1,0.1248749,0,benign
com.lt.shakeme,malware,1,0.73663247,1,malware
com.subsplashconsulting.s_R5VRVM,benign,0,0.010118742,0,benign
com.quicdent,benign,0,0.99720734,1,malware
edu.synthetic.androzoo.malware.banker_accessibility.1720,malware,1,0.97512496,1,malware
com.ottai.seas,benign,0,0.99114686,1,malware
com.ptwired.bpr,benign,0,0.19647153,0,benign
edu.synthetic.androzoo.malware.spyware_surveillance.1200,malware,1,0.98555404,1,malware
com.gm.ordering.customer.app.babia,benign,0,0.9929066,1,malware
com.netease.blockchain,malware,1,0.5920032,1,malware
cc.flyblue.quickspot,malware,1,0.04577164,0,benign
edu.synthetic.androzoo.malware.dropper_loader.1515,malware,1,0.48362437,0,benign
com.eZone.app,benign,0,0.68804884,1,malware
com.plant.identifier.plantcare.app,benign,0,0.019165875,0,benign
com.timuzgames.missioncounterattack.ly,malware,1,0.038256742,0,benign
com.jdb.mbanking,benign,0,0.98094577,1,malware
com.robtheis.android.phrasebook.tc.md,benign,0,0.15093526,0,benign
edu.synthetic.androzoo.malware.overlay_pin_stealer.1522,malware,1,0.9908936,1,malware
com.kogi.mirrorfootball,benign,0,0.99489367,1,malware
com.saubcy.games.puzzle.Pokemon.B,malware,1,0.81143117,1,malware
edu.synthetic.androzoo.malware.spyware_surveillance.0653,malware,1,0.8801052,1,malware
com.simyasolutions.ling.sk,benign,0,0.87048167,1,malware
edu.synthetic.androzoo.malware.adware_clicker.0141,malware,1,0.78804755,1,malware
com.mttnow.android.bcd.production,benign,0,0.028592633,0,benign
com.barkoder.demoscanner,benign,0,0.98211795,1,malware
edu.synthetic.androzoo.malware.adware_clicker.1350,malware,1,0.6248977,1,malware
com.swash.transitworld.ottawa,benign,0,0.013779732,0,benign
com.bunbunstudio.magicblocktiles,benign,0,0.15209916,0,benign
com.markodevcic.python_code_pad,benign,0,0.9274792,1,malware
com.yindan.jiazhengmerchant,malware,1,0.07705575,0,benign
app.seniorsafety,malware,1,0.033995934,0,benign
edu.synthetic.androzoo.malware.banker_accessibility.0567,malware,1,0.9649649,1,malware
com.toomanyrequests.fluencymeasurement,benign,0,0.976772,1,malware
com.kuberbullion,benign,0,0.77756476,1,malware
my.com.maxis.hotlink.production,benign,0,0.8130075,1,malware
edu.synthetic.androzoo.malware.overlay_pin_stealer.1351,malware,1,0.9859788,1,malware
edu.synthetic.androzoo.malware.ransomware_locker.1308,malware,1,0.6554103,1,malware
com.CitrusLife.CatchtheMammoth,benign,0,0.15694986,0,benign
edu.synthetic.androzoo.malware.sms_otp_stealer.0515,malware,1,0.95932454,1,malware
com.subhash.ghosh.sg.gita,malware,1,0.29380557,0,benign
edu.synthetic.androzoo.malware.banker_accessibility.1131,malware,1,0.9670144,1,malware
com.olimsoft.android.oplayer,malware,1,0.87731457,1,malware
edu.synthetic.androzoo.malware.wallet_stealer.1753,malware,1,0.99886334,1,malware
com.mahasty.song.bouchinc,benign,0,0.96848965,1,malware
com.airble.airble,benign,0,0.2052464,0,benign
com.rumbo.mobile.android,benign,0,0.58013785,1,malware
edu.synthetic.androzoo.malware.wallet_stealer.1057,malware,1,0.96895224,1,malware
edu.synthetic.androzoo.malware.overlay_pin_stealer.1061,malware,1,0.96540314,1,malware
edu.synthetic.androzoo.malware.dropper_loader.0913,malware,1,0.6922351,1,malware
edu.synthetic.androzoo.malware.adware_clicker.0556,malware,1,0.9020637,1,malware
com.redshieldvpn.app,benign,0,0.9652945,1,malware
com.wawagame.app.colorfulworld,malware,1,0.014772272,0,benign
com.finch.finch,benign,0,0.9773416,1,malware
edu.synthetic.androzoo.malware.wallet_stealer.0058,malware,1,0.9949602,1,malware
edu.synthetic.androzoo.malware.ransomware_locker.0504,malware,1,0.65862155,1,malware
com.subsplashconsulting.s_PV3GSX,benign,0,0.006379737,0,benign
edu.synthetic.androzoo.malware.overlay_pin_stealer.0756,malware,1,0.8891986,1,malware
com.newscope.news.wk,benign,0,0.0072300355,0,benign
com.FortuneMine.WonderGo,benign,0,0.37991816,0,benign
com.trainerize.rec,benign,0,0.9929938,1,malware
hu.vodafone.apps.myvodafone,benign,0,0.013808331,0,benign
com.IAA360.REIMA,benign,0,0.09262819,0,benign
edu.synthetic.androzoo.malware.ransomware_locker.0655,malware,1,0.8290468,1,malware
de.horsimann.pixelc,benign,0,0.962733,1,malware
edu.synthetic.androzoo.malware.overlay_pin_stealer.1080,malware,1,0.83235365,1,malware
edu.synthetic.androzoo.malware.overlay_pin_stealer.0367,malware,1,0.99124205,1,malware
com.kairogame.android.Depart,malware,1,0.94998556,1,malware
edu.synthetic.androzoo.malware.ransomware_locker.0078,malware,1,0.62864643,1,malware
com.scopely.gardenjoy,benign,0,0.0125906505,0,benign
edu.synthetic.androzoo.malware.sms_otp_stealer.0137,malware,1,0.91855943,1,malware
net.motortalk.android.board,benign,0,0.21813318,0,benign
io.aira.explorer,benign,0,0.99733055,1,malware
com.liappsan.chansonmusique,benign,0,0.105284065,0,benign
org.graffon.tabula,benign,0,0.40229496,0,benign
appinventor.ai_illescasjesica.Eticaconchaire,benign,0,0.20839705,0,benign
edu.synthetic.androzoo.malware.banker_accessibility.1137,malware,1,0.99299353,1,malware
com.freebird.zsp.DailyAccounting,malware,1,0.9934501,1,malware
com.sibisoft.sinclair,benign,0,0.048603285,0,benign
digifit.android.virtuagym.pro.apgsactiefpleziergezondsportief,benign,0,0.9909712,1,malware
com.ma.ld.dict.mechanical,malware,1,0.9370419,1,malware
edu.synthetic.androzoo.malware.spyware_surveillance.1646,malware,1,0.92788875,1,malware
edu.synthetic.androzoo.malware.overlay_pin_stealer.0634,malware,1,0.9612749,1,malware
edu.synthetic.androzoo.malware.overlay_pin_stealer.1424,malware,1,0.8963649,1,malware
com.under.water.fishing.vr,malware,1,0.46538,0,benign
edu.synthetic.androzoo.malware.overlay_pin_stealer.0091,malware,1,0.93039286,1,malware
com.apptegy.greenar,benign,0,0.22803028,0,benign
com.shenyaocn.android.usbcamera,benign,0,0.4349363,0,benign
edu.synthetic.androzoo.malware.dropper_loader.0123,malware,1,0.85422087,1,malware
com.madotter.vhmmo,benign,0,0.043921713,0,benign
edu.synthetic.androzoo.malware.spyware_surveillance.1467,malware,1,0.99179673,1,malware
com.gl.wood_blockpro,benign,0,0.35502094,0,benign
com.bob.luckystar,malware,1,0.9754234,1,malware
com.FunLandGames.BlockPuzzle,benign,0,0.18958317,0,benign
uon.earth,benign,0,0.91172653,1,malware
com.coffreo.coffreo.coffreo,benign,0,0.91859746,1,malware
edu.synthetic.androzoo.malware.ransomware_locker.0390,malware,1,0.7491494,1,malware
com.valeriosevillagames.countless,benign,0,0.9558678,1,malware
edu.synthetic.androzoo.malware.dropper_loader.1749,malware,1,0.95803183,1,malware
com.appsforagri.smartfarm,benign,0,0.025275437,0,benign
com.aurorealty.ace.member,benign,0,0.37173364,0,benign
com.auyou.qpqj,malware,1,0.68758506,1,malware
com.xweisoft.wx.family,malware,1,0.9592257,1,malware
edu.synthetic.androzoo.malware.overlay_pin_stealer.0073,malware,1,0.95829415,1,malware
com.sinyee.babybus.animal,malware,1,0.4441071,0,benign
edu.synthetic.androzoo.malware.banker_accessibility.0235,malware,1,0.9564961,1,malware
com.alexeymorozua.orbittimefree,benign,0,0.049358707,0,benign
edu.synthetic.androzoo.malware.spyware_surveillance.0099,malware,1,0.98243505,1,malware
com.mgsstudio.totemofherope,malware,1,0.15293619,0,benign
com.web.sytacle,malware,1,0.14319137,0,benign
com.shping,benign,0,0.99532133,1,malware
com.flyersoft.seekbooks,malware,1,0.029478952,0,benign
com.onefitstop.atora,benign,0,0.17281395,0,benign
edu.synthetic.androzoo.malware.sms_otp_stealer.0827,malware,1,0.9271923,1,malware
it.mic.terremoto,benign,0,0.9870161,1,malware
ua.radio.autolife,benign,0,0.22310759,0,benign
com.appabc.paopaolong,malware,1,0.99422413,1,malware
edu.synthetic.androzoo.malware.overlay_pin_stealer.0789,malware,1,0.974912,1,malware
edu.synthetic.androzoo.malware.wallet_stealer.0572,malware,1,0.9661063,1,malware
edu.synthetic.androzoo.malware.ransomware_locker.1050,malware,1,0.88954806,1,malware
edu.synthetic.androzoo.malware.sms_otp_stealer.1158,malware,1,0.91550946,1,malware
edu.synthetic.androzoo.malware.spyware_surveillance.0196,malware,1,0.98760265,1,malware
edu.synthetic.androzoo.malware.dropper_loader.0279,malware,1,0.69100356,1,malware
com.ipv.memberapp,benign,0,0.92881054,1,malware
com.yotoplay.yoto,benign,0,0.83873504,1,malware
edu.synthetic.androzoo.malware.adware_clicker.0477,malware,1,0.98405856,1,malware
com.ocv.a685,benign,0,0.04335666,0,benign
kr.co.mobine.blockpuzzle,benign,0,0.059323724,0,benign
com.lijordan.terra,benign,0,0.005517214,0,benign
edu.synthetic.androzoo.malware.banker_accessibility.1843,malware,1,0.9363181,1,malware
com.phonegap.bigben,benign,0,0.9705394,1,malware
edu.synthetic.androzoo.malware.banker_accessibility.0465,malware,1,0.99216,1,malware
com.mobicrea.vidal,benign,0,0.9427971,1,malware
edu.synthetic.androzoo.malware.banker_accessibility.0608,malware,1,0.9883841,1,malware
com.demansol.santaescape.free,malware,1,0.9992619,1,malware
masar.bluetoothsplitter.free,benign,0,0.26969683,0,benign
com.destroyingdust.horrorasylum,malware,1,0.9759185,1,malware
com.gg.lighthand,malware,1,0.12690778,0,benign
com.duyleo.hannomdict,benign,0,0.7338686,1,malware
edu.synthetic.androzoo.malware.ransomware_locker.0654,malware,1,0.6486031,1,malware
com.timonemobile,benign,0,0.95927966,1,malware
edu.synthetic.androzoo.malware.spyware_surveillance.0793,malware,1,0.9788344,1,malware
com.life.palm,malware,1,0.17714441,0,benign
wjs.mobile.myquicknote,benign,0,0.99379116,1,malware
com.khetigaadi,benign,0,0.008433768,0,benign
com.kaleris.stationlog,benign,0,0.41522032,0,benign
de.check24.check24,benign,0,0.08028477,0,benign
edu.synthetic.androzoo.malware.spyware_surveillance.0298,malware,1,0.9964504,1,malware
com.miaomiaoapp.tinydungeon1.all,malware,1,0.95715296,1,malware
net.felinger.dashboard,benign,0,0.036338273,0,benign
com.jitendrasurve.pipingspacingcalculator,benign,0,0.005945478,0,benign
edu.synthetic.androzoo.malware.wallet_stealer.0468,malware,1,0.9906273,1,malware
com.slb.drillops.touch,benign,0,0.691592,1,malware
ie.flipdish.fd14633,benign,0,0.49066952,0,benign
com.app.naijaacres,benign,0,0.9740468,1,malware
applock.lockapps.fingerprint.password.maxlock,malware,1,0.012156821,0,benign
com.dar.dar,benign,0,0.010059684,0,benign
com.birodic.tafsir.ahlam,benign,0,0.5593705,1,malware
edu.synthetic.androzoo.malware.overlay_pin_stealer.1485,malware,1,0.95240134,1,malware
edu.synthetic.androzoo.malware.sms_otp_stealer.1673,malware,1,0.9249473,1,malware
edu.synthetic.androzoo.malware.banker_accessibility.0479,malware,1,0.9973826,1,malware
com.subsplashconsulting.s_PKD7DK,benign,0,0.009305409,0,benign
edu.synthetic.androzoo.malware.spyware_surveillance.1279,malware,1,0.989594,1,malware
edu.synthetic.androzoo.malware.banker_accessibility.1534,malware,1,0.97920734,1,malware
fr.mysam.driver,benign,0,0.9439398,1,malware
edu.synthetic.androzoo.malware.wallet_stealer.0113,malware,1,0.99333876,1,malware
edu.synthetic.androzoo.malware.overlay_pin_stealer.0744,malware,1,0.97530353,1,malware
tk.turkmenistan_viktorina_synag.millioner_millionaire,benign,0,0.07502965,0,benign
edu.synthetic.androzoo.malware.banker_accessibility.1355,malware,1,0.9950421,1,malware
com.bengigi.runcowrun,benign,0,0.9924787,1,malware
islamic.apps.mahmoud.khalil.al.hussary.mp3.quran.offline.full,benign,0,0.019870784,0,benign
com.canadiantire.noma,benign,0,0.051528934,0,benign
ru.one.shot,benign,0,0.9662335,1,malware
edu.synthetic.androzoo.malware.overlay_pin_stealer.0506,malware,1,0.9631026,1,malware
edu.synthetic.androzoo.malware.ransomware_locker.0548,malware,1,0.96379095,1,malware
com.subsplashconsulting.s_JKQH7Q,benign,0,0.59396094,1,malware
gr.christianikatragoudia.app,benign,0,0.88415015,1,malware
edu.synthetic.androzoo.malware.overlay_pin_stealer.1320,malware,1,0.9766539,1,malware
com.shogunstudios.poikatsutile,benign,0,0.06471405,0,benign
com.aullan.aullan,benign,0,0.95290786,1,malware
edu.synthetic.androzoo.malware.overlay_pin_stealer.1429,malware,1,0.94979066,1,malware
edu.synthetic.androzoo.malware.wallet_stealer.0719,malware,1,0.9982526,1,malware
com.huoban,malware,1,0.09766782,0,benign
edu.synthetic.androzoo.malware.ransomware_locker.0093,malware,1,0.8337065,1,malware
edu.synthetic.androzoo.malware.dropper_loader.0883,malware,1,0.9529841,1,malware
vitalypanov.phototracker,benign,0,0.56283504,1,malware
jp.co.atis.atis_googleapp,benign,0,0.12073531,0,benign
com.YuZhenLi.ColorTree,malware,1,0.64391494,1,malware
edu.synthetic.androzoo.malware.dropper_loader.0404,malware,1,0.5645102,1,malware
com.joinrh.ead,benign,0,0.9459694,1,malware
edu.synthetic.androzoo.malware.banker_accessibility.1444,malware,1,0.9954668,1,malware
edu.synthetic.androzoo.malware.dropper_loader.1059,malware,1,0.9062402,1,malware
edu.synthetic.androzoo.malware.ransomware_locker.0907,malware,1,0.72208494,1,malware
com.themafiagames.helpthegirl,benign,0,0.9950977,1,malware
com.virtualmaze.offlinemapnavigationtracker,benign,0,0.06368493,0,benign
edu.qau.queenarwauniversity.yemen,benign,0,0.59856623,1,malware
no.membro.adrenalin,benign,0,0.953678,1,malware
com.chinesemenuonline.asianwoklouisville,benign,0,0.418013,0,benign
edu.synthetic.androzoo.malware.overlay_pin_stealer.0739,malware,1,0.9399953,1,malware
com.golinks.io,benign,0,0.039340585,0,benign
edu.synthetic.androzoo.malware.overlay_pin_stealer.0420,malware,1,0.9877824,1,malware
edu.synthetic.androzoo.malware.overlay_pin_stealer.1337,malware,1,0.96110654,1,malware
app.aivora.exchange,benign,0,0.92195433,1,malware
com.applicate.simasg.app,benign,0,0.9905495,1,malware
com.rueblur,benign,0,0.980946,1,malware
edu.synthetic.androzoo.malware.dropper_loader.1482,malware,1,0.6046431,1,malware
tv.uscreen.newwineonline,benign,0,0.96810955,1,malware
edu.synthetic.androzoo.malware.banker_accessibility.0959,malware,1,0.990257,1,malware
com.soundmaster,malware,1,0.9913959,1,malware
edu.synthetic.androzoo.malware.overlay_pin_stealer.0770,malware,1,0.9524092,1,malware
edu.synthetic.androzoo.malware.overlay_pin_stealer.0071,malware,1,0.9727796,1,malware
edu.synthetic.androzoo.malware.wallet_stealer.0899,malware,1,0.99105144,1,malware
cz.etnetera.mobile.rossmann,benign,0,0.045221623,0,benign
com.prim.app.primarkmf,benign,0,0.06384925,0,benign
com.coyoapp.hobbyyou.engage.android,benign,0,0.98321193,1,malware
edu.synthetic.androzoo.malware.spyware_surveillance.1326,malware,1,0.9912764,1,malware
edu.synthetic.androzoo.malware.wallet_stealer.1411,malware,1,0.9978796,1,malware
com.appking.adz_dzariyah,benign,0,0.106162794,0,benign
edu.synthetic.androzoo.malware.ransomware_locker.1062,malware,1,0.4944891,0,benign
edu.synthetic.androzoo.malware.spyware_surveillance.0403,malware,1,0.9734591,1,malware
com.pointcore.geov5mon,benign,0,0.89374304,1,malware
com.ipeaksoft.pitDadGame.qianxun.gp1,malware,1,0.9862683,1,malware
com.active.lantern,benign,0,0.9495782,1,malware
edu.synthetic.androzoo.malware.overlay_pin_stealer.0998,malware,1,0.9790901,1,malware
com.semtech.android.trackerscanner,benign,0,0.010382487,0,benign
digifit.android.virtuagym.pro.fitnessbay,benign,0,0.9891888,1,malware
com.passporterapp.android,benign,0,0.006629864,0,benign
edu.synthetic.androzoo.malware.ransomware_locker.1066,malware,1,0.8209978,1,malware
com.techmetrica.apps.codegenius.pizero_eduok,benign,0,0.06333954,0,benign
com.lorgame.adventure.gp,benign,0,0.48309025,0,benign
com.android.daoway,malware,1,0.40919057,0,benign
com.crossfield.jewel8,malware,1,0.9926246,1,malware
com.fsgpay,benign,0,0.98053163,1,malware
com.gymchina.tomato.art,malware,1,0.8558702,1,malware
edu.synthetic.androzoo.malware.overlay_pin_stealer.1314,malware,1,0.9506546,1,malware
edu.synthetic.androzoo.malware.wallet_stealer.1197,malware,1,0.9922272,1,malware
com.loafish.erpfzb,malware,1,0.92479867,1,malware
com.partnerize.platform,benign,0,0.9884193,1,malware
com.record.voice.day.all,malware,1,0.0853768,0,benign
com.tpcm.crisis,benign,0,0.76705736,1,malware
edu.synthetic.androzoo.malware.sms_otp_stealer.1697,malware,1,0.94620365,1,malware
edu.synthetic.androzoo.malware.overlay_pin_stealer.0233,malware,1,0.92640096,1,malware
com.alexiaclark.com,malware,1,0.991653,1,malware
com.clearmindhypnotherapy.app,benign,0,0.99315804,1,malware
edu.synthetic.androzoo.malware.sms_otp_stealer.0110,malware,1,0.9687668,1,malware
edu.synthetic.androzoo.malware.ransomware_locker.1203,malware,1,0.8265765,1,malware
edu.synthetic.androzoo.malware.sms_otp_stealer.0845,malware,1,0.80068135,1,malware
com.m360.android.orpi,benign,0,0.11071991,0,benign
edu.synthetic.androzoo.malware.spyware_surveillance.1547,malware,1,0.91852593,1,malware
edu.synthetic.androzoo.malware.spyware_surveillance.1776,malware,1,0.98539215,1,malware
it.gasparilab.mypozzomaggiore,benign,0,0.33849168,0,benign
org.commitglobal.votemonitor.app,benign,0,0.41551533,0,benign
edu.synthetic.androzoo.malware.adware_clicker.1171,malware,1,0.8396263,1,malware
edu.synthetic.androzoo.malware.ransomware_locker.0964,malware,1,0.63585854,1,malware
com.credit9.funding,benign,0,0.20530127,0,benign
com.tenon.connect,benign,0,0.06491405,0,benign
edu.synthetic.androzoo.malware.dropper_loader.1381,malware,1,0.75569415,1,malware
eu.versine.sapporo,benign,0,0.92395014,1,malware
com.noru.cursos,benign,0,0.9982882,1,malware
uk.playdrop.cherrytree_idletextrpg,benign,0,0.028893864,0,benign
edu.synthetic.androzoo.malware.banker_accessibility.0220,malware,1,0.9973695,1,malware
com.choptsalad.choptsalad.android.app,benign,0,0.022524646,0,benign
com.kunpeng.babyting,malware,1,0.9781648,1,malware
com.ayudevices.ayushare2,benign,0,0.9665914,1,malware
com.jacobsmedia.bluelake,benign,0,0.24396205,0,benign
com.rkplayerjolite.rkjo,benign,0,0.4226059,0,benign
edu.synthetic.androzoo.malware.spyware_surveillance.0859,malware,1,0.8705056,1,malware
kr.co.pksoft.ri3710,benign,0,0.845734,1,malware
edu.synthetic.androzoo.malware.banker_accessibility.1493,malware,1,0.94916517,1,malware
com.ario.tor,malware,1,0.27524906,0,benign
edu.synthetic.androzoo.malware.ransomware_locker.1468,malware,1,0.55377394,1,malware
edu.synthetic.androzoo.malware.wallet_stealer.0784,malware,1,0.98723674,1,malware
edu.synthetic.androzoo.malware.dropper_loader.0683,malware,1,0.8549294,1,malware
edu.synthetic.androzoo.malware.banker_accessibility.0203,malware,1,0.99600047,1,malware
service.ueco.coins,malware,1,0.92685777,1,malware
edu.synthetic.androzoo.malware.ransomware_locker.0069,malware,1,0.74915576,1,malware
com.jmchn.weather,malware,1,0.9526172,1,malware
net.peakgames.ginrummyplus,benign,0,0.92662394,1,malware
edu.synthetic.androzoo.malware.dropper_loader.0121,malware,1,0.60555345,1,malware
com.subsplash.thechurchapp.s_XSKXQX,benign,0,0.05564538,0,benign
edu.synthetic.androzoo.malware.overlay_pin_stealer.1236,malware,1,0.9856354,1,malware
com.grinasys.fwl,benign,0,0.9910396,1,malware
cz.praetorsystems.praetor2,benign,0,0.55959344,1,malware
com.dhgate.buyermob,malware,1,0.9526172,1,malware
com.illtip.app.ios,malware,1,0.30859712,0,benign
com.Elytra.DeathIsland,benign,0,0.9879055,1,malware
org.sdcarddatarecovery,benign,0,0.55784214,1,malware
alldictdict.alldict.pltr,benign,0,0.15579304,0,benign
edu.synthetic.androzoo.malware.wallet_stealer.0247,malware,1,0.8549334,1,malware
com.aladinfun.islandking.android,benign,0,0.022223102,0,benign
com.evgeniusdev.fallingblocks,benign,0,0.90945005,1,malware
com.subsplash.thechurchapp.skyline,benign,0,0.0030400571,0,benign
edu.synthetic.androzoo.malware.overlay_pin_stealer.1372,malware,1,0.9789732,1,malware
com.restaumatic.bar_saigon_z_gwiazdka_michalin_production,benign,0,0.05369295,0,benign
com.tmgreengrouptimesheets,benign,0,0.12876132,0,benign
cn.motoon.reader,malware,1,0.97801834,1,malware
rsba.erv.bible.study.app,benign,0,0.26672766,0,benign
com.aok.xyygame.K57,malware,1,0.9762239,1,malware
com.mitsubishi_motors.miland,benign,0,0.9518288,1,malware
com.techarts.hexa.sort.master.color.puzzle,benign,0,0.9722846,1,malware
me.fleka.hipotekarna,benign,0,0.9550731,1,malware
com.noctualabs.android.hamstercheese,benign,0,0.08638941,0,benign
com.easeinc.beacon,benign,0,0.9587997,1,malware
edu.synthetic.androzoo.malware.wallet_stealer.1228,malware,1,0.99105376,1,malware
nl.halalspots.alafassyquranmp3,benign,0,0.8518465,1,malware
cn.duome.winnerc,malware,1,0.67524266,1,malware
com.mike.touxiangdashi,malware,1,0.10687736,0,benign
at.harnisch.android.planets,benign,0,0.07506246,0,benign
mn.mobicom.candy,benign,0,0.9684171,1,malware
edu.synthetic.androzoo.malware.spyware_surveillance.0781,malware,1,0.9806991,1,malware
edu.synthetic.androzoo.malware.ransomware_locker.0265,malware,1,0.79450977,1,malware
com.nordicid.rfidwedgeservice,benign,0,0.11082791,0,benign
edu.synthetic.androzoo.malware.banker_accessibility.1926,malware,1,0.92462534,1,malware
com.ofotech.app.in,benign,0,0.24154623,0,benign
edu.synthetic.androzoo.malware.spyware_surveillance.1492,malware,1,0.9662623,1,malware
com.riyu365.pkusky,malware,1,0.24986579,0,benign
kada.negativeimage.InvertImage,benign,0,0.9837944,1,malware
edu.synthetic.androzoo.malware.banker_accessibility.1240,malware,1,0.9975802,1,malware
edu.synthetic.androzoo.malware.adware_clicker.1096,malware,1,0.63796836,1,malware
pl.com.pwm.con.sol.la,benign,0,0.68182474,1,malware
com.pik.roxstar,benign,0,0.07669702,0,benign
jp.Marvelous.BMWC,benign,0,0.5029367,1,malware
com.boyneresorts.loon,benign,0,0.044829015,0,benign
com.salik.smartsalik,malware,1,0.030339709,0,benign
com.dotgames.CrazyRoadGP,malware,1,0.9197558,1,malware
com.etips.lugano.travel.guide,benign,0,0.95743656,1,malware
edu.synthetic.androzoo.malware.spyware_surveillance.0426,malware,1,0.9532247,1,malware
net.windcloud.explorer,malware,1,0.049934845,0,benign
edu.synthetic.androzoo.malware.wallet_stealer.0915,malware,1,0.99208176,1,malware
au.com.investa.insite,benign,0,0.2542523,0,benign
az.studio.gkztc,malware,1,0.89771855,1,malware
edu.synthetic.androzoo.malware.dropper_loader.0881,malware,1,0.97853506,1,malware
ru.premiumbonus.tapchan,benign,0,0.49125445,0,benign
com.acesoft.pacman,benign,0,0.955225,1,malware
com.orio.finance.sas,benign,0,0.9814322,1,malware
com.meta.inno.sticker,benign,0,0.9707078,1,malware
edu.synthetic.androzoo.malware.banker_accessibility.0295,malware,1,0.99210113,1,malware
edu.synthetic.androzoo.malware.spyware_surveillance.0106,malware,1,0.9509038,1,malware
com.aroma.flowers.salesapp,benign,0,0.9137941,1,malware
edu.synthetic.androzoo.malware.banker_accessibility.1732,malware,1,0.9910669,1,malware
edu.synthetic.androzoo.malware.adware_clicker.0427,malware,1,0.8928303,1,malware
com.ak.ta.dainikbhaskar.activity,benign,0,0.01443816,0,benign
edu.synthetic.androzoo.malware.wallet_stealer.1835,malware,1,0.9895755,1,malware
com.EscapeFactory.CursedSchool,benign,0,0.030185776,0,benign
com.jianfeng.argame,malware,1,0.39283514,0,benign
edu.synthetic.androzoo.malware.banker_accessibility.1327,malware,1,0.92850804,1,malware
edu.synthetic.androzoo.malware.banker_accessibility.0903,malware,1,0.9459359,1,malware
net.passone.itbankcyber,benign,0,0.039233785,0,benign
com.sooperbooks.SooperBooks,benign,0,0.34907928,0,benign
com.women.fitness.body.inspire.herworkout,malware,1,0.14816628,0,benign
com.earku.main,malware,1,0.8524708,1,malware
appinventor.ai_kayipkayik.Maps,malware,1,0.59845924,1,malware
edu.synthetic.androzoo.malware.ransomware_locker.0067,malware,1,0.66019225,1,malware
edu.synthetic.androzoo.malware.banker_accessibility.1434,malware,1,0.9707336,1,malware
co.bytemark.nycf,benign,0,0.112795286,0,benign
edu.synthetic.androzoo.malware.ransomware_locker.1757,malware,1,0.85514516,1,malware
edu.synthetic.androzoo.malware.ransomware_locker.1008,malware,1,0.7962953,1,malware
com.application.collegehockeynews,benign,0,0.8467286,1,malware
edu.synthetic.androzoo.malware.dropper_loader.0014,malware,1,0.73177075,1,malware
ru.FoodSoul.VelikiyNovgorodSkazkafood,benign,0,0.026274666,0,benign
com.andrea,benign,0,0.9946785,1,malware
mixchatroom.chatsansar.com,benign,0,0.06691973,0,benign
com.kaderisoft.islam,benign,0,0.7777989,1,malware
com.zhangshang.zuhao,malware,1,0.9789659,1,malware
com.cricketmood.android,benign,0,0.8205173,1,malware
com.primexbt.trade,benign,0,0.9752426,1,malware
com.chunyuqiufeng.gaozhongapp,malware,1,0.1853218,0,benign
com.mtd.ccis,benign,0,0.99243426,1,malware
no.sit.membro,benign,0,0.9830373,1,malware
com.yxkj.medicine,malware,1,0.1881495,0,benign
com.bayer.cs.mscapp,benign,0,0.40285408,0,benign
com.subsplash.thechurchapp.TheUrbanAlternative,benign,0,0.05349989,0,benign
sh.dms,malware,1,0.999569,1,malware
com.feelingtouch.bugswar,malware,1,0.8782624,1,malware
silverlime.casesimulatorultimate,benign,0,0.09453963,0,benign
com.pulsmo.StrayCatTowers,benign,0,0.43279806,0,benign
applivingbypreceptsministriesorg.wpapp,benign,0,0.5183136,1,malware
com.ai.voice.recorder,malware,1,0.3321443,0,benign
ru.kingkongsushi.client,benign,0,0.98052156,1,malware
edu.synthetic.androzoo.malware.ransomware_locker.1874,malware,1,0.7343822,1,malware
edu.synthetic.androzoo.malware.banker_accessibility.0120,malware,1,0.98829913,1,malware
com.tangiappsit.shiva.herorescue,benign,0,0.49009758,0,benign
edu.synthetic.androzoo.malware.spyware_surveillance.1537,malware,1,0.97012615,1,malware
com.widex.arc,benign,0,0.03959574,0,benign
com.automatedyogamarketing.app,benign,0,0.97395885,1,malware
com.moodle.taheriacademy,benign,0,0.79520136,1,malware
io.dcloud.H582BAF34,malware,1,0.97789454,1,malware
com.g2us.armedwarriors,malware,1,0.99776685,1,malware
edu.synthetic.androzoo.malware.ransomware_locker.0042,malware,1,0.9328783,1,malware
net.gastfreund.Bruggerhof,benign,0,0.30841663,0,benign
edu.synthetic.androzoo.malware.spyware_surveillance.0315,malware,1,0.9797324,1,malware
com.moex.finuslugi,benign,0,0.0037654135,0,benign
com.modtool.boxapp,malware,1,0.5886346,1,malware
edu.synthetic.androzoo.malware.wallet_stealer.1222,malware,1,0.9985821,1,malware
edu.synthetic.androzoo.malware.overlay_pin_stealer.1322,malware,1,0.97649515,1,malware
com.xiaodong.rengongjisuan,malware,1,0.21763702,0,benign
eu.mycabin.mycabin.preview,benign,0,0.0896066,0,benign
edu.synthetic.androzoo.malware.ransomware_locker.0987,malware,1,0.64526653,1,malware
com.dengyu.coolvideo,malware,1,0.56796867,1,malware
com.todoorstep.store,benign,0,0.54254055,1,malware
com.trayport.joule.mobile,benign,0,0.98707366,1,malware
com.dws.armyantz,malware,1,0.97111917,1,malware
edu.synthetic.androzoo.malware.banker_accessibility.1496,malware,1,0.996387,1,malware
com.PSD.Catastrophes,benign,0,0.7696275,1,malware
com.idcardsapp,benign,0,0.011276925,0,benign
com.sinyee.babybus.popsicles,malware,1,0.9814889,1,malware
com.jetpack.android,benign,0,0.69838345,1,malware
edu.synthetic.androzoo.malware.spyware_surveillance.0527,malware,1,0.95030004,1,malware
com.webflow.my_team,benign,0,0.97952694,1,malware
com.tvsmartview.tvcast.mirroring,benign,0,0.10613387,0,benign
com.zumoapps.curso.teologia.evangelica,malware,1,0.4202732,0,benign
edu.synthetic.androzoo.malware.adware_clicker.0546,malware,1,0.8294009,1,malware
com.bracits.progoti,benign,0,0.9838653,1,malware
com.rookieme.connect,benign,0,0.27158564,0,benign
com.t2s.cookiecrumble798808,benign,0,0.009246313,0,benign
com.appsmart.delivery.bacchusrestt3982,benign,0,0.19934346,0,benign
com.ls.cake.cakemaker.diy.baking.girls.cooking.birthdaycake,benign,0,0.88259834,1,malware
com.tangerine.live.cake,malware,1,0.8314309,1,malware
com.marvelous.runbot,malware,1,0.9212585,1,malware
edu.synthetic.androzoo.malware.banker_accessibility.1490,malware,1,0.99327236,1,malware
net.winrx.rx_2_go,benign,0,0.118382014,0,benign
edu.synthetic.androzoo.malware.ransomware_locker.0387,malware,1,0.8349501,1,malware
edu.synthetic.androzoo.malware.spyware_surveillance.1793,malware,1,0.952022,1,malware
edu.synthetic.androzoo.malware.banker_accessibility.1343,malware,1,0.99777263,1,malware
az.kapitalbank.mbanking,benign,0,0.9526172,1,malware
edu.synthetic.androzoo.malware.banker_accessibility.0581,malware,1,0.98988545,1,malware
com.evrotrust.app,benign,0,0.02342483,0,benign
com.marshmallowgameslab.fruit.melody.match.three.games.free.offline,benign,0,0.058058925,0,benign
com.zoomcouriersoftwaredev,benign,0,0.11438901,0,benign
edu.synthetic.androzoo.malware.dropper_loader.1258,malware,1,0.7782808,1,malware
edu.synthetic.androzoo.malware.sms_otp_stealer.1607,malware,1,0.9322101,1,malware
com.assistant.file.clean.pro,malware,1,0.94451576,1,malware
edu.synthetic.androzoo.malware.wallet_stealer.0988,malware,1,0.98535687,1,malware
com.breboucas.suecoparaviajar,benign,0,0.9880983,1,malware
edu.synthetic.androzoo.malware.sms_otp_stealer.1039,malware,1,0.94883764,1,malware
com.trinity.edupam,malware,1,0.5372721,1,malware
edu.synthetic.androzoo.malware.dropper_loader.1123,malware,1,0.7507705,1,malware
edu.synthetic.androzoo.malware.overlay_pin_stealer.1599,malware,1,0.9289744,1,malware
com.cosmos.universe,malware,1,0.9526172,1,malware
cn.zepeto.main,malware,1,0.8919978,1,malware
com.buyma.buymaapp,benign,0,0.0057824226,0,benign
edu.synthetic.androzoo.malware.spyware_surveillance.1027,malware,1,0.9508356,1,malware
com.plusme.live,malware,1,0.067057386,0,benign
com.victie.reader,benign,0,0.6136566,1,malware
edu.synthetic.androzoo.malware.banker_accessibility.0184,malware,1,0.9843003,1,malware
com.alfanetwork.cloudmineapp,malware,1,0.9447468,1,malware
com.onebit.iqtestraven,benign,0,0.019905007,0,benign
com.moodle.unisinos,benign,0,0.97232044,1,malware
com.inpeaceapp.iglesiamybethel.fl,benign,0,0.59146595,1,malware
edu.synthetic.androzoo.malware.banker_accessibility.0734,malware,1,0.9953022,1,malware
edu.synthetic.androzoo.malware.banker_accessibility.0005,malware,1,0.99770856,1,malware
edu.synthetic.androzoo.malware.banker_accessibility.1243,malware,1,0.99574214,1,malware
com.lyd.mobilely,malware,1,0.875292,1,malware
edu.synthetic.androzoo.malware.dropper_loader.0927,malware,1,0.7619053,1,malware
edu.synthetic.androzoo.malware.sms_otp_stealer.0518,malware,1,0.9943018,1,malware
com.OwnGames.OwnKingdom,malware,1,0.96458787,1,malware
com.mindalcove.mental.health.app,benign,0,0.9612139,1,malware
edu.synthetic.androzoo.malware.ransomware_locker.1172,malware,1,0.9819566,1,malware
edu.synthetic.androzoo.malware.ransomware_locker.1150,malware,1,0.97489095,1,malware
com.schooleverywhere.royalhouse,benign,0,0.9975956,1,malware
com.travel.flybooking,benign,0,0.40368444,0,benign
edu.synthetic.androzoo.malware.banker_accessibility.0664,malware,1,0.9970937,1,malware
saude.mrc.saude,benign,0,0.91321176,1,malware
fmcode.Ccboxqml,benign,0,0.787281,1,malware
com.qlbeoka.fda,benign,0,0.9033735,1,malware
com.shatteredpixel.shatteredpixeldungeon7,benign,0,0.49390054,0,benign
com.RegionXIBLSSMO,benign,0,0.5486883,1,malware
com.sandsmedia.apps.android.entwicklerkiosk,benign,0,0.39699915,0,benign
com.eximdj.faida,benign,0,0.62236494,1,malware
com.jewelblast.puzzlelegend,benign,0,0.34643808,0,benign
edu.synthetic.androzoo.malware.overlay_pin_stealer.1696,malware,1,0.85802025,1,malware
edu.synthetic.androzoo.malware.dropper_loader.1112,malware,1,0.595379,1,malware
com.xdtech.news.greatriver,malware,1,0.3328065,0,benign
com.lunosoft.puuung1,benign,0,0.9427202,1,malware
vk.milyang,benign,0,0.09923386,0,benign
edu.synthetic.androzoo.malware.wallet_stealer.0687,malware,1,0.9983735,1,malware
edu.synthetic.androzoo.malware.sms_otp_stealer.1663,malware,1,0.821892,1,malware
edu.synthetic.androzoo.malware.dropper_loader.1616,malware,1,0.9412995,1,malware
edu.synthetic.androzoo.malware.sms_otp_stealer.1863,malware,1,0.9943131,1,malware
com.nouslib.NousLibApp,benign,0,0.9753904,1,malware
edu.synthetic.androzoo.malware.banker_accessibility.0400,malware,1,0.94660586,1,malware
edu.synthetic.androzoo.malware.dropper_loader.0299,malware,1,0.77563167,1,malware
edu.synthetic.androzoo.malware.banker_accessibility.0077,malware,1,0.9951201,1,malware
com.lily.times.tweenshusky.all,benign,0,0.1980942,0,benign
tw.com.fontrip.citypass.taipei.production,benign,0,0.98758394,1,malware
edu.synthetic.androzoo.malware.spyware_surveillance.0804,malware,1,0.90977365,1,malware
edu.synthetic.androzoo.malware.wallet_stealer.1250,malware,1,0.97326547,1,malware
edu.synthetic.androzoo.malware.spyware_surveillance.1157,malware,1,0.99692434,1,malware
de.nextbike,benign,0,0.009152746,0,benign
lgc.zhousMandarin.activity,malware,1,0.9995808,1,malware
com.chillingo.tinytroopers2.android.rowgplay,malware,1,0.3675441,0,benign
weightloss.weightlossforwomen.workoutforwomen.womenworkout,benign,0,0.37051383,0,benign
com.angel.cuentachistesia,benign,0,0.08855126,0,benign
edu.synthetic.androzoo.malware.overlay_pin_stealer.1108,malware,1,0.9781131,1,malware
com.firebear.androil,malware,1,0.7416842,1,malware
edu.synthetic.androzoo.malware.ransomware_locker.0868,malware,1,0.87751937,1,malware
edu.synthetic.androzoo.malware.wallet_stealer.0712,malware,1,0.94189805,1,malware
com.inditex.ecommerce.zarahome.android,benign,0,0.054152027,0,benign
com.lahitaksi.passengerapp,benign,0,0.079489924,0,benign
com.holiday.women.formed.newsletter,malware,1,0.9608716,1,malware
com.yayday.app,benign,0,0.9795272,1,malware
com.yc.games,malware,1,0.839469,1,malware
com.finger2finger.games.chickeninline.lite,malware,1,0.99132556,1,malware
edu.synthetic.androzoo.malware.dropper_loader.0081,malware,1,0.8775339,1,malware
com.cordic.isleworth.parker,benign,0,0.21657804,0,benign
za.co.pnet.andr,benign,0,0.07104119,0,benign
com.subsplashconsulting.s_NCJPB7,benign,0,0.06124857,0,benign
edu.synthetic.androzoo.malware.ransomware_locker.0864,malware,1,0.9429915,1,malware
edu.synthetic.androzoo.malware.banker_accessibility.1146,malware,1,0.9922126,1,malware
com.playcus.crossstitch.coloring.mandala,benign,0,0.6675333,1,malware
com.milkcrate,benign,0,0.09068937,0,benign
net.wakit.wamr,benign,0,0.9862968,1,malware
edu.synthetic.androzoo.malware.banker_accessibility.0430,malware,1,0.98524773,1,malware
com.xingyukeji.ylyb,malware,1,0.7984193,1,malware
com.ttdic.synonymsru,benign,0,0.024238773,0,benign
edu.synthetic.androzoo.malware.wallet_stealer.0050,malware,1,0.9893351,1,malware
edu.synthetic.androzoo.malware.spyware_surveillance.0715,malware,1,0.4231934,0,benign
edu.synthetic.androzoo.malware.banker_accessibility.0066,malware,1,0.9880933,1,malware
com.ucroo.augusta,benign,0,0.09426819,0,benign
com.sala.RuVBKKProd,benign,0,0.9944537,1,malware
com.dubaiculture,benign,0,0.6223041,1,malware
edu.synthetic.androzoo.malware.banker_accessibility.0951,malware,1,0.985044,1,malware
com.scsoft.boribori,benign,0,0.0033293986,0,benign
com.freelancesakamoto.ZombieInterview,benign,0,0.94730777,1,malware
com.spendesk.spendesk,benign,0,0.038446955,0,benign
edu.synthetic.androzoo.malware.overlay_pin_stealer.1531,malware,1,0.92522633,1,malware
edu.synthetic.androzoo.malware.spyware_surveillance.0276,malware,1,0.98872536,1,malware
com.lavaclan.vesuvio.appchina,malware,1,0.9952945,1,malware
com.pushpress.crossfittrivium,benign,0,0.98444796,1,malware
com.jmita.bibliasagrada2,malware,1,0.6249304,1,malware
com.xtornado.ghostsofwar2,benign,0,0.35993657,0,benign
com.boa.elearning,benign,0,0.3589616,0,benign
com.astron.kisikates,benign,0,0.0048789307,0,benign
schoolgirl.supervisor.saori.sato.multiplayer,malware,1,0.57242274,1,malware
nl.pinkelephant.pink.crm,benign,0,0.6912921,1,malware
com.puzzle.blast.block.game,benign,0,0.01350295,0,benign
edu.synthetic.androzoo.malware.wallet_stealer.1873,malware,1,0.99596244,1,malware
edu.synthetic.androzoo.malware.banker_accessibility.0656,malware,1,0.85890347,1,malware
com.sinyee.babybus.digging,malware,1,0.948264,1,malware
com.scriptoind.coinsim,benign,0,0.50884926,1,malware
com.icready.apps.gallery_with_file_manager,benign,0,0.011829001,0,benign
edu.synthetic.androzoo.malware.ransomware_locker.1377,malware,1,0.7419301,1,malware
com.gangster.crime.stickman.rob.kill.topfreegames,benign,0,0.1476975,0,benign
com.pirate.plunder,benign,0,0.9023204,1,malware
aventaplus.si.bulbshare,benign,0,0.9296692,1,malware
com.godplace.gpen,benign,0,0.107943475,0,benign
com.zombie.ahead.ly,malware,1,0.97868574,1,malware
modmenupubg.toolhack.espmodbgmi.v,malware,1,0.46706796,0,benign
edu.synthetic.androzoo.malware.ransomware_locker.1912,malware,1,0.9564185,1,malware
com.femaleinvest.mobileapp,benign,0,0.12912537,0,benign
com.inditex.pullandbear,benign,0,0.77505815,1,malware
com.s626.LoopDiggernew,benign,0,0.111944735,0,benign
com.standartn.ru.inventarization,benign,0,0.28355727,0,benign
com.silvercrk.euchre_free,benign,0,0.5564226,1,malware
edu.synthetic.androzoo.malware.sms_otp_stealer.1023,malware,1,0.9666112,1,malware
com.ecgamesstudio.radiospiritboxecnew,benign,0,0.9795624,1,malware
edu.synthetic.androzoo.malware.dropper_loader.1664,malware,1,0.91564465,1,malware
com.mobeasyapp.app1308622866805,benign,0,0.03383236,0,benign
edu.synthetic.androzoo.malware.wallet_stealer.0211,malware,1,0.9685637,1,malware
en.co.atm.unison,benign,0,0.9489859,1,malware
com.master.ball.v5.yyh,malware,1,0.9005304,1,malware
edu.synthetic.androzoo.malware.wallet_stealer.1710,malware,1,0.8565059,1,malware
jp.co.kdl.yukiyama,benign,0,0.021354772,0,benign
com.mthaler.ferments,benign,0,0.2109872,0,benign
edu.synthetic.androzoo.malware.sms_otp_stealer.1923,malware,1,0.8333527,1,malware
com.mysticmobileapps.android.boat.tracker,benign,0,0.98572034,1,malware
sk.bouli.lc,benign,0,0.046397243,0,benign
com.paperdoll.diary.dressup.game,benign,0,0.056014497,0,benign
fr.acd_groupe.PLURI,benign,0,0.9725948,1,malware
com.theappcompany.rationaltraining,benign,0,0.23244342,0,benign
cn.w3cschool.android.python,malware,1,0.9934769,1,malware
edu.synthetic.androzoo.malware.dropper_loader.1914,malware,1,0.6275808,1,malware
edu.synthetic.androzoo.malware.ransomware_locker.0577,malware,1,0.8065604,1,malware
edu.synthetic.androzoo.malware.banker_accessibility.0689,malware,1,0.9979247,1,malware
jp.co.timepedia.tokisuki,benign,0,0.52188426,1,malware
com.tocaboca.tocavacation,malware,1,0.06653215,0,benign
edu.synthetic.androzoo.malware.banker_accessibility.1928,malware,1,0.9941473,1,malware
edu.synthetic.androzoo.malware.banker_accessibility.1535,malware,1,0.9965101,1,malware
australia.news.au.newspapers.magazines,benign,0,0.0063155615,0,benign
edu.synthetic.androzoo.malware.banker_accessibility.0828,malware,1,0.992997,1,malware
com.cta.liquorlineup,benign,0,0.5678028,1,malware
com.androidbull.incognitobrowser.lite,malware,1,0.92481416,1,malware
se.sormlandsmedia.sn,benign,0,0.014061889,0,benign
com.radios.en.linea.de.venezuela,benign,0,0.20248874,0,benign
com.mgsstudio.offroadcarpe,malware,1,0.19072498,0,benign
com.pearlabyss.pearlapp,benign,0,0.007872061,0,benign
com.almashines.iihmr,benign,0,0.8384963,1,malware
com.magicube.live,malware,1,0.07958843,0,benign
edu.synthetic.androzoo.malware.banker_accessibility.0500,malware,1,0.98897946,1,malware
com.mindsethealth.ibs,benign,0,0.95316136,1,malware
edu.synthetic.androzoo.malware.dropper_loader.1911,malware,1,0.74165845,1,malware
com.wave.personal,benign,0,0.019466925,0,benign
edu.synthetic.androzoo.malware.banker_accessibility.1819,malware,1,0.95651066,1,malware
edu.synthetic.androzoo.malware.overlay_pin_stealer.0670,malware,1,0.9342258,1,malware
edu.synthetic.androzoo.malware.spyware_surveillance.1713,malware,1,0.95460397,1,malware
com.tradera,benign,0,0.9568005,1,malware
edu.synthetic.androzoo.malware.ransomware_locker.1189,malware,1,0.46638477,0,benign
edu.synthetic.androzoo.malware.dropper_loader.1446,malware,1,0.7967082,1,malware
com.visioncit.mudita,benign,0,0.9596961,1,malware
step.counter.walkmate.android,malware,1,0.04854243,0,benign
edu.synthetic.androzoo.malware.overlay_pin_stealer.1854,malware,1,0.9241865,1,malware
com.nttdocomo.keitai.payment,benign,0,0.004996248,0,benign
edu.synthetic.androzoo.malware.overlay_pin_stealer.1804,malware,1,0.99320704,1,malware
com.bonbongame.hairdresser.hair.style.salon.game,benign,0,0.08765248,0,benign
edu.synthetic.androzoo.malware.dropper_loader.0002,malware,1,0.82018125,1,malware
com.cookapps.myperfecthouse,benign,0,0.1296687,0,benign
com.adwo.android.games.mine,malware,1,0.998283,1,malware
com.kumobius.android.wal,malware,1,0.037235904,0,benign
vmd.windowphotoeditor,benign,0,0.006685874,0,benign
com.llj.apple,malware,1,0.99992037,1,malware
edu.synthetic.androzoo.malware.banker_accessibility.0368,malware,1,0.99015874,1,malware
edu.synthetic.androzoo.malware.overlay_pin_stealer.0908,malware,1,0.96376073,1,malware
com.yumicorebody.mobile,benign,0,0.85681945,1,malware
com.zeoniqgo,benign,0,0.69993657,1,malware
acumen.track.gps,benign,0,0.92953056,1,malware
edu.synthetic.androzoo.malware.dropper_loader.1769,malware,1,0.31839004,0,benign
com.propelswim.icp,benign,0,0.045818605,0,benign
com.maxxipoint.android,malware,1,0.22617821,0,benign
com.otobeas.horus,benign,0,0.026784634,0,benign
com.ntsoft.android.photogaffe,malware,1,0.9859735,1,malware
edu.synthetic.androzoo.malware.spyware_surveillance.0134,malware,1,0.98988265,1,malware
com.mobicage.rogerthat.be.meerhout,benign,0,0.9809013,1,malware
edu.synthetic.androzoo.malware.dropper_loader.1474,malware,1,0.5380941,1,malware
jp.bakuraku,benign,0,0.98293096,1,malware
edu.synthetic.androzoo.malware.banker_accessibility.0617,malware,1,0.9959429,1,malware
edu.synthetic.androzoo.malware.spyware_surveillance.0658,malware,1,0.94299304,1,malware
com.dajia.view.ncgjsd,malware,1,0.9874107,1,malware
com.chamelio.alcatmist,benign,0,0.98310626,1,malware
ljm.course.app,malware,1,0.8745144,1,malware
edu.synthetic.androzoo.malware.dropper_loader.0434,malware,1,0.62955993,1,malware
com.jacks_flights,benign,0,0.8432704,1,malware
com.dxysolutions.scihist,benign,0,0.9491727,1,malware
it.creareunapp.editor.android5fe4be4037921,benign,0,0.9810883,1,malware
com.sanmao.newlearnwordpro,malware,1,0.4769589,0,benign
br.gov.fazenda.receita.eprocesso,benign,0,0.039160375,0,benign
edu.synthetic.androzoo.malware.banker_accessibility.0025,malware,1,0.98517275,1,malware
edu.synthetic.androzoo.malware.dropper_loader.1788,malware,1,0.67988294,1,malware
com.ac.englishtoburmesetranslator,malware,1,0.019031376,0,benign
edu.synthetic.androzoo.malware.wallet_stealer.0483,malware,1,0.99686784,1,malware
com.moyun365.android.zkchemistry,malware,1,0.6382774,1,malware
edu.synthetic.androzoo.malware.banker_accessibility.1358,malware,1,0.99562955,1,malware
com.gofa.mobile,benign,0,0.99373525,1,malware
edu.synthetic.androzoo.malware.banker_accessibility.0911,malware,1,0.9978435,1,malware
cn.meihuiapp.videomaker,malware,1,0.98654765,1,malware
edu.synthetic.androzoo.malware.wallet_stealer.1849,malware,1,0.99864966,1,malware
com.rebbix.modnakasta,benign,0,0.8392755,1,malware
com.chronogolf.booking.westlock,benign,0,0.09848846,0,benign
edu.synthetic.androzoo.malware.dropper_loader.1665,malware,1,0.8019386,1,malware
com.careate.qyi,malware,1,0.020276224,0,benign
com.stephen.teleprompter.treasure,malware,1,0.8390798,1,malware
edu.synthetic.androzoo.malware.sms_otp_stealer.1469,malware,1,0.9821838,1,malware
com.betelge.divetru,benign,0,0.0073680817,0,benign
edu.synthetic.androzoo.malware.overlay_pin_stealer.0671,malware,1,0.95045495,1,malware
edu.synthetic.androzoo.malware.spyware_surveillance.1921,malware,1,0.9083041,1,malware
com.apptegy.edgewoodtx,benign,0,0.17979746,0,benign
com.kagccollege,benign,0,0.9802894,1,malware
com.jlahhw.sl096,benign,0,0.12977223,0,benign
com.cetinkaya.time_balance,benign,0,0.9820709,1,malware
com.quicktool.applock.lockapps.fingerprint.password,benign,0,0.08037153,0,benign
com.snappyappz.c_calc,benign,0,0.05050636,0,benign
makeover.merge,benign,0,0.40737346,0,benign
com.doumi.jianzhi,malware,1,0.716716,1,malware
com.collectorz.javamobile.android.music,benign,0,0.75334877,1,malware
edu.synthetic.androzoo.malware.sms_otp_stealer.1565,malware,1,0.98045325,1,malware
com.publicmediaapps.brpsw,benign,0,0.010707341,0,benign
com.shopgate.android.app10238,benign,0,0.015288542,0,benign
com.amayasoft.toddler.learning.baby.games,benign,0,0.66908985,1,malware
com.subsplashconsulting.s_SSS86K,benign,0,0.0052344576,0,benign
com.sinyee.babybus.changeable,benign,0,0.46462226,0,benign
com.oslonokkel,benign,0,0.0017200452,0,benign
com.square_enix.android_googleplay.FFPR,malware,1,0.14161006,0,benign
edu.synthetic.androzoo.malware.spyware_surveillance.0217,malware,1,0.9375558,1,malware
com.conformit.intervention,benign,0,0.106528096,0,benign
cn.shredjz.soundxmaker,malware,1,0.9879892,1,malware
com.productmadness.cashmancasino,benign,0,0.1006458,0,benign
com.technore.lolipopvip,malware,1,0.38807172,0,benign
it.nexi.merchant,benign,0,0.009255133,0,benign
com.huch.kosmopolit,benign,0,0.29064602,0,benign
com.geovictoriasupervisor,benign,0,0.025590558,0,benign
com.rebelvox.voxer,benign,0,0.14315726,0,benign
edu.synthetic.androzoo.malware.adware_clicker.0324,malware,1,0.4689908,0,benign
com.convergence.dwarflab,benign,0,0.9897809,1,malware
edu.synthetic.androzoo.malware.banker_accessibility.0431,malware,1,0.9980332,1,malware
edu.synthetic.androzoo.malware.spyware_surveillance.0153,malware,1,0.9288378,1,malware
com.orimuse.android,malware,1,0.66104215,1,malware
com.mmc.fengshui.pass.gm,benign,0,0.8405538,1,malware
com.tetrahedron.cubo3d,malware,1,0.049912862,0,benign
edu.synthetic.androzoo.malware.banker_accessibility.0866,malware,1,0.995381,1,malware
edu.synthetic.androzoo.malware.sms_otp_stealer.1470,malware,1,0.872233,1,malware
com.yamaha.av.musiccastcontroller,benign,0,0.99003863,1,malware
com.trust.smarthome,benign,0,0.9678506,1,malware
com.hhll.learningchinese,benign,0,0.3840222,0,benign
edu.synthetic.androzoo.malware.ransomware_locker.1107,malware,1,0.31319302,0,benign
edu.synthetic.androzoo.malware.overlay_pin_stealer.1184,malware,1,0.98089373,1,malware
edu.synthetic.androzoo.malware.adware_clicker.1692,malware,1,0.31458372,0,benign
cn.changsha.xczxapp,malware,1,0.5677538,1,malware
jp.pxv.android,benign,0,0.023360075,0,benign
edu.synthetic.androzoo.malware.spyware_surveillance.1620,malware,1,0.9824966,1,malware
edu.synthetic.androzoo.malware.banker_accessibility.0672,malware,1,0.9970192,1,malware
edu.synthetic.androzoo.malware.spyware_surveillance.0032,malware,1,0.8773217,1,malware
com.easytech.wc4.android,benign,0,0.05831407,0,benign
conversor.conversaotaxasbasico.eurttd,benign,0,0.021509748,0,benign
edu.synthetic.androzoo.malware.banker_accessibility.1871,malware,1,0.9487615,1,malware
nz.co.solus.Kotui.HawkesBay,benign,0,0.37806857,0,benign
com.quanm.saiche,malware,1,0.9526172,1,malware
com.mili.cbttherapy,benign,0,0.021670174,0,benign
com.zhuofu,malware,1,0.81908625,1,malware
net.xinhuamm.d3099,malware,1,0.9526172,1,malware
app.mylekha.client.mobile_dashboard,benign,0,0.051132455,0,benign
edu.synthetic.androzoo.malware.wallet_stealer.0594,malware,1,0.988123,1,malware
edu.synthetic.androzoo.malware.dropper_loader.1551,malware,1,0.5177504,1,malware
com.app.professionalcamera,benign,0,0.18308592,0,benign
edu.synthetic.androzoo.malware.banker_accessibility.1167,malware,1,0.9945274,1,malware
com.ask.teachertop,malware,1,0.1726686,0,benign
com.moyun365.android.gkphysicaltong,malware,1,0.40573055,0,benign
edu.synthetic.androzoo.malware.spyware_surveillance.1831,malware,1,0.9619383,1,malware
edu.synthetic.androzoo.malware.ransomware_locker.1662,malware,1,0.5761715,1,malware
com.glodon.drawingexplorer,malware,1,0.42312214,0,benign
com.paketin.paketinapp,malware,1,0.17299081,0,benign
com.trainerize.primalcoaching,benign,0,0.7252297,1,malware
vus.edu.vn.parents.ovi,benign,0,0.98139393,1,malware
edu.synthetic.androzoo.malware.ransomware_locker.0714,malware,1,0.7053414,1,malware
edu.synthetic.androzoo.malware.overlay_pin_stealer.1288,malware,1,0.973511,1,malware
com.sheepyard.clickersimulator.idlecreepypark,malware,1,0.32095218,0,benign
edu.synthetic.androzoo.malware.dropper_loader.0348,malware,1,0.7269602,1,malware
edu.synthetic.androzoo.malware.ransomware_locker.0679,malware,1,0.6715616,1,malware
edu.synthetic.androzoo.malware.banker_accessibility.1465,malware,1,0.91159296,1,malware
edu.synthetic.androzoo.malware.banker_accessibility.1510,malware,1,0.9973947,1,malware
com.visable.ep,benign,0,0.98340064,1,malware
com.fintasys.weddy,benign,0,0.98192984,1,malware
edu.synthetic.androzoo.malware.banker_accessibility.1003,malware,1,0.9987445,1,malware
com.ba.mobile,benign,0,0.55501956,1,malware
com.sinyee.babybus.custom,malware,1,0.75222623,1,malware
com.euroscoreboard.euroscoreboard,benign,0,0.04605346,0,benign
edu.synthetic.androzoo.malware.wallet_stealer.1431,malware,1,0.9030734,1,malware
edu.synthetic.androzoo.malware.banker_accessibility.1439,malware,1,0.9964927,1,malware
in.crossy.daily_crossword,benign,0,0.98603094,1,malware
com.edictonary.Sociology.Dictionary,malware,1,0.9527678,1,malware
edu.synthetic.androzoo.malware.banker_accessibility.1527,malware,1,0.99364907,1,malware
com.matchaupair,benign,0,0.9683159,1,malware
com.androtv.autoallstars,benign,0,0.8377245,1,malware
com.makeshop.powerapp.swad120,benign,0,0.103110164,0,benign
edu.synthetic.androzoo.malware.ransomware_locker.1385,malware,1,0.8432004,1,malware
edu.synthetic.androzoo.malware.ransomware_locker.1856,malware,1,0.8458127,1,malware
edu.synthetic.androzoo.malware.overlay_pin_stealer.1878,malware,1,0.9731958,1,malware
com.ets100.pupil,malware,1,0.02632082,0,benign
edu.synthetic.androzoo.malware.sms_otp_stealer.1674,malware,1,0.9582208,1,malware
edu.synthetic.androzoo.malware.spyware_surveillance.1082,malware,1,0.9087357,1,malware
edu.synthetic.androzoo.malware.spyware_surveillance.0826,malware,1,0.9960311,1,malware
com.acvauctions.acvauctions,benign,0,0.054142937,0,benign
com.ai.chat.bot.aichat,malware,1,0.2789001,0,benign
com.southwestairlines.mobile,benign,0,0.56259704,1,malware
com.MaxwellPlay.LiminalX,benign,0,0.479882,0,benign
com.restaumatic.bosca_pizzeria_production,benign,0,0.11941358,0,benign
com.realsys.poem,malware,1,0.6378756,1,malware
com.turbo.turboplus,malware,1,0.9374925,1,malware
at.falstaff.gourmet,benign,0,0.003474791,0,benign
edu.synthetic.androzoo.malware.overlay_pin_stealer.1214,malware,1,0.90179336,1,malware
com.lh.bog.global,benign,0,0.8235986,1,malware
edu.synthetic.androzoo.malware.spyware_surveillance.0571,malware,1,0.9628638,1,malware
com.issmobile.datang.case_dough,malware,1,0.8209684,1,malware
com.app.p4812EB,benign,0,0.998302,1,malware
com.owner.clevelandparkbarandgrill,benign,0,0.0062997243,0,benign
edu.synthetic.androzoo.malware.overlay_pin_stealer.0126,malware,1,0.92801213,1,malware
edu.synthetic.androzoo.malware.overlay_pin_stealer.1051,malware,1,0.98314106,1,malware
co.bitx.android.wallet,benign,0,0.023409791,0,benign
com.loyal.musicality,benign,0,0.79660064,1,malware
com.simonclub.dominoaccesible,benign,0,0.11849961,0,benign
li.mews.android.commander,benign,0,0.5058312,1,malware
edu.synthetic.androzoo.malware.adware_clicker.1069,malware,1,0.9402075,1,malware
com.body_scanner.cloth_remover,benign,0,0.93578744,1,malware
edu.synthetic.androzoo.malware.wallet_stealer.0423,malware,1,0.9859161,1,malware
com.index.aeedc022019,benign,0,0.9848868,1,malware
edu.synthetic.androzoo.malware.banker_accessibility.0428,malware,1,0.95123863,1,malware
com.mods.maps.mine,benign,0,0.0072687794,0,benign
com.lilithgame.sgame.gp.oss,benign,0,0.98381627,1,malware
com.linchuan.vademecum,malware,1,0.96817017,1,malware
com.customchurchapps.appooghwy0c,benign,0,0.011183192,0,benign
edu.synthetic.androzoo.malware.dropper_loader.1516,malware,1,0.7613252,1,malware
edu.synthetic.androzoo.malware.overlay_pin_stealer.0991,malware,1,0.9600262,1,malware
br.com.ideia2001.CatalogoFConfuorto,benign,0,0.96109915,1,malware
in.nirals.aiscbe,benign,0,0.21341132,0,benign
com.proxxinative,benign,0,0.6053844,1,malware
pl.netigen.simplemandolinrtuner,benign,0,0.049162686,0,benign
edu.synthetic.androzoo.malware.dropper_loader.1782,malware,1,0.77399015,1,malware
com.supersendcustomer,malware,1,0.83831114,1,malware
com.manuel.pagliai.tsol,benign,0,0.32573763,0,benign
edu.synthetic.androzoo.malware.sms_otp_stealer.0533,malware,1,0.9636522,1,malware
com.rez.minebuild,malware,1,0.66915476,1,malware
edu.synthetic.androzoo.malware.dropper_loader.0810,malware,1,0.90417105,1,malware
abudhabi.healthlink,benign,0,0.76670337,1,malware
shanks.scgl,malware,1,0.26576248,0,benign
br.com.wiki4fit.flashstudio,benign,0,0.23201299,0,benign
org.redsnow.Jiffy,malware,1,0.997042,1,malware
edu.synthetic.androzoo.malware.banker_accessibility.0409,malware,1,0.9871057,1,malware
edu.synthetic.androzoo.malware.banker_accessibility.0449,malware,1,0.9966016,1,malware
edu.synthetic.androzoo.malware.ransomware_locker.1729,malware,1,0.6391893,1,malware
tws.vision.viaim.headset,benign,0,0.99466276,1,malware
edu.synthetic.androzoo.malware.sms_otp_stealer.1553,malware,1,0.8800139,1,malware
edu.synthetic.androzoo.malware.ransomware_locker.1193,malware,1,0.59864175,1,malware
com.gozem.provider,benign,0,0.45389757,0,benign
com.navitime.local.bike,benign,0,0.95567364,1,malware
com.subsplashconsulting.s_WWWDTZ,benign,0,0.0046222927,0,benign
edu.synthetic.androzoo.malware.overlay_pin_stealer.1183,malware,1,0.9574577,1,malware
edu.synthetic.androzoo.malware.banker_accessibility.1398,malware,1,0.9571656,1,malware
com.ticimax.androidbase.disentismodest,benign,0,0.98381525,1,malware
com.abiitur.gridlayout,benign,0,0.22276746,0,benign
com.xinxiu.AvatarMaker,malware,1,0.9707146,1,malware
redwhite.cricket.liveline.score,benign,0,0.937617,1,malware
edu.synthetic.androzoo.malware.ransomware_locker.1211,malware,1,0.49831915,0,benign
com.artbookmagazine.lisa,benign,0,0.31211048,0,benign
com.wanderlog.android,benign,0,0.9486091,1,malware
edu.synthetic.androzoo.malware.sms_otp_stealer.0794,malware,1,0.9846119,1,malware
com.ximi.weightrecord,malware,1,0.49224877,0,benign
edu.synthetic.androzoo.malware.ransomware_locker.0822,malware,1,0.94168276,1,malware
com.alaeat.customer.android.cafeofeastbay,benign,0,0.97554433,1,malware
meditofoundation.medito,benign,0,0.03369826,0,benign
com.educabiz.educabiz.mobile,benign,0,0.80421215,1,malware
asan.gharelu.ilaj.asangharelunuskhay,benign,0,0.24775027,0,benign
com.architurk.rainbow,benign,0,0.9648565,1,malware
com.ailiyong.pinyin,malware,1,0.0035111078,0,benign
edu.synthetic.androzoo.malware.banker_accessibility.0486,malware,1,0.99598783,1,malware
com.kanchufang.privatedoctor,malware,1,0.9780326,1,malware
edu.synthetic.androzoo.malware.banker_accessibility.0846,malware,1,0.99504507,1,malware
com.addietudeculturalartsctrapp.mi,benign,0,0.7968945,1,malware
com.app.a1f4W00000199bZQAQ,benign,0,0.97453326,1,malware
edu.synthetic.androzoo.malware.overlay_pin_stealer.0232,malware,1,0.95692134,1,malware
com.eltok.scoreboardliveumpireapp,benign,0,0.061845172,0,benign
edu.synthetic.androzoo.malware.banker_accessibility.1610,malware,1,0.99414647,1,malware
edu.synthetic.androzoo.malware.wallet_stealer.0733,malware,1,0.9920874,1,malware
com.blupearl.healthocarepath,benign,0,0.9314892,1,malware
uni.UNI8EFADFE,malware,1,0.98433995,1,malware
edu.synthetic.androzoo.malware.dropper_loader.1160,malware,1,0.68104696,1,malware
com.dalcomsoft.mysu.a,benign,0,0.9916325,1,malware
com.Fibrum.vrfall,malware,1,0.95480084,1,malware
com.instabridge.android,benign,0,0.22818005,0,benign
com.chating.messages.chat.fun,malware,1,0.96810955,1,malware
com.ipreto.android.ageofconquerors.st,malware,1,0.8920562,1,malware
io.ionic.idcp,benign,0,0.9666335,1,malware
com.letsgetdigital.app3790x,benign,0,0.31242764,0,benign
com.slimesmash.android,malware,1,0.7258459,1,malware
com.stepstone.totaljobs,benign,0,0.0058371597,0,benign
com.yamabus.pocha.pj,malware,1,0.87745386,1,malware
com.merge.townhorizon.puzzlegame,benign,0,0.18426283,0,benign
com.gentdev.piglow,benign,0,0.9565109,1,malware
com.subsplashconsulting.s_R5GMWK,benign,0,0.29559663,0,benign
edu.synthetic.androzoo.malware.sms_otp_stealer.1421,malware,1,0.9810146,1,malware
com.zakg.scaryteacher.hellgame,benign,0,0.19360875,0,benign
com.psma.videosplitter,benign,0,0.10775351,0,benign
cz.prumsys.s7plchmi,benign,0,0.07203527,0,benign
com.intellect_soft_apps.photowarp,benign,0,0.9909905,1,malware
com.bitmango.go.fruitsmaniamatch3,benign,0,0.0050118538,0,benign
com.dastyar.io,benign,0,0.3651319,0,benign
jp.co.umk.umkapp,benign,0,0.020335251,0,benign
com.emri.upcitizenapp,benign,0,0.99815696,1,malware
com.openmygame.games.android.wordpizza,benign,0,0.86582816,1,malware
edu.synthetic.androzoo.malware.adware_clicker.1328,malware,1,0.59024864,1,malware
com.sayeh.view,benign,0,0.6773051,1,malware
com.easyfastapp.app,benign,0,0.98677653,1,malware
com.MA.LosAngelesCrimes,malware,1,0.976319,1,malware
xyz.xoventechdev.saifnetudplite,malware,1,0.15349148,0,benign
com.ryumoto.gfx,malware,1,0.0049060644,0,benign
com.trainerize.dutifitness,benign,0,0.95931464,1,malware
app.unitime,benign,0,0.7956414,1,malware
io.zerion.android,benign,0,0.7402442,1,malware
edu.synthetic.androzoo.malware.adware_clicker.0593,malware,1,0.78307474,1,malware
com.sinyee.babybus.forest,malware,1,0.75683373,1,malware
com.ita.scaleup,benign,0,0.14638852,0,benign
br.org.admanancial.appEK1811,benign,0,0.7383472,1,malware
com.gh.eurobus.driving.simulator.bus.game,benign,0,0.2997437,0,benign
com.appwallet.fightphotoeditor,benign,0,0.61585027,1,malware
au.com.weguide.genv,benign,0,0.15159239,0,benign
com.kihno.kihnoplay,benign,0,0.9780326,1,malware
ru.projectpoint.app,benign,0,0.98260605,1,malware
com.bhgames.spades,benign,0,0.22225918,0,benign
com.softcraft.frenchbible,benign,0,0.00777492,0,benign
com.taskgo.app,benign,0,0.9605399,1,malware
edu.synthetic.androzoo.malware.spyware_surveillance.0778,malware,1,0.9852447,1,malware
edu.synthetic.androzoo.malware.sms_otp_stealer.0052,malware,1,0.95080775,1,malware
org.qpython.qpy,malware,1,0.107773565,0,benign
edu.synthetic.androzoo.malware.wallet_stealer.0490,malware,1,0.9980268,1,malware
com.goldenapps05.happyfathersday2020,benign,0,0.98635453,1,malware
edu.synthetic.androzoo.malware.banker_accessibility.0986,malware,1,0.90685225,1,malware
edu.synthetic.androzoo.malware.banker_accessibility.1246,malware,1,0.9981629,1,malware
com.subsplashconsulting.s_KNX3RK,benign,0,0.047322795,0,benign
edu.synthetic.androzoo.malware.dropper_loader.1546,malware,1,0.60816646,1,malware
com.ambrotechs.bluebay,benign,0,0.98661894,1,malware
com.newsparkapps.indianheavydrivercheatcodes,benign,0,0.018539276,0,benign
com.trainerize.fightfitness,benign,0,0.9797006,1,malware
net.peakgames.toonblast,benign,0,0.33853796,0,benign
io.c2dev.mypastpapers,benign,0,0.9180216,1,malware
com.lei.kongzhan,malware,1,0.9962566,1,malware
com.sdyxjd.yony,malware,1,0.87999445,1,malware
edu.synthetic.androzoo.malware.banker_accessibility.1513,malware,1,0.99911886,1,malware
edu.synthetic.androzoo.malware.banker_accessibility.0361,malware,1,0.99606174,1,malware
edu.synthetic.androzoo.malware.sms_otp_stealer.1269,malware,1,0.99158984,1,malware
com.ionicframework.ionicapp410897,benign,0,0.08366242,0,benign
edu.synthetic.androzoo.malware.dropper_loader.1669,malware,1,0.7368738,1,malware
com.android.weici.senior.teacher,malware,1,0.776009,1,malware
com.lazyboydevelopments.footballsuperstar2,malware,1,0.92601806,1,malware
edu.synthetic.androzoo.malware.banker_accessibility.1126,malware,1,0.993954,1,malware
edu.synthetic.androzoo.malware.adware_clicker.1161,malware,1,0.6700543,1,malware
edu.synthetic.androzoo.malware.spyware_surveillance.1325,malware,1,0.83993405,1,malware
com.okioki.ws,benign,0,0.98511654,1,malware
