package_name,true_label,y_true,malware_probability,y_pred,predicted_label
com.loopump.app,benign,0,0.878,1,malware
cili.niao.search.bt.ci.li,malware,1,0.76,1,malware
com.fourthfrontier.biostrip,benign,0,0.248,0,benign
net.wordbit.jpen,benign,0,0.332,0,benign
edu.synthetic.androzoo.malware.banker_accessibility.1159,malware,1,0.86,1,malware
com.only.capy.parkour.up.six,benign,0,0.612,1,malware
br.com.psinf.forcadevendas,benign,0,0.082,0,benign
cl.bci.app.personas,benign,0,0.222,0,benign
com.stefanroobol.pelvicfloor,benign,0,0.68,1,malware
br.com.marisa.android,benign,0,0.876,1,malware
edu.synthetic.androzoo.malware.banker_accessibility.1237,malware,1,0.874,1,malware
io.calamari.kiosk,benign,0,0.552,1,malware
com.myrebornpack.gr,benign,0,0.912,1,malware
io.arlabs.belutti,benign,0,0.948,1,malware
com.pujiagames.daremoinai,malware,1,0.686,1,malware
it.cgn.app.fatturazione,benign,0,0.888,1,malware
org.plumvillageapp,benign,0,0.854,1,malware
edu.synthetic.androzoo.malware.sms_otp_stealer.1286,malware,1,0.856,1,malware
com.thetrainline,benign,0,0.244,0,benign
com.vg.drive.army.offroad.mountain.truck,benign,0,0.576,1,malware
com.shifthackz.aisdv1.app,benign,0,0.956,1,malware
edu.synthetic.androzoo.malware.spyware_surveillance.1405,malware,1,0.846,1,malware
com.android.linglan.ui,malware,1,0.798,1,malware
com.yandex.toloka.androidapp,benign,0,0.752,1,malware
edu.synthetic.androzoo.malware.ransomware_locker.1047,malware,1,0.78,1,malware
org.slashgames.FreudBot.AdFree,malware,1,0.484,0,benign
com.tfg.codcwguides,benign,0,0.44,0,benign
edu.synthetic.androzoo.malware.sms_otp_stealer.1691,malware,1,0.696,1,malware
com.sflep.course,malware,1,0.516,1,malware
com.lechneralexander.privatebrowser,malware,1,0.666,1,malware
edu.synthetic.androzoo.malware.banker_accessibility.1560,malware,1,0.894,1,malware
edu.synthetic.androzoo.malware.banker_accessibility.0829,malware,1,0.824,1,malware
edu.synthetic.androzoo.malware.ransomware_locker.0037,malware,1,0.822,1,malware
com.mrblue.mrblue,benign,0,0.432,0,benign
fgs.com.simulation,benign,0,0.35,0,benign
com.IVR.horoscopoescorpio,benign,0,0.034,0,benign
com.at.death.ultimate.strike,malware,1,0.828,1,malware
com.sca.skogsvard,benign,0,0.7,1,malware
edu.synthetic.androzoo.malware.dropper_loader.1480,malware,1,0.76,1,malware
id.or.aaji.aaji_mobile_exam,benign,0,0.512,1,malware
com.kdhnews.android,benign,0,0.38,0,benign
com.jyouhousyoriisya_kakindesu.englishstudy,benign,0,0.684,1,malware
com.redhands.twoplayergames,benign,0,0.752,1,malware
com.marsor.game.frog,malware,1,0.964,1,malware
edu.synthetic.androzoo.malware.spyware_surveillance.0763,malware,1,0.814,1,malware
com.cy.chengcredit,malware,1,0.956,1,malware
edu.synthetic.androzoo.malware.dropper_loader.1394,malware,1,0.75,1,malware
com.itita.chuanyi,malware,1,0.31,0,benign
com.tapblaze.pizzabusiness,benign,0,0.686,1,malware
rebar.com.yh,benign,0,0.186,0,benign
com.marchnetworks.searchlight,benign,0,0.516,1,malware
com.trendyol.go,benign,0,0.276,0,benign
com.paysii.referral,benign,0,0.386,0,benign
com.fingersoft.boomkarts,malware,1,0.532,1,malware
com.surviva.grand,malware,1,0.456,0,benign
edu.synthetic.androzoo.malware.overlay_pin_stealer.0592,malware,1,0.878,1,malware
com.xiuxin.ins.follow.unfollow,malware,1,0.81,1,malware
cn.bluerhino.driver,malware,1,0.948,1,malware
io.attlas,benign,0,0.774,1,malware
edu.synthetic.androzoo.malware.banker_accessibility.0775,malware,1,0.862,1,malware
edu.synthetic.androzoo.malware.dropper_loader.0118,malware,1,0.728,1,malware
ru.mts.launcher,benign,0,0.122,0,benign
edu.synthetic.androzoo.malware.dropper_loader.1612,malware,1,0.81,1,malware
edu.synthetic.androzoo.malware.overlay_pin_stealer.0569,malware,1,0.874,1,malware
pro.arendacar.carsandgoapp,benign,0,0.752,1,malware
com.ihavecar.client,malware,1,0.946,1,malware
com.petreion.digitalsnow,malware,1,0.194,0,benign
com.applestudio.games.au1303014.lite,malware,1,0.75,1,malware
com.tk.cattrans,benign,0,0.344,0,benign
jp.co.a_tm.android.plus_lady_in_pink,benign,0,0.86,1,malware
com.EvolutionOfGames.EvolutionOfSpecies.ly,malware,1,0.186,0,benign
edu.synthetic.androzoo.malware.dropper_loader.0478,malware,1,0.752,1,malware
com.credemtel.notaspese.app,benign,0,0.886,1,malware
com.gamesworkshop.kt3,benign,0,0.748,1,malware
com.EFUniverseGames.GrubDashDriver,malware,1,0.292,0,benign
com.YovoGames.tailor,benign,0,0.12,0,benign
com.mes.TheColorMask,benign,0,0.478,0,benign
com.fragileheart.note,benign,0,0.2,0,benign
com.taxigo.ee,benign,0,0.568,1,malware
jbl.stc.com,benign,0,0.626,1,malware
edu.synthetic.androzoo.malware.banker_accessibility.0206,malware,1,0.866,1,malware
edu.synthetic.androzoo.malware.spyware_surveillance.0223,malware,1,0.828,1,malware
edu.synthetic.androzoo.malware.banker_accessibility.0148,malware,1,0.806,1,malware
com.geaxgame.pokerkingpro,benign,0,0.178,0,benign
com.restikpos,benign,0,0.71,1,malware
edu.synthetic.androzoo.malware.adware_clicker.1249,malware,1,0.66,1,malware
com.fellafeeds.app,benign,0,0.516,1,malware
it.logicweb.colossusescape,malware,1,0.838,1,malware
com.hailong0707.android.paradox,malware,1,0.706,1,malware
com.vnptpayagent,benign,0,0.422,0,benign
it.xmenu.pizzaexport,benign,0,0.61,1,malware
com.coyoapp.plswnet.engage.android,benign,0,0.732,1,malware
edu.synthetic.androzoo.malware.overlay_pin_stealer.1477,malware,1,0.818,1,malware
app.cheriedating,benign,0,0.092,0,benign
com.trillion.camper.van.holiday.family,benign,0,0.742,1,malware
edu.synthetic.androzoo.malware.ransomware_locker.0038,malware,1,0.792,1,malware
es.tpc.matchpoint.appclient.globopadelclub,benign,0,0.594,1,malware
it.cineca.app.unime,benign,0,0.796,1,malware
com.superspesa,benign,0,0.43,0,benign
com.bapplware.hrvale,benign,0,0.624,1,malware
com.EdenredUsaBenefits,benign,0,0.582,1,malware
com.samvat.calendars,benign,0,0.062,0,benign
edu.synthetic.androzoo.malware.wallet_stealer.1045,malware,1,0.868,1,malware
com.jygame.qqtyt.nzbst.yyh,malware,1,0.884,1,malware
com.sca.crossings,benign,0,0.514,1,malware
edu.synthetic.androzoo.malware.banker_accessibility.0680,malware,1,0.882,1,malware
com.acurable.apsa,benign,0,0.544,1,malware
com.dasheng.talk,malware,1,0.808,1,malware
com.clear.joapp,benign,0,0.16,0,benign
droid.dheeraj.dimscreen,benign,0,0.116,0,benign
com.sgs.xamarin.engage,benign,0,0.816,1,malware
edu.synthetic.androzoo.malware.spyware_surveillance.1574,malware,1,0.826,1,malware
com.dezerv,benign,0,0.784,1,malware
com.chairenhuo.qshuiynm.cookman.happiness,malware,1,0.756,1,malware
it.creareunapp.editor.android606ecded11679,benign,0,0.776,1,malware
com.halalnavi,benign,0,0.866,1,malware
com.mjcsoft.stream.latopweb,benign,0,0.31,0,benign
io.pushpay.parkcommunitychurch,benign,0,0.25,0,benign
xyz.modtech.hexagon,benign,0,0.862,1,malware
com.app.afterschool,benign,0,0.874,1,malware
my.company.japanesewordryu1,malware,1,0.104,0,benign
com.dmm.pointclub,benign,0,0.83,1,malware
com.oupeng.mini.android,malware,1,0.548,1,malware
com.repair.photopay,malware,1,0.712,1,malware
com.bloblegame.io,malware,1,0.862,1,malware
edu.synthetic.androzoo.malware.adware_clicker.1826,malware,1,0.722,1,malware
com.gp.animalkeeper,malware,1,0.774,1,malware
com.akhenaton.dr_shady,benign,0,0.374,0,benign
edu.synthetic.androzoo.malware.overlay_pin_stealer.0877,malware,1,0.884,1,malware
com.radioinfinitalarioja,benign,0,0.628,1,malware
edu.synthetic.androzoo.malware.wallet_stealer.0643,malware,1,0.894,1,malware
edu.synthetic.androzoo.malware.dropper_loader.0769,malware,1,0.738,1,malware
com.skisosoft.coach.ly,malware,1,0.524,1,malware
edu.synthetic.androzoo.malware.banker_accessibility.0321,malware,1,0.842,1,malware
net.polyglots,benign,0,0.246,0,benign
games.dali.adventure.lucid.dream.part.three,malware,1,0.792,1,malware
com.dfsc.vivo.jxmtkb.ywrs.yyh,malware,1,0.8,1,malware
com.theosys.deogracia,benign,0,0.566,1,malware
com.esigtek.lopesa,benign,0,0.478,0,benign
com.cocoplay.shoppinggirl,benign,0,0.238,0,benign
com.upjers.dinosaurparkprimevalzoo,benign,0,0.582,1,malware
com.binary.hrms,benign,0,0.698,1,malware
com.mike.wenzikong,malware,1,0.108,0,benign
edu.synthetic.androzoo.malware.adware_clicker.1479,malware,1,0.782,1,malware
com.luckyskeletonstudios.idlebanktycoon,benign,0,0.462,0,benign
kz.tele2.kiozk.android,benign,0,0.544,1,malware
hu.hvg.android,benign,0,0.738,1,malware
es.altra.airzone,benign,0,0.686,1,malware
com.zuuks.gangs.io,benign,0,0.136,0,benign
edu.synthetic.androzoo.malware.wallet_stealer.0542,malware,1,0.874,1,malware
com.psyter.www.careprovider,benign,0,0.806,1,malware
edu.synthetic.androzoo.malware.wallet_stealer.1627,malware,1,0.858,1,malware
ott.nyse,benign,0,0.264,0,benign
ecommerce_166.android.app,benign,0,0.848,1,malware
edu.synthetic.androzoo.malware.banker_accessibility.0669,malware,1,0.812,1,malware
dance.fit.zumba.weightloss.danceburn,benign,0,0.18,0,benign
com.my.cooking.chef.kitchen.craze.fever,benign,0,0.614,1,malware
edu.synthetic.androzoo.malware.spyware_surveillance.0461,malware,1,0.826,1,malware
vor.rider,benign,0,0.41,0,benign
com.tarotlife.tarot.card.reading.numerology,benign,0,0.154,0,benign
com.suanaiyanxishe.loveandroid,malware,1,0.592,1,malware
co.appnation.noteninja,benign,0,0.946,1,malware
nl.zig.ap.app.zuidwestwonen,benign,0,0.24,0,benign
com.deenislamic,benign,0,0.176,0,benign
edu.synthetic.androzoo.malware.spyware_surveillance.1927,malware,1,0.892,1,malware
edu.synthetic.androzoo.malware.dropper_loader.0798,malware,1,0.778,1,malware
com.cmpsoft.MediaBrowser,benign,0,0.536,1,malware
it.froggymedia.sportmediaset,benign,0,0.578,1,malware
com.didong.ddac,malware,1,0.788,1,malware
com.tanchi.snkego,malware,1,1.0,1,malware
com.app.brik,benign,0,0.426,0,benign
com.nabe.fr3pc,benign,0,0.798,1,malware
themestack.lg.k50.k50s.lgk50s.lgk50swalls.lgwalls.launcher.theme,benign,0,0.528,1,malware
com.xiaoyu.xiaoxue,malware,1,0.112,0,benign
edu.synthetic.androzoo.malware.spyware_surveillance.1872,malware,1,0.884,1,malware
edu.synthetic.androzoo.malware.overlay_pin_stealer.0891,malware,1,0.788,1,malware
edu.synthetic.androzoo.malware.overlay_pin_stealer.0691,malware,1,0.85,1,malware
edu.synthetic.androzoo.malware.banker_accessibility.1382,malware,1,0.822,1,malware
com.insession.zero_phobia,benign,0,0.83,1,malware
edu.synthetic.androzoo.malware.wallet_stealer.1743,malware,1,0.878,1,malware
com.plusgames.ideologyr,benign,0,0.576,1,malware
edu.synthetic.androzoo.malware.sms_otp_stealer.0850,malware,1,0.756,1,malware
edu.synthetic.androzoo.malware.ransomware_locker.0888,malware,1,0.782,1,malware
com.zsjj.activity,malware,1,0.8,1,malware
edu.synthetic.androzoo.malware.dropper_loader.1098,malware,1,0.704,1,malware
com.softwareeurope.expensesmobile,benign,0,0.71,1,malware
com.egeio.fangcloud,malware,1,0.71,1,malware
com.t2s.pizzacaprii799624,benign,0,0.06,0,benign
com.dengtadoctor.ear,malware,1,0.732,1,malware
com.alphaunit.mycandy,benign,0,0.408,0,benign
com.wesleymay.bridgeapp,benign,0,0.93,1,malware
com.rogue.under,malware,1,0.212,0,benign
com.elmoussafirfatimazahra.amawal,benign,0,0.91,1,malware
edu.synthetic.androzoo.malware.banker_accessibility.1229,malware,1,0.876,1,malware
com.alel.alelorder,benign,0,0.624,1,malware
com.plaky.android,benign,0,0.268,0,benign
edu.synthetic.androzoo.malware.spyware_surveillance.1806,malware,1,0.844,1,malware
edu.synthetic.androzoo.malware.banker_accessibility.1299,malware,1,0.874,1,malware
edu.synthetic.androzoo.malware.sms_otp_stealer.0094,malware,1,0.874,1,malware
com.dynogeek.qlisperaceway,benign,0,0.728,1,malware
com.parque.net,benign,0,0.668,1,malware
edu.synthetic.androzoo.malware.spyware_surveillance.0813,malware,1,0.886,1,malware
com.cocoplay.queen.party.ly,malware,1,0.804,1,malware
edu.synthetic.androzoo.malware.banker_accessibility.0961,malware,1,0.894,1,malware
com.alphaunit.tapmoles,benign,0,0.428,0,benign
edu.synthetic.androzoo.malware.banker_accessibility.1218,malware,1,0.814,1,malware
edu.synthetic.androzoo.malware.banker_accessibility.0185,malware,1,0.85,1,malware
com.exim.bcbd,benign,0,0.408,0,benign
com.dkhs.futures,malware,1,0.398,0,benign
co.benx.weverse,benign,0,0.17,0,benign
edu.synthetic.androzoo.malware.sms_otp_stealer.0337,malware,1,0.702,1,malware
com.budgetmaster.expensetrackerapp,benign,0,0.772,1,malware
com.highland.smarthome,benign,0,0.154,0,benign
com.eaziapps.cms.android6448f960e2122,benign,0,0.444,0,benign
com.sjfc.ynyfyt,malware,1,0.766,1,malware
com.finewoodworking,benign,0,0.822,1,malware
com.beautybuddy,benign,0,0.384,0,benign
edu.synthetic.androzoo.malware.spyware_surveillance.0538,malware,1,0.854,1,malware
edu.synthetic.androzoo.malware.ransomware_locker.0725,malware,1,0.822,1,malware
com.bgy.speechtext,malware,1,0.102,0,benign
edu.synthetic.androzoo.malware.overlay_pin_stealer.1501,malware,1,0.834,1,malware
com.udyam,benign,0,0.148,0,benign
edu.synthetic.androzoo.malware.dropper_loader.1491,malware,1,0.73,1,malware
com.mike.textocr,malware,1,0.238,0,benign
com.soundmedicalweightloss.bodysite,benign,0,0.646,1,malware
juno.id,benign,0,0.026,0,benign
com.galasports.football,benign,0,0.73,1,malware
com.beevle.xz.checkin_manage.second,malware,1,0.836,1,malware
com.beansprites.mainstreetpetshauntedvillageFREE,benign,0,0.982,1,malware
com.kabam.doamobile,benign,0,0.366,0,benign
com.gs.carmechanic.tireshop.carrepair.offlinegame,benign,0,0.894,1,malware
com.sendit.senditapp,benign,0,0.66,1,malware
scut.wei.numbergame,malware,1,0.956,1,malware
com.android.angel.babyanimal,malware,1,0.98,1,malware
com.taxicaller.Getdriven.app,benign,0,0.56,1,malware
edu.synthetic.androzoo.malware.banker_accessibility.0031,malware,1,0.92,1,malware
com.nthgensoftware.traderev.android,benign,0,0.146,0,benign
com.fastdownload.allsocial.downloader.app,malware,1,0.194,0,benign
com.steadystate.Sticky.Flip,malware,1,0.146,0,benign
edu.synthetic.androzoo.malware.banker_accessibility.1116,malware,1,0.824,1,malware
edu.synthetic.androzoo.malware.banker_accessibility.0552,malware,1,0.828,1,malware
au.org.rrr.stream,benign,0,0.77,1,malware
com.match.club,benign,0,0.062,0,benign
com.beloris,benign,0,0.056,0,benign
edu.synthetic.androzoo.malware.ransomware_locker.1309,malware,1,0.84,1,malware
edu.synthetic.androzoo.malware.banker_accessibility.0119,malware,1,0.812,1,malware
tw.com.thsrc.texpress,benign,0,0.746,1,malware
koeln.kvb.ticket.sveapp,benign,0,0.868,1,malware
jp.fantasista.tapthief,malware,1,0.448,0,benign
in.playsimple.jigsaw_puzzle,benign,0,0.78,1,malware
com.yottagames.mafiawar,benign,0,0.874,1,malware
edu.synthetic.androzoo.malware.dropper_loader.1427,malware,1,0.748,1,malware
com.encar.encarMobileApp,benign,0,0.582,1,malware
com.rabonagames.sepaktakraw,benign,0,0.558,1,malware
com.daveandava.player.subscription,benign,0,0.718,1,malware
edu.synthetic.androzoo.malware.spyware_surveillance.1073,malware,1,0.898,1,malware
edu.SmirnovYury.EngVesselLights,benign,0,0.854,1,malware
com.andreyf.muslimprayer,benign,0,0.164,0,benign
edu.synthetic.androzoo.malware.overlay_pin_stealer.1263,malware,1,0.812,1,malware
com.ppapps.collections,benign,0,0.552,1,malware
sa.absher.business,benign,0,0.632,1,malware
com.wino.live,benign,0,0.046,0,benign
com.xcyh.novelpal,benign,0,0.34,0,benign
com.dorian.playtogether,benign,0,0.538,1,malware
ru.agweb.gr.driver,benign,0,0.526,1,malware
com.arielvila.karcli.transtrip,benign,0,0.756,1,malware
edu.synthetic.androzoo.malware.banker_accessibility.1404,malware,1,0.816,1,malware
edu.synthetic.androzoo.malware.wallet_stealer.0245,malware,1,0.882,1,malware
edu.synthetic.androzoo.malware.spyware_surveillance.0649,malware,1,0.832,1,malware
edu.synthetic.androzoo.malware.overlay_pin_stealer.1725,malware,1,0.86,1,malware
com.hicut.app,benign,0,0.676,1,malware
id.akusantri.hairstyle,benign,0,0.856,1,malware
edu.synthetic.androzoo.malware.adware_clicker.1758,malware,1,0.718,1,malware
edu.synthetic.androzoo.malware.ransomware_locker.0353,malware,1,0.722,1,malware
alarmclock.alarm.simplealarm.clock.alarmapp,benign,0,0.094,0,benign
com.teccom.radiosdenicaraguaenvivo,benign,0,0.346,0,benign
edu.synthetic.androzoo.malware.overlay_pin_stealer.1196,malware,1,0.842,1,malware
com.vf.frozenwar,benign,0,0.646,1,malware
edu.synthetic.androzoo.malware.banker_accessibility.1827,malware,1,0.878,1,malware
com.CSthenestonmain.android,benign,0,0.262,0,benign
com.ny33333.ti.shangchong,malware,1,0.958,1,malware
io.datoms.dgmonitoring,benign,0,0.652,1,malware
com.tedmob.taxibeirut.user,benign,0,0.884,1,malware
com.mp.satisfying.carwash.asmr.repair,benign,0,0.442,0,benign
com.dreamapp.dubhe,benign,0,0.272,0,benign
com.islahibaatain,benign,0,0.816,1,malware
com.Eclipse.Neuphoria,benign,0,0.388,0,benign
edu.synthetic.androzoo.malware.adware_clicker.0590,malware,1,0.746,1,malware
edu.synthetic.androzoo.malware.ransomware_locker.1257,malware,1,0.776,1,malware
com.mobincube.diccionario_hebreo_biblico.sc_HPLU6P,malware,1,0.886,1,malware
edu.synthetic.androzoo.malware.banker_accessibility.0401,malware,1,0.888,1,malware
edu.synthetic.androzoo.malware.spyware_surveillance.0260,malware,1,0.836,1,malware
com.radio.tkbonanza,benign,0,0.756,1,malware
io.battle.state.war.clash,benign,0,0.382,0,benign
com.jk.wisdomcam,malware,1,0.884,1,malware
edu.synthetic.androzoo.malware.dropper_loader.1593,malware,1,0.74,1,malware
edu.synthetic.androzoo.malware.banker_accessibility.0831,malware,1,0.862,1,malware
com.entdeckebayern.app,benign,0,0.882,1,malware
edu.synthetic.androzoo.malware.dropper_loader.0904,malware,1,0.776,1,malware
fr.oworld.student_timetable,benign,0,0.254,0,benign
com.fi6798.godough,benign,0,0.524,1,malware
com.cysterhood,benign,0,0.864,1,malware
edu.synthetic.androzoo.malware.overlay_pin_stealer.1415,malware,1,0.87,1,malware
com.gm.ffa.philips,benign,0,0.374,0,benign
edu.synthetic.androzoo.malware.overlay_pin_stealer.1389,malware,1,0.69,1,malware
com.balaiagas,benign,0,0.576,1,malware
edu.synthetic.androzoo.malware.ransomware_locker.1690,malware,1,0.794,1,malware
com.elephantgames.parfalenjtshop,benign,0,0.838,1,malware
edu.synthetic.androzoo.malware.sms_otp_stealer.1559,malware,1,0.808,1,malware
nl.coffeeit.workstead,benign,0,0.794,1,malware
com.square_enix.android_googleplay.FFPR3,malware,1,0.114,0,benign
com.upsahl.upsahl,benign,0,0.198,0,benign
nl.mendrix.mobile.crossdock,benign,0,0.672,1,malware
com.fridaysgames.godsandglory,benign,0,0.802,1,malware
edu.synthetic.androzoo.malware.banker_accessibility.1174,malware,1,0.784,1,malware
com.vietplaygames.tienlenmiennam,benign,0,0.756,1,malware
com.subsplashconsulting.s_3XV6D9,benign,0,0.142,0,benign
com.dynamicform,benign,0,0.85,1,malware
com.tranhuynhcreative.pigyclash,benign,0,0.426,0,benign
com.smarter.technologist.android.smarteryou,benign,0,0.872,1,malware
com.dmitsoft.pinwheel,benign,0,0.85,1,malware
edu.synthetic.androzoo.malware.overlay_pin_stealer.1362,malware,1,0.84,1,malware
com.bayatree.sommerlearning,benign,0,0.738,1,malware
edu.synthetic.androzoo.malware.banker_accessibility.0313,malware,1,0.886,1,malware
com.fankexinxi.fanhuishou,malware,1,0.8,1,malware
edu.synthetic.androzoo.malware.banker_accessibility.0751,malware,1,0.844,1,malware
com.avirise.praytimes.azanreminder,benign,0,0.24,0,benign
com.easymobs.pregnancy,benign,0,0.058,0,benign
edu.synthetic.androzoo.malware.banker_accessibility.0340,malware,1,0.788,1,malware
edu.synthetic.androzoo.malware.spyware_surveillance.0535,malware,1,0.828,1,malware
edu.synthetic.androzoo.malware.spyware_surveillance.0497,malware,1,0.828,1,malware
com.ibrsdev.barbosacia,benign,0,0.726,1,malware
edu.synthetic.androzoo.malware.adware_clicker.1621,malware,1,0.744,1,malware
com.llj.ball,malware,1,0.99,1,malware
edu.synthetic.androzoo.malware.adware_clicker.1577,malware,1,0.76,1,malware
com.webcontrol.android,benign,0,0.576,1,malware
games.omicron.neonflight,benign,0,0.72,1,malware
com.pregnant.virtual.mother.simulator,benign,0,0.47,0,benign
edu.synthetic.androzoo.malware.dropper_loader.0006,malware,1,0.752,1,malware
edu.synthetic.androzoo.malware.wallet_stealer.0682,malware,1,0.85,1,malware
fr.harmonie.mutuelle.total.mobile,benign,0,0.67,1,malware
net.pixiv.vroid.android,benign,0,0.432,0,benign
com.evertry.app,benign,0,0.888,1,malware
com.kt.kids.playground,benign,0,0.398,0,benign
com.mystrengthbook.gsfa,malware,1,0.88,1,malware
com.telldus.flow,benign,0,0.966,1,malware
com.migastone.app.app57fbb72fadd13,benign,0,0.456,0,benign
it.redbitgames.hauntedmanor2full,malware,1,0.866,1,malware
in.quikview,benign,0,0.048,0,benign
jp.co.kodansha.comicdays,benign,0,0.882,1,malware
edu.synthetic.androzoo.malware.spyware_surveillance.1026,malware,1,0.826,1,malware
com.shoplineapp.slhkbpewahtakfung,benign,0,0.86,1,malware
edu.synthetic.androzoo.malware.banker_accessibility.0174,malware,1,0.796,1,malware
edu.synthetic.androzoo.malware.banker_accessibility.1029,malware,1,0.898,1,malware
edu.synthetic.androzoo.malware.spyware_surveillance.0721,malware,1,0.79,1,malware
ng.com.fairmoney.fairmoney,malware,1,0.276,0,benign
edu.synthetic.androzoo.malware.overlay_pin_stealer.1152,malware,1,0.848,1,malware
edu.synthetic.androzoo.malware.banker_accessibility.1010,malware,1,0.816,1,malware
com.chronogolf.booking.pinecrest,benign,0,0.282,0,benign
edu.synthetic.androzoo.malware.spyware_surveillance.1110,malware,1,0.828,1,malware
kr.co.goodokmall,benign,0,0.34,0,benign
lu.tango,benign,0,0.45,0,benign
com.hospital.games.happy.doctor,benign,0,0.28,0,benign
com.imatrade.app,benign,0,0.106,0,benign
com.juiceintegration.juicereel,benign,0,0.85,1,malware
edu.synthetic.androzoo.malware.overlay_pin_stealer.1538,malware,1,0.806,1,malware
edu.synthetic.androzoo.malware.ransomware_locker.0393,malware,1,0.76,1,malware
com.gwhizmobile.mghpretestneurology,benign,0,0.208,0,benign
com.simtrons.dance,malware,1,0.248,0,benign
org.diario.diary_agenda.journal_tagebuch,benign,0,0.578,1,malware
com.store.cardcaptor,benign,0,0.288,0,benign
edu.synthetic.androzoo.malware.banker_accessibility.1048,malware,1,0.804,1,malware
com.dengta120.app.hearingtestproject,malware,1,0.818,1,malware
com.tolot.print.android,benign,0,0.208,0,benign
edu.synthetic.androzoo.malware.ransomware_locker.0358,malware,1,0.776,1,malware
com.stickers.watermarker,malware,1,0.788,1,malware
com.esuper.file.explorer,benign,0,0.276,0,benign
com.trainerize.allisonjacksonfitness,benign,0,0.484,0,benign
com.abuwaelyenna.AzkARII,malware,1,0.732,1,malware
com.wsccs.yn,malware,1,0.708,1,malware
com.shuiyu.gdp.muzhi,malware,1,0.94,1,malware
com.cafe24.ec.pluslenbling,benign,0,0.904,1,malware
edu.synthetic.androzoo.malware.banker_accessibility.1652,malware,1,0.836,1,malware
edu.synthetic.androzoo.malware.overlay_pin_stealer.1445,malware,1,0.82,1,malware
com.sudenmunwah.bestmusic,benign,0,0.694,1,malware
edu.synthetic.androzoo.malware.dropper_loader.1619,malware,1,0.778,1,malware
edu.synthetic.androzoo.malware.wallet_stealer.0953,malware,1,0.892,1,malware
com.hisense.odinbrowser,benign,0,0.272,0,benign
com.uhaozu.app,malware,1,0.746,1,malware
edu.synthetic.androzoo.malware.spyware_surveillance.0242,malware,1,0.762,1,malware
edu.synthetic.androzoo.malware.dropper_loader.1808,malware,1,0.756,1,malware
com.audible.application,benign,0,0.186,0,benign
edu.synthetic.androzoo.malware.banker_accessibility.1625,malware,1,0.826,1,malware
com.multibrains.taxi.driver.purusocioschilenew,benign,0,0.638,1,malware
edu.synthetic.androzoo.malware.ransomware_locker.1554,malware,1,0.788,1,malware
com.m2sys.secugenpro,benign,0,0.61,1,malware
com.threeminutegames.lifelinecrisislinegoog.st,malware,1,0.402,0,benign
com.riverapps.jewelsjunglepop,benign,0,0.384,0,benign
com.rainman.alibubble.gq.wipay,malware,1,0.9,1,malware
edu.synthetic.androzoo.malware.spyware_surveillance.1344,malware,1,0.742,1,malware
edu.synthetic.androzoo.malware.wallet_stealer.1789,malware,1,0.89,1,malware
com.translateasy.chattranslator,benign,0,0.916,1,malware
edu.synthetic.androzoo.malware.adware_clicker.1704,malware,1,0.788,1,malware
com.sjsys.catalogo.stasy,benign,0,0.868,1,malware
com.PYZGame.OverBlue,benign,0,0.206,0,benign
jp.co.bandainamcoonline.idolish7,benign,0,0.186,0,benign
edu.synthetic.androzoo.malware.overlay_pin_stealer.0880,malware,1,0.818,1,malware
photoeditor.photoretouch.removeobjects.retouch,benign,0,0.112,0,benign
edu.synthetic.androzoo.malware.dropper_loader.0252,malware,1,0.762,1,malware
com.tinchat.mobi,benign,0,0.83,1,malware
edu.synthetic.androzoo.malware.banker_accessibility.0030,malware,1,0.83,1,malware
se.expressen.areader,benign,0,0.382,0,benign
cn.com.sf.fiberstore,malware,1,0.352,0,benign
edu.synthetic.androzoo.malware.spyware_surveillance.0818,malware,1,0.844,1,malware
pharossolutions.app.schoolapp.home.sja,benign,0,0.346,0,benign
jp.andpad.android,benign,0,0.832,1,malware
com.mobiquest.gmelectrical,benign,0,0.442,0,benign
com.lj.ayzj.yyh,malware,1,0.77,1,malware
com.niceplay.lt.android,malware,1,0.946,1,malware
edu.synthetic.androzoo.malware.overlay_pin_stealer.0633,malware,1,0.902,1,malware
edu.synthetic.androzoo.malware.ransomware_locker.1712,malware,1,0.826,1,malware
edu.synthetic.androzoo.malware.dropper_loader.0438,malware,1,0.72,1,malware
com.fukuhara.toyo.app,benign,0,0.832,1,malware
com.gdv.subway2055,benign,0,0.874,1,malware
org.orau.ima.orisego,benign,0,0.826,1,malware
com.pdmi.qingshui.media,malware,1,0.314,0,benign
com.phone.caller.contacts,benign,0,0.09,0,benign
com.app.fsinsight,benign,0,0.71,1,malware
edu.synthetic.androzoo.malware.overlay_pin_stealer.0966,malware,1,0.724,1,malware
edu.synthetic.androzoo.malware.ransomware_locker.0469,malware,1,0.71,1,malware
it.clementoni.miorobot,benign,0,0.958,1,malware
com.saleit.ffm,benign,0,0.812,1,malware
cn.guancha.app,malware,1,0.712,1,malware
net.gleeph.hybridclient,benign,0,0.636,1,malware
com.apptegy.rosebudlott,benign,0,0.396,0,benign
com.breo.luson.breo,malware,1,0.744,1,malware
com.astrology.psychics,benign,0,0.042,0,benign
ch.berag.android.integral,malware,1,0.754,1,malware
sg.gov.digitalworkplace,benign,0,0.548,1,malware
com.sciences.economiques.commerciales,malware,1,0.59,1,malware
com.salla.badreig,benign,0,0.214,0,benign
mk.atg.app,benign,0,0.812,1,malware
pl.bsjablonka.bsjablonkamobile,benign,0,0.372,0,benign
com.bananaapps.kidappgames.pets.sounds.free,malware,1,0.926,1,malware
edu.synthetic.androzoo.malware.dropper_loader.0874,malware,1,0.732,1,malware
edu.synthetic.androzoo.malware.dropper_loader.1352,malware,1,0.766,1,malware
com.acid.app,benign,0,0.358,0,benign
io.teslatech.callbreak,benign,0,0.856,1,malware
edu.synthetic.androzoo.malware.dropper_loader.0544,malware,1,0.782,1,malware
jp.co.zensho.sukiyamoap,benign,0,0.504,1,malware
net.ship56.consignor,malware,1,0.9,1,malware
edu.synthetic.androzoo.malware.ransomware_locker.1392,malware,1,0.732,1,malware
us.adspecials.app,benign,0,0.082,0,benign
edu.synthetic.androzoo.malware.overlay_pin_stealer.0016,malware,1,0.844,1,malware
com.vikingmaxx.hook,benign,0,0.474,0,benign
edu.synthetic.androzoo.malware.dropper_loader.1330,malware,1,0.75,1,malware
com.sahell.holyquran,benign,0,0.096,0,benign
edu.synthetic.androzoo.malware.sms_otp_stealer.0855,malware,1,0.864,1,malware
com.gvapps.philosophy,benign,0,0.616,1,malware
com.yahapps.checkers,benign,0,0.7,1,malware
com.makulli.loyalio,benign,0,0.876,1,malware
it.onecontrol.sicenext,benign,0,0.132,0,benign
edu.synthetic.androzoo.malware.overlay_pin_stealer.0219,malware,1,0.752,1,malware
com.gravitygamestudio.hiddenobject,benign,0,0.492,0,benign
air.cn.iduoduo.frog,malware,1,0.498,0,benign
edu.synthetic.androzoo.malware.dropper_loader.0312,malware,1,0.74,1,malware
ru.thenewschool.trainer.physics,benign,0,0.7,1,malware
com.pentad.bridge,benign,0,0.338,0,benign
org.wycliffe.zapotecorinconsur.zsr,benign,0,0.138,0,benign
com.joom,benign,0,0.096,0,benign
edu.synthetic.androzoo.malware.banker_accessibility.0549,malware,1,0.866,1,malware
edu.synthetic.androzoo.malware.overlay_pin_stealer.1838,malware,1,0.664,1,malware
com.jose.quesada.instrumentalchua,malware,1,0.728,1,malware
com.nexon.tfdc,benign,0,0.368,0,benign
uk.co.unibuses,benign,0,0.34,0,benign
com.zzkko,malware,1,0.28,0,benign
edu.synthetic.androzoo.malware.overlay_pin_stealer.0268,malware,1,0.876,1,malware
com.xihang.konwrhythm,malware,1,0.738,1,malware
com.goods.master3d.triple.puzzle,benign,0,0.476,0,benign
nz.co.solus.Kotui.Whakatane,benign,0,0.756,1,malware
com.makotsl.app,benign,0,0.096,0,benign
com.ff2.ladder.yyh,malware,1,0.612,1,malware
edu.synthetic.androzoo.malware.spyware_surveillance.1181,malware,1,0.828,1,malware
edu.synthetic.androzoo.malware.ransomware_locker.1628,malware,1,0.764,1,malware
edu.synthetic.androzoo.malware.banker_accessibility.0601,malware,1,0.788,1,malware
edu.synthetic.androzoo.malware.adware_clicker.0727,malware,1,0.818,1,malware
com.salion.superimpostor,benign,0,0.242,0,benign
com.truemythgames.beadssortcraft,benign,0,0.392,0,benign
com.appslab.perth6ixradio1080,benign,0,0.716,1,malware
com.az.prado.parking.driver.car.game.offline,benign,0,0.554,1,malware
edu.synthetic.androzoo.malware.spyware_surveillance.1360,malware,1,0.782,1,malware
com.freigcarrillo.doda,benign,0,0.056,0,benign
edu.synthetic.androzoo.malware.banker_accessibility.1339,malware,1,0.862,1,malware
com.chattanoogatakeaway,benign,0,0.052,0,benign
com.bitkeep.wallet,benign,0,0.752,1,malware
tr.edu.ku.newmobile,benign,0,0.78,1,malware
com.ilicit.istanbul.metro.hd,malware,1,0.928,1,malware
org.olympic.app.mobile,benign,0,0.062,0,benign
com.goodwallpapers.autumn_4k,benign,0,0.744,1,malware
co.clicknic.clicknicandroid,benign,0,0.866,1,malware
com.shaggyowl.cf753,benign,0,0.782,1,malware
edu.synthetic.androzoo.malware.spyware_surveillance.1795,malware,1,0.892,1,malware
com.jartoo.mylib,malware,1,0.954,1,malware
com.bekids.art,malware,1,0.8,1,malware
edu.synthetic.androzoo.malware.dropper_loader.1739,malware,1,0.76,1,malware
ca.craver.alessioscafe,benign,0,0.616,1,malware
eco.planter.app,benign,0,0.878,1,malware
dk.fk.blivomdeler,benign,0,0.778,1,malware
com.weappin.weappfitAquaSportsLanzarote,benign,0,0.824,1,malware
com.trycaviar.customer,benign,0,0.16,0,benign
edu.synthetic.androzoo.malware.overlay_pin_stealer.0731,malware,1,0.878,1,malware
com.kraftwerk9.firetv,benign,0,0.47,0,benign
edu.synthetic.androzoo.malware.dropper_loader.0918,malware,1,0.762,1,malware
com.JetToast.BlockyFarm.block,malware,1,0.882,1,malware
cc.flydemo.sport2,malware,1,0.682,1,malware
com.m7.downloads,malware,1,0.124,0,benign
edu.synthetic.androzoo.malware.banker_accessibility.1498,malware,1,0.82,1,malware
edu.synthetic.androzoo.malware.spyware_surveillance.0641,malware,1,0.818,1,malware
edu.synthetic.androzoo.malware.spyware_surveillance.0304,malware,1,0.864,1,malware
edu.synthetic.androzoo.malware.dropper_loader.0947,malware,1,0.748,1,malware
com.ggeye.jiakao.api,malware,1,0.65,1,malware
com.projectx.thepenaltyworldcup,malware,1,0.504,1,malware
com.smoobu.app,benign,0,0.056,0,benign
linkdesks.solitaire.zoo,benign,0,0.46,0,benign
ott.actsbuckinghamschoice,benign,0,0.818,1,malware
com.brooksee.boulderthon,benign,0,0.766,1,malware
com.mispacientescmnb.app,benign,0,0.804,1,malware
nc.opt.annuaire,benign,0,0.646,1,malware
com.apple.tool,malware,1,0.002,0,benign
edu.synthetic.androzoo.malware.wallet_stealer.1466,malware,1,0.888,1,malware
com.pvprototype,benign,0,0.472,0,benign
com.innovativedev.todolist,benign,0,0.714,1,malware
com.jdomni.jdswathirestaurantbangalore,benign,0,0.112,0,benign
com.logestechs.customer_goBox,benign,0,0.392,0,benign
com.app.file.duster.fdd,malware,1,0.36,0,benign
com.d.lifehacks,benign,0,0.206,0,benign
com.crayon.onefive,benign,0,0.16,0,benign
com.bublup.bublup,benign,0,0.618,1,malware
com.mobilityado.ado,benign,0,0.36,0,benign
edu.synthetic.androzoo.malware.sms_otp_stealer.0406,malware,1,0.768,1,malware
edu.synthetic.androzoo.malware.adware_clicker.0568,malware,1,0.708,1,malware
com.WhatWapp.Backgammon.Multiplayer,benign,0,0.834,1,malware
com.toreluna.app.service,benign,0,0.706,1,malware
com.fcbh.bibleradio.assamese.asm,benign,0,0.634,1,malware
edu.synthetic.androzoo.malware.dropper_loader.0288,malware,1,0.774,1,malware
com.youvisit.hybridvr61233,malware,1,0.918,1,malware
edu.synthetic.androzoo.malware.dropper_loader.1264,malware,1,0.802,1,malware
com.amslergriddaily.app,benign,0,0.76,1,malware
com.klopfensteinsoftware.forager,benign,0,0.744,1,malware
com.openreply.pam,benign,0,0.81,1,malware
com.barcode.picture.scanner.reader,malware,1,0.72,1,malware
com.goldtouch.mako,benign,0,0.208,0,benign
edu.synthetic.androzoo.malware.banker_accessibility.0921,malware,1,0.826,1,malware
edu.synthetic.androzoo.malware.ransomware_locker.0897,malware,1,0.85,1,malware
com.seraphic.openinet.pre,malware,1,0.074,0,benign
cn.com.gxrb.client,malware,1,0.816,1,malware
com.BuzzGaming.YantlaKazan,benign,0,0.91,1,malware
edu.synthetic.androzoo.malware.overlay_pin_stealer.0157,malware,1,0.858,1,malware
com.wyzetalk.woolies,benign,0,0.7,1,malware
edu.synthetic.androzoo.malware.sms_otp_stealer.0750,malware,1,0.682,1,malware
edu.synthetic.androzoo.malware.dropper_loader.1494,malware,1,0.776,1,malware
com.shiyi.whisper,malware,1,1.0,1,malware
it.cardright,benign,0,0.748,1,malware
edu.synthetic.androzoo.malware.spyware_surveillance.1622,malware,1,0.848,1,malware
edu.synthetic.androzoo.malware.dropper_loader.1629,malware,1,0.722,1,malware
com.offroad.jeep.simulator.drive.tracks,benign,0,0.72,1,malware
edu.synthetic.androzoo.malware.wallet_stealer.1717,malware,1,0.872,1,malware
com.bankscene.bes.welllinkbank,malware,1,0.118,0,benign
edu.synthetic.androzoo.malware.banker_accessibility.0697,malware,1,0.866,1,malware
video.gideo.westerncowboymovies,benign,0,0.55,1,malware
edu.synthetic.androzoo.malware.banker_accessibility.0176,malware,1,0.906,1,malware
ai.qed.scanspectrum2.app.ss,benign,0,0.792,1,malware
com.chairenhuo.qshuiynm,malware,1,0.544,1,malware
edu.synthetic.androzoo.malware.overlay_pin_stealer.1608,malware,1,0.818,1,malware
com.gpps.gpps.gppsapp,benign,0,0.74,1,malware
com.app.mbacc,benign,0,0.212,0,benign
de.appack.project.kraichgau_triathlon,benign,0,0.746,1,malware
com.translator.haw,benign,0,0.682,1,malware
com.gmfr.yakuza.mad.crime.city.simulator,malware,1,0.792,1,malware
com.cx.huanji,malware,1,0.038,0,benign
com.spectrumanalizer.myapplication23487,malware,1,0.614,1,malware
edu.synthetic.androzoo.malware.banker_accessibility.0063,malware,1,0.838,1,malware
com.ifanr.activitys,malware,1,0.846,1,malware
com.appliedballisticsllc.appliedballistics,benign,0,0.42,0,benign
com.yallagroup.yallashoot,benign,0,0.88,1,malware
edu.synthetic.androzoo.malware.banker_accessibility.1672,malware,1,0.86,1,malware
volumebooster.sound.speaker,benign,0,0.526,1,malware
com.sampark.roadwe,benign,0,0.242,0,benign
com.zaytoonapps.learnnumberscount,benign,0,0.996,1,malware
edu.synthetic.androzoo.malware.spyware_surveillance.0995,malware,1,0.87,1,malware
io.jagat.lite,benign,0,0.726,1,malware
cn.com.rektec.xmobile.jcy,malware,1,0.876,1,malware
edu.synthetic.androzoo.malware.banker_accessibility.0318,malware,1,0.856,1,malware
com.app.float_chat,malware,1,0.838,1,malware
com.yachtserv.app,benign,0,0.556,1,malware
edu.synthetic.androzoo.malware.spyware_surveillance.1526,malware,1,0.876,1,malware
edu.synthetic.androzoo.malware.banker_accessibility.1645,malware,1,0.854,1,malware
edu.synthetic.androzoo.malware.dropper_loader.1111,malware,1,0.704,1,malware
pop.bubblebubbleshooter,benign,0,0.412,0,benign
com.androidapp.skins.girls.minecraft,malware,1,0.96,1,malware
cn.fitdays.fitdays,benign,0,0.58,1,malware
com.sevenbold.cadence,benign,0,0.866,1,malware
edu.synthetic.androzoo.malware.spyware_surveillance.1802,malware,1,0.876,1,malware
com.directfn.universal_adx,benign,0,0.628,1,malware
com.goder.busquerysystemptl,benign,0,0.828,1,malware
com.f2fgames.games.easterchicken.lite,malware,1,0.854,1,malware
edu.synthetic.androzoo.malware.banker_accessibility.0411,malware,1,0.834,1,malware
edu.synthetic.androzoo.malware.spyware_surveillance.0516,malware,1,0.914,1,malware
edu.synthetic.androzoo.malware.dropper_loader.0885,malware,1,0.77,1,malware
com.Playtime.CC0107,malware,1,0.664,1,malware
com.estsoft.alsong,benign,0,0.192,0,benign
edu.synthetic.androzoo.malware.banker_accessibility.0811,malware,1,0.838,1,malware
com.hoge.android.app.wxsjz,malware,1,0.862,1,malware
com.subsplash.thechurchapp.s_2JP2SW,benign,0,0.226,0,benign
com.ffsvideogames.eor3aab,benign,0,0.756,1,malware
edu.synthetic.androzoo.malware.spyware_surveillance.0616,malware,1,0.838,1,malware
edu.synthetic.androzoo.malware.ransomware_locker.0131,malware,1,0.826,1,malware
com.magicapps.htmlviewer,benign,0,0.122,0,benign
my.com.edu.emgs,benign,0,0.044,0,benign
com.evaapp.evacharging,benign,0,0.816,1,malware
com.rachor.lewt,malware,1,0.924,1,malware
com.firstbank.mobilebanking,benign,0,0.948,1,malware
edu.synthetic.androzoo.malware.spyware_surveillance.0286,malware,1,0.822,1,malware
com.edurev.ielts,benign,0,0.208,0,benign
edu.synthetic.androzoo.malware.overlay_pin_stealer.1265,malware,1,0.842,1,malware
edu.synthetic.androzoo.malware.sms_otp_stealer.1104,malware,1,0.682,1,malware
com.kunzisoft.keepass.free,benign,0,0.532,1,malware
org.libertex.mt,benign,0,0.274,0,benign
com.yunosolutions.chinacalendar,benign,0,0.88,1,malware
edu.synthetic.androzoo.malware.ransomware_locker.1177,malware,1,0.778,1,malware
com.wassel.dotlinemerchant,benign,0,0.76,1,malware
com.organilog.v4,benign,0,0.776,1,malware
edu.synthetic.androzoo.malware.spyware_surveillance.0668,malware,1,0.87,1,malware
com.staminatech.leaveoffice,benign,0,0.566,1,malware
com.ninefolders.hd3,benign,0,0.16,0,benign
com.ionicframework.vezeetapatientsmobile694843,benign,0,0.59,1,malware
edu.synthetic.androzoo.malware.spyware_surveillance.1896,malware,1,0.822,1,malware
edu.synthetic.androzoo.malware.spyware_surveillance.0743,malware,1,0.798,1,malware
com.funny.sounds.hd,malware,1,0.406,0,benign
com.storytaco.p25client,benign,0,0.29,0,benign
com.trainerize.builtforthis,benign,0,0.848,1,malware
com.trainerize.fitnessmatters,benign,0,0.812,1,malware
edu.synthetic.androzoo.malware.banker_accessibility.0127,malware,1,0.878,1,malware
com.cofox.kahunas.DrizzleFitness,benign,0,0.294,0,benign
edu.synthetic.androzoo.malware.banker_accessibility.0905,malware,1,0.854,1,malware
com.fistoneGOfl66.ateNIUbilihai.yyh,malware,1,0.674,1,malware
com.honeyfund.android,benign,0,0.62,1,malware
com.pyramids.icecream,malware,1,0.302,0,benign
com.de.colore,benign,0,0.5,1,malware
edu.synthetic.androzoo.malware.spyware_surveillance.0362,malware,1,0.844,1,malware
in.gov.incometaxindia.android,benign,0,0.402,0,benign
edu.synthetic.androzoo.malware.dropper_loader.0564,malware,1,0.702,1,malware
com.sibisoft.bellevuec,benign,0,0.172,0,benign
edu.synthetic.androzoo.malware.adware_clicker.1682,malware,1,0.716,1,malware
com.urdu.quran.kanzul.iman,benign,0,0.344,0,benign
edu.synthetic.androzoo.malware.banker_accessibility.1030,malware,1,0.86,1,malware
com.moniepoint.business,benign,0,0.826,1,malware
edu.synthetic.androzoo.malware.ransomware_locker.1017,malware,1,0.702,1,malware
org.traccar.client,malware,1,0.408,0,benign
com.skm.spk.biblestories,benign,0,0.624,1,malware
com.PiguinSoft.CafeRacer.ly,malware,1,0.504,1,malware
edu.synthetic.androzoo.malware.adware_clicker.0026,malware,1,0.752,1,malware
edu.synthetic.androzoo.malware.ransomware_locker.0941,malware,1,0.764,1,malware
com.trainerize.aspirecoaching,benign,0,0.292,0,benign
com.zenixnetwork.cloudmineapp,malware,1,0.666,1,malware
com.freetrailer,benign,0,0.708,1,malware
com.lixiangdong.videocutter,malware,1,0.194,0,benign
com.lloydsbank.businessmobile,benign,0,0.756,1,malware
com.newday.magicgirlglobal,malware,1,0.824,1,malware
com.rpgsnack.fishingparadise,benign,0,0.876,1,malware
com.videodownloader.mks,benign,0,0.284,0,benign
com.care.drogueriapatria,benign,0,0.18,0,benign
com.neonglass.iconpack,benign,0,0.682,1,malware
com.UltimateGames.Fishing,benign,0,0.442,0,benign
edu.synthetic.androzoo.malware.spyware_surveillance.1460,malware,1,0.8,1,malware
in.roadcast.bolt,benign,0,0.87,1,malware
com.cookie.match3.casual,benign,0,0.256,0,benign
com.LunarPixelGames.beatdrift,malware,1,0.64,1,malware
com.todquest.caprics.school,benign,0,0.852,1,malware
com.gamepple.demonshunter.pj,malware,1,0.618,1,malware
com.instapaper.android,benign,0,0.496,0,benign
com.waf.congratulationmessages,benign,0,0.536,1,malware
com.sibisoft.granitec,benign,0,0.544,1,malware
com.dreame.reader,malware,1,0.45,0,benign
com.enchantedcloud.photovault,benign,0,0.39,0,benign
com.beretta.shootingdata,benign,0,0.308,0,benign
com.microsoft.intune,benign,0,0.718,1,malware
com.LongNeckDog.BallRaceRoyale,benign,0,0.676,1,malware
com.haulio.hcs.release,benign,0,0.728,1,malware
com.metasense.lqdcnvs_mobile,benign,0,0.776,1,malware
org.impahq.app,benign,0,0.2,0,benign
com.kuaichengwuliu.client,malware,1,0.09,0,benign
edu.synthetic.androzoo.malware.banker_accessibility.0962,malware,1,0.814,1,malware
horses.wall7Fon,benign,0,0.274,0,benign
edu.synthetic.androzoo.malware.dropper_loader.1305,malware,1,0.782,1,malware
com.telstra.nrl.knights,benign,0,0.258,0,benign
com.titan.fastrack.reflex,benign,0,0.742,1,malware
com.TrofyGames.UboatAttack,benign,0,0.822,1,malware
com.huazx.hpy,malware,1,0.448,0,benign
edu.synthetic.androzoo.malware.overlay_pin_stealer.0376,malware,1,0.878,1,malware
com.gamebook.baqijianghu,malware,1,0.962,1,malware
ru.zebomba.find,benign,0,0.408,0,benign
assamboardbooks.com,benign,0,0.336,0,benign
edu.synthetic.androzoo.malware.banker_accessibility.1598,malware,1,0.912,1,malware
com.pedidosya,benign,0,0.172,0,benign
com.zoho.mail,benign,0,0.712,1,malware
org.wikipedia.beta,benign,0,0.504,1,malware
air.com.beachbumgammon,benign,0,0.046,0,benign
edu.synthetic.androzoo.malware.spyware_surveillance.1348,malware,1,0.84,1,malware
org.benevity.app,benign,0,0.428,0,benign
edu.synthetic.androzoo.malware.wallet_stealer.1500,malware,1,0.896,1,malware
bpresent.studio,benign,0,0.77,1,malware
edu.synthetic.androzoo.malware.spyware_surveillance.0759,malware,1,0.766,1,malware
com.crossfield.catroom,benign,0,0.662,1,malware
com.geektheory.socratechai,benign,0,0.782,1,malware
com.IcedropGames.LOK,benign,0,0.562,1,malware
org.dignityhealth.healthelife.chw_ca.play,benign,0,0.732,1,malware
com.myclassroom.digital,benign,0,0.338,0,benign
edu.synthetic.androzoo.malware.overlay_pin_stealer.1368,malware,1,0.84,1,malware
edu.synthetic.androzoo.malware.dropper_loader.0193,malware,1,0.746,1,malware
com.touringplans.dlrlines.android,benign,0,0.826,1,malware
edu.synthetic.androzoo.malware.ransomware_locker.0414,malware,1,0.738,1,malware
bali.gamelan.kantil,benign,0,0.28,0,benign
com.force.artifact,malware,1,0.66,1,malware
com.oramdic.human.anatomy.dictionary,benign,0,0.704,1,malware
io.lumat.pedregaldelamontana,benign,0,0.506,1,malware
com.puzzleiq.challenge.yyh,malware,1,0.69,1,malware
com.catail.beess,benign,0,0.742,1,malware
com.innogames.riseofcultures,benign,0,0.686,1,malware
edu.synthetic.androzoo.malware.spyware_surveillance.0621,malware,1,0.842,1,malware
com.HittiteGames.CarCrashSimulator5,benign,0,0.7,1,malware
com.lezhin.comics,benign,0,0.08,0,benign
edu.synthetic.androzoo.malware.dropper_loader.0492,malware,1,0.8,1,malware
com.sinyee.babybus.hotel,malware,1,0.504,1,malware
org.meraaj.yastashir,malware,1,0.474,0,benign
edu.synthetic.androzoo.malware.spyware_surveillance.0408,malware,1,0.792,1,malware
edu.synthetic.androzoo.malware.banker_accessibility.0599,malware,1,0.788,1,malware
edu.synthetic.androzoo.malware.overlay_pin_stealer.0662,malware,1,0.828,1,malware
edu.synthetic.androzoo.malware.adware_clicker.0048,malware,1,0.86,1,malware
com.itcode.reader,malware,1,0.842,1,malware
com.totaltexto.bancamovil,benign,0,0.692,1,malware
com.hititcs.silkavia,benign,0,0.892,1,malware
com.customchurchapps.lafamiliaapp,benign,0,0.154,0,benign
edu.synthetic.androzoo.malware.banker_accessibility.0520,malware,1,0.794,1,malware
com.LonerGames.RayOfHopeApocalypse,benign,0,0.776,1,malware
com.wrx.wazirx,benign,0,0.192,0,benign
com.crescentmoongames.theramp,malware,1,0.066,0,benign
com.thmclan.hud,benign,0,0.122,0,benign
edu.synthetic.androzoo.malware.wallet_stealer.0389,malware,1,0.868,1,malware
com.zjzk.auntserver,malware,1,0.83,1,malware
com.runde.khs,malware,1,0.906,1,malware
edu.synthetic.androzoo.malware.overlay_pin_stealer.1847,malware,1,0.874,1,malware
com.tmapmobility.drive.driver,benign,0,0.43,0,benign
com.cosmicmobile.lw.ocean2,benign,0,0.118,0,benign
venkatesh.stotra,benign,0,0.798,1,malware
com.founder.jjckb,malware,1,0.606,1,malware
edu.synthetic.androzoo.malware.ransomware_locker.0451,malware,1,0.802,1,malware
com.iglesia24h.redapostolica,benign,0,0.892,1,malware
edu.synthetic.androzoo.malware.sms_otp_stealer.1224,malware,1,0.858,1,malware
com.aynovel.landxs,benign,0,0.046,0,benign
com.trainerize.kevinmorreyfitness,benign,0,0.838,1,malware
org.ohdoki.onboarding,benign,0,0.668,1,malware
sleep.app.relax.calm,benign,0,0.6,1,malware
io.neuromobile.denia,benign,0,0.842,1,malware
edu.synthetic.androzoo.malware.spyware_surveillance.0499,malware,1,0.82,1,malware
com.dayoneapp.dayone,benign,0,0.164,0,benign
ch.flatfox.android,benign,0,0.574,1,malware
com.CristobalApps.RadioTiempoCalienvivo,benign,0,0.26,0,benign
edu.synthetic.androzoo.malware.sms_otp_stealer.0747,malware,1,0.738,1,malware
edu.synthetic.androzoo.malware.wallet_stealer.0175,malware,1,0.852,1,malware
cz.seznam.mapy,benign,0,0.732,1,malware
edu.synthetic.androzoo.malware.banker_accessibility.1721,malware,1,0.866,1,malware
com.cityof.hernando,benign,0,0.842,1,malware
edu.synthetic.androzoo.malware.wallet_stealer.1583,malware,1,0.818,1,malware
org.tapaz.android,benign,0,0.592,1,malware
edu.synthetic.androzoo.malware.banker_accessibility.1207,malware,1,0.814,1,malware
com.eyecon.global,benign,0,0.024,0,benign
com.peguin.pinsart,malware,1,0.508,1,malware
edu.synthetic.androzoo.malware.adware_clicker.1760,malware,1,0.748,1,malware
com.permobil.sae.dockme,benign,0,0.204,0,benign
com.cirici.metropolitan2,benign,0,0.826,1,malware
com.xaebike.laosgo,benign,0,0.728,1,malware
com.ten10code.consumerstudiesza,benign,0,0.774,1,malware
com.CreaTeamMobile.StrayTheCatThief,malware,1,0.774,1,malware
com.trenicom.padelmouv30,benign,0,0.774,1,malware
com.bitmancoin.app,malware,1,0.782,1,malware
com.GeorefSystems_TRPT,benign,0,0.654,1,malware
edu.synthetic.androzoo.malware.spyware_surveillance.0526,malware,1,0.83,1,malware
edu.synthetic.androzoo.malware.spyware_surveillance.0524,malware,1,0.796,1,malware
com.artlessindie.tools.camera.dbzscouter,malware,1,0.088,0,benign
com.cmcc.hbb.android.phone.parents,malware,1,0.934,1,malware
air.ru.crazypanda.blitzpoker,benign,0,0.648,1,malware
edu.synthetic.androzoo.malware.dropper_loader.1686,malware,1,0.77,1,malware
com.fitivity.krav_maga_moves,benign,0,0.736,1,malware
com.voyagecontrol.android,benign,0,0.766,1,malware
edu.synthetic.androzoo.malware.spyware_surveillance.1722,malware,1,0.872,1,malware
be.standard.appsupporter,benign,0,0.862,1,malware
com.sodetrel.mobile.wiiz,benign,0,0.66,1,malware
com.subsplashconsulting.s_B9CSBN,benign,0,0.164,0,benign
com.jiemo.kana,malware,1,0.342,0,benign
design.codeux.hbh_app,benign,0,0.88,1,malware
com.DigitalDreamDynamism.jumpingball,benign,0,0.952,1,malware
com.anatomyka.android,benign,0,0.146,0,benign
com.yk.banan,malware,1,0.864,1,malware
com.polarix.prontopolarix,benign,0,0.924,1,malware
com.tithely.app.c38461,benign,0,0.152,0,benign
app.nauticap.it,benign,0,0.244,0,benign
com.pushbinary.electric,benign,0,0.702,1,malware
com.anglersatlas.catchlog,benign,0,0.836,1,malware
edu.synthetic.androzoo.malware.spyware_surveillance.0917,malware,1,0.834,1,malware
com.denniscode.shareit,benign,0,0.26,0,benign
edu.synthetic.androzoo.malware.spyware_surveillance.1540,malware,1,0.818,1,malware
edu.synthetic.androzoo.malware.ransomware_locker.1149,malware,1,0.794,1,malware
pro.rimipkjs.glkrkr.pj,malware,1,0.958,1,malware
edu.synthetic.androzoo.malware.sms_otp_stealer.1053,malware,1,0.858,1,malware
edu.synthetic.androzoo.malware.overlay_pin_stealer.1883,malware,1,0.852,1,malware
com.estenarh.app,benign,0,0.884,1,malware
com.kp,benign,0,0.656,1,malware
com.baiyi.shiti,malware,1,0.798,1,malware
edu.synthetic.androzoo.malware.overlay_pin_stealer.0570,malware,1,0.828,1,malware
edu.synthetic.androzoo.malware.dropper_loader.1805,malware,1,0.78,1,malware
com.winworks.winworksinspect,benign,0,0.512,1,malware
com.pi.rxfilesplus,benign,0,0.274,0,benign
ch.local.android,benign,0,0.134,0,benign
jp.sugi_drug.smao,benign,0,0.946,1,malware
com.shuqi.controller,malware,1,0.828,1,malware
turnariovf.giordanif,benign,0,0.71,1,malware
edu.synthetic.androzoo.malware.dropper_loader.1763,malware,1,0.778,1,malware
leviusLLC.Afterlife,malware,1,0.822,1,malware
edu.synthetic.androzoo.malware.wallet_stealer.0471,malware,1,0.842,1,malware
edu.synthetic.androzoo.malware.banker_accessibility.1221,malware,1,0.866,1,malware
edu.synthetic.androzoo.malware.banker_accessibility.1430,malware,1,0.884,1,malware
com.almashines.bimtech,benign,0,0.664,1,malware
ru.ivi.client,benign,0,0.168,0,benign
com.exxonmobil.esso.hk,benign,0,0.39,0,benign
com.leqi.ciweicuoti,malware,1,0.79,1,malware
com.changdu.mobovideo,benign,0,0.742,1,malware
com.ebdaadt.rentelly,benign,0,0.424,0,benign
com.dnschanger,benign,0,0.714,1,malware
com.colorful.colors.wallPapers,benign,0,0.396,0,benign
com.sbi.costco,malware,1,0.148,0,benign
com.holoteq.moodgo,benign,0,0.886,1,malware
com.AJJ.Cyberpandemic_st2,malware,1,0.96,1,malware
edu.synthetic.androzoo.malware.spyware_surveillance.1072,malware,1,0.816,1,malware
edu.synthetic.androzoo.malware.spyware_surveillance.0604,malware,1,0.842,1,malware
com.software.v.it.familytree,benign,0,0.648,1,malware
com.subsplashconsulting.s_98GV3H,benign,0,0.178,0,benign
edu.synthetic.androzoo.malware.overlay_pin_stealer.0287,malware,1,0.87,1,malware
com.innovatise.burnleyleisure,benign,0,0.946,1,malware
com.scoutium.app,benign,0,0.718,1,malware
com.AiGen.textmaster,malware,1,0.242,0,benign
com.igindis.asiaempire2027,benign,0,0.248,0,benign
com.ptolemay.calculatorio.miscellaneous.tip,benign,0,0.606,1,malware
com.dictionary.englishtohinditranslator,malware,1,0.388,0,benign
com.clowder.aot,benign,0,0.892,1,malware
com.nopact.WetHoops,malware,1,0.592,1,malware
com.smarthito.smartmixer,malware,1,0.878,1,malware
com.trainerize.bentonbetter,benign,0,0.88,1,malware
com.yesoulchina.international.bicycle,benign,0,0.698,1,malware
com.rodocodo.game,benign,0,0.664,1,malware
edu.synthetic.androzoo.malware.dropper_loader.0125,malware,1,0.772,1,malware
com.goldenpenguin.FriesMartTycoon,benign,0,0.836,1,malware
edu.synthetic.androzoo.malware.dropper_loader.0503,malware,1,0.734,1,malware
com.crisisSupport.civilGuard,benign,0,0.738,1,malware
com.okcupid.okcupid,benign,0,0.556,1,malware
com.klefi.app,benign,0,0.878,1,malware
com.ask.nelson.graduateapp,malware,1,0.854,1,malware
edu.synthetic.androzoo.malware.wallet_stealer.0144,malware,1,0.856,1,malware
edu.synthetic.androzoo.malware.spyware_surveillance.1435,malware,1,0.838,1,malware
linkdesks.tile.match.story,benign,0,0.416,0,benign
com.unicostudio.braintest,benign,0,0.22,0,benign
edu.synthetic.androzoo.malware.wallet_stealer.0204,malware,1,0.856,1,malware
edu.synthetic.androzoo.malware.banker_accessibility.0407,malware,1,0.824,1,malware
edu.synthetic.androzoo.malware.banker_accessibility.0320,malware,1,0.792,1,malware
com.happytools.learning.kids.games,benign,0,0.522,1,malware
com.northtex.wl,benign,0,0.654,1,malware
edu.synthetic.androzoo.malware.spyware_surveillance.1903,malware,1,0.822,1,malware
edu.synthetic.androzoo.malware.spyware_surveillance.1894,malware,1,0.856,1,malware
edu.synthetic.androzoo.malware.banker_accessibility.0677,malware,1,0.894,1,malware
edu.synthetic.androzoo.malware.spyware_surveillance.1786,malware,1,0.792,1,malware
edu.synthetic.androzoo.malware.ransomware_locker.0210,malware,1,0.692,1,malware
com.spoton.tablet.android,benign,0,0.698,1,malware
edu.synthetic.androzoo.malware.spyware_surveillance.0199,malware,1,0.812,1,malware
com.paoword.www.paoword,malware,1,0.694,1,malware
edu.synthetic.androzoo.malware.adware_clicker.1519,malware,1,0.71,1,malware
com.tocoding.neutral,benign,0,0.77,1,malware
edu.synthetic.androzoo.malware.wallet_stealer.0609,malware,1,0.876,1,malware
edu.synthetic.androzoo.malware.banker_accessibility.0667,malware,1,0.838,1,malware
edu.synthetic.androzoo.malware.adware_clicker.0693,malware,1,0.822,1,malware
edu.synthetic.androzoo.malware.sms_otp_stealer.1205,malware,1,0.806,1,malware
edu.synthetic.androzoo.malware.banker_accessibility.0149,malware,1,0.882,1,malware
cn.cetv.zgjy,malware,1,0.698,1,malware
edu.synthetic.androzoo.malware.sms_otp_stealer.1765,malware,1,0.818,1,malware
extension.app.ide,malware,1,0.322,0,benign
edu.synthetic.androzoo.malware.dropper_loader.0555,malware,1,0.738,1,malware
yuanlai.com.masaike,malware,1,0.024,0,benign
com.roster.axedo,benign,0,0.42,0,benign
edu.synthetic.androzoo.malware.adware_clicker.1208,malware,1,0.806,1,malware
edu.synthetic.androzoo.malware.banker_accessibility.0494,malware,1,0.87,1,malware
com.appgame.tiles.ianLucspinilsmagc,benign,0,0.214,0,benign
edu.synthetic.androzoo.malware.banker_accessibility.1715,malware,1,0.866,1,malware
com.impactguru.campaigner_app,benign,0,0.942,1,malware
com.xtylus.remotesalestouch,benign,0,0.188,0,benign
edu.synthetic.androzoo.malware.overlay_pin_stealer.1426,malware,1,0.902,1,malware
org.ccc.aa,malware,1,0.84,1,malware
com.htmobileapps.DollarSquad,benign,0,0.22,0,benign
edu.synthetic.androzoo.malware.spyware_surveillance.1041,malware,1,0.848,1,malware
com.avit.external.app,benign,0,0.872,1,malware
com.erkc,benign,0,0.512,1,malware
edu.synthetic.androzoo.malware.overlay_pin_stealer.0308,malware,1,0.674,1,malware
com.funnycity.carsbattletwo.yyh,malware,1,0.524,1,malware
edu.synthetic.androzoo.malware.banker_accessibility.1462,malware,1,0.874,1,malware
com.trainerize.theaxleworkout,benign,0,0.766,1,malware
edu.synthetic.androzoo.malware.spyware_surveillance.1238,malware,1,0.836,1,malware
com.lxvll.ocr,benign,0,0.716,1,malware
edu.synthetic.androzoo.malware.overlay_pin_stealer.1532,malware,1,0.862,1,malware
digifit.android.virtuagym.pro.platinumgym,benign,0,0.882,1,malware
edu.synthetic.androzoo.malware.ransomware_locker.1605,malware,1,0.74,1,malware
edu.synthetic.androzoo.malware.banker_accessibility.0814,malware,1,0.832,1,malware
com.ad.cargame.fly,benign,0,0.552,1,malware
edu.synthetic.androzoo.malware.sms_otp_stealer.1306,malware,1,0.84,1,malware
io.openaccounting.oaApp,benign,0,0.682,1,malware
edu.synthetic.androzoo.malware.dropper_loader.1618,malware,1,0.762,1,malware
edu.synthetic.androzoo.malware.spyware_surveillance.0257,malware,1,0.838,1,malware
com.montgomery.rideon,benign,0,0.292,0,benign
com.realxworld.soccerjerseymaker,benign,0,0.72,1,malware
com.sglabs.mysymptoms,benign,0,0.788,1,malware
jp.ne.sk_mine.android.game.chronos_gem_stories,benign,0,0.236,0,benign
com.mytowntonight.aviationweather,benign,0,0.71,1,malware
oasys.edocs.h2a2,benign,0,0.736,1,malware
edu.synthetic.androzoo.malware.ransomware_locker.0209,malware,1,0.834,1,malware
musicplayer.hdvideoplayer.backgroundmusic,benign,0,0.128,0,benign
jp.ne.cna.wificonnect,benign,0,0.792,1,malware
edu.synthetic.androzoo.malware.sms_otp_stealer.1702,malware,1,0.818,1,malware
net.manoloworks.radio_nouvelle_aquitaine_bordeaux_france_gironde_limoges,benign,0,0.154,0,benign
edu.synthetic.androzoo.malware.dropper_loader.1866,malware,1,0.804,1,malware
edu.synthetic.androzoo.malware.spyware_surveillance.0786,malware,1,0.82,1,malware
com.pado.smartlock,malware,1,0.692,1,malware
edu.synthetic.androzoo.malware.spyware_surveillance.1395,malware,1,0.788,1,malware
com.withkim,benign,0,0.728,1,malware
chatespana.es,malware,1,0.206,0,benign
com.xapo.bank,benign,0,0.332,0,benign
edu.synthetic.androzoo.malware.overlay_pin_stealer.0971,malware,1,0.83,1,malware
com.samuelunknown.proscons,benign,0,0.87,1,malware
com.elan.ask,malware,1,0.764,1,malware
com.ixyzh.question,malware,1,0.01,0,benign
com.qatar.onlineshopping.onlinestoreqatar,benign,0,0.404,0,benign
com.dmm.app.mvno,benign,0,0.048,0,benign
jp.co.rarejob,benign,0,0.208,0,benign
edu.synthetic.androzoo.malware.banker_accessibility.0189,malware,1,0.868,1,malware
edu.synthetic.androzoo.malware.spyware_surveillance.1464,malware,1,0.736,1,malware
it.fi.comune.ifmobilita,benign,0,0.838,1,malware
com.onemt.and.shen,benign,0,0.512,1,malware
edu.synthetic.androzoo.malware.dropper_loader.0375,malware,1,0.72,1,malware
com.mrc.ess.app,benign,0,0.66,1,malware
de.myfitcoach.tim.mfc,benign,0,0.054,0,benign
edu.synthetic.androzoo.malware.dropper_loader.0994,malware,1,0.714,1,malware
com.priotecs.MoneyControl,benign,0,0.618,1,malware
com.silverbat.knightage,malware,1,0.792,1,malware
com.rdiscovery,benign,0,0.88,1,malware
com.SingaporeShopping.sgu,benign,0,0.648,1,malware
com.empire.grow.rome.ly,malware,1,0.73,1,malware
edu.synthetic.androzoo.malware.ransomware_locker.1044,malware,1,0.806,1,malware
com.att100.android,malware,1,0.86,1,malware
br.mobilibus.mobcampolargo,benign,0,0.89,1,malware
com.sinyee.babybus.paintingII,malware,1,0.63,1,malware
com.apps.clock.theclock,malware,1,0.15,0,benign
com.shark.assetmanager,malware,1,0.87,1,malware
edu.synthetic.androzoo.malware.dropper_loader.0801,malware,1,0.752,1,malware
com.jewishoffice.tashma,malware,1,0.154,0,benign
edu.synthetic.androzoo.malware.dropper_loader.0821,malware,1,0.798,1,malware
edu.synthetic.androzoo.malware.overlay_pin_stealer.1735,malware,1,0.866,1,malware
ru.waptaxi.taksolet,benign,0,0.648,1,malware
edu.synthetic.androzoo.malware.sms_otp_stealer.0578,malware,1,0.898,1,malware
com.qiyue.trdog,benign,0,0.816,1,malware
com.easysecure,benign,0,0.78,1,malware
timetrax.com.pk,benign,0,0.602,1,malware
edu.synthetic.androzoo.malware.sms_otp_stealer.0673,malware,1,0.774,1,malware
com.tsci.hmn,malware,1,0.732,1,malware
com.xiaobanlong.main,malware,1,0.81,1,malware
edu.synthetic.androzoo.malware.dropper_loader.0985,malware,1,0.756,1,malware
edu.synthetic.androzoo.malware.banker_accessibility.0626,malware,1,0.798,1,malware
com.moyun365.android.zkgeography,malware,1,0.764,1,malware
edu.synthetic.androzoo.malware.dropper_loader.0036,malware,1,0.736,1,malware
edu.synthetic.androzoo.malware.spyware_surveillance.1342,malware,1,0.836,1,malware
com.storytaco.p34client,benign,0,0.416,0,benign
com.quraanpoint.azerbaijaniquran,benign,0,0.872,1,malware
com.addimin,benign,0,0.68,1,malware
com.nurun.edmontonsun,benign,0,0.85,1,malware
jp.naver.linemanga.android,benign,0,0.628,1,malware
edu.synthetic.androzoo.malware.dropper_loader.1099,malware,1,0.768,1,malware
edu.synthetic.androzoo.malware.dropper_loader.0440,malware,1,0.732,1,malware
br.com.cartago.gbapp.aluno,benign,0,1.0,1,malware
edu.synthetic.androzoo.malware.overlay_pin_stealer.0236,malware,1,0.906,1,malware
com.xynderous.vatole.floattube,benign,0,0.362,0,benign
com.peyman.dateconvert,malware,1,0.206,0,benign
com.eduven.ld.lang.thai,malware,1,0.852,1,malware
com.vinetree.gametalktalk2,benign,0,0.202,0,benign
edu.synthetic.androzoo.malware.dropper_loader.0982,malware,1,0.786,1,malware
edu.synthetic.androzoo.malware.dropper_loader.0935,malware,1,0.86,1,malware
edu.synthetic.androzoo.malware.adware_clicker.1252,malware,1,0.782,1,malware
edu.synthetic.androzoo.malware.spyware_surveillance.0702,malware,1,0.86,1,malware
edu.synthetic.androzoo.malware.overlay_pin_stealer.1176,malware,1,0.838,1,malware
com.banhao.gfsdfwhx,malware,1,1.0,1,malware
com.sicgamelab.vuurwerk,benign,0,0.22,0,benign
com.pmdsoft.android,benign,0,0.134,0,benign
com.ape.games.impact,malware,1,0.942,1,malware
com.swcloud.game,malware,1,0.874,1,malware
tv.nexstar.id3552,benign,0,0.066,0,benign
com.netotrade_bn.mobile,malware,1,0.228,0,benign
edu.synthetic.androzoo.malware.overlay_pin_stealer.0865,malware,1,0.702,1,malware
com.yathisha.learners,benign,0,0.878,1,malware
com.bedishop.app,benign,0,0.78,1,malware
com.iyuba.TEDVideo,malware,1,0.798,1,malware
com.colorup.game,malware,1,0.22,0,benign
edu.synthetic.androzoo.malware.banker_accessibility.0576,malware,1,0.824,1,malware
com.goodinside.gimobile,benign,0,0.732,1,malware
com.dgscan.app,benign,0,0.554,1,malware
world.battle.army.power,benign,0,0.308,0,benign
edu.synthetic.androzoo.malware.banker_accessibility.0415,malware,1,0.886,1,malware
armaforte.mobile,benign,0,0.622,1,malware
edu.synthetic.androzoo.malware.wallet_stealer.1596,malware,1,0.898,1,malware
edu.synthetic.androzoo.malware.dropper_loader.1584,malware,1,0.732,1,malware
com.etips.cincinatti.travel.guide,benign,0,0.772,1,malware
recipes.chocolate.maker,benign,0,0.41,0,benign
edu.synthetic.androzoo.malware.banker_accessibility.0773,malware,1,0.83,1,malware
edu.synthetic.androzoo.malware.spyware_surveillance.1681,malware,1,0.854,1,malware
com.cordic.happicabsSWF,benign,0,0.38,0,benign
pickup.ride.uk.driver,benign,0,0.034,0,benign
edu.synthetic.androzoo.malware.spyware_surveillance.1772,malware,1,0.808,1,malware
appinventor.ai_junipmalau.harvestmoonbtn,benign,0,0.23,0,benign
com.blogspot.yazakikenji.panel,benign,0,0.032,0,benign
edu.synthetic.androzoo.malware.spyware_surveillance.1232,malware,1,0.846,1,malware
intersign.learn.asl,benign,0,0.882,1,malware
net.controlbox.Uboxl.CasilleroLatino,benign,0,0.32,0,benign
com.wepartytt,benign,0,0.252,0,benign
com.guoyuncm.rainbow,malware,1,0.85,1,malware
com.tapclap.merge.mansiontale,benign,0,0.83,1,malware
com.zoho.daybook,benign,0,0.818,1,malware
in.ether.vivabeautyparlour,benign,0,0.306,0,benign
edu.synthetic.androzoo.malware.ransomware_locker.0416,malware,1,0.744,1,malware
edu.synthetic.androzoo.malware.banker_accessibility.1156,malware,1,0.828,1,malware
com.coloringbookgames.ninjabikeColoring,benign,0,0.382,0,benign
com.edurev.gst,benign,0,0.204,0,benign
com.nekteck.medcursor,benign,0,0.228,0,benign
com.flickr.android,benign,0,0.728,1,malware
com.ananinja.lava,benign,0,0.11,0,benign
com.cloudcc.mobile,malware,1,0.718,1,malware
com.panagola.app.om,benign,0,0.826,1,malware
com.shiyoujiliang.weilaikeji,malware,1,0.9,1,malware
edu.synthetic.androzoo.malware.sms_otp_stealer.0746,malware,1,0.834,1,malware
edu.synthetic.androzoo.malware.overlay_pin_stealer.0767,malware,1,0.86,1,malware
radios.deparaguay3,benign,0,0.666,1,malware
air.school,malware,1,0.624,1,malware
com.automationexchange.openfiberusa,benign,0,0.812,1,malware
edu.synthetic.androzoo.malware.spyware_surveillance.0686,malware,1,0.85,1,malware
com.lovewick.app,benign,0,0.85,1,malware
edu.synthetic.androzoo.malware.dropper_loader.1192,malware,1,0.71,1,malware
freeset.app,benign,0,0.254,0,benign
ir.otaghak.app,malware,1,0.294,0,benign
com.anask.reem_name_images_wallpapers,benign,0,0.552,1,malware
apparray.edison_android_renewal,benign,0,0.826,1,malware
edu.synthetic.androzoo.malware.spyware_surveillance.0297,malware,1,0.834,1,malware
com.asmr.color.master,benign,0,0.486,0,benign
com.keytom.app.twa,benign,0,0.888,1,malware
com.aifa.lawyer.client,malware,1,0.728,1,malware
com.aplikasisiasat.id,benign,0,0.758,1,malware
no.vigga.push,benign,0,0.272,0,benign
com.phorest.bmonroesalon,benign,0,0.216,0,benign
com.eblock.auction,benign,0,0.586,1,malware
edu.synthetic.androzoo.malware.banker_accessibility.1145,malware,1,0.894,1,malware
edu.synthetic.androzoo.malware.ransomware_locker.0603,malware,1,0.766,1,malware
edu.synthetic.androzoo.malware.ransomware_locker.1370,malware,1,0.774,1,malware
de.saas.timeclockv2,benign,0,0.706,1,malware
edu.synthetic.androzoo.malware.banker_accessibility.0344,malware,1,0.914,1,malware
edu.synthetic.androzoo.malware.dropper_loader.1020,malware,1,0.794,1,malware
com.cofox.kahunas.JACKOSONLINE,benign,0,0.322,0,benign
app.ledscrolldisplay,benign,0,0.356,0,benign
com.medpresso.Lonestar.vetanes,benign,0,0.364,0,benign
com.dolilive,benign,0,0.66,1,malware
com.ubestkid.beilehu.android,malware,1,0.806,1,malware
cn.smm.en,benign,0,0.624,1,malware
com.apptegy.sundowntx,benign,0,0.528,1,malware
edu.synthetic.androzoo.malware.overlay_pin_stealer.0933,malware,1,0.78,1,malware
com.gamefirst.savetheearth,malware,1,0.04,0,benign
com.crazy.doctor.hospital,benign,0,0.346,0,benign
edu.synthetic.androzoo.malware.wallet_stealer.1335,malware,1,0.874,1,malware
zombie.survival.craft.z,benign,0,0.758,1,malware
edu.synthetic.androzoo.malware.dropper_loader.1738,malware,1,0.778,1,malware
edu.synthetic.androzoo.malware.banker_accessibility.1505,malware,1,0.8,1,malware
org.ghfcu.mobile,benign,0,0.206,0,benign
com.cwgame.app.mahjong,benign,0,0.224,0,benign
edu.synthetic.androzoo.malware.banker_accessibility.1414,malware,1,0.86,1,malware
edu.synthetic.androzoo.malware.banker_accessibility.0314,malware,1,0.876,1,malware
com.appcursin.blogspot,malware,1,0.926,1,malware
edu.synthetic.androzoo.malware.ransomware_locker.1423,malware,1,0.742,1,malware
com.cadenverse.beat.tiles.musicgame,benign,0,0.688,1,malware
edu.synthetic.androzoo.malware.spyware_surveillance.0558,malware,1,0.87,1,malware
edu.synthetic.androzoo.malware.banker_accessibility.1043,malware,1,0.828,1,malware
com.shvagerfm.Abs,benign,0,0.878,1,malware
com.escalationstudios.nuke.st,malware,1,0.9,1,malware
edu.synthetic.androzoo.malware.spyware_surveillance.1216,malware,1,0.862,1,malware
com.global.technolabs.jupitertouchlab,benign,0,0.308,0,benign
edu.synthetic.androzoo.malware.dropper_loader.0934,malware,1,0.684,1,malware
com.yunosolutions.newzealandcalendar,benign,0,0.838,1,malware
com.santech.beat.tiles,benign,0,0.496,0,benign
com.trainerize.aspenfitness,benign,0,0.824,1,malware
edu.synthetic.androzoo.malware.banker_accessibility.0015,malware,1,0.83,1,malware
edu.synthetic.androzoo.malware.spyware_surveillance.1130,malware,1,0.812,1,malware
com.giraffegames.realtennis,benign,0,0.474,0,benign
co.madlife.stopmotion,malware,1,0.94,1,malware
com.Revamp.SteampunkPuzzle2,malware,1,0.894,1,malware
com.ironappsdev.offroadincl,benign,0,0.338,0,benign
edu.synthetic.androzoo.malware.ransomware_locker.1643,malware,1,0.762,1,malware
com.morbid_tech.morbid,benign,0,0.888,1,malware
com.yilewan.ccmlh5,malware,1,0.068,0,benign
com.yamystudio.dryCleaning,benign,0,0.61,1,malware
cn.e23.weihai,malware,1,0.116,0,benign
notes.notebook.todolist.notepad.checklist,benign,0,0.182,0,benign
de.mobiletrend.lovidoo,benign,0,0.2,0,benign
de.esagu.app,benign,0,0.536,1,malware
com.ubestkid.BeilehuTown.a,malware,1,0.74,1,malware
edu.synthetic.androzoo.malware.ransomware_locker.1781,malware,1,0.724,1,malware
com.langya.lyt,malware,1,0.728,1,malware
com.game.goolny.stickers,benign,0,0.518,1,malware
edu.synthetic.androzoo.malware.ransomware_locker.1541,malware,1,0.79,1,malware
edu.synthetic.androzoo.malware.spyware_surveillance.0215,malware,1,0.806,1,malware
com.ErkinKarakoc.Frok,benign,0,0.972,1,malware
com.pharmacity_extracare,benign,0,0.82,1,malware
edu.synthetic.androzoo.malware.dropper_loader.0565,malware,1,0.758,1,malware
com.gf.highway.traffic.control.game.city.traffic,benign,0,0.458,0,benign
edu.synthetic.androzoo.malware.ransomware_locker.1611,malware,1,0.774,1,malware
com.alarm.alarmmobile.android.securitas,benign,0,0.448,0,benign
com.zmlearn.lancher,malware,1,0.562,1,malware
edu.synthetic.androzoo.malware.overlay_pin_stealer.0033,malware,1,0.91,1,malware
com.minikara.bubble.android,benign,0,0.244,0,benign
com.roadhurryup.fireandrush.yyh,malware,1,0.714,1,malware
com.nt.pictionary,benign,0,0.71,1,malware
com.es.civilization.rise.empire,benign,0,0.822,1,malware
com.zoho.accounts.oneauth,benign,0,0.594,1,malware
com.stickman.warmblood.ly,malware,1,0.704,1,malware
com.ejk.Panda.Bubble.Shooter,benign,0,0.628,1,malware
com.azazie.az,benign,0,0.642,1,malware
sixpack.sixpackabs.absworkout,benign,0,0.128,0,benign
com.rv.gym,benign,0,0.618,1,malware
edu.synthetic.androzoo.malware.overlay_pin_stealer.0529,malware,1,0.856,1,malware
com.tap4fun.reignofwar,benign,0,0.834,1,malware
am.ro.android,benign,0,0.744,1,malware
edu.synthetic.androzoo.malware.banker_accessibility.1033,malware,1,0.894,1,malware
com.brinks.twentyfourseven,benign,0,0.524,1,malware
com.evilishgames.dashingheros,benign,0,0.334,0,benign
com.trimble.d2link,benign,0,0.32,0,benign
com.qysoft.zyhj,malware,1,0.948,1,malware
com.qunhe.rendershow,malware,1,0.49,0,benign
org.arkweb.arkweb,malware,1,0.07,0,benign
edu.synthetic.androzoo.malware.spyware_surveillance.0659,malware,1,0.818,1,malware
com.spartannash.foresthillsfoods,benign,0,0.34,0,benign
com.trainerize.dynamicfitnesshtx,benign,0,0.778,1,malware
com.sitckmanr.kongfuliam,malware,1,1.0,1,malware
edu.synthetic.androzoo.malware.ransomware_locker.0476,malware,1,0.754,1,malware
com.NamasteStudios.SkyStacker,benign,0,0.894,1,malware
ru.tutu.etrains,benign,0,0.33,0,benign
melstudio.mpilates,benign,0,0.346,0,benign
edu.synthetic.androzoo.malware.spyware_surveillance.0990,malware,1,0.85,1,malware
com.nebulajoy.act.dmcpoc.asia,benign,0,0.076,0,benign
edu.synthetic.androzoo.malware.overlay_pin_stealer.1303,malware,1,0.85,1,malware
edu.synthetic.androzoo.malware.overlay_pin_stealer.1807,malware,1,0.884,1,malware
edu.synthetic.androzoo.malware.spyware_surveillance.0969,malware,1,0.788,1,malware
edu.synthetic.androzoo.malware.banker_accessibility.0332,malware,1,0.888,1,malware
com.tapbee.lohas,benign,0,0.836,1,malware
me.kch_app.kch,benign,0,0.698,1,malware
com.ego.allfile.app,malware,1,1.0,1,malware
edu.synthetic.androzoo.malware.dropper_loader.1796,malware,1,0.814,1,malware
edu.synthetic.androzoo.malware.overlay_pin_stealer.0585,malware,1,0.81,1,malware
com.jiecang.app.android.aidesks,malware,1,0.75,1,malware
edu.synthetic.androzoo.malware.overlay_pin_stealer.0328,malware,1,0.846,1,malware
com.heshu.originofshanhai,malware,1,0.434,0,benign
edu.synthetic.androzoo.malware.banker_accessibility.1481,malware,1,0.892,1,malware
edu.synthetic.androzoo.malware.sms_otp_stealer.1095,malware,1,0.726,1,malware
edu.synthetic.androzoo.malware.overlay_pin_stealer.1573,malware,1,0.818,1,malware
com.qxdazhuzai.mzyw,malware,1,0.936,1,malware
com.subsplashconsulting.s_V8XQ24,benign,0,0.176,0,benign
hotsiberians.idle.anomalies.research.station.building.tycoon.simulator,benign,0,0.458,0,benign
com.tracktime24.employee,benign,0,0.656,1,malware
com.dicedom.dicemerge.puzzlegame,benign,0,0.428,0,benign
com.kahunas.io.CatalystFitnessCoaching,benign,0,0.204,0,benign
edu.synthetic.androzoo.malware.wallet_stealer.0187,malware,1,0.842,1,malware
no.mellora.hseq.bms,malware,1,0.604,1,malware
edu.synthetic.androzoo.malware.spyware_surveillance.1842,malware,1,0.856,1,malware
edu.synthetic.androzoo.malware.overlay_pin_stealer.0278,malware,1,0.844,1,malware
edu.synthetic.androzoo.malware.overlay_pin_stealer.1780,malware,1,0.766,1,malware
edu.synthetic.androzoo.malware.ransomware_locker.1438,malware,1,0.774,1,malware
edu.synthetic.androzoo.malware.wallet_stealer.1588,malware,1,0.864,1,malware
com.maddevices.combatsmobile,malware,1,0.802,1,malware
edu.synthetic.androzoo.malware.banker_accessibility.0974,malware,1,0.87,1,malware
com.nt.games.tangledsnakes,benign,0,0.816,1,malware
com.rvappstudios.shapes.colors.toddler,benign,0,0.164,0,benign
com.fortinet.fvuc.app,benign,0,0.866,1,malware
edu.synthetic.androzoo.malware.ransomware_locker.1734,malware,1,0.74,1,malware
neo.bombrman.arcade.geo.games,benign,0,0.742,1,malware
fakegps.fakelocation.mocklocation.gpsfaker,malware,1,0.118,0,benign
edu.synthetic.androzoo.malware.overlay_pin_stealer.1563,malware,1,0.838,1,malware
com.zomecorp.zome,benign,0,0.352,0,benign
lu.bgl.spm.wm,benign,0,0.126,0,benign
ir.t4f.master,benign,0,0.8,1,malware
jp.sihdbk.opapp,benign,0,0.928,1,malware
edu.synthetic.androzoo.malware.adware_clicker.1901,malware,1,0.74,1,malware
com.caresca.enfermedadesinfantiles,malware,1,0.136,0,benign
com.petgugu.android,benign,0,0.822,1,malware
edu.synthetic.androzoo.malware.ransomware_locker.1799,malware,1,0.816,1,malware
es.tpc.matchpoint.appclient.goldenpoint,benign,0,0.6,1,malware
com.hotpodyoga,benign,0,0.778,1,malware
live.moreshort.app,benign,0,0.92,1,malware
edu.synthetic.androzoo.malware.banker_accessibility.1913,malware,1,0.836,1,malware
com.taptasty.puroveroapp,benign,0,0.654,1,malware
com.eduven.cc.bruschettas,benign,0,0.064,0,benign
edu.synthetic.androzoo.malware.sms_otp_stealer.0056,malware,1,0.832,1,malware
edu.synthetic.androzoo.malware.sms_otp_stealer.0809,malware,1,0.748,1,malware
edu.synthetic.androzoo.malware.sms_otp_stealer.1671,malware,1,0.688,1,malware
com.oifcoman.khedmahmerchant,benign,0,0.868,1,malware
edu.synthetic.androzoo.malware.dropper_loader.1886,malware,1,0.764,1,malware
com.kigle.seaanimals,benign,0,0.888,1,malware
uug.game.paopao,malware,1,0.798,1,malware
com.turner.fcallstars,malware,1,0.29,0,benign
com.trainerize.fitnesstogether,benign,0,0.45,0,benign
edu.synthetic.androzoo.malware.dropper_loader.0704,malware,1,0.754,1,malware
com.erra.social,benign,0,0.578,1,malware
com.hp.impulse.panorama,benign,0,0.1,0,benign
com.investors.leaderboard.android,benign,0,0.038,0,benign
edu.synthetic.androzoo.malware.ransomware_locker.0300,malware,1,0.744,1,malware
com.fruittime.weather,malware,1,0.724,1,malware
edu.synthetic.androzoo.malware.spyware_surveillance.1630,malware,1,0.818,1,malware
com.angames.android.google.avatarbendingtheworld,benign,0,0.31,0,benign
de.shugasu.itrtg,benign,0,0.65,1,malware
edu.synthetic.androzoo.malware.adware_clicker.0642,malware,1,0.804,1,malware
com.nirmitaentertainment.golfshotopeninfinitecourse,benign,0,0.472,0,benign
edu.synthetic.androzoo.malware.wallet_stealer.0227,malware,1,0.868,1,malware
edu.synthetic.androzoo.malware.wallet_stealer.1014,malware,1,0.844,1,malware
edu.synthetic.androzoo.malware.overlay_pin_stealer.1422,malware,1,0.802,1,malware
com.myyounit.selfstoragedenhaag,benign,0,0.732,1,malware
io.spaceos.scalingspaces,benign,0,0.886,1,malware
edu.synthetic.androzoo.malware.banker_accessibility.0700,malware,1,0.88,1,malware
com.cloudn.orientallounge,benign,0,0.592,1,malware
jp.co.lawson.android,benign,0,0.826,1,malware
com.CSlillians.android,benign,0,0.392,0,benign
com.haoyisheng.mobile.app,malware,1,0.97,1,malware
wsh.chishenme.dpfh,malware,1,0.04,0,benign
gm.passion.app,benign,0,0.742,1,malware
com.sinyee.babybus.spell,malware,1,0.512,1,malware
com.ihuman.jump,malware,1,0.152,0,benign
com.ZWSoft.ZWCAD,malware,1,0.922,1,malware
com.xiudian_useraj_th.client,benign,0,0.24,0,benign
com.kuailun.xfj,benign,0,0.8,1,malware
in.healthflex.physioapp,benign,0,0.028,0,benign
edu.synthetic.androzoo.malware.adware_clicker.1742,malware,1,0.692,1,malware
joybits.doodletankshd_free,benign,0,0.808,1,malware
com.basenjiapps.breeze,benign,0,0.13,0,benign
edu.synthetic.androzoo.malware.spyware_surveillance.0089,malware,1,0.814,1,malware
smile.com.telonium.mobile,benign,0,0.592,1,malware
com.yclients.mobile.g73827,benign,0,0.352,0,benign
com.friendscube.somoim,benign,0,0.196,0,benign
arl.terminal.reefercontainerpretripinspector,benign,0,0.73,1,malware
com.lixiangdong.idphotomaker,malware,1,0.056,0,benign
com.imweb.appS20200605d0b93b390db0f_61d458797eeea,benign,0,0.794,1,malware
edu.synthetic.androzoo.malware.banker_accessibility.1133,malware,1,0.842,1,malware
com.byairapp.android,benign,0,0.142,0,benign
edu.synthetic.androzoo.malware.spyware_surveillance.0075,malware,1,0.864,1,malware
eye.art.makeup.games,benign,0,0.214,0,benign
com.upboardclass10previousyearquestionpaper,benign,0,0.724,1,malware
com.colyinc.mahoyaku,benign,0,0.52,1,malware
com.mobincube.parabolas_de_jesus.sc_H7QXK9,malware,1,0.878,1,malware
edu.synthetic.androzoo.malware.spyware_surveillance.1471,malware,1,0.882,1,malware
edu.synthetic.androzoo.malware.overlay_pin_stealer.0140,malware,1,0.838,1,malware
com.herofang,malware,1,0.654,1,malware
com.threestonesoft.pigotd,malware,1,0.984,1,malware
com.fast.free.folowvpn,malware,1,0.152,0,benign
jp.co.a_tm.android.plus_strawberry_time,benign,0,0.844,1,malware
edu.synthetic.androzoo.malware.banker_accessibility.1916,malware,1,0.886,1,malware
edu.synthetic.androzoo.malware.spyware_surveillance.0029,malware,1,0.802,1,malware
unlsoc.seniordesign.huskerstemvr_mobile,benign,0,0.158,0,benign
com.IronHorseGames.IdleMineRPG,benign,0,0.464,0,benign
free.ocean.fish.solitaire.match,benign,0,0.492,0,benign
edu.synthetic.androzoo.malware.banker_accessibility.1542,malware,1,0.9,1,malware
edu.synthetic.androzoo.malware.dropper_loader.0931,malware,1,0.78,1,malware
com.avvaloffice.flutter_hbb,malware,1,0.18,0,benign
com.rottzgames.mastermind,benign,0,0.882,1,malware
edu.synthetic.androzoo.malware.dropper_loader.1700,malware,1,0.74,1,malware
jp.mana_tea,benign,0,0.814,1,malware
edu.synthetic.androzoo.malware.ransomware_locker.0717,malware,1,0.778,1,malware
edu.synthetic.androzoo.malware.dropper_loader.1879,malware,1,0.728,1,malware
edu.synthetic.androzoo.malware.ransomware_locker.0181,malware,1,0.798,1,malware
com.phrasebook.lt,benign,0,0.668,1,malware
com.money.Mentorship,malware,1,0.752,1,malware
edu.synthetic.androzoo.malware.adware_clicker.1529,malware,1,0.744,1,malware
kr.co.emeye.joinsautocom,benign,0,0.4,0,benign
jp.co.comic.mangaone,benign,0,0.166,0,benign
edu.synthetic.androzoo.malware.spyware_surveillance.1287,malware,1,0.83,1,malware
com.mike.koutu,malware,1,0.12,0,benign
edu.synthetic.androzoo.malware.spyware_surveillance.1801,malware,1,0.854,1,malware
edu.synthetic.androzoo.malware.dropper_loader.0326,malware,1,0.754,1,malware
com.radiosenpy.radioactivafm,benign,0,0.662,1,malware
edu.synthetic.androzoo.malware.banker_accessibility.1021,malware,1,0.878,1,malware
edu.synthetic.androzoo.malware.overlay_pin_stealer.0194,malware,1,0.878,1,malware
edu.synthetic.androzoo.malware.spyware_surveillance.1376,malware,1,0.85,1,malware
com.skyfun.loveandfashiongp,malware,1,0.768,1,malware
com.sniper_games.silent.scope.sniper.games,benign,0,0.754,1,malware
com.mres.schedule,benign,0,0.196,0,benign
com.nu.production,benign,0,0.454,0,benign
com.rsupport.remotemeeting.application.solution.kinfa,benign,0,0.614,1,malware
ie.zappy.fennec.evansvilleyogaspace,benign,0,0.666,1,malware
com.exploremetro.sh,benign,0,0.67,1,malware
edu.synthetic.androzoo.malware.overlay_pin_stealer.0274,malware,1,0.888,1,malware
edu.synthetic.androzoo.malware.overlay_pin_stealer.0381,malware,1,0.674,1,malware
bin.mt.plus,malware,1,0.92,1,malware
diy.soap.recipes,malware,1,0.786,1,malware
com.wixot.merge,benign,0,0.28,0,benign
com.Golden.Dinopaint,benign,0,0.648,1,malware
com.playhardlab.heroes,benign,0,1.0,1,malware
edu.synthetic.androzoo.malware.spyware_surveillance.0487,malware,1,0.784,1,malware
jp.roundflat.takudrill_pt_app,benign,0,0.61,1,malware
edu.synthetic.androzoo.malware.banker_accessibility.1779,malware,1,0.822,1,malware
com.crisp.vertical,benign,0,0.772,1,malware
com.advice.university.heysem99,benign,0,0.194,0,benign
com.gr.clean.dream.hotel,benign,0,0.462,0,benign
edu.synthetic.androzoo.malware.dropper_loader.0156,malware,1,0.78,1,malware
net.staca,benign,0,0.772,1,malware
com.monstro.mdungeons,malware,1,0.112,0,benign
com.sayhi.app,benign,0,0.184,0,benign
com.talb.blowery,malware,1,0.688,1,malware
com.deltaepa.smarthome,benign,0,0.414,0,benign
hk.com.ayers.wwind.token1,malware,1,1.0,1,malware
net.jeu.solitaire,benign,0,0.946,1,malware
com.Moveware.Mobi,benign,0,0.828,1,malware
de.twopeaches.babelli,benign,0,0.77,1,malware
edu.synthetic.androzoo.malware.wallet_stealer.0869,malware,1,0.876,1,malware
nz.co.trademe.trademe,benign,0,0.108,0,benign
com.subsplashconsulting.s_J59FST,benign,0,0.4,0,benign
com.ithinkers.abokado,benign,0,0.096,0,benign
edu.synthetic.androzoo.malware.spyware_surveillance.0584,malware,1,0.832,1,malware
edu.synthetic.androzoo.malware.overlay_pin_stealer.1089,malware,1,0.762,1,malware
edu.synthetic.androzoo.malware.adware_clicker.0652,malware,1,0.638,1,malware
com.gameduell.tarot,benign,0,0.802,1,malware
edu.synthetic.androzoo.malware.overlay_pin_stealer.0513,malware,1,0.846,1,malware
com.subsplashconsulting.s_BR2B97,benign,0,0.352,0,benign
edu.synthetic.androzoo.malware.dropper_loader.0870,malware,1,0.748,1,malware
com.cookingmouse.cheesefry,benign,0,0.41,0,benign
edu.synthetic.androzoo.malware.dropper_loader.0028,malware,1,0.758,1,malware
edu.synthetic.androzoo.malware.banker_accessibility.0738,malware,1,0.866,1,malware
com.mscz.yyn,malware,1,0.788,1,malware
edu.synthetic.androzoo.malware.overlay_pin_stealer.1791,malware,1,0.822,1,malware
com.clocknestgames.olimdal,malware,1,0.93,1,malware
edu.synthetic.androzoo.malware.overlay_pin_stealer.0787,malware,1,0.87,1,malware
edu.synthetic.androzoo.malware.banker_accessibility.1828,malware,1,0.874,1,malware
edu.synthetic.androzoo.malware.wallet_stealer.0441,malware,1,0.886,1,malware
ru.astrostar.yakuba.android,benign,0,0.852,1,malware
com.newssynergy.kxweatherapp,benign,0,0.218,0,benign
com.subsplash.thechurchapp.truehopechurch,benign,0,0.154,0,benign
edu.synthetic.androzoo.malware.overlay_pin_stealer.0294,malware,1,0.85,1,malware
com.provakil.provakil,benign,0,0.152,0,benign
edu.synthetic.androzoo.malware.overlay_pin_stealer.0087,malware,1,0.662,1,malware
edu.synthetic.androzoo.malware.spyware_surveillance.0757,malware,1,0.888,1,malware
skywave.draw.food,benign,0,0.462,0,benign
com.jixing.shenqifangkuai,malware,1,0.99,1,malware
com.geniustime.bbxdj.mi,malware,1,0.08,0,benign
com.collect.letterlinkgame,malware,1,0.844,1,malware
com.sword.camera.editor,malware,1,0.842,1,malware
edu.synthetic.androzoo.malware.dropper_loader.0600,malware,1,0.804,1,malware
product.clicklabs.jugnoo.driver,benign,0,0.346,0,benign
com.drive2,benign,0,0.04,0,benign
net.grechu.gnetcctvsecond,malware,1,0.462,0,benign
edu.synthetic.androzoo.malware.spyware_surveillance.0841,malware,1,0.818,1,malware
co.ivyonline.app,benign,0,0.886,1,malware
com.uroad.zhgs,malware,1,0.704,1,malware
com.cb.cakebaker.bakinggames.makergames,benign,0,0.654,1,malware
com.mds.tplus,benign,0,0.77,1,malware
com.kasbcompany.android,benign,0,0.748,1,malware
com.mobincube.diccionario_griego_biblico.sc_HP9E26,malware,1,0.864,1,malware
edu.synthetic.androzoo.malware.overlay_pin_stealer.0072,malware,1,0.856,1,malware
edu.synthetic.androzoo.malware.dropper_loader.0292,malware,1,0.744,1,malware
com.foxsports.android,benign,0,0.36,0,benign
jp.co.cyberagent.miami,benign,0,0.772,1,malware
com.arclightCity.dexappstudio,benign,0,0.812,1,malware
org.cocos2dx.lianliankan,malware,1,0.864,1,malware
edu.synthetic.androzoo.malware.spyware_surveillance.1369,malware,1,0.82,1,malware
com.koinum.app,malware,1,0.718,1,malware
edu.synthetic.androzoo.malware.spyware_surveillance.0882,malware,1,0.858,1,malware
edu.synthetic.androzoo.malware.adware_clicker.0170,malware,1,0.642,1,malware
edu.synthetic.androzoo.malware.sms_otp_stealer.1276,malware,1,0.88,1,malware
de.daedalic.deadsynchronicity.android_st,malware,1,1.0,1,malware
edu.synthetic.androzoo.malware.adware_clicker.0334,malware,1,0.71,1,malware
com.mobikasaba.carlaandroid,benign,0,0.054,0,benign
com.et2t.xingbao,malware,1,0.752,1,malware
com.dev.abcdapps.nearbymosque,benign,0,0.174,0,benign
com.jacapps.wfed,benign,0,0.158,0,benign
com.whj.app.stavemaster,malware,1,0.128,0,benign
edu.synthetic.androzoo.malware.banker_accessibility.0484,malware,1,0.856,1,malware
com.kys,malware,1,0.896,1,malware
edu.synthetic.androzoo.malware.banker_accessibility.1024,malware,1,0.876,1,malware
com.classlist.parent,benign,0,0.756,1,malware
com.DTDAGames.Chronc,benign,0,0.742,1,malware
com.info_sync.infosync,benign,0,0.346,0,benign
com.enjoygame.ttwyjp,malware,1,0.932,1,malware
edu.synthetic.androzoo.malware.banker_accessibility.1594,malware,1,0.854,1,malware
easy.smarttools.font.emoji.custom.keyboard.photokeyboard,benign,0,0.77,1,malware
com.g5e.jewelsofmahjong.android,benign,0,0.87,1,malware
com.visionect.joan.desk,benign,0,0.212,0,benign
edu.synthetic.androzoo.malware.overlay_pin_stealer.0270,malware,1,0.804,1,malware
com.funbox.dailyenglishconversation,benign,0,0.584,1,malware
com.ptminder.oryanfitness,benign,0,0.536,1,malware
com.koudai.zuhao,malware,1,0.844,1,malware
com.coljonesswim.icp,benign,0,0.198,0,benign
de.hugendubel.app,benign,0,0.534,1,malware
edu.synthetic.androzoo.malware.adware_clicker.0614,malware,1,0.836,1,malware
com.ap.adval,benign,0,0.21,0,benign
com.ModernPhilosophy.Fallen,benign,0,0.516,1,malware
edu.synthetic.androzoo.malware.dropper_loader.1109,malware,1,0.748,1,malware
com.its.mobilebanking.ajf,benign,0,0.834,1,malware
com.synx.fleetmanager,benign,0,0.51,1,malware
it.iridi.dalgrano,benign,0,0.784,1,malware
health.step.walk,malware,1,0.398,0,benign
com.overnight.oats.recipe.app,benign,0,0.294,0,benign
edu.synthetic.androzoo.malware.spyware_surveillance.1706,malware,1,0.848,1,malware
com.subsplashconsulting.s_CRB6RK,benign,0,0.186,0,benign
edu.synthetic.androzoo.malware.overlay_pin_stealer.1884,malware,1,0.842,1,malware
com.watercountry.mobile,benign,0,0.302,0,benign
com.refixprotect.zpsjhfu,malware,1,0.39,0,benign
com.apaman.android,benign,0,0.48,0,benign
com.yelp.android,benign,0,0.654,1,malware
edu.synthetic.androzoo.malware.spyware_surveillance.1724,malware,1,0.846,1,malware
com.chippercash,benign,0,0.656,1,malware
com.posteitaliane.spim,benign,0,0.504,1,malware
com.caltopo.android,benign,0,0.788,1,malware
mtcperu.simulacromtc.examenmtc,benign,0,0.718,1,malware
edu.synthetic.androzoo.malware.spyware_surveillance.0291,malware,1,0.884,1,malware
ar.lifemart.android,benign,0,0.87,1,malware
com.nosuke.yomoo,benign,0,0.84,1,malware
com.zhaot.zhigj,malware,1,0.484,0,benign
com.qiyang.yueyu,malware,1,0.774,1,malware
komandco.matete,benign,0,0.882,1,malware
edu.synthetic.androzoo.malware.spyware_surveillance.0732,malware,1,0.86,1,malware
edu.synthetic.androzoo.malware.spyware_surveillance.1888,malware,1,0.814,1,malware
zahleb.me,benign,0,0.178,0,benign
my.hotel.design,benign,0,0.098,0,benign
com.aospstudio.quicksearch,benign,0,0.574,1,malware
com.AresGames.SwordSorceryAC,benign,0,0.272,0,benign
com.mango.sanguo15.plsz,malware,1,0.72,1,malware
com.dongqiudi.news,malware,1,0.886,1,malware
com.realbyteapps.moneymanagerfree,benign,0,0.88,1,malware
com.audiosdroid.speech2text,malware,1,0.216,0,benign
com.memoriki.fullhousecasino,benign,0,0.622,1,malware
edu.synthetic.androzoo.malware.overlay_pin_stealer.0910,malware,1,0.684,1,malware
heybarber.app,benign,0,0.37,0,benign
com.beartool.girfriendvalue,malware,1,0.912,1,malware
edu.synthetic.androzoo.malware.wallet_stealer.0566,malware,1,0.892,1,malware
edu.synthetic.androzoo.malware.overlay_pin_stealer.1086,malware,1,0.822,1,malware
com.hltcorp.footcare,benign,0,0.114,0,benign
edu.synthetic.androzoo.malware.banker_accessibility.0290,malware,1,0.834,1,malware
com.precisebytes.flashlightdualmode.free.release,benign,0,0.494,0,benign
jp.co.gemdrops.lbca,malware,1,0.588,1,malware
com.buzzato.s24p,benign,0,0.074,0,benign
jp.fourm.ragdollbowling,benign,0,0.448,0,benign
com.ac.englishtokhmertranslator,benign,0,0.72,1,malware
com.tube.play.music.downloader.mp3.musica.sound.descargar.freeapp,benign,0,0.478,0,benign
com.flower.advisor,benign,0,0.946,1,malware
com.doapps.android.mln.MLN_90d668b2ee3a0975df39f54a3f466090,benign,0,0.084,0,benign
com.nbs.StudentStore,benign,0,0.242,0,benign
dk.fdmmotor.reader,benign,0,0.49,0,benign
com.akashlilhare.homeworkout,benign,0,0.786,1,malware
net.everdo.everdo,benign,0,0.798,1,malware
com.pineapple.woody.block.color.blast,benign,0,0.778,1,malware
jp.co.x_bit.rakushifu,benign,0,0.856,1,malware
rams.proyect.afiliadorams.com.appafiliado,benign,0,0.226,0,benign
edu.synthetic.androzoo.malware.dropper_loader.0661,malware,1,0.772,1,malware
edu.synthetic.androzoo.malware.adware_clicker.0698,malware,1,0.79,1,malware
com.cinkate.rmd,malware,1,0.768,1,malware
nl.wienelware.calligraphydesignideas.app,benign,0,0.378,0,benign
com.cgff.moutned.horseback.police.chase,benign,0,0.744,1,malware
com.playcurio.safariar,benign,0,0.234,0,benign
com.mini.mixed.color,malware,1,0.312,0,benign
com.wyt.iexuetang.hd.xxwkt,malware,1,0.56,1,malware
hivebrite.gabv_community.app,benign,0,0.408,0,benign
com.dnm.radioeuskirchen,benign,0,0.576,1,malware
com.subsplashconsulting.s_V97894,benign,0,0.356,0,benign
com.boomradio.player,benign,0,0.258,0,benign
com.brilian.studyx.student,benign,0,0.722,1,malware
edu.synthetic.androzoo.malware.adware_clicker.1022,malware,1,0.702,1,malware
es.odilo.capodilo,benign,0,0.272,0,benign
com.flexaspect.android.everycallcontrol,benign,0,0.282,0,benign
edu.synthetic.androzoo.malware.wallet_stealer.1383,malware,1,0.86,1,malware
edu.eduhk.emobileapp,benign,0,0.828,1,malware
com.dav_vizag.school,benign,0,0.738,1,malware
com.mintgames.matchfind3d,benign,0,0.316,0,benign
edu.synthetic.androzoo.malware.ransomware_locker.1364,malware,1,0.778,1,malware
jp.jmty.app2,benign,0,0.314,0,benign
com.t2s.spicegarden792960,benign,0,0.274,0,benign
com.looped.pos.looped_pos_new,benign,0,0.828,1,malware
net.xinhuamm.d3074,malware,1,0.77,1,malware
edu.synthetic.androzoo.malware.wallet_stealer.0454,malware,1,0.856,1,malware
edu.synthetic.androzoo.malware.banker_accessibility.1845,malware,1,0.866,1,malware
edu.synthetic.androzoo.malware.spyware_surveillance.0648,malware,1,0.822,1,malware
pf.isi.TiareFM,benign,0,0.622,1,malware
edu.synthetic.androzoo.malware.banker_accessibility.0271,malware,1,0.792,1,malware
net.freshgogo.android,malware,1,0.676,1,malware
io.voodoo.paper2,benign,0,0.82,1,malware
com.sinyee.babybus.numberwriter,benign,0,0.536,1,malware
com.sybogames.subway.surfers.game,benign,0,0.81,1,malware
edu.synthetic.androzoo.malware.banker_accessibility.1353,malware,1,0.85,1,malware
bibogames.fill.oneline,benign,0,0.388,0,benign
edu.synthetic.androzoo.malware.spyware_surveillance.0890,malware,1,0.864,1,malware
com.pujiagames.ennichi,malware,1,0.672,1,malware
com.zsjoinblob.sfclash.yyh,malware,1,0.786,1,malware
mf.myeg.com.eservicemobile,benign,0,0.502,1,malware
com.fissa.scan,benign,0,0.474,0,benign
edu.synthetic.androzoo.malware.wallet_stealer.0277,malware,1,0.872,1,malware
com.iq.brain.out.ly,malware,1,0.89,1,malware
edu.synthetic.androzoo.malware.wallet_stealer.1648,malware,1,0.846,1,malware
com.modeleon.northernlightsalert,benign,0,0.84,1,malware
com.etips.tatemodern.travel.guide,benign,0,0.878,1,malware
academy.gocrypto.trading,benign,0,0.944,1,malware
edu.synthetic.androzoo.malware.ransomware_locker.0306,malware,1,0.778,1,malware
edu.synthetic.androzoo.malware.ransomware_locker.1572,malware,1,0.754,1,malware
edu.synthetic.androzoo.malware.ransomware_locker.1857,malware,1,0.718,1,malware
com.efun.cnbh.android,malware,1,0.794,1,malware
com.wink.android.weather,benign,0,0.266,0,benign
com.bootmod3.mobile,benign,0,0.876,1,malware
jp.co.imagineer.sumikkogurashi.kids,benign,0,0.198,0,benign
com.rhmsoft.edit,benign,0,0.108,0,benign
edu.synthetic.androzoo.malware.banker_accessibility.0079,malware,1,0.804,1,malware
net.wordbit.itpt,benign,0,0.186,0,benign
dev.langhoangal.mindfulness_bell,benign,0,0.882,1,malware
edu.synthetic.androzoo.malware.banker_accessibility.1186,malware,1,0.856,1,malware
edu.synthetic.androzoo.malware.wallet_stealer.0159,malware,1,0.848,1,malware
com.chirayusoft.thashnabullion,benign,0,0.318,0,benign
com.xd.impostor.alphabet,benign,0,0.652,1,malware
com.india.manomay,benign,0,0.702,1,malware
digifit.android.virtuagym.pro.personaltrainingastensomeren,benign,0,0.816,1,malware
com.funstay.android.global.idlerpgv1,benign,0,0.64,1,malware
com.maxtoolbox.rot,malware,1,0.526,1,malware
com.mspy.lite,malware,1,0.834,1,malware
com.darkwind.nucarnival,benign,0,0.534,1,malware
jp.stageinc.app.blue,benign,0,0.748,1,malware
edu.synthetic.androzoo.malware.banker_accessibility.1644,malware,1,0.85,1,malware
com.cashaa.app,benign,0,0.84,1,malware
jp.factoryjapan.fjg,benign,0,0.358,0,benign
com.marinahome,benign,0,0.336,0,benign
com.hqgames.pencil.sketch.photo,benign,0,0.196,0,benign
edu.synthetic.androzoo.malware.spyware_surveillance.1241,malware,1,0.844,1,malware
com.soap.awaygo.yyh,malware,1,0.636,1,malware
jp.co.techmatrix.tsumugino,benign,0,0.872,1,malware
com.inyad.store,benign,0,0.036,0,benign
edu.synthetic.androzoo.malware.spyware_surveillance.1113,malware,1,0.778,1,malware
com.is.vitllinkSOS,malware,1,0.314,0,benign
io.plagap.com,benign,0,0.658,1,malware
com.cafe24.ec.plustitad,benign,0,0.876,1,malware
com.gds.tennis.master.clash.mini.games.offline,benign,0,0.578,1,malware
com.wnqncivu.renpeo,malware,1,0.87,1,malware
edu.synthetic.androzoo.malware.adware_clicker.1247,malware,1,0.694,1,malware
edu.synthetic.androzoo.malware.overlay_pin_stealer.0696,malware,1,0.892,1,malware
com.ht96.trongdaotran.dongyapplication,benign,0,0.908,1,malware
com.careem.acma,benign,0,0.264,0,benign
com.dragon.coloring.Coloringbook,benign,0,0.102,0,benign
com.pulu.popforest,benign,0,0.542,1,malware
com.chat.dominicano,malware,1,0.482,0,benign
edu.synthetic.androzoo.malware.ransomware_locker.1693,malware,1,0.812,1,malware
com.ordogames.anomalydayzero,benign,0,0.546,1,malware
a882902.mcn,benign,0,0.242,0,benign
com.tellurionmobile.aliencraftpro,malware,1,0.888,1,malware
online.wsticker,benign,0,0.8,1,malware
com.drbrosdev.qrscannerfromlib,benign,0,0.898,1,malware
edu.synthetic.androzoo.malware.wallet_stealer.1198,malware,1,0.836,1,malware
edu.synthetic.androzoo.malware.spyware_surveillance.1820,malware,1,0.784,1,malware
edu.synthetic.androzoo.malware.ransomware_locker.1155,malware,1,0.814,1,malware
com.litegames.farkle,benign,0,0.082,0,benign
edu.synthetic.androzoo.malware.wallet_stealer.1406,malware,1,0.852,1,malware
cc.rs.gc,malware,1,0.992,1,malware
com.grokker,benign,0,0.718,1,malware
com.MiniCo.UltraFarmingTractorTrucks,benign,0,0.472,0,benign
fr.ina.madelen,benign,0,0.872,1,malware
com.asobimo.avars,benign,0,0.44,0,benign
com.ionic.enginehire,benign,0,0.454,0,benign
com.ultrahuman.android,benign,0,0.876,1,malware
com.erow.stickman.dismount,malware,1,0.248,0,benign
com.keeson.hotelmanagement,malware,1,0.112,0,benign
edu.synthetic.androzoo.malware.wallet_stealer.0302,malware,1,0.862,1,malware
edu.synthetic.androzoo.malware.sms_otp_stealer.0847,malware,1,0.862,1,malware
com.travellink,benign,0,0.55,1,malware
webviewgold.sole,benign,0,0.718,1,malware
com.fruit.hexa.sort,benign,0,0.512,1,malware
com.desirepk.mountain.hitman.project.assasin.apps,malware,1,0.702,1,malware
edu.synthetic.androzoo.malware.overlay_pin_stealer.0588,malware,1,0.85,1,malware
edu.synthetic.androzoo.malware.dropper_loader.0399,malware,1,0.758,1,malware
com.meemcolart.dumptruck.passenger,benign,0,0.802,1,malware
com.mmis.Envi,benign,0,0.82,1,malware
com.ellabook,malware,1,0.594,1,malware
com.coyoapp.comtsnet.engage.android,benign,0,0.754,1,malware
tv.uscreen.thewkout,benign,0,0.966,1,malware
at.csd.emurmuru,benign,0,0.762,1,malware
com.kk.xx.sleepnoise,malware,1,0.57,1,malware
edu.synthetic.androzoo.malware.dropper_loader.1539,malware,1,0.762,1,malware
com.good.xuanyuan.appchina,malware,1,0.908,1,malware
com.sankuai.sailor.afooddelivery,benign,0,0.256,0,benign
edu.synthetic.androzoo.malware.overlay_pin_stealer.0559,malware,1,0.784,1,malware
edu.synthetic.androzoo.malware.banker_accessibility.1266,malware,1,0.854,1,malware
edu.synthetic.androzoo.malware.dropper_loader.1102,malware,1,0.74,1,malware
com.nobrainstate.city.construction.building.game,benign,0,0.768,1,malware
edu.synthetic.androzoo.malware.spyware_surveillance.0788,malware,1,0.772,1,malware
edu.synthetic.androzoo.malware.ransomware_locker.1836,malware,1,0.822,1,malware
com.theblackbit.animemania.android,benign,0,0.552,1,malware
edu.synthetic.androzoo.malware.dropper_loader.0480,malware,1,0.784,1,malware
com.pdfeditor.pdfeditorandriod,benign,0,0.878,1,malware
com.knew.feed,malware,1,0.812,1,malware
edu.synthetic.androzoo.malware.ransomware_locker.1859,malware,1,0.818,1,malware
com.onefitstop.kettlefit,benign,0,0.886,1,malware
edu.synthetic.androzoo.malware.dropper_loader.1463,malware,1,0.748,1,malware
edu.synthetic.androzoo.malware.banker_accessibility.1890,malware,1,0.94,1,malware
com.gamaxgamesidc.clashofcrimemafiagang,malware,1,0.804,1,malware
edu.synthetic.androzoo.malware.adware_clicker.0960,malware,1,0.614,1,malware
edu.synthetic.androzoo.malware.ransomware_locker.1217,malware,1,0.74,1,malware
com.RBHAccess.Integra32AxiomLiteMobile,benign,0,0.074,0,benign
edu.synthetic.androzoo.malware.spyware_surveillance.0726,malware,1,0.808,1,malware
kvp.jjy.smartSafePayment,benign,0,0.208,0,benign
digifit.android.virtuagym.pro.fundacionriasdosur,benign,0,0.754,1,malware
tech.foys.ska,benign,0,0.868,1,malware
com.sdf.untitled,benign,0,0.856,1,malware
com.greenapes.horizontalandroid,benign,0,0.75,1,malware
com.apptegy.conawayar,benign,0,0.26,0,benign
com.project43.isei,benign,0,0.872,1,malware
com.lutech.applock,malware,1,0.382,0,benign
edu.synthetic.androzoo.malware.banker_accessibility.0532,malware,1,0.856,1,malware
edu.synthetic.androzoo.malware.ransomware_locker.0530,malware,1,0.77,1,malware
edu.synthetic.androzoo.malware.overlay_pin_stealer.0776,malware,1,0.87,1,malware
com.anacity,benign,0,0.826,1,malware
com.seacloud.bc,benign,0,0.162,0,benign
edu.synthetic.androzoo.malware.ransomware_locker.1388,malware,1,0.752,1,malware
io.ionic.kuentro,benign,0,0.764,1,malware
com.allup.ufc,benign,0,0.704,1,malware
com.fronius.solarweb,benign,0,0.684,1,malware
cn.museedu.iden,benign,0,0.806,1,malware
edu.synthetic.androzoo.malware.adware_clicker.0234,malware,1,0.764,1,malware
com.bartering.forsa,benign,0,0.328,0,benign
edu.synthetic.androzoo.malware.banker_accessibility.0981,malware,1,0.864,1,malware
app.louga.vocabulary,benign,0,0.866,1,malware
com.umeox.qibla,malware,1,0.244,0,benign
com.KLP.RZG,benign,0,0.742,1,malware
mobi.easyorderapp.keurslagerclaudeisabelle,benign,0,0.874,1,malware
edu.synthetic.androzoo.malware.spyware_surveillance.0460,malware,1,0.8,1,malware
edu.synthetic.androzoo.malware.banker_accessibility.0606,malware,1,0.87,1,malware
eka.care.doctor,benign,0,0.75,1,malware
edu.synthetic.androzoo.malware.wallet_stealer.0397,malware,1,0.854,1,malware
com.foodient.whisk,benign,0,0.084,0,benign
com.lijianqiang12.silent,malware,1,0.452,0,benign
edu.synthetic.androzoo.malware.ransomware_locker.0202,malware,1,0.702,1,malware
com.aichess.ball,malware,1,0.754,1,malware
com.scloud.scloud.mobile,benign,0,0.224,0,benign
com.spond.spond,benign,0,0.288,0,benign
edu.synthetic.androzoo.malware.ransomware_locker.1121,malware,1,0.726,1,malware
edu.synthetic.androzoo.malware.overlay_pin_stealer.0372,malware,1,0.834,1,malware
com.upjers.molehillempire2,benign,0,0.45,0,benign
edu.synthetic.androzoo.malware.banker_accessibility.1274,malware,1,0.878,1,malware
edu.synthetic.androzoo.malware.banker_accessibility.0083,malware,1,0.86,1,malware
com.rytong.hnair,malware,1,0.694,1,malware
edu.synthetic.androzoo.malware.banker_accessibility.0047,malware,1,0.762,1,malware
com.suchgamesmuchwow.readysetcat,malware,1,0.716,1,malware
com.asgarvpn.asgar2023,malware,1,0.44,0,benign
com.cafe24.ec.pluspmkcrew,benign,0,0.882,1,malware
com.mventus.selfcare.activity,benign,0,0.744,1,malware
edu.synthetic.androzoo.malware.spyware_surveillance.1371,malware,1,0.798,1,malware
com.vicsothemes.hebrewforbeginners,benign,0,0.602,1,malware
by.gov.mns.mobile.selfemployed,benign,0,0.752,1,malware
edu.synthetic.androzoo.malware.sms_otp_stealer.0092,malware,1,0.892,1,malware
edu.synthetic.androzoo.malware.wallet_stealer.0534,malware,1,0.874,1,malware
net.nightdevsolutions.easy_catalog,benign,0,0.77,1,malware
com.prashantsj.apps.movietitlegame,benign,0,0.582,1,malware
com.mazidashi.cs,malware,1,0.896,1,malware
edu.synthetic.androzoo.malware.wallet_stealer.0064,malware,1,0.87,1,malware
edu.synthetic.androzoo.malware.adware_clicker.0754,malware,1,0.768,1,malware
com.linecorp.b612.android,malware,1,0.314,0,benign
jp.co.mixi.karasta,benign,0,0.25,0,benign
com.edanadservicecooperativebank.mobileapplcation,benign,0,0.776,1,malware
edu.synthetic.androzoo.malware.ransomware_locker.1472,malware,1,0.732,1,malware
edu.synthetic.androzoo.malware.dropper_loader.1509,malware,1,0.794,1,malware
edu.synthetic.androzoo.malware.banker_accessibility.1887,malware,1,0.852,1,malware
com.ideas.guide.diy.origami.stepbystep3,malware,1,0.318,0,benign
com.hero.legend.mmo,benign,0,0.554,1,malware
com.motorbike.driving.simulator,malware,1,0.786,1,malware
com.trainerize.fitlifeparenting,benign,0,0.604,1,malware
com.mixgo.PropertySEO,benign,0,0.63,1,malware
com.mobincube.promesas_biblicas.sc_HYL5R8,malware,1,0.874,1,malware
edu.synthetic.androzoo.malware.ransomware_locker.1651,malware,1,0.716,1,malware
com.publink.shb.app,benign,0,0.84,1,malware
pl.fitollo,benign,0,0.874,1,malware
edu.synthetic.androzoo.malware.overlay_pin_stealer.1919,malware,1,0.816,1,malware
net.playtouch.myponymlr,benign,0,0.23,0,benign
digifit.android.virtuagym.pro.nul40fitbv,benign,0,0.878,1,malware
com.my.browserplus,malware,1,1.0,1,malware
edu.synthetic.androzoo.malware.ransomware_locker.1151,malware,1,0.782,1,malware
edu.synthetic.androzoo.malware.dropper_loader.1523,malware,1,0.738,1,malware
com.hanbiro.groupware.android.tablet,benign,0,0.87,1,malware
com.appcano.catchphrase,benign,0,0.264,0,benign
edu.synthetic.androzoo.malware.banker_accessibility.0305,malware,1,0.876,1,malware
com.alaeat.customer.android.fujigongcha,benign,0,0.88,1,malware
com.karim.timerunner,benign,0,0.004,0,benign
com.lypro.motto,malware,1,0.894,1,malware
com.lovebeat.v2.name,benign,0,0.57,1,malware
com.genesys.purecloud.collaborate,benign,0,0.584,1,malware
gtpay.gtronicspay.com,benign,0,0.842,1,malware
net.lionbird.google.holyChristmasEvolutionTale,malware,1,0.816,1,malware
edu.synthetic.androzoo.malware.sms_otp_stealer.0012,malware,1,0.83,1,malware
edu.synthetic.androzoo.malware.dropper_loader.0852,malware,1,0.734,1,malware
com.haunted.silentinvade,malware,1,0.564,1,malware
cashcow.app,benign,0,0.776,1,malware
com.subsplash.thechurchapp.fellowshipbiblechurchtopeka,benign,0,0.218,0,benign
com.canine.flash.flicker,malware,1,0.928,1,malware
com.intuiface.playernextgen,benign,0,0.392,0,benign
com.vplus.learnoldnorsefree,benign,0,0.718,1,malware
edu.synthetic.androzoo.malware.dropper_loader.0474,malware,1,0.756,1,malware
com.trainerize.harrythorncoachingapp,benign,0,0.832,1,malware
edu.synthetic.androzoo.malware.overlay_pin_stealer.1660,malware,1,0.874,1,malware
nl.serviceapotheek.serviceapotheek_app,benign,0,0.758,1,malware
com.mgsstudio.ownteleportpe,malware,1,0.586,1,malware
com.ArtSoft.EscapeofHorror,benign,0,0.538,1,malware
edu.synthetic.androzoo.malware.banker_accessibility.0705,malware,1,0.908,1,malware
ch.ultrastark.leuk,benign,0,0.676,1,malware
cn.jiedh.app.jiedaihui,malware,1,0.634,1,malware
com.smg.snow.blower.truck.simulator,benign,0,0.354,0,benign
com.christmas.funny.happy.festival.paint.coloring.game,benign,0,0.828,1,malware
com.cabtime.android.customerApp,benign,0,0.46,0,benign
com.pro.viatime,benign,0,0.868,1,malware
edu.synthetic.androzoo.malware.dropper_loader.0902,malware,1,0.732,1,malware
edu.synthetic.androzoo.malware.dropper_loader.1310,malware,1,0.698,1,malware
edu.synthetic.androzoo.malware.wallet_stealer.0950,malware,1,0.844,1,malware
edu.synthetic.androzoo.malware.overlay_pin_stealer.1512,malware,1,0.878,1,malware
gallery.hidepictures.photovault.lockgallery,benign,0,0.254,0,benign
edu.synthetic.androzoo.malware.spyware_surveillance.0437,malware,1,0.856,1,malware
picedit.traslatekeyboard.manglishkeyboard,benign,0,0.884,1,malware
edu.synthetic.androzoo.malware.dropper_loader.1813,malware,1,0.756,1,malware
edu.synthetic.androzoo.malware.dropper_loader.1448,malware,1,0.79,1,malware
org.xbasoft.master_mind,benign,0,0.814,1,malware
edu.synthetic.androzoo.malware.spyware_surveillance.1090,malware,1,0.822,1,malware
com.eetop.bewt.liveapp,malware,1,0.848,1,malware
com.CSfroufrou.android,benign,0,0.412,0,benign
edu.synthetic.androzoo.malware.dropper_loader.0130,malware,1,0.754,1,malware
fr.koust.applicationkoust,benign,0,0.832,1,malware
com.touchnote.android,benign,0,0.198,0,benign
de.steinborn_online.apps.envelopepunchboard,malware,1,0.178,0,benign
edu.synthetic.androzoo.malware.wallet_stealer.0095,malware,1,0.904,1,malware
com.iem.sem.webview,benign,0,0.676,1,malware
mobi.shoumeng.smtank,malware,1,0.888,1,malware
com.sinyee.babybus.number,malware,1,0.64,1,malware
com.houyikj.appocr,malware,1,0.824,1,malware
edu.synthetic.androzoo.malware.sms_otp_stealer.1092,malware,1,0.682,1,malware
de.keleya.app,benign,0,0.096,0,benign
edu.synthetic.androzoo.malware.wallet_stealer.0651,malware,1,0.826,1,malware
edu.synthetic.androzoo.malware.overlay_pin_stealer.1716,malware,1,0.902,1,malware
app.dls.go,benign,0,0.832,1,malware
com.neat.escapegallery,malware,1,0.934,1,malware
rocks.konzertmeister.Production,benign,0,0.888,1,malware
su.prtv.tvapp,benign,0,0.518,1,malware
com.mirmeapp,benign,0,0.32,0,benign
edu.synthetic.androzoo.malware.ransomware_locker.0327,malware,1,0.77,1,malware
com.zyberchief.mindfuel.danmark,benign,0,0.156,0,benign
com.dengtadoctor.bjyuyue,malware,1,0.318,0,benign
edu.synthetic.androzoo.malware.spyware_surveillance.0201,malware,1,0.866,1,malware
com.subsplashconsulting.s_RQ4SNH,benign,0,0.402,0,benign
cn.weposter,malware,1,0.22,0,benign
com.sugamobile.santapocket,benign,0,0.904,1,malware
com.nhl.gc1112.free,benign,0,0.814,1,malware
org.wycliffe.zapotecoistmo.zai,benign,0,0.164,0,benign
com.qilu.studio.CrystalGuard,benign,0,0.934,1,malware
edu.synthetic.androzoo.malware.sms_otp_stealer.1833,malware,1,0.8,1,malware
cn.tsign.esign,malware,1,0.874,1,malware
com.puzzle.find.differences,benign,0,0.722,1,malware
edu.synthetic.androzoo.malware.spyware_surveillance.1401,malware,1,0.814,1,malware
com.henteri.addressfinder,benign,0,0.5,1,malware
com.demaecan.shop.manager,benign,0,0.78,1,malware
com.infomat.starter,benign,0,0.752,1,malware
com.igindis.latinamericaempire2027,benign,0,0.994,1,malware
com.mindverse.mebot,benign,0,0.716,1,malware
com.enovation.greentinsolutions,benign,0,0.698,1,malware
conversor.conversaotaxasbasico.clptop,benign,0,0.2,0,benign
edu.synthetic.androzoo.malware.spyware_surveillance.0970,malware,1,0.862,1,malware
edu.synthetic.androzoo.malware.banker_accessibility.1283,malware,1,0.828,1,malware
com.appsmart.delivery.restaurantgrillzumhollander15810,benign,0,0.418,0,benign
edu.synthetic.androzoo.malware.dropper_loader.0718,malware,1,0.728,1,malware
edu.synthetic.androzoo.malware.overlay_pin_stealer.1391,malware,1,0.848,1,malware
com.MonsterPlanet.MrHero,benign,0,1.0,1,malware
edu.synthetic.androzoo.malware.ransomware_locker.0906,malware,1,0.75,1,malware
com.yayskool.yayconnect,benign,0,0.252,0,benign
edu.synthetic.androzoo.malware.dropper_loader.1260,malware,1,0.756,1,malware
edu.synthetic.androzoo.malware.overlay_pin_stealer.1794,malware,1,0.844,1,malware
com.lambtongames.pokerjumble,benign,0,0.088,0,benign
com.cf_holding.mint.app,benign,0,0.196,0,benign
com.ycay,malware,1,1.0,1,malware
edu.synthetic.androzoo.malware.sms_otp_stealer.1097,malware,1,0.776,1,malware
edu.synthetic.androzoo.malware.banker_accessibility.1070,malware,1,0.89,1,malware
ai.chat.gpt.bot,malware,1,0.058,0,benign
club.betnow.coral,benign,0,0.706,1,malware
appinventor.ai_darkvid3r.fiducia,benign,0,0.616,1,malware
com.fahrtenbuch.carlogbook,benign,0,0.602,1,malware
archer.defender.bow,benign,0,0.402,0,benign
edu.synthetic.androzoo.malware.adware_clicker.0710,malware,1,0.764,1,malware
com.greenrevolution.ivelo,benign,0,0.098,0,benign
com.lishi.shengyu,malware,1,0.312,0,benign
com.vgrstudios.Birdphotoeditor,benign,0,0.846,1,malware
com.phorest.harperandstrand,benign,0,0.252,0,benign
com.pen.paper.note,benign,0,0.682,1,malware
com.bimiboo.drawing,benign,0,0.662,1,malware
com.qubits.fw3.tb,benign,0,0.15,0,benign
edu.synthetic.androzoo.malware.dropper_loader.0938,malware,1,0.73,1,malware
com.guusto.guusto,benign,0,0.608,1,malware
edu.synthetic.androzoo.malware.ransomware_locker.1028,malware,1,0.788,1,malware
com.shiyoujiliangdj.weilaikeji,malware,1,0.898,1,malware
com.nupuit.qRegisteredDietitian,benign,0,0.82,1,malware
edu.synthetic.androzoo.malware.wallet_stealer.0752,malware,1,0.844,1,malware
com.skyblue.pra.wrkf,benign,0,0.064,0,benign
com.alreef.app,benign,0,0.804,1,malware
kr.co.nhcapital,benign,0,0.674,1,malware
studio.biom.app,benign,0,0.308,0,benign
edu.synthetic.androzoo.malware.overlay_pin_stealer.0317,malware,1,0.814,1,malware
com.nodemerger.class9thengbook,benign,0,0.442,0,benign
edu.synthetic.androzoo.malware.overlay_pin_stealer.0690,malware,1,0.862,1,malware
air.EscapeBackyardNow,malware,1,0.654,1,malware
com.i89trillion.animal.land,benign,0,0.032,0,benign
wap.ccw.shuxue,malware,1,0.962,1,malware
edu.synthetic.androzoo.malware.banker_accessibility.0248,malware,1,0.82,1,malware
edu.synthetic.androzoo.malware.overlay_pin_stealer.0076,malware,1,0.86,1,malware
edu.synthetic.androzoo.malware.dropper_loader.0996,malware,1,0.77,1,malware
edu.synthetic.androzoo.malware.sms_otp_stealer.0762,malware,1,0.814,1,malware
com.trackingtopia.seoulairportguide,benign,0,0.642,1,malware
com.siyangxunfei.chenyang.sharetrack,benign,0,0.86,1,malware
edu.synthetic.androzoo.malware.spyware_surveillance.1592,malware,1,0.84,1,malware
edu.synthetic.androzoo.malware.spyware_surveillance.0749,malware,1,0.87,1,malware
com.zyxr.home.toulfhome,malware,1,0.76,1,malware
edu.synthetic.androzoo.malware.spyware_surveillance.1640,malware,1,0.884,1,malware
edu.synthetic.androzoo.malware.banker_accessibility.1709,malware,1,0.818,1,malware
com.alexandrefreitas.flutterProfile,benign,0,0.864,1,malware
com.subsplash.thechurchapp.worship,benign,0,0.308,0,benign
edu.synthetic.androzoo.malware.spyware_surveillance.1399,malware,1,0.836,1,malware
com.barringtontv.android.wach,benign,0,0.114,0,benign
com.gaminations.murlan,benign,0,0.404,0,benign
com.cargo.gel,benign,0,0.678,1,malware
net.ays.PROD558317,benign,0,0.674,1,malware
az.foodsoul.c82,benign,0,0.696,1,malware
com.hitachi.netcs.sh,benign,0,0.804,1,malware
edu.synthetic.androzoo.malware.overlay_pin_stealer.0505,malware,1,0.894,1,malware
edu.synthetic.androzoo.malware.overlay_pin_stealer.1487,malware,1,0.804,1,malware
org.me.mobiexpensifyg,benign,0,0.694,1,malware
com.leqi.ProfessionalIDPhoto,malware,1,0.742,1,malware
com.xingluo.allcolor,malware,1,0.546,1,malware
com.kk.game.bubble,malware,1,0.888,1,malware
com.asmr.doctor.diy.makeup.salon.games,benign,0,0.856,1,malware
edu.synthetic.androzoo.malware.banker_accessibility.0681,malware,1,0.85,1,malware
com.youth4work.BHU_TEST,benign,0,0.83,1,malware
edu.synthetic.androzoo.malware.ransomware_locker.0303,malware,1,0.736,1,malware
com.genie9.intelli,malware,1,0.77,1,malware
edu.synthetic.androzoo.malware.overlay_pin_stealer.0840,malware,1,0.886,1,malware
com.titanarrow.idle.farm.tycoon.farming.empire,benign,0,0.306,0,benign
com.passionair.biletsatis,benign,0,0.906,1,malware
edu.synthetic.androzoo.malware.banker_accessibility.0748,malware,1,0.866,1,malware
com.subsplash.thechurchapp.s_CTCWBD,benign,0,0.238,0,benign
com.m360.android.elsiesante,benign,0,0.372,0,benign
edu.synthetic.androzoo.malware.banker_accessibility.0579,malware,1,0.856,1,malware
edu.synthetic.androzoo.malware.ransomware_locker.1589,malware,1,0.818,1,malware
com.jai.connect,benign,0,0.662,1,malware
com.creativefungames.crashdummy3d,benign,0,0.554,1,malware
com.rg.stickman.escape.thief.puzzle,benign,0,0.478,0,benign
com.keyautomation.kubeuf.key,benign,0,0.874,1,malware
edu.synthetic.androzoo.malware.banker_accessibility.0122,malware,1,0.834,1,malware
com.apptegy.peoriail,benign,0,0.492,0,benign
com.transsion.healthlife,benign,0,0.75,1,malware
edu.synthetic.androzoo.malware.dropper_loader.0942,malware,1,0.736,1,malware
com.sbi.cariloha,malware,1,0.206,0,benign
com.example.bt.xiaowu,malware,1,0.214,0,benign
jp.co.jreast.jrepoint,benign,0,0.886,1,malware
edu.synthetic.androzoo.malware.spyware_surveillance.0325,malware,1,0.84,1,malware
com.pacific.hometeam,benign,0,0.712,1,malware
org.wikipedia,benign,0,0.582,1,malware
edu.synthetic.androzoo.malware.wallet_stealer.1312,malware,1,0.854,1,malware
edu.synthetic.androzoo.malware.overlay_pin_stealer.0366,malware,1,0.796,1,malware
edu.synthetic.androzoo.malware.banker_accessibility.0282,malware,1,0.814,1,malware
com.meishe.videoshow,malware,1,0.796,1,malware
com.zeptolab.myomnom.free.google,malware,1,0.536,1,malware
edu.synthetic.androzoo.malware.overlay_pin_stealer.0512,malware,1,0.848,1,malware
embroidery.design.app.tutorial,benign,0,0.24,0,benign
com.hccp.studygateway,benign,0,0.726,1,malware
com.outloudapps.kuulorata,benign,0,0.824,1,malware
com.bettertomorrowapps.camerablockfree,benign,0,0.568,1,malware
com.magzter.agridoctor,benign,0,0.35,0,benign
com.hotelscombined.mobile,benign,0,0.242,0,benign
edu.synthetic.androzoo.malware.dropper_loader.0523,malware,1,0.716,1,malware
com.ThreeCatGames.HamsterAttack,malware,1,0.87,1,malware
be.persgroep.red.mobile.android.daz,benign,0,0.546,1,malware
edu.synthetic.androzoo.malware.overlay_pin_stealer.0919,malware,1,0.85,1,malware
edu.synthetic.androzoo.malware.sms_otp_stealer.1182,malware,1,0.852,1,malware
edu.synthetic.androzoo.malware.spyware_surveillance.0275,malware,1,0.864,1,malware
com.faneganr.waygo.yyh,malware,1,0.824,1,malware
edu.synthetic.androzoo.malware.spyware_surveillance.0422,malware,1,0.888,1,malware
com.iappsbeats.bbuilder,benign,0,0.844,1,malware
com.valentinewatchface.valentinesday.watchface,benign,0,0.332,0,benign
srl.kyas.fixbean,benign,0,0.522,1,malware
en.mk.bestdict,benign,0,0.906,1,malware
edu.synthetic.androzoo.malware.adware_clicker.1199,malware,1,0.802,1,malware
edu.synthetic.androzoo.malware.sms_otp_stealer.1570,malware,1,0.824,1,malware
edu.synthetic.androzoo.malware.ransomware_locker.0034,malware,1,0.776,1,malware
com.wbr.worldofbattleship.ly,malware,1,0.334,0,benign
com.ibuild.isaving,benign,0,0.504,1,malware
com.subsplashconsulting.s_5PXTR6,benign,0,0.15,0,benign
com.sagi.barrett,benign,0,0.43,0,benign
com.abi.royalcarcustom,benign,0,0.936,1,malware
edu.synthetic.androzoo.malware.dropper_loader.0310,malware,1,0.752,1,malware
com.huaien.LiftCommemorate,malware,1,0.036,0,benign
cn.wsds.gamemaster,malware,1,0.39,0,benign
com.orange.pop,benign,0,0.394,0,benign
com.sn1.TheAncientBookOfJudith,benign,0,0.234,0,benign
edu.synthetic.androzoo.malware.ransomware_locker.1075,malware,1,0.79,1,malware
com.webedge,benign,0,0.684,1,malware
edu.synthetic.androzoo.malware.banker_accessibility.0602,malware,1,0.792,1,malware
edu.synthetic.androzoo.malware.banker_accessibility.1212,malware,1,0.918,1,malware
edu.synthetic.androzoo.malware.banker_accessibility.1930,malware,1,0.832,1,malware
com.drillingfluidsoftware.speedometer,benign,0,0.102,0,benign
edu.synthetic.androzoo.malware.dropper_loader.0342,malware,1,0.724,1,malware
com.sinyee.babybus.babydrawing,malware,1,0.634,1,malware
com.ig.tastyworks.app,benign,0,0.734,1,malware
net.sharetrip,benign,0,0.292,0,benign
edu.synthetic.androzoo.malware.spyware_surveillance.0610,malware,1,0.862,1,malware
com.img.barber.shop.hair.salon.game,benign,0,0.328,0,benign
com.axondevstudio.RobberyClashThiefPranksGame,benign,0,0.148,0,benign
com.globalgarner,benign,0,0.842,1,malware
co.tapcart.app.id_lQ39VhjG8V,benign,0,0.386,0,benign
com.bnt.torfx,benign,0,0.82,1,malware
net.laureate.gd.waldenuniversity,benign,0,0.242,0,benign
com.playhome,malware,1,0.476,0,benign
com.bubblestudio.crazyguess,malware,1,0.664,1,malware
edu.synthetic.androzoo.malware.dropper_loader.1262,malware,1,0.772,1,malware
com.playrix.gardenscapes,benign,0,0.788,1,malware
com.alphazeedevs.quotifyy,benign,0,0.476,0,benign
guangzhou.com.cn,malware,1,0.726,1,malware
com.jeindevica.origamiairplanes,benign,0,0.812,1,malware
com.alphabeat.cacitizenship,benign,0,0.644,1,malware
edu.synthetic.androzoo.malware.spyware_surveillance.0473,malware,1,0.898,1,malware
edu.synthetic.androzoo.malware.dropper_loader.0630,malware,1,0.758,1,malware
chalyaara.com,benign,0,0.758,1,malware
edu.synthetic.androzoo.malware.overlay_pin_stealer.0928,malware,1,0.838,1,malware
com.ionicframework.posistlite,benign,0,0.386,0,benign
com.trainerize.mybod,benign,0,0.806,1,malware
com.gamepie.airpolice,benign,0,0.348,0,benign
edu.synthetic.androzoo.malware.ransomware_locker.1032,malware,1,0.776,1,malware
edu.synthetic.androzoo.malware.sms_otp_stealer.0060,malware,1,0.812,1,malware
ru.uralsib.business,benign,0,0.194,0,benign
ar.com.redlink.custom,benign,0,0.724,1,malware
com.loja.ddown,malware,1,0.682,1,malware
edu.synthetic.androzoo.malware.banker_accessibility.0764,malware,1,0.842,1,malware
com.niceflower.massegaty2020,benign,0,0.836,1,malware
com.papoworld.apps.papotownfarm,benign,0,0.686,1,malware
edu.synthetic.androzoo.malware.spyware_surveillance.1764,malware,1,0.844,1,malware
edu.synthetic.androzoo.malware.ransomware_locker.1209,malware,1,0.798,1,malware
com.bjtpartners.ringover.app,benign,0,0.88,1,malware
edu.synthetic.androzoo.malware.banker_accessibility.0945,malware,1,0.804,1,malware
com.nt.games.busjam,benign,0,0.306,0,benign
com.kui.fruitpuzzle,malware,1,0.968,1,malware
tw.net.ebc.fncyoutube,benign,0,0.666,1,malware
com.trainerize.mikegrimmfitness,benign,0,0.766,1,malware
com.egitimyazilimlari.smartboard,benign,0,0.782,1,malware
com.combine.loss,benign,0,0.21,0,benign
com.drcom.DuoDian,malware,1,0.22,0,benign
com.marryshare,malware,1,0.004,0,benign
edu.synthetic.androzoo.malware.dropper_loader.0920,malware,1,0.772,1,malware
com.playagames.mobile.dungeon.team.battle.rpg,benign,0,0.794,1,malware
com.ahuxueshu,malware,1,0.912,1,malware
com.chd.investnaija.invest_naija,benign,0,0.874,1,malware
edu.synthetic.androzoo.malware.spyware_surveillance.1071,malware,1,0.8,1,malware
com.inputmethod.bambara.bamana.bamanankan.keyboard.bambarakeyboard.infra,benign,0,0.672,1,malware
in.closecall,malware,1,0.868,1,malware
edu.synthetic.androzoo.malware.adware_clicker.1761,malware,1,0.758,1,malware
com.subsplashconsulting.s_BHDNZ2,benign,0,0.15,0,benign
nz.co.solus.Kotui.Selwyn,benign,0,0.75,1,malware
net.nymtech.nymvpn,benign,0,0.084,0,benign
edu.synthetic.androzoo.malware.ransomware_locker.1822,malware,1,0.77,1,malware
edu.synthetic.androzoo.malware.sms_otp_stealer.0418,malware,1,0.842,1,malware
ovh.sauzanaprod.meteovenezuela,benign,0,0.322,0,benign
com.cars.laosticket,malware,1,0.84,1,malware
com.august.bennu,benign,0,0.72,1,malware
com.desn.ffb.lihangzhixing,malware,1,0.126,0,benign
com.abanca.bancamovil.particulares,benign,0,0.054,0,benign
edu.synthetic.androzoo.malware.wallet_stealer.0972,malware,1,0.87,1,malware
com.martian.RoomEscape21.yyh,malware,1,0.888,1,malware
com.subsplashconsulting.s_XMCCSF,benign,0,0.18,0,benign
edu.synthetic.androzoo.malware.dropper_loader.0779,malware,1,0.766,1,malware
com.shivakushwaha.class10thsciencenotes,benign,0,0.934,1,malware
com.gestionpos.app,benign,0,0.686,1,malware
org.toshi,benign,0,0.884,1,malware
edu.synthetic.androzoo.malware.spyware_surveillance.0283,malware,1,0.854,1,malware
com.math.hydraulique.dz.univ,malware,1,0.366,0,benign
edu.synthetic.androzoo.malware.banker_accessibility.1615,malware,1,0.842,1,malware
edu.synthetic.androzoo.malware.sms_otp_stealer.1774,malware,1,0.828,1,malware
com.bgg.jump,benign,0,0.104,0,benign
com.gutrendvision.robot,benign,0,0.474,0,benign
edu.synthetic.androzoo.malware.overlay_pin_stealer.1550,malware,1,0.87,1,malware
com.arianee.forge,benign,0,0.544,1,malware
com.lq.speedracingGP,malware,1,0.262,0,benign
com.ffsvideogames.btaw8,benign,0,0.878,1,malware
edu.synthetic.androzoo.malware.overlay_pin_stealer.1929,malware,1,0.838,1,malware
de.sgunterrath.app,benign,0,0.698,1,malware
com.NekoniiiStudio.TapDuelPokerDeck,benign,0,0.792,1,malware
edu.synthetic.androzoo.malware.ransomware_locker.0627,malware,1,0.8,1,malware
edu.synthetic.androzoo.malware.overlay_pin_stealer.1333,malware,1,0.718,1,malware
com.airkast.tunekast1825_165,benign,0,0.53,1,malware
edu.synthetic.androzoo.malware.overlay_pin_stealer.0936,malware,1,0.87,1,malware
com.kigle.cocobi.littlepolice,benign,0,0.506,1,malware
edu.synthetic.androzoo.malware.overlay_pin_stealer.0992,malware,1,0.872,1,malware
com.stbfmc.app,benign,0,0.554,1,malware
edu.synthetic.androzoo.malware.banker_accessibility.1235,malware,1,0.782,1,malware
com.arketa.herehotyoga,benign,0,0.654,1,malware
com.woqu.fruit.yyh,malware,1,0.206,0,benign
edu.synthetic.androzoo.malware.overlay_pin_stealer.0777,malware,1,0.834,1,malware
com.czy.guandeng,malware,1,0.976,1,malware
com.chelsea.sailing,benign,0,0.678,1,malware
edu.synthetic.androzoo.malware.spyware_surveillance.1834,malware,1,0.896,1,malware
ru.thenewschool.trainer.math,benign,0,0.788,1,malware
edu.synthetic.androzoo.malware.spyware_surveillance.1220,malware,1,0.822,1,malware
edu.synthetic.androzoo.malware.overlay_pin_stealer.0447,malware,1,0.826,1,malware
edu.synthetic.androzoo.malware.dropper_loader.1552,malware,1,0.722,1,malware
com.voice.changer.today,malware,1,0.146,0,benign
com.blackatomgames.cutegirlunicorntoyphonedaycaredressup,benign,0,0.882,1,malware
com.frisbee.schoolvankampen,benign,0,0.546,1,malware
com.cmstop.yangzhounews,malware,1,0.716,1,malware
edu.synthetic.androzoo.malware.ransomware_locker.0088,malware,1,0.714,1,malware
dngsoftware.acerfid,benign,0,0.808,1,malware
com.tamilessays,benign,0,0.528,1,malware
com.tls.maker.ice.cream.cake,malware,1,0.724,1,malware
net.appdevs.adfund,benign,0,0.18,0,benign
edu.synthetic.androzoo.malware.banker_accessibility.0856,malware,1,0.868,1,malware
com.podddddd.planesedition1111,malware,1,0.88,1,malware
com.smarttech.smartmirrorapp,benign,0,0.738,1,malware
com.picturest.my,malware,1,0.906,1,malware
edu.synthetic.androzoo.malware.banker_accessibility.1595,malware,1,0.818,1,malware
com.pachagame.FlatEarth,malware,1,0.91,1,malware
com.apptegy.ithacaps,benign,0,0.29,0,benign
edu.synthetic.androzoo.malware.banker_accessibility.1837,malware,1,0.854,1,malware
com.yanka.mc,benign,0,0.24,0,benign
com.outfit7.mytalkingtom2,benign,0,0.446,0,benign
nz.co.nbs.app,benign,0,0.086,0,benign
w3bminds.engVarta.app,benign,0,0.752,1,malware
com.game.mobi.recover.photo.files,malware,1,0.67,1,malware
com.kreggscode.sigmundfreudquotes,malware,1,0.268,0,benign
com.shiyi.toolbox,malware,1,0.506,1,malware
com.apptegy.frankfort168,benign,0,0.396,0,benign
net.manoloworks.radio_kiev_kyiv_kiyev_dnieper_ukraine,benign,0,0.212,0,benign
br.com.mytrace.stark,benign,0,0.39,0,benign
edu.synthetic.androzoo.malware.overlay_pin_stealer.1154,malware,1,0.85,1,malware
edu.synthetic.androzoo.malware.banker_accessibility.1775,malware,1,0.822,1,malware
edu.synthetic.androzoo.malware.spyware_surveillance.0978,malware,1,0.798,1,malware
com.gemdale.client,malware,1,0.47,0,benign
apprendre.francais.rapidement.facilement,benign,0,0.174,0,benign
cn.pinming.bim360,malware,1,0.362,0,benign
edu.synthetic.androzoo.malware.ransomware_locker.1219,malware,1,0.776,1,malware
com.technource.equipt,benign,0,0.85,1,malware
jp.boi.mementomori.android,benign,0,0.498,0,benign
com.instalaxmi.omsairam,benign,0,0.096,0,benign
com.bhima.nameonpics,benign,0,0.83,1,malware
edu.synthetic.androzoo.malware.spyware_surveillance.1456,malware,1,0.774,1,malware
com.stromsholmen.hysonsafetyapp,benign,0,0.032,0,benign
com.soulgame.garfield,malware,1,0.98,1,malware
com.mcpe.skins.barbie,benign,0,0.676,1,malware
com.ricoh.pfu.scansnaphome,benign,0,0.206,0,benign
edu.synthetic.androzoo.malware.overlay_pin_stealer.0860,malware,1,0.852,1,malware
edu.synthetic.androzoo.malware.banker_accessibility.0816,malware,1,0.838,1,malware
com.clarkdistributors.clarkdistributorsapp,benign,0,0.732,1,malware
edu.synthetic.androzoo.malware.sms_otp_stealer.1289,malware,1,0.842,1,malware
edu.synthetic.androzoo.malware.spyware_surveillance.1038,malware,1,0.802,1,malware
com.ninehundredapps.daralfaqih,benign,0,0.21,0,benign
jp.nexyz.aimed,benign,0,0.196,0,benign
pyramid.solitaire.mermaid,benign,0,0.49,0,benign
com.abenity.justia,benign,0,0.952,1,malware
com.dgt.hairstyleforshorthairgirls,benign,0,0.888,1,malware
edu.synthetic.androzoo.malware.ransomware_locker.1904,malware,1,0.724,1,malware
edu.synthetic.androzoo.malware.spyware_surveillance.0824,malware,1,0.834,1,malware
com.paymentus.client.cncw,benign,0,0.508,1,malware
net.wordbit.enru,benign,0,0.048,0,benign
com.istar.rclient,benign,0,0.568,1,malware
edu.synthetic.androzoo.malware.overlay_pin_stealer.1004,malware,1,0.84,1,malware
com.ring.fantasy.today,malware,1,0.694,1,malware
com.viva.vivamax,benign,0,0.13,0,benign
edu.synthetic.androzoo.malware.spyware_surveillance.1726,malware,1,0.868,1,malware
com.medlang.medicalenglish,benign,0,0.848,1,malware
in.mohalla.video,benign,0,0.166,0,benign
com.AppSociety.ISEPS,benign,0,0.38,0,benign
com.nummagames.VikingWars,benign,0,0.444,0,benign
com.linecorp.linemanth,benign,0,0.826,1,malware
com.brief_schreiben_deutsch.a005brief_schreiben_deutsch_a1_a2,benign,0,0.678,1,malware
ru.medsoftpro.medcalc,benign,0,0.69,1,malware
com.great.forecast.weatherinfomation,benign,0,0.212,0,benign
com.tap4fun.reignofwar.androidme,benign,0,0.462,0,benign
ru.ikey.express,benign,0,0.828,1,malware
com.threew.wordgame,benign,0,0.528,1,malware
edu.synthetic.androzoo.malware.sms_otp_stealer.1902,malware,1,0.812,1,malware
th.co.the1.the1app,benign,0,0.884,1,malware
com.bca,benign,0,0.562,1,malware
net.manoloworks.Mecklenburg_Vorpommern_radiosender,benign,0,0.174,0,benign
edu.synthetic.androzoo.malware.adware_clicker.1530,malware,1,0.632,1,malware
com.smart.eraser.app,malware,1,0.226,0,benign
jp.niben.miniben,benign,0,0.196,0,benign
edu.synthetic.androzoo.malware.ransomware_locker.1215,malware,1,0.734,1,malware
com.apptegy.pilotgrove,benign,0,0.25,0,benign
com.edgetechapps.crypto_khabar,benign,0,0.18,0,benign
com.modhaus.cosmo,benign,0,0.198,0,benign
com.iwangzhe.app,malware,1,0.456,0,benign
edu.synthetic.androzoo.malware.overlay_pin_stealer.0639,malware,1,0.758,1,malware
com.evrika.math.club,benign,0,0.638,1,malware
games.grouper.checkmatewildwest,benign,0,0.514,1,malware
edu.synthetic.androzoo.malware.sms_otp_stealer.0243,malware,1,0.792,1,malware
edu.synthetic.androzoo.malware.spyware_surveillance.0522,malware,1,0.81,1,malware
air.com.tutotoons.app.sweetbabygirlchristmas2.free,benign,0,0.542,1,malware
com.udemy.android.ufb,benign,0,0.832,1,malware
com.ihuman.yuwen,malware,1,0.512,1,malware
neat.viewpdf.com,benign,0,0.858,1,malware
vip.mytokenpocket,malware,1,0.602,1,malware
com.coppercod.classicWhist,benign,0,0.36,0,benign
com.IllusionsGames.PoppyAndGlamrock,benign,0,0.312,0,benign
edu.synthetic.androzoo.malware.dropper_loader.0663,malware,1,0.742,1,malware
com.ptanktechnology.tipitaka,benign,0,0.774,1,malware
edu.synthetic.androzoo.malware.sms_otp_stealer.1025,malware,1,0.868,1,malware
edu.synthetic.androzoo.malware.overlay_pin_stealer.0973,malware,1,0.894,1,malware
edu.synthetic.androzoo.malware.adware_clicker.0647,malware,1,0.722,1,malware
edu.synthetic.androzoo.malware.banker_accessibility.0741,malware,1,0.816,1,malware
com.darkurio.tastytipcalculator,benign,0,0.21,0,benign
com.cruisetraka.amacruiser,benign,0,0.112,0,benign
edu.synthetic.androzoo.malware.ransomware_locker.0830,malware,1,0.716,1,malware
edu.synthetic.androzoo.malware.wallet_stealer.1767,malware,1,0.882,1,malware
edu.synthetic.androzoo.malware.banker_accessibility.1740,malware,1,0.886,1,malware
br.com.zeroeum.biblia,benign,0,0.794,1,malware
vp.com.vit80,benign,0,0.632,1,malware
com.findhelp.android.lpca,benign,0,0.246,0,benign
edu.synthetic.androzoo.malware.ransomware_locker.1138,malware,1,0.782,1,malware
com.toptrendin.gingerbreadmanrun,benign,0,0.164,0,benign
com.qalbvn.ave.filemanager,malware,1,1.0,1,malware
com.da.advanced_geocamera,benign,0,0.56,1,malware
edu.synthetic.androzoo.malware.overlay_pin_stealer.1206,malware,1,0.682,1,malware
com.fancystudiomods.mobmods,benign,0,0.362,0,benign
edu.synthetic.androzoo.malware.spyware_surveillance.0975,malware,1,0.834,1,malware
edu.synthetic.androzoo.malware.dropper_loader.0629,malware,1,0.744,1,malware
com.makeshop.powerapp.modooin,benign,0,0.644,1,malware
edu.synthetic.androzoo.malware.overlay_pin_stealer.1100,malware,1,0.836,1,malware
com.gizmodus.myswimcoach,benign,0,0.316,0,benign
com.pickle.HelicopterFlightPilotSimulator,benign,0,0.176,0,benign
com.rubikscube.freesolve,benign,0,0.246,0,benign
edu.synthetic.androzoo.malware.adware_clicker.0678,malware,1,0.776,1,malware
iclass.mathflat.parent.student,benign,0,0.28,0,benign
com.phyla.phyla,benign,0,0.764,1,malware
solitaire.card.games.solitaire.newyear.free,benign,0,0.388,0,benign
com.justco.justco,benign,0,0.168,0,benign
edu.synthetic.androzoo.malware.ransomware_locker.0511,malware,1,0.74,1,malware
com.hayl,benign,0,0.452,0,benign
edu.synthetic.androzoo.malware.wallet_stealer.0844,malware,1,0.866,1,malware
net.dzyga.android.fishing,benign,0,0.838,1,malware
jp.co.revorn.iinioidevices.android,benign,0,0.342,0,benign
com.IllusionsGames.BrainWorkout,benign,0,0.722,1,malware
e.moob.app,benign,0,0.322,0,benign
edu.synthetic.androzoo.malware.sms_otp_stealer.1009,malware,1,0.736,1,malware
edu.synthetic.androzoo.malware.dropper_loader.0688,malware,1,0.766,1,malware
edu.synthetic.androzoo.malware.wallet_stealer.0054,malware,1,0.84,1,malware
zhiyuan.net.pdf2,malware,1,0.824,1,malware
com.drum.muse.pad.bit,malware,1,0.282,0,benign
edu.synthetic.androzoo.malware.adware_clicker.0349,malware,1,0.788,1,malware
com.wangzhi.microlife,malware,1,0.816,1,malware
edu.synthetic.androzoo.malware.overlay_pin_stealer.1934,malware,1,0.854,1,malware
br.com.sistemaprover.pibbh,benign,0,0.724,1,malware
com.NekoFurryStudios.Coramine,benign,0,0.38,0,benign
edu.synthetic.androzoo.malware.ransomware_locker.0329,malware,1,0.752,1,malware
com.migastone.appthree.android62c4276994784,benign,0,0.44,0,benign
com.example.kuban24,benign,0,0.558,1,malware
com.ata.games.spacecat,benign,0,0.286,0,benign
com.constantcontact.toolkit,benign,0,0.336,0,benign
edu.synthetic.androzoo.malware.wallet_stealer.0948,malware,1,0.892,1,malware
com.mmikdev.gorskieszczyty,benign,0,0.634,1,malware
edu.synthetic.androzoo.malware.banker_accessibility.1120,malware,1,0.858,1,malware
pl.bsgrudusk.naszbank,benign,0,0.35,0,benign
com.app.kitaabattawheed,malware,1,0.182,0,benign
edu.synthetic.androzoo.malware.wallet_stealer.1741,malware,1,0.856,1,malware
com.hungama.myplay.activity,malware,1,0.566,1,malware
com.nickpapanik.strommate,benign,0,0.352,0,benign
ridewithvia.tra.treviso,benign,0,0.4,0,benign
edu.synthetic.androzoo.malware.spyware_surveillance.0345,malware,1,0.822,1,malware
com.malvo.frisbee,benign,0,0.566,1,malware
doctorjob.com.cn,malware,1,0.758,1,malware
com.raysharp.bolidenew,benign,0,0.566,1,malware
edu.synthetic.androzoo.malware.sms_otp_stealer.0638,malware,1,0.718,1,malware
gazpacho.strawberries.vova_adidas,benign,0,0.056,0,benign
com.couplower.qin,malware,1,0.848,1,malware
com.aemobile.games.tycoon.capitalist.idle,benign,0,0.342,0,benign
com.withbuddies.dice.free,benign,0,0.352,0,benign
com.vool.app,benign,0,0.756,1,malware
edu.synthetic.androzoo.malware.overlay_pin_stealer.1624,malware,1,0.84,1,malware
edu.synthetic.androzoo.malware.dropper_loader.0020,malware,1,0.746,1,malware
com.fitivity.rehab_ankle,benign,0,0.198,0,benign
com.stolenpad.barrelmaker,benign,0,0.202,0,benign
br.tv.horizonte.android.premierefc,benign,0,0.58,1,malware
com.kuaiyou.loveplatform,malware,1,0.786,1,malware
jp.bizstation.drgps,benign,0,0.772,1,malware
jp.qvc,benign,0,0.092,0,benign
com.baucuanb1.baucua20212022,benign,0,0.766,1,malware
co.hellocode.exist,benign,0,0.65,1,malware
edu.synthetic.androzoo.malware.dropper_loader.0889,malware,1,0.748,1,malware
re.leaderprice.comptefidelite,benign,0,0.808,1,malware
edu.synthetic.androzoo.malware.wallet_stealer.1065,malware,1,0.87,1,malware
com.joincarbon.nutrition,benign,0,0.492,0,benign
com.onvirtualgym.ffitness,benign,0,0.238,0,benign
edu.synthetic.androzoo.malware.sms_otp_stealer.1162,malware,1,0.794,1,malware
funtaptic.thegrugs.runner.hector,benign,0,0.344,0,benign
edu.synthetic.androzoo.malware.spyware_surveillance.0967,malware,1,0.808,1,malware
amobi.weather.forecast.storm.radar,benign,0,0.096,0,benign
com.apps.amit.lawofattraction,benign,0,0.812,1,malware
edu.synthetic.androzoo.malware.spyware_surveillance.0898,malware,1,0.828,1,malware
edu.synthetic.androzoo.malware.dropper_loader.0412,malware,1,0.818,1,malware
com.cielo.app.cielohome,benign,0,0.132,0,benign
com.edurev.mpsc,benign,0,0.086,0,benign
edu.synthetic.androzoo.malware.spyware_surveillance.0082,malware,1,0.804,1,malware
com.postulate.postulate_erp,benign,0,0.702,1,malware
eu.movepayment.customer,benign,0,0.848,1,malware
edu.synthetic.androzoo.malware.ransomware_locker.0489,malware,1,0.816,1,malware
com.jushine.cdiary,benign,0,0.816,1,malware
edu.synthetic.androzoo.malware.banker_accessibility.1850,malware,1,0.83,1,malware
tw.com.skywatch.view,benign,0,0.306,0,benign
au.com.solus.MoretonBayLibraries,benign,0,0.798,1,malware
com.otek.bigalati,benign,0,0.806,1,malware
com.prisaradio.replicapp.caracolradio,benign,0,0.068,0,benign
com.habapp,benign,0,0.606,1,malware
edu.synthetic.androzoo.malware.dropper_loader.1304,malware,1,0.724,1,malware
edu.synthetic.androzoo.malware.dropper_loader.1745,malware,1,0.772,1,malware
edu.synthetic.androzoo.malware.wallet_stealer.0724,malware,1,0.85,1,malware
edu.synthetic.androzoo.malware.wallet_stealer.0580,malware,1,0.896,1,malware
com.kopca.goldengoal,benign,0,0.322,0,benign
com.examgoal.android.app,benign,0,0.486,0,benign
com.hsv.privatebrowser,malware,1,0.87,1,malware
edu.synthetic.androzoo.malware.spyware_surveillance.0550,malware,1,0.846,1,malware
edu.synthetic.androzoo.malware.sms_otp_stealer.1453,malware,1,0.768,1,malware
com.gy.amobile.company,malware,1,0.786,1,malware
edu.synthetic.androzoo.malware.banker_accessibility.1233,malware,1,0.846,1,malware
edu.synthetic.androzoo.malware.ransomware_locker.1248,malware,1,0.826,1,malware
edu.synthetic.androzoo.malware.dropper_loader.1839,malware,1,0.716,1,malware
com.ma.ld.dict.idioms,malware,1,0.828,1,malware
edu.synthetic.androzoo.malware.ransomware_locker.1658,malware,1,0.818,1,malware
com.howtopraythescriptures.dailyverses,benign,0,0.258,0,benign
edu.synthetic.androzoo.malware.banker_accessibility.1689,malware,1,0.848,1,malware
com.roababusinessdirectory.roaba,benign,0,0.158,0,benign
com.bnesim.android,benign,0,0.756,1,malware
com.messi.languagehelper,malware,1,0.398,0,benign
edu.synthetic.androzoo.malware.overlay_pin_stealer.0237,malware,1,0.888,1,malware
com.tech.bazaar.easykhata,benign,0,0.924,1,malware
com.patanjali.bulk,benign,0,0.43,0,benign
edu.synthetic.androzoo.malware.ransomware_locker.0628,malware,1,0.828,1,malware
com.wearlynx.slandroidjacksonhole,malware,1,0.244,0,benign
sisters.usa.shuttle.taxi.passenger,benign,0,0.158,0,benign
edu.synthetic.androzoo.malware.overlay_pin_stealer.1012,malware,1,0.852,1,malware
com.gangdong.AndroidDisplay,benign,0,0.186,0,benign
com.dangerb.pedometer,malware,1,0.918,1,malware
edu.synthetic.androzoo.malware.spyware_surveillance.0183,malware,1,0.836,1,malware
com.oi.handtevy,benign,0,0.362,0,benign
tech.arcent,benign,0,0.794,1,malware
no.faebrik.app,benign,0,0.516,1,malware
edu.synthetic.androzoo.malware.overlay_pin_stealer.1520,malware,1,0.804,1,malware
com.hw22pro.smartwatch.guidetaha,benign,0,0.568,1,malware
edu.synthetic.androzoo.malware.spyware_surveillance.1058,malware,1,0.78,1,malware
edu.synthetic.androzoo.malware.dropper_loader.0417,malware,1,0.798,1,malware
com.cirkwi.pit,benign,0,0.104,0,benign
com.franceair.appc4,benign,0,0.832,1,malware
com.skymobi.battletowers,malware,1,0.842,1,malware
com.magicalstory.cleaner,malware,1,0.418,0,benign
uk.co.gonortheast.android,benign,0,0.354,0,benign
com.njh.biubiu,malware,1,0.094,0,benign
edu.synthetic.androzoo.malware.banker_accessibility.1810,malware,1,0.786,1,malware
edu.synthetic.androzoo.malware.overlay_pin_stealer.0391,malware,1,0.888,1,malware
edu.synthetic.androzoo.malware.adware_clicker.0475,malware,1,0.642,1,malware
edu.synthetic.androzoo.malware.dropper_loader.1703,malware,1,0.794,1,malware
au.com.avsoft.avplanefb,benign,0,0.064,0,benign
edu.synthetic.androzoo.malware.sms_otp_stealer.1000,malware,1,0.692,1,malware
edu.synthetic.androzoo.malware.spyware_surveillance.0452,malware,1,0.822,1,malware
edu.synthetic.androzoo.malware.wallet_stealer.0097,malware,1,0.862,1,malware
com.bubadu.duddu,benign,0,0.878,1,malware
com.gurtam.local_logistics,benign,0,0.502,1,malware
com.communi.christuskirche,benign,0,0.534,1,malware
edu.synthetic.androzoo.malware.overlay_pin_stealer.0244,malware,1,0.68,1,malware
com.appslitedesarrolladores.bibliadejerusalen,malware,1,0.894,1,malware
edu.synthetic.androzoo.malware.sms_otp_stealer.1005,malware,1,0.668,1,malware
com.newoffroadgames.cargotruck.driver3d.offroad.truck.simulator.free,benign,0,0.426,0,benign
appinventor.ai_izzybella419.AmateurRadioQCodeQuiz,malware,1,0.206,0,benign
edu.synthetic.androzoo.malware.spyware_surveillance.0450,malware,1,0.788,1,malware
com.llj.qq,malware,1,0.984,1,malware
edu.synthetic.androzoo.malware.overlay_pin_stealer.1300,malware,1,0.84,1,malware
com.yottagames.gameofmafia,benign,0,0.782,1,malware
edu.synthetic.androzoo.malware.dropper_loader.1132,malware,1,0.712,1,malware
se.avida.cards.sdk,benign,0,0.932,1,malware
be.persgroep.android.news.mobilema,benign,0,0.334,0,benign
edu.synthetic.androzoo.malware.overlay_pin_stealer.0613,malware,1,0.88,1,malware
com.supperapps.transp,benign,0,0.49,0,benign
ca.lapresse.android.lapressemobile,benign,0,0.058,0,benign
edu.synthetic.androzoo.malware.banker_accessibility.1094,malware,1,0.868,1,malware
edu.synthetic.androzoo.malware.spyware_surveillance.0117,malware,1,0.836,1,malware
com.apptegy.citydesarc,benign,0,0.284,0,benign
com.infolink.limeiptv,benign,0,0.14,0,benign
com.neema.android,benign,0,0.106,0,benign
edu.synthetic.androzoo.malware.dropper_loader.1787,malware,1,0.792,1,malware
com.ostar.iheartspo2.vip,benign,0,0.17,0,benign
edu.synthetic.androzoo.malware.dropper_loader.1917,malware,1,0.738,1,malware
com.BraDev.CherryBlossom45,benign,0,0.584,1,malware
edu.synthetic.androzoo.malware.banker_accessibility.1436,malware,1,0.87,1,malware
jp.moneyeasy.combank,benign,0,0.722,1,malware
com.squarespace.android.squarespaceapp,benign,0,0.514,1,malware
edu.synthetic.androzoo.malware.sms_otp_stealer.1483,malware,1,0.75,1,malware
com.oldmutual.myoldmutual,benign,0,0.71,1,malware
com.buwizz.buwizz2,benign,0,0.672,1,malware
edu.synthetic.androzoo.malware.banker_accessibility.1400,malware,1,0.834,1,malware
edu.synthetic.androzoo.malware.overlay_pin_stealer.0540,malware,1,0.832,1,malware
cloud.blynk,benign,0,0.6,1,malware
jp.dle.gyakuten,malware,1,0.588,1,malware
com.deval.fiskalizimi,benign,0,0.856,1,malware
com.avena.avenafit,benign,0,0.848,1,malware
edu.synthetic.androzoo.malware.banker_accessibility.0011,malware,1,0.82,1,malware
air.conditioner.calculator,benign,0,0.102,0,benign
com.alaeat.customer.android.bnsandwiches,benign,0,0.886,1,malware
com.tsm.altmissoula,benign,0,0.44,0,benign
com.xiachufang,malware,1,0.336,0,benign
edu.synthetic.androzoo.malware.banker_accessibility.1428,malware,1,0.86,1,malware
com.subsplash.thechurchapp.s_5DSKHR,benign,0,0.178,0,benign
edu.synthetic.androzoo.malware.overlay_pin_stealer.1015,malware,1,0.766,1,malware
com.fcy.wordgame,benign,0,0.414,0,benign
app.donkeymobile.renswoudehervormd,benign,0,0.77,1,malware
edu.synthetic.androzoo.malware.ransomware_locker.0685,malware,1,0.744,1,malware
edu.synthetic.androzoo.malware.spyware_surveillance.0785,malware,1,0.838,1,malware
fr.nartex.navette,benign,0,0.764,1,malware
com.mhl.pathworks2,benign,0,0.132,0,benign
edu.synthetic.androzoo.malware.banker_accessibility.0104,malware,1,0.854,1,malware
edu.synthetic.androzoo.malware.wallet_stealer.0611,malware,1,0.872,1,malware
edu.synthetic.androzoo.malware.sms_otp_stealer.1244,malware,1,0.784,1,malware
edu.synthetic.androzoo.malware.dropper_loader.0208,malware,1,0.736,1,malware
com.insac.can.pinthatpoint,benign,0,0.772,1,malware
com.modeshift.jsp,benign,0,0.754,1,malware
edu.synthetic.androzoo.malware.wallet_stealer.0263,malware,1,0.826,1,malware
ru.iamtagir.tla4.ly,malware,1,0.242,0,benign
com.project.oneplace.beninrestoo,benign,0,0.876,1,malware
com.everywear.game5,benign,0,0.888,1,malware
com.klickl4u.apps,benign,0,0.782,1,malware
alldictdict.alldict.arhi,benign,0,0.732,1,malware
com.harsh.dhillon.colorbinder,benign,0,0.668,1,malware
com.maxitime22.createmusic.frequencygenerator.portretversion,benign,0,0.592,1,malware
com.apgaragedealer,benign,0,0.45,0,benign
edu.synthetic.androzoo.malware.sms_otp_stealer.0010,malware,1,0.708,1,malware
com.cuddlynest,benign,0,0.95,1,malware
com.t2s.fantastico794475,benign,0,0.174,0,benign
com.notificationcenter.iphone.controlcenter.alarm,benign,0,0.086,0,benign
com.lyricfluent.app,benign,0,0.702,1,malware
com.einnovation.temu,benign,0,0.438,0,benign
com.zellamsee.summercard,benign,0,0.714,1,malware
orangekik.app,benign,0,0.334,0,benign
com.game.zombiosio,malware,1,0.91,1,malware
tv.uscreen.defy,benign,0,0.966,1,malware
com.hanweb.ganfutong,malware,1,0.682,1,malware
edu.synthetic.androzoo.malware.wallet_stealer.0956,malware,1,0.87,1,malware
com.tgh.us.army.oil.tanker.truck.driving.games,benign,0,0.574,1,malware
edu.synthetic.androzoo.malware.adware_clicker.0249,malware,1,0.782,1,malware
com.ubestkid.phonics.a,malware,1,0.758,1,malware
edu.synthetic.androzoo.malware.dropper_loader.0554,malware,1,0.72,1,malware
com.skyphone.app,benign,0,0.952,1,malware
com.cyberlink.powerdirector.DRA140225_01,benign,0,0.202,0,benign
edu.synthetic.androzoo.malware.spyware_surveillance.0316,malware,1,0.792,1,malware
com.cronostechnologies.skiplan,benign,0,0.72,1,malware
com.multibrains.taxi.driver.ridepassengeret,benign,0,0.176,0,benign
edu.synthetic.androzoo.malware.spyware_surveillance.0488,malware,1,0.798,1,malware
edu.synthetic.androzoo.malware.banker_accessibility.0730,malware,1,0.896,1,malware
two.factor.authenticator.generator.code,benign,0,0.032,0,benign
com.xiaoshi.toupiao,malware,1,0.566,1,malware
com.puzzle1studio.go.wordsearchinspiration,benign,0,0.038,0,benign
com.meest.ua,benign,0,0.174,0,benign
com.stamfordfgkebab,benign,0,0.866,1,malware
com.xeno.investment,benign,0,0.74,1,malware
ru.yandex.key,benign,0,0.89,1,malware
edu.synthetic.androzoo.malware.spyware_surveillance.0254,malware,1,0.808,1,malware
com.cambodianinvestorscorporation,benign,0,0.818,1,malware
org.lateral.app,benign,0,0.81,1,malware
com.kindae.lephysicien,malware,1,0.858,1,malware
co.northplay.ConductTHIS,benign,0,0.704,1,malware
com.huashi6.hst,malware,1,0.858,1,malware
air.com.eni.FashionJudy038,malware,1,0.726,1,malware
edu.synthetic.androzoo.malware.ransomware_locker.1641,malware,1,0.826,1,malware
com.derayah,benign,0,0.802,1,malware
edu.synthetic.androzoo.malware.overlay_pin_stealer.0133,malware,1,0.862,1,malware
edu.synthetic.androzoo.malware.sms_otp_stealer.0101,malware,1,0.86,1,malware
edu.synthetic.androzoo.malware.adware_clicker.1285,malware,1,0.634,1,malware
edu.synthetic.androzoo.malware.ransomware_locker.1816,malware,1,0.756,1,malware
edu.synthetic.androzoo.malware.ransomware_locker.0521,malware,1,0.844,1,malware
edu.synthetic.androzoo.malware.overlay_pin_stealer.1259,malware,1,0.758,1,malware
com.whalejoy.living,benign,0,0.834,1,malware
edu.synthetic.androzoo.malware.banker_accessibility.0925,malware,1,0.876,1,malware
com.taza,benign,0,0.128,0,benign
com.chordu.chorduapp,benign,0,0.042,0,benign
edu.synthetic.androzoo.malware.ransomware_locker.1680,malware,1,0.794,1,malware
com.chownow.bagelpub,benign,0,0.39,0,benign
edu.synthetic.androzoo.malware.dropper_loader.0007,malware,1,0.78,1,malware
edu.synthetic.androzoo.malware.wallet_stealer.0293,malware,1,0.892,1,malware
jp.co.tekutekulife.tekutekulife,benign,0,0.638,1,malware
com.lixiangdong.LCDWatch.Pro,malware,1,0.196,0,benign
com.studio27.MelonPlayground,benign,0,0.476,0,benign
edu.synthetic.androzoo.malware.sms_otp_stealer.0458,malware,1,0.786,1,malware
vn.qsoft.chinhxac,benign,0,0.764,1,malware
edu.synthetic.androzoo.malware.banker_accessibility.1251,malware,1,0.842,1,malware
com.smartforu,benign,0,0.774,1,malware
com.ax003d.sichu,malware,1,0.584,1,malware
radio.szent.istvan,benign,0,0.542,1,malware
br.com.alon,benign,0,0.66,1,malware
edu.synthetic.androzoo.malware.ransomware_locker.1668,malware,1,0.8,1,malware
naveen.duplicatefile.fixerfinder,benign,0,0.848,1,malware
com.appsmart.delivery.pizzeriaalbertomarl12997,benign,0,0.578,1,malware
com.Manababa.RandomSpinDEF,benign,0,0.464,0,benign
com.meta.boom,malware,1,0.77,1,malware
com.nwagu.chai,benign,0,0.788,1,malware
edu.synthetic.androzoo.malware.overlay_pin_stealer.1925,malware,1,0.866,1,malware
cc.flydemo.erge2,malware,1,0.306,0,benign
cs.cover.strike.gun.shooting.games.offline,benign,0,0.57,1,malware
net.infojobs.mobile.android,benign,0,0.062,0,benign
com.ywx.qhyx.yyh,malware,1,0.82,1,malware
com.cat.kitten.wallpapers,benign,0,0.35,0,benign
com.readygo.dark.gp,benign,0,0.66,1,malware
fi.upsi,benign,0,0.842,1,malware
edu.synthetic.androzoo.malware.adware_clicker.1204,malware,1,0.678,1,malware
com.cooking.world.chef.craze.restaurant.fever.free,benign,0,0.034,0,benign
edu.synthetic.androzoo.malware.adware_clicker.0142,malware,1,0.824,1,malware
se.langia.fishpoc,benign,0,0.534,1,malware
com.tanwan.mobile.zhengtu,malware,1,0.758,1,malware
com.insideoutside.ihunternb,benign,0,0.828,1,malware
edu.synthetic.androzoo.malware.wallet_stealer.1867,malware,1,0.86,1,malware
com.claranet.mfa,benign,0,0.89,1,malware
edu.synthetic.androzoo.malware.dropper_loader.1617,malware,1,0.802,1,malware
com.zenlabs.challenge.squats,benign,0,0.146,0,benign
com.manle.phone.android.tumor,malware,1,0.704,1,malware
com.yusi.chongchong,malware,1,0.134,0,benign
com.bravolang.thai,malware,1,0.85,1,malware
com.bo.fotoo,malware,1,0.474,0,benign
net.wordbit.enes,benign,0,0.37,0,benign
link.mikan.mikanandroid,benign,0,0.7,1,malware
com.trainerize.topnotchfitness,benign,0,0.96,1,malware
com.mydroid.svg.print.craft.design.graphic.sticker,benign,0,0.402,0,benign
edu.synthetic.androzoo.malware.banker_accessibility.1922,malware,1,0.882,1,malware
aplus.europeworldhistorycourse,benign,0,0.11,0,benign
ru.sotnik.areacalc,malware,1,0.31,0,benign
edu.synthetic.androzoo.malware.overlay_pin_stealer.1846,malware,1,0.862,1,malware
de.thomann,benign,0,0.884,1,malware
co.hotfollower.app,benign,0,0.878,1,malware
moe.quickscreentrading.android,benign,0,0.572,1,malware
com.zltx.sgame.yyh,malware,1,0.484,0,benign
com.bandindustries.roadie,benign,0,0.802,1,malware
edu.synthetic.androzoo.malware.overlay_pin_stealer.0352,malware,1,0.81,1,malware
vt.android.ilearn,benign,0,0.786,1,malware
com.holyblade.cloud.platform,malware,1,0.61,1,malware
com.VForVictory.ExtremeBallStrikerGoalBlast,benign,0,0.38,0,benign
com.simcoeit.searchopal,benign,0,0.878,1,malware
com.bankscene.bes.welllinkbank,benign,0,0.694,1,malware
bloodpressure.bloodpressureapp.bloodpressuretracker,benign,0,0.298,0,benign
com.djremix.djmusicplayers,malware,1,0.05,0,benign
edu.synthetic.androzoo.malware.adware_clicker.1055,malware,1,0.752,1,malware
com.elephantgames.hstndhiddenobjects.googpremium,benign,0,0.778,1,malware
com.profittrading.forkucoin,benign,0,0.134,0,benign
com.ahboutique.android,benign,0,0.838,1,malware
com.goodwallpapers.coffe_hd,benign,0,0.784,1,malware
com.hippo.lighthouse,benign,0,0.716,1,malware
edu.synthetic.androzoo.malware.overlay_pin_stealer.0057,malware,1,0.898,1,malware
ddidev94.fishingweather,benign,0,0.556,1,malware
edu.synthetic.androzoo.malware.overlay_pin_stealer.1321,malware,1,0.72,1,malware
edu.synthetic.androzoo.malware.spyware_surveillance.1891,malware,1,0.844,1,malware
com.cleverapps.magicwords,benign,0,0.136,0,benign
edu.synthetic.androzoo.malware.spyware_surveillance.1253,malware,1,0.818,1,malware
com.ngc.fora,benign,0,0.842,1,malware
edu.synthetic.androzoo.malware.spyware_surveillance.1533,malware,1,0.796,1,malware
ridewithvia.sncfyriex,benign,0,0.672,1,malware
com.smilion.CaboclinhoDoReMi,benign,0,0.704,1,malware
com.cloudmobile.einvoice,benign,0,0.556,1,malware
edu.synthetic.androzoo.malware.wallet_stealer.0241,malware,1,0.858,1,malware
de.jentsch.floatingstopwatch,malware,1,0.012,0,benign
com.madness.man.whirl,malware,1,0.582,1,malware
com.cellsavers.savers,benign,0,0.076,0,benign
com.ibm.lava.hot.volcano.car.games,malware,1,0.854,1,malware
com.alaeat.customer.android.cheflee,benign,0,0.77,1,malware
ch.beekeeper.beekeeper,benign,0,0.546,1,malware
com.elian.lambabible,benign,0,0.412,0,benign
edu.synthetic.androzoo.malware.spyware_surveillance.0848,malware,1,0.804,1,malware
edu.synthetic.androzoo.malware.banker_accessibility.1418,malware,1,0.848,1,malware
com.swaas.hidoctor,benign,0,0.602,1,malware
edu.synthetic.androzoo.malware.overlay_pin_stealer.1821,malware,1,0.814,1,malware
de.randstad.meinrandstad,benign,0,0.7,1,malware
com.fpt.fci.aimentor,benign,0,0.87,1,malware
com.neopons.Talkytalky,benign,0,0.496,0,benign
edu.synthetic.androzoo.malware.spyware_surveillance.0040,malware,1,0.884,1,malware
com.nekki.shadowfight3,malware,1,0.364,0,benign
edu.synthetic.androzoo.malware.banker_accessibility.1347,malware,1,0.86,1,malware
net.zdsoft.zerobook_android,malware,1,0.424,0,benign
com.zigis.paleontologas,benign,0,0.106,0,benign
de.dimock.shallowchess,benign,0,0.184,0,benign
edu.synthetic.androzoo.malware.sms_otp_stealer.1046,malware,1,0.836,1,malware
edu.synthetic.androzoo.malware.sms_otp_stealer.0100,malware,1,0.746,1,malware
com.overworld.app,benign,0,0.066,0,benign
com.lgufstore_rn,benign,0,0.83,1,malware
edu.synthetic.androzoo.malware.spyware_surveillance.0582,malware,1,0.868,1,malware
com.aapmobile,benign,0,0.666,1,malware
com.crosoften.adjuve,benign,0,0.564,1,malware
vn.cimbbank.octo,benign,0,0.768,1,malware
edu.synthetic.androzoo.malware.wallet_stealer.0301,malware,1,0.834,1,malware
com.appss.wallpaperaestetic2026,benign,0,0.704,1,malware
com.wjbk.android.weather,benign,0,0.2,0,benign
com.unitel.mocha.app,benign,0,0.776,1,malware
com.shixian.kaihua,malware,1,0.896,1,malware
com.yunmi.water,malware,1,0.992,1,malware
com.tytops.ocarinalite,benign,0,0.602,1,malware
wheelzgh.app,benign,0,0.324,0,benign
com.inso.app,malware,1,0.724,1,malware
edu.synthetic.androzoo.malware.spyware_surveillance.0269,malware,1,0.826,1,malware
com.nabe.es4efyq,benign,0,0.862,1,malware
com.compareinsurance.carinsurancecheckapp,malware,1,0.852,1,malware
com.allied.helicopter.commando.air.strike,malware,1,0.972,1,malware
com.clicklabs.flyingfun,malware,1,0.956,1,malware
edu.synthetic.androzoo.malware.sms_otp_stealer.0023,malware,1,0.856,1,malware
edu.synthetic.androzoo.malware.dropper_loader.0768,malware,1,0.762,1,malware
word.riddles.guess.brain.test.tricky.puzzle.quiz.game.free,benign,0,0.336,0,benign
com.coinex.trade.play,benign,0,0.882,1,malware
edu.synthetic.androzoo.malware.dropper_loader.0857,malware,1,0.828,1,malware
eu.rc.electronics,benign,0,0.408,0,benign
jp.co.hotelnewgrand.app.newgrandclub,benign,0,0.626,1,malware
edu.synthetic.androzoo.malware.overlay_pin_stealer.0701,malware,1,0.848,1,malware
edu.synthetic.androzoo.malware.overlay_pin_stealer.0111,malware,1,0.872,1,malware
in.bluapps.webapp,malware,1,0.588,1,malware
com.memopad.for_.writing.babylon,benign,0,0.02,0,benign
com.tygame.game33,malware,1,0.678,1,malware
de.metro.alex.customer.digitalcard.makro,benign,0,0.946,1,malware
pl.biokod.goodcoach,benign,0,0.76,1,malware
edu.synthetic.androzoo.malware.adware_clicker.0923,malware,1,0.702,1,malware
edu.synthetic.androzoo.malware.sms_otp_stealer.0861,malware,1,0.804,1,malware
com.gil.nxtdigital.mynxt,benign,0,0.24,0,benign
br.com.tkrastreadores.mobile,benign,0,0.808,1,malware
com.alexto.radio.cambodia,benign,0,0.066,0,benign
bass.booster,malware,1,0.832,1,malware
com.neusoft.app.beijingdaily.phone,malware,1,0.844,1,malware
ruler.bubblelevel,benign,0,0.414,0,benign
com.easysay.korean,malware,1,0.854,1,malware
edu.synthetic.androzoo.malware.dropper_loader.0019,malware,1,0.802,1,malware
edu.synthetic.androzoo.malware.wallet_stealer.0644,malware,1,0.862,1,malware
com.gidetechs.myhourofgrace,benign,0,0.73,1,malware
edu.synthetic.androzoo.malware.spyware_surveillance.0575,malware,1,0.872,1,malware
com.t2s.mospalace793657,benign,0,0.062,0,benign
com.chris.hyperrace,malware,1,0.818,1,malware
edu.synthetic.androzoo.malware.ransomware_locker.1798,malware,1,0.768,1,malware
edu.synthetic.androzoo.malware.spyware_surveillance.0560,malware,1,0.8,1,malware
com.zepni.hamster,benign,0,0.384,0,benign
com.euvic.fpowner,benign,0,0.798,1,malware
edu.synthetic.androzoo.malware.dropper_loader.1657,malware,1,0.754,1,malware
edu.synthetic.androzoo.malware.ransomware_locker.1035,malware,1,0.714,1,malware
se.selfmadeacademy,benign,0,0.764,1,malware
com.igen.solarmanbusiness,benign,0,0.87,1,malware
edu.synthetic.androzoo.malware.wallet_stealer.0333,malware,1,0.846,1,malware
edu.synthetic.androzoo.malware.wallet_stealer.1701,malware,1,0.888,1,malware
com.devjah.plants,benign,0,0.678,1,malware
com.yc.dayband,malware,1,0.814,1,malware
com.azyouxi.quanwangqw,malware,1,0.954,1,malware
com.istsoft.dipteal1,benign,0,0.918,1,malware
edu.synthetic.androzoo.malware.ransomware_locker.1049,malware,1,0.768,1,malware
edu.synthetic.androzoo.malware.overlay_pin_stealer.1484,malware,1,0.744,1,malware
edu.synthetic.androzoo.malware.dropper_loader.0136,malware,1,0.778,1,malware
edu.synthetic.androzoo.malware.banker_accessibility.0502,malware,1,0.84,1,malware
com.sector.sectoralarm,benign,0,0.198,0,benign
com.amutcomi.acty.client,benign,0,0.736,1,malware
edu.synthetic.androzoo.malware.spyware_surveillance.1397,malware,1,0.814,1,malware
com.minikara.crossword.android,benign,0,0.264,0,benign
com.golfapp.gcgiez,benign,0,0.668,1,malware
tv.uscreen.sarahbethyoga,benign,0,0.858,1,malware
com.jizhi.jlongg,malware,1,1.0,1,malware
com.pdmi.chongxin.media,malware,1,0.754,1,malware
com.tataera.lazylisten,malware,1,0.038,0,benign
edu.synthetic.androzoo.malware.dropper_loader.0171,malware,1,0.696,1,malware
com.tjnit.gonghui,malware,1,0.288,0,benign
edu.synthetic.androzoo.malware.wallet_stealer.0758,malware,1,0.856,1,malware
com.blockcitywars.thugcity,malware,1,0.514,1,malware
io.everfit.wlreform,benign,0,0.276,0,benign
com.subsplashconsulting.s_RKDTCB,benign,0,0.158,0,benign
edu.synthetic.androzoo.malware.adware_clicker.0926,malware,1,0.83,1,malware
edu.synthetic.androzoo.malware.sms_otp_stealer.0635,malware,1,0.82,1,malware
edu.synthetic.androzoo.malware.spyware_surveillance.0135,malware,1,0.802,1,malware
edu.synthetic.androzoo.malware.wallet_stealer.0800,malware,1,0.846,1,malware
edu.synthetic.androzoo.malware.dropper_loader.1855,malware,1,0.742,1,malware
com.overlay.pokeratlasmobile,benign,0,0.554,1,malware
com.easy.all.today.translator,malware,1,0.392,0,benign
com.sonica.IbizaSonicaRadio,benign,0,0.16,0,benign
edu.synthetic.androzoo.malware.adware_clicker.0253,malware,1,0.666,1,malware
com.szckhd.jwgly.azyw,benign,0,0.888,1,malware
edu.synthetic.androzoo.malware.adware_clicker.1536,malware,1,0.638,1,malware
com.ouimoveup,benign,0,0.652,1,malware
com.gww.km,benign,0,0.422,0,benign
aurorafirst.app.com,benign,0,0.87,1,malware
com.ruk.usastudio.mosshotassistant,benign,0,0.662,1,malware
be.lgc.wep.herve,benign,0,0.458,0,benign
com.mwrlife,benign,0,0.734,1,malware
com.subsplashconsulting.s_FT5NQC,benign,0,0.27,0,benign
com.ab.vectronix,benign,0,0.328,0,benign
bfac.android.ngmdapp,benign,0,1.0,1,malware
edu.synthetic.androzoo.malware.banker_accessibility.0129,malware,1,0.908,1,malware
nz.co.snapper.mobile,benign,0,0.09,0,benign
edu.synthetic.androzoo.malware.banker_accessibility.1656,malware,1,0.858,1,malware
com.constanttherapy.android.main,benign,0,0.562,1,malware
edu.synthetic.androzoo.malware.wallet_stealer.0109,malware,1,0.88,1,malware
edu.synthetic.androzoo.malware.ransomware_locker.0782,malware,1,0.798,1,malware
edu.synthetic.androzoo.malware.dropper_loader.0374,malware,1,0.75,1,malware
com.elephantgames.parfilthetall,benign,0,0.772,1,malware
com.regnumwealthmanagementpvtltd,benign,0,0.874,1,malware
edu.synthetic.androzoo.malware.spyware_surveillance.1778,malware,1,0.818,1,malware
com.rega.regaapp,benign,0,0.838,1,malware
com.singxie.olarticle,malware,1,0.888,1,malware
com.temporary.email.pro,benign,0,0.874,1,malware
edu.synthetic.androzoo.malware.spyware_surveillance.1502,malware,1,0.856,1,malware
edu.synthetic.androzoo.malware.ransomware_locker.1078,malware,1,0.758,1,malware
linkdesks.jigsaw.puzzle.classic,benign,0,0.578,1,malware
com.witmob.newsdigest,malware,1,0.696,1,malware
com.fairtiq.android.ftqlab,benign,0,0.662,1,malware
it.redbitgames.stonesandsails,benign,0,0.814,1,malware
ru.frolovvv.lightlamp,benign,0,0.158,0,benign
com.smartworld.photoframe,benign,0,0.224,0,benign
com.dawa.mobile,benign,0,0.398,0,benign
com.esi.kbbio,benign,0,0.44,0,benign
edu.synthetic.androzoo.malware.ransomware_locker.0322,malware,1,0.834,1,malware
com.iyaltamizh.app.btprinter,benign,0,0.192,0,benign
edu.synthetic.androzoo.malware.dropper_loader.0952,malware,1,0.766,1,malware
edu.synthetic.androzoo.malware.spyware_surveillance.1002,malware,1,0.872,1,malware
com.funnygames.game.smania,benign,0,0.598,1,malware
edu.synthetic.androzoo.malware.spyware_surveillance.1256,malware,1,0.868,1,malware
edu.synthetic.androzoo.malware.overlay_pin_stealer.0963,malware,1,0.848,1,malware
com.pujiagames.Grandmother,malware,1,0.62,1,malware
com.wintertales.moonwalkersimulatorvr,malware,1,0.86,1,malware
com.xinan.motorgps,malware,1,0.24,0,benign
edu.synthetic.androzoo.malware.banker_accessibility.0563,malware,1,0.822,1,malware
com.owlogue.mandrakeboys.kor,benign,0,0.396,0,benign
com.vedicrishiastro.kundli,benign,0,0.368,0,benign
com.pocketpiano.mobile,malware,1,0.85,1,malware
com.kabbalah.calendar,benign,0,0.508,1,malware
edu.synthetic.androzoo.malware.wallet_stealer.1829,malware,1,0.848,1,malware
de.ck1981.android.blockstopper,benign,0,0.14,0,benign
app.upvpn.upvpn,benign,0,0.822,1,malware
edu.synthetic.androzoo.malware.overlay_pin_stealer.0455,malware,1,0.682,1,malware
edu.synthetic.androzoo.malware.dropper_loader.0820,malware,1,0.776,1,malware
com.carlosv.menulateral,benign,0,0.1,0,benign
edu.synthetic.androzoo.malware.dropper_loader.0448,malware,1,0.758,1,malware
edu.synthetic.androzoo.malware.banker_accessibility.0833,malware,1,0.838,1,malware
com.gethabitcoach.android2,benign,0,0.388,0,benign
edu.synthetic.androzoo.malware.wallet_stealer.0001,malware,1,0.886,1,malware
com.luckystargame.texaspoker,malware,1,0.93,1,malware
com.threed.spider.hero.flying.bike.city.battle,malware,1,0.92,1,malware
edu.synthetic.androzoo.malware.overlay_pin_stealer.1654,malware,1,0.876,1,malware
com.zakinn.app,benign,0,0.042,0,benign
com.subsplash.thechurchapp.s_TTF4T8,benign,0,0.162,0,benign
edu.synthetic.androzoo.malware.spyware_surveillance.0531,malware,1,0.834,1,malware
com.taprun.fruit.candy.candymonsterline,malware,1,0.888,1,malware
com.seigneurin.carspotclient,benign,0,0.594,1,malware
com.apptegy.villageforsyth,benign,0,0.098,0,benign
edu.synthetic.androzoo.malware.dropper_loader.0172,malware,1,0.734,1,malware
org.getcompliant.getcompliantapp,benign,0,0.494,0,benign
edu.synthetic.androzoo.malware.dropper_loader.1363,malware,1,0.774,1,malware
com.mobincube.estudios_biblicos.sc_HNPIES,malware,1,0.756,1,malware
edu.synthetic.androzoo.malware.spyware_surveillance.1101,malware,1,0.848,1,malware
com.panagola.game.arrangefree,benign,0,0.724,1,malware
edu.synthetic.androzoo.malware.dropper_loader.0637,malware,1,0.726,1,malware
com.example.administrator.picturetransliteration,malware,1,0.288,0,benign
com.nword.std8maharashtra,benign,0,0.366,0,benign
edu.synthetic.androzoo.malware.overlay_pin_stealer.1191,malware,1,0.852,1,malware
edu.synthetic.androzoo.malware.overlay_pin_stealer.1190,malware,1,0.844,1,malware
com.boyzum.motoboy,benign,0,0.976,1,malware
edu.synthetic.androzoo.malware.banker_accessibility.0771,malware,1,0.834,1,malware
edu.synthetic.androzoo.malware.banker_accessibility.0466,malware,1,0.884,1,malware
com.launcher.light.theme3d,malware,1,0.656,1,malware
com.teamlinkt.sportTeamApp,benign,0,0.88,1,malware
com.xiyue.drama,benign,0,0.876,1,malware
com.qingyuegames.petmatch,benign,0,0.62,1,malware
com.grwth.ai,benign,0,0.86,1,malware
com.moyun365.android.gkhistorytong,malware,1,0.81,1,malware
edu.synthetic.androzoo.malware.banker_accessibility.1455,malware,1,0.902,1,malware
edu.synthetic.androzoo.malware.dropper_loader.1578,malware,1,0.75,1,malware
edu.synthetic.androzoo.malware.banker_accessibility.0537,malware,1,0.832,1,malware
com.roughcode.parboti,benign,0,0.27,0,benign
edu.synthetic.androzoo.malware.dropper_loader.0595,malware,1,0.72,1,malware
edu.synthetic.androzoo.malware.sms_otp_stealer.1451,malware,1,0.782,1,malware
com.jmfleet.android,benign,0,0.272,0,benign
com.boatip.browser,malware,1,0.966,1,malware
com.apptegy.conradpa,benign,0,0.144,0,benign
com.codeEscape.codeescape,benign,0,0.836,1,malware
edu.synthetic.androzoo.malware.ransomware_locker.0384,malware,1,0.806,1,malware
com.tanzam,benign,0,0.876,1,malware
com.inmovation.newspaper,malware,1,0.89,1,malware
tk.climbzilla,benign,0,0.326,0,benign
edu.synthetic.androzoo.malware.overlay_pin_stealer.1170,malware,1,0.836,1,malware
edu.synthetic.androzoo.malware.dropper_loader.0205,malware,1,0.742,1,malware
com.telstra.nrl.dragons,benign,0,0.226,0,benign
com.kratosle.unlim,benign,0,0.56,1,malware
com.jobsdb,benign,0,0.146,0,benign
ru.lptracker.app,benign,0,0.87,1,malware
com.tempstick,benign,0,0.834,1,malware
edu.synthetic.androzoo.malware.overlay_pin_stealer.0624,malware,1,0.864,1,malware
edu.synthetic.androzoo.malware.wallet_stealer.1365,malware,1,0.866,1,malware
com.cleanmate.abroad,malware,1,0.57,1,malware
com.aMo.gdlFax,malware,1,0.92,1,malware
com.antescofo.metronaut,benign,0,0.096,0,benign
edu.synthetic.androzoo.malware.banker_accessibility.1497,malware,1,0.838,1,malware
com.oq.store,benign,0,0.722,1,malware
com.chownow.riardosbargrill,benign,0,0.31,0,benign
com.ebcard.cashbee.hce.jeonju,benign,0,0.334,0,benign
edu.synthetic.androzoo.malware.overlay_pin_stealer.0496,malware,1,0.886,1,malware
edu.synthetic.androzoo.malware.spyware_surveillance.1750,malware,1,0.746,1,malware
edu.synthetic.androzoo.malware.dropper_loader.1324,malware,1,0.732,1,malware
com.plazz,benign,0,0.224,0,benign
edu.synthetic.androzoo.malware.dropper_loader.0013,malware,1,0.82,1,malware
com.trainerize.lisaelliottonlinecoaching,benign,0,0.864,1,malware
com.phorest.finandco,benign,0,0.142,0,benign
com.enoiu.scorepdf,benign,0,0.882,1,malware
edu.synthetic.androzoo.malware.overlay_pin_stealer.1052,malware,1,0.858,1,malware
br.com.abril.comerebeber,benign,0,0.852,1,malware
com.reliancegames.wwemayhem,benign,0,0.82,1,malware
com.iz.timpy.ice.cream.cone.bar.maker.shop.truck.game,benign,0,0.296,0,benign
com.subsplash.thechurchapp.s_W89C49,benign,0,0.278,0,benign
cn.trinea.android.developertools,malware,1,0.274,0,benign
com.magzter.bikeindia,benign,0,0.086,0,benign
com.elderribador,benign,0,0.144,0,benign
edu.synthetic.androzoo.malware.wallet_stealer.1180,malware,1,0.848,1,malware
com.tradeindia.apps.timessenger,benign,0,0.33,0,benign
au.com.allhomes,malware,1,0.46,0,benign
com.mercadolibre,benign,0,0.256,0,benign
com.comichub,benign,0,0.5,1,malware
com.doggymakers.tuckerattack,benign,0,0.578,1,malware
edu.synthetic.androzoo.malware.banker_accessibility.0463,malware,1,0.842,1,malware
edu.synthetic.androzoo.malware.overlay_pin_stealer.0887,malware,1,0.796,1,malware
com.b01t.touchphotolock,benign,0,0.746,1,malware
fr.morvan.morvanurbasee,benign,0,0.202,0,benign
edu.synthetic.androzoo.malware.adware_clicker.0839,malware,1,0.696,1,malware
edu.synthetic.androzoo.malware.overlay_pin_stealer.0258,malware,1,0.654,1,malware
com.languagedrops.drops.learn.learning.speak.language.dutch.words,benign,0,0.872,1,malware
com.feelcrafters.buspuzzle,benign,0,0.556,1,malware
com.jura.formula.race.master,benign,0,0.708,1,malware
com.mindioaitherapy.app,benign,0,0.876,1,malware
swipestox.mobile,benign,0,0.782,1,malware
com.hy.csj,malware,1,0.6,1,malware
com.play.tube.adsblock.video.vanceded.free,malware,1,0.56,1,malware
com.sonkins.tbass,benign,0,0.82,1,malware
usa.radio.hishop,benign,0,0.782,1,malware
com.heyholi.holi,benign,0,0.744,1,malware
edu.synthetic.androzoo.malware.banker_accessibility.0146,malware,1,0.812,1,malware
edu.synthetic.androzoo.malware.dropper_loader.0676,malware,1,0.732,1,malware
edu.synthetic.androzoo.malware.banker_accessibility.0086,malware,1,0.866,1,malware
edu.synthetic.androzoo.malware.dropper_loader.0098,malware,1,0.758,1,malware
edu.synthetic.androzoo.malware.sms_otp_stealer.0802,malware,1,0.874,1,malware
edu.synthetic.androzoo.malware.ransomware_locker.1225,malware,1,0.75,1,malware
com.plus.ai,malware,1,0.484,0,benign
jp.co.c2inc.deepsleep.pokemedi,benign,0,0.408,0,benign
be.rentio.app,benign,0,0.244,0,benign
edu.synthetic.androzoo.malware.dropper_loader.0514,malware,1,0.762,1,malware
br.com.dod.msx2cas,benign,0,0.656,1,malware
de.web.mobile.android.mail,benign,0,0.638,1,malware
br.org.iecsiderlandia.appEK1975,benign,0,0.49,0,benign
com.huaien.genealogy,malware,1,0.146,0,benign
edu.synthetic.androzoo.malware.overlay_pin_stealer.0354,malware,1,0.916,1,malware
edu.synthetic.androzoo.malware.ransomware_locker.0378,malware,1,0.702,1,malware
edu.synthetic.androzoo.malware.dropper_loader.1932,malware,1,0.738,1,malware
edu.synthetic.androzoo.malware.wallet_stealer.0027,malware,1,0.858,1,malware
org.nationalregistry.android.production,benign,0,0.28,0,benign
app.mynetvpnvip.build,malware,1,0.58,1,malware
com.arksur.navol,malware,1,0.87,1,malware
com.jasp.rosarioVirgenMaria,benign,0,0.784,1,malware
musica.musicfree.snaptube.weezer.mp3app,malware,1,0.08,0,benign
edu.synthetic.androzoo.malware.banker_accessibility.0335,malware,1,0.888,1,malware
com.mxtech.videoplayer.ad,benign,0,0.33,0,benign
com.centris_mobile,benign,0,0.864,1,malware
com.appical.io,benign,0,0.204,0,benign
com.softmaker.cowkisan,benign,0,0.314,0,benign
edu.synthetic.androzoo.malware.banker_accessibility.1511,malware,1,0.854,1,malware
edu.synthetic.androzoo.malware.ransomware_locker.0707,malware,1,0.83,1,malware
com.ujigu.tcyuying,malware,1,0.752,1,malware
jp.Yokeijyo.YummyBar,benign,0,0.848,1,malware
edu.synthetic.androzoo.malware.dropper_loader.0442,malware,1,0.756,1,malware
com.jiaming.qiming,malware,1,0.876,1,malware
digifit.android.virtuagym.pro.capitanemo,benign,0,0.878,1,malware
com.g5e.nineclues2.android,malware,1,0.782,1,malware
edu.synthetic.androzoo.malware.dropper_loader.0284,malware,1,0.724,1,malware
com.joinknack.knack,benign,0,0.77,1,malware
com.goose.snake,benign,0,0.784,1,malware
edu.synthetic.androzoo.malware.adware_clicker.0665,malware,1,0.778,1,malware
com.techvariable.networktravels,benign,0,0.13,0,benign
com.ca.ppm.intune.mobile.v2,benign,0,0.384,0,benign
edu.synthetic.androzoo.malware.dropper_loader.0993,malware,1,0.736,1,malware
edu.synthetic.androzoo.malware.spyware_surveillance.1756,malware,1,0.856,1,malware
cn.com.chinagrain,malware,1,0.086,0,benign
edu.synthetic.androzoo.malware.banker_accessibility.0470,malware,1,0.876,1,malware
edu.synthetic.androzoo.malware.dropper_loader.1079,malware,1,0.74,1,malware
edu.synthetic.androzoo.malware.sms_otp_stealer.1106,malware,1,0.738,1,malware
edu.synthetic.androzoo.malware.ransomware_locker.0330,malware,1,0.826,1,malware
edu.synthetic.androzoo.malware.banker_accessibility.0090,malware,1,0.82,1,malware
com.newellmediallc.live.hippo,malware,1,0.7,1,malware
edu.synthetic.androzoo.malware.sms_otp_stealer.0666,malware,1,0.836,1,malware
edu.synthetic.androzoo.malware.overlay_pin_stealer.1272,malware,1,0.754,1,malware
com.selogerplus.android,benign,0,0.192,0,benign
com.schoolpointe.oh_mississinawavalleyschs,benign,0,0.708,1,malware
com.boursorama.android.clients,benign,0,0.786,1,malware
com.ultralpower.roamwifi_international,malware,1,0.698,1,malware
com.mycasavi.ottoimmo,benign,0,0.448,0,benign
cc.flydemo.math2,malware,1,0.32,0,benign
com.martian.yly.yyh,malware,1,0.888,1,malware
gazpacho.strawberries.stones,benign,0,0.096,0,benign
com.immediatemedia.historyextrarn,benign,0,0.398,0,benign
edu.synthetic.androzoo.malware.banker_accessibility.0228,malware,1,0.834,1,malware
com.mjcsoft.stream.fmforres,benign,0,0.246,0,benign
edu.synthetic.androzoo.malware.overlay_pin_stealer.0341,malware,1,0.714,1,malware
edu.synthetic.androzoo.malware.sms_otp_stealer.1569,malware,1,0.852,1,malware
com.simyasolutions.ling.bn,benign,0,0.88,1,malware
edu.synthetic.androzoo.malware.adware_clicker.0954,malware,1,0.654,1,malware
edu.synthetic.androzoo.malware.wallet_stealer.1549,malware,1,0.88,1,malware
edu.synthetic.androzoo.malware.sms_otp_stealer.0062,malware,1,0.754,1,malware
com.easternpromiseonline,benign,0,0.086,0,benign
edu.synthetic.androzoo.malware.banker_accessibility.0519,malware,1,0.886,1,malware
io.github.fate_grand_automata,benign,0,0.278,0,benign
com.lemellabs.differences,benign,0,0.282,0,benign
edu.synthetic.androzoo.malware.overlay_pin_stealer.0398,malware,1,0.804,1,malware
com.immusician.musiclass,malware,1,0.778,1,malware
org.alias,benign,0,0.254,0,benign
edu.synthetic.androzoo.malware.banker_accessibility.1441,malware,1,0.884,1,malware
com.WildcoreGames.RockKommander,benign,0,0.618,1,malware
edu.synthetic.androzoo.malware.dropper_loader.0517,malware,1,0.782,1,malware
com.MojikenStudio.WhenPastWasAround,malware,1,0.09,0,benign
com.reportallusa.landglide,benign,0,0.834,1,malware
com.tpwar,benign,0,0.74,1,malware
edu.synthetic.androzoo.malware.dropper_loader.1486,malware,1,0.74,1,malware
linkdesks.screw.bolts.nuts.story,benign,0,0.65,1,malware
edu.synthetic.androzoo.malware.banker_accessibility.0805,malware,1,0.874,1,malware
edu.synthetic.androzoo.malware.dropper_loader.1295,malware,1,0.766,1,malware
inc.ambit.client,benign,0,0.698,1,malware
in.mohalla.sharechat,benign,0,0.238,0,benign
com.overplaygames,benign,0,0.488,0,benign
com.visma.hryou,benign,0,0.83,1,malware
com.neb.app.nebsl,benign,0,0.666,1,malware
de.beetsandroots.android,benign,0,0.874,1,malware
com.heavy.truck.driver.simulator.offroad.game,benign,0,0.808,1,malware
com.signnow.android,benign,0,0.732,1,malware
com.mirai.cat.prank.simulator.granny,benign,0,0.748,1,malware
edu.synthetic.androzoo.malware.spyware_surveillance.1140,malware,1,0.81,1,malware
ru.shtrafy_gibdd.nalogi,benign,0,0.03,0,benign
edu.synthetic.androzoo.malware.overlay_pin_stealer.1876,malware,1,0.8,1,malware
com.ingrails.motherland,benign,0,0.682,1,malware
com.greenvalleyenglishschool,benign,0,0.706,1,malware
mkisly.backgammon.tawla,benign,0,0.796,1,malware
edu.synthetic.androzoo.malware.sms_otp_stealer.1290,malware,1,0.698,1,malware
com.sinyee.babybus.garbage,malware,1,0.614,1,malware
com.beijzc.skits,malware,1,0.902,1,malware
com.sched.hosastateleadershiptwofour,benign,0,0.222,0,benign
com.tianqiyubao2345,malware,1,0.71,1,malware
edu.synthetic.androzoo.malware.banker_accessibility.0214,malware,1,0.822,1,malware
com.simpler.dialer,benign,0,0.476,0,benign
edu.synthetic.androzoo.malware.sms_otp_stealer.0154,malware,1,0.818,1,malware
com.apptegy.eastpalestine,benign,0,0.168,0,benign
com.trendyweb.lukkyapp,benign,0,0.76,1,malware
com.educonnect.totvs.unisal,benign,0,0.828,1,malware
edu.synthetic.androzoo.malware.ransomware_locker.0346,malware,1,0.738,1,malware
cn.com.ethank.mobilehotel,malware,1,0.57,1,malware
com.yunzyo.mow,benign,0,0.73,1,malware
edu.synthetic.androzoo.malware.overlay_pin_stealer.1613,malware,1,0.83,1,malware
com.overlapapp,benign,0,0.908,1,malware
com.codeflies.supertravelUser,benign,0,0.13,0,benign
com.fanimalapp.organizer,benign,0,0.826,1,malware
com.agile.community,malware,1,0.852,1,malware
com.notartel.esignotp,benign,0,0.394,0,benign
com.mudgames.snakesandladders3d,benign,0,0.792,1,malware
edu.synthetic.androzoo.malware.wallet_stealer.0657,malware,1,0.912,1,malware
com.customchurchapps.appvxkjg2z3,benign,0,0.162,0,benign
com.zlapcreator.blockor,malware,1,0.866,1,malware
edu.synthetic.androzoo.malware.ransomware_locker.0096,malware,1,0.78,1,malware
io.flexprotect.mobile,benign,0,0.812,1,malware
com.sharkgame.Memory,malware,1,0.132,0,benign
edu.synthetic.androzoo.malware.banker_accessibility.1695,malware,1,0.826,1,malware
penguin.solitaire.match,benign,0,0.496,0,benign
edu.synthetic.androzoo.malware.overlay_pin_stealer.0108,malware,1,0.866,1,malware
edu.synthetic.androzoo.malware.spyware_surveillance.1443,malware,1,0.812,1,malware
com.menny.android.anysoftkeyboard,benign,0,0.93,1,malware
com.civicapps.hendersonnv,benign,0,0.116,0,benign
cn.bkw,malware,1,0.724,1,malware
edu.synthetic.androzoo.malware.wallet_stealer.1868,malware,1,0.844,1,malware
com.androtv.fvm,benign,0,0.432,0,benign
com.PeskyMaple.Set,malware,1,0.234,0,benign
edu.synthetic.androzoo.malware.ransomware_locker.0837,malware,1,0.788,1,malware
edu.synthetic.androzoo.malware.dropper_loader.0924,malware,1,0.72,1,malware
com.kaixin.duomaomao,malware,1,1.0,1,malware
edu.synthetic.androzoo.malware.spyware_surveillance.1457,malware,1,0.826,1,malware
com.ske6bento.kotodama,benign,0,0.54,1,malware
edu.synthetic.androzoo.malware.overlay_pin_stealer.1597,malware,1,0.864,1,malware
com.permadi.hexagonCrushGame,benign,0,0.442,0,benign
perfectly.imperfect.yoga,benign,0,0.778,1,malware
edu.synthetic.androzoo.malware.dropper_loader.0164,malware,1,0.802,1,malware
com.laraun.plantapp,benign,0,0.956,1,malware
com.sn1.TheImitationofChrist,benign,0,0.222,0,benign
edu.synthetic.androzoo.malware.dropper_loader.1119,malware,1,0.734,1,malware
com.sinyee.babybus.wobunanguo,malware,1,0.61,1,malware
com.damidev.ipoolremote,benign,0,0.424,0,benign
edu.synthetic.androzoo.malware.wallet_stealer.0017,malware,1,0.848,1,malware
edu.synthetic.androzoo.malware.overlay_pin_stealer.0772,malware,1,0.864,1,malware
com.asus.rog.roggamingcenter3,benign,0,0.63,1,malware
edu.synthetic.androzoo.malware.sms_otp_stealer.1714,malware,1,0.84,1,malware
edu.synthetic.androzoo.malware.banker_accessibility.0660,malware,1,0.842,1,malware
com.kongsolo.jsmap,benign,0,0.396,0,benign
jp.co.dtpnet.user86.lc2,benign,0,0.084,0,benign
com.accor.appli.hybrid,benign,0,0.268,0,benign
edu.synthetic.androzoo.malware.spyware_surveillance.0946,malware,1,0.814,1,malware
com.subsplashconsulting.s_49ZKSJ,benign,0,0.152,0,benign
edu.synthetic.androzoo.malware.dropper_loader.0311,malware,1,0.726,1,malware
com.gcap.jumbleword,benign,0,0.468,0,benign
com.ultra.gfx.tool.pro,malware,1,0.664,1,malware
com.windcloud.recorder,malware,1,0.752,1,malware
com.riu,benign,0,0.57,1,malware
com.linkdokter.halodoc.android,benign,0,0.058,0,benign
edu.synthetic.androzoo.malware.banker_accessibility.1278,malware,1,0.828,1,malware
edu.synthetic.androzoo.malware.ransomware_locker.1386,malware,1,0.684,1,malware
edu.synthetic.androzoo.malware.banker_accessibility.0369,malware,1,0.914,1,malware
com.nstudio.weatherhere.free,benign,0,0.282,0,benign
ai.atheneum,benign,0,0.896,1,malware
com.ecoleplus.app,benign,0,0.612,1,malware
edu.synthetic.androzoo.malware.overlay_pin_stealer.1074,malware,1,0.888,1,malware
com.sinyee.babybus.musicparty,malware,1,0.614,1,malware
com.domicilien.aase,benign,0,0.508,1,malware
kr.ac.hufs.mobilecampus,benign,0,0.11,0,benign
edu.synthetic.androzoo.malware.ransomware_locker.1670,malware,1,0.776,1,malware
com.DevDragon.QuebraCabecasBenzemaPuzzles,benign,0,0.868,1,malware
com.productmadness.fafafagold,benign,0,0.204,0,benign
com.intermaps.iskirussia,benign,0,0.074,0,benign
com.wgt.android.golf,benign,0,0.528,1,malware
edu.synthetic.androzoo.malware.banker_accessibility.1354,malware,1,0.864,1,malware
com.windyty.android,benign,0,0.388,0,benign
com.curefun,malware,1,0.654,1,malware
com.video.videodownloader_appdl,malware,1,0.264,0,benign
edu.synthetic.androzoo.malware.ransomware_locker.0728,malware,1,0.708,1,malware
edu.synthetic.androzoo.malware.ransomware_locker.0464,malware,1,0.794,1,malware
edu.synthetic.androzoo.malware.overlay_pin_stealer.1568,malware,1,0.724,1,malware
edu.synthetic.androzoo.malware.overlay_pin_stealer.1449,malware,1,0.872,1,malware
cash.selene.app,benign,0,0.518,1,malware
com.maxedadiygroup.brico,benign,0,0.226,0,benign
edu.synthetic.androzoo.malware.banker_accessibility.1124,malware,1,0.86,1,malware
com.square_enix.android_googleplay.mangaup_jp,benign,0,0.822,1,malware
edu.synthetic.androzoo.malware.dropper_loader.1374,malware,1,0.76,1,malware
com.bim.osus,benign,0,0.882,1,malware
edu.synthetic.androzoo.malware.sms_otp_stealer.0186,malware,1,0.826,1,malware
sk.antik.antikgo,benign,0,0.654,1,malware
edu.synthetic.androzoo.malware.banker_accessibility.0371,malware,1,0.9,1,malware
com.ygtech.ddyx,benign,0,0.528,1,malware
com.somfy.homeapp,benign,0,0.872,1,malware
radio.tacana,benign,0,0.386,0,benign
com.wifi.reader.lite,malware,1,0.93,1,malware
com.visiblemobile.flagship,benign,0,0.228,0,benign
edu.synthetic.androzoo.malware.ransomware_locker.0884,malware,1,0.796,1,malware
com.centra.livekirtan,benign,0,0.652,1,malware
cl.coopeuch.pass,malware,1,0.576,1,malware
com.medevio.gateway,benign,0,0.082,0,benign
edu.synthetic.androzoo.malware.spyware_surveillance.0596,malware,1,0.92,1,malware
edu.synthetic.androzoo.malware.ransomware_locker.1817,malware,1,0.724,1,malware
maa.standby_ios.widgets.lock_screen,benign,0,0.726,1,malware
edu.synthetic.androzoo.malware.ransomware_locker.1275,malware,1,0.73,1,malware
br.com.bb.android,benign,0,0.332,0,benign
asia.coins.mobile,benign,0,0.332,0,benign
edu.synthetic.androzoo.malware.dropper_loader.1380,malware,1,0.742,1,malware
com.CSbossbabeboutiquellc.android,benign,0,0.27,0,benign
com.xizi.quan,malware,1,0.856,1,malware
br.com.raise.app10239,benign,0,0.568,1,malware
com.permadi.basketball,benign,0,0.418,0,benign
au.com.mentoracademy.app,benign,0,0.586,1,malware
com.storytoys.lego.duplo.disney.mickey.and.friends.googleplay,benign,0,0.76,1,malware
io.voodoo.holeio,malware,1,0.79,1,malware
edu.synthetic.androzoo.malware.sms_otp_stealer.1115,malware,1,0.71,1,malware
com.gruntify.app,benign,0,0.812,1,malware
xw.givee.re4,malware,1,0.502,1,malware
com.resdiary.androidapp,benign,0,0.136,0,benign
edu.synthetic.androzoo.malware.adware_clicker.1341,malware,1,0.8,1,malware
edu.synthetic.androzoo.malware.dropper_loader.1227,malware,1,0.848,1,malware
edu.synthetic.androzoo.malware.overlay_pin_stealer.0709,malware,1,0.9,1,malware
com.animocabrands.google.hoverrider,malware,1,0.836,1,malware
com.yandex.yango,benign,0,0.23,0,benign
com.developer.appRadioBucuresti,benign,0,0.872,1,malware
com.sauer.unity.griddefender,benign,0,0.128,0,benign
edu.synthetic.androzoo.malware.banker_accessibility.1727,malware,1,0.864,1,malware
mkisly.american.checkers,benign,0,0.806,1,malware
edu.synthetic.androzoo.malware.spyware_surveillance.1001,malware,1,0.858,1,malware
com.kbpro.Fixiclicker,malware,1,0.658,1,malware
net.absoluta.brpostefacil,benign,0,0.192,0,benign
mk.functionalplanet.app,benign,0,0.622,1,malware
edu.synthetic.androzoo.malware.wallet_stealer.0061,malware,1,0.812,1,malware
edu.synthetic.androzoo.malware.wallet_stealer.1294,malware,1,0.884,1,malware
com.cn.yikaosouti,malware,1,0.92,1,malware
biz.kajiken.app,benign,0,0.744,1,malware
com.SereDim.OneDChess,benign,0,0.776,1,malware
plus.H5A84F959,malware,1,0.646,1,malware
com.thinkwu.live,malware,1,0.712,1,malware
com.foodbooking.kebapnovelda,benign,0,0.492,0,benign
edu.synthetic.androzoo.malware.ransomware_locker.1754,malware,1,0.76,1,malware
com.berhanbanksc.mobiruby,benign,0,0.634,1,malware
com.moneybookers.skrillpayments,benign,0,0.256,0,benign
edu.synthetic.androzoo.malware.dropper_loader.1006,malware,1,0.788,1,malware
com.nexon.bluearchive,benign,0,0.17,0,benign
org.NSAA.BOU,benign,0,0.612,1,malware
com.kahunas.io.DifferentBreedCoaching,benign,0,0.832,1,malware
com.tianwen.jjrb,malware,1,0.802,1,malware
edu.synthetic.androzoo.malware.ransomware_locker.0591,malware,1,0.73,1,malware
com.volkswagen.vwnavarra2,benign,0,0.538,1,malware
app.haoce.com,malware,1,0.794,1,malware
com.sinyee.babybus.food,malware,1,0.632,1,malware
edu.synthetic.androzoo.malware.banker_accessibility.1379,malware,1,0.818,1,malware
com.perception.soc.en,malware,1,0.438,0,benign
edu.synthetic.androzoo.malware.ransomware_locker.0385,malware,1,0.782,1,malware
edu.synthetic.androzoo.malware.dropper_loader.0632,malware,1,0.786,1,malware
edu.synthetic.androzoo.malware.spyware_surveillance.1848,malware,1,0.84,1,malware
in.playsimple.cryptogram,benign,0,0.906,1,malware
com.anchornode.rabbitcafe,benign,0,0.49,0,benign
edu.synthetic.androzoo.malware.dropper_loader.0699,malware,1,0.702,1,malware
edu.synthetic.androzoo.malware.spyware_surveillance.1723,malware,1,0.842,1,malware
edu.synthetic.androzoo.malware.overlay_pin_stealer.1528,malware,1,0.69,1,malware
com.KrakerStudio.IHeelGood,benign,0,0.396,0,benign
edu.synthetic.androzoo.malware.overlay_pin_stealer.1581,malware,1,0.866,1,malware
edu.synthetic.androzoo.malware.overlay_pin_stealer.1134,malware,1,0.794,1,malware
com.mf.xjafx.mi,malware,1,1.0,1,malware
com.insthub.voguemini,malware,1,0.906,1,malware
edu.synthetic.androzoo.malware.spyware_surveillance.0949,malware,1,0.862,1,malware
com.myspa.lima,benign,0,0.956,1,malware
edu.synthetic.androzoo.malware.wallet_stealer.1213,malware,1,0.878,1,malware
com.douguo.yummydiary,malware,1,0.954,1,malware
com.gearandroid.phoneleashfree,malware,1,0.21,0,benign
edu.synthetic.androzoo.malware.sms_otp_stealer.1661,malware,1,0.878,1,malware
com.garhijp.docchigaooikana,benign,0,0.154,0,benign
cn.eakay,malware,1,0.934,1,malware
com.jxdmxxw.gnq,malware,1,0.666,1,malware
edu.synthetic.androzoo.malware.banker_accessibility.1393,malware,1,0.878,1,malware
com.lianaibiji.dev,malware,1,0.904,1,malware
edu.synthetic.androzoo.malware.overlay_pin_stealer.0231,malware,1,0.886,1,malware
com.iyuba.englishfm,malware,1,0.378,0,benign
com.ultragames.ArmWrestler3D,benign,0,0.896,1,malware
edu.synthetic.androzoo.malware.wallet_stealer.0485,malware,1,0.808,1,malware
edu.synthetic.androzoo.malware.wallet_stealer.0392,malware,1,0.878,1,malware
edu.synthetic.androzoo.malware.sms_otp_stealer.0817,malware,1,0.708,1,malware
com.quiply.leimerkg,benign,0,0.762,1,malware
conversor.conversaotaxasbasico.gbpsdg,benign,0,0.274,0,benign
com.u8.pblast,benign,0,0.312,0,benign
com.easilydo.mail,benign,0,0.65,1,malware
com.easyhome.fucai,malware,1,0.318,0,benign
br.com.mestria.mx100TF,benign,0,0.762,1,malware
jp.nakano.tokyo.rsa,benign,0,0.74,1,malware
edu.synthetic.androzoo.malware.banker_accessibility.0155,malware,1,0.86,1,malware
edu.synthetic.androzoo.malware.banker_accessibility.1638,malware,1,0.848,1,malware
it.xmenu.mandarinosushi,benign,0,0.278,0,benign
com.transcore.android.commuterLink,benign,0,0.894,1,malware
air.android.evolutionalpaca,malware,1,0.652,1,malware
dk.tactile.lilysgarden,benign,0,0.486,0,benign
com.watchface.heartratetracker.heartratemonitor,benign,0,0.166,0,benign
com.ccspltms,benign,0,0.498,0,benign
edu.synthetic.androzoo.malware.sms_otp_stealer.1771,malware,1,0.732,1,malware
com.crescentmoongames.hammerbomb_st,malware,1,0.996,1,malware
vn.icheck.android,benign,0,0.696,1,malware
com.laoniao.leaperkim,malware,1,0.588,1,malware
com.padu.paduapp,benign,0,0.244,0,benign
in.tradebulls.trading,benign,0,0.234,0,benign
edu.synthetic.androzoo.malware.spyware_surveillance.0191,malware,1,0.792,1,malware
com.tallurigames.nurserykids,benign,0,0.644,1,malware
edu.synthetic.androzoo.malware.overlay_pin_stealer.0331,malware,1,0.884,1,malware
com.app4joy.world_flags_free,benign,0,0.79,1,malware
edu.synthetic.androzoo.malware.ransomware_locker.0853,malware,1,0.808,1,malware
edu.synthetic.androzoo.malware.banker_accessibility.1707,malware,1,0.826,1,malware
edu.synthetic.androzoo.malware.overlay_pin_stealer.0435,malware,1,0.85,1,malware
com.trainerize.fitnesswithfranapp,benign,0,0.902,1,malware
vn.payoo,benign,0,0.23,0,benign
edu.synthetic.androzoo.malware.sms_otp_stealer.1007,malware,1,0.814,1,malware
com.ayome.sg,benign,0,0.272,0,benign
com.dreamo.xxsf,benign,0,0.858,1,malware
com.julyz.babyenglish,malware,1,0.862,1,malware
edu.synthetic.androzoo.malware.banker_accessibility.1173,malware,1,0.818,1,malware
com.lomolsoft.language.learnslovak,benign,0,0.866,1,malware
air.nn.VEhFUEFQQVNIT1RET0dHRVJJQQ.ThePapasHotDoggeria,malware,1,0.534,1,malware
app.jkmichaelspm.com,benign,0,0.73,1,malware
au.com.solus.GlenEiraLibraries,benign,0,0.778,1,malware
edu.synthetic.androzoo.malware.ransomware_locker.1580,malware,1,0.732,1,malware
com.HardcoreGamesStudio.DoomZDay,benign,0,0.246,0,benign
biblia.reina.valera.virtual,malware,1,0.87,1,malware
us.game.a5,malware,1,0.486,0,benign
com.KurikulumMerdeka.BukuGuruMatematikaKelas7L,benign,0,0.754,1,malware
edu.synthetic.androzoo.malware.banker_accessibility.1687,malware,1,0.876,1,malware
com.airkast.tunekast1613_132,benign,0,0.47,0,benign
no.compilo.civis,benign,0,0.502,1,malware
com.apptegy.balticsd,benign,0,0.306,0,benign
com.programmisty.emiasapp,benign,0,0.218,0,benign
com.lstapps.batterywidget,malware,1,0.564,1,malware
net.megastudy.qube,benign,0,0.274,0,benign
com.perfectdraft,benign,0,0.866,1,malware
com.rise.mobile,benign,0,0.864,1,malware
au.com.nrl.tipping,benign,0,0.04,0,benign
com.craftgames.plntcrft,benign,0,0.698,1,malware
edu.synthetic.androzoo.malware.adware_clicker.0336,malware,1,0.764,1,malware
edu.synthetic.androzoo.malware.wallet_stealer.1019,malware,1,0.872,1,malware
net.fmstudio.forgottenhillfirststeps,malware,1,0.006,0,benign
com.temobi.zhibojiangmen,malware,1,0.27,0,benign
mn.ard.android,benign,0,0.81,1,malware
com.expoplatform.beauty.app1,benign,0,0.49,0,benign
com.orientapps.idlecitymafiaclicker,malware,1,0.92,1,malware
com.oclocher.mobileApp,benign,0,0.81,1,malware
com.runawayplay.birdgame,benign,0,0.416,0,benign
orphy.orphyDrive,benign,0,0.88,1,malware
com.mais.smairtherov2,benign,0,0.248,0,benign
barbeariaolympia.bestbarbers.app,benign,0,0.888,1,malware
com.BERLITZDC.DprincessHDWallpaper2019,benign,0,0.43,0,benign
com.gps.gpskids,benign,0,0.726,1,malware
com.grmrk.dressupgames,malware,1,0.874,1,malware
hr.app.n207002376,benign,0,0.644,1,malware
com.innovatise.coastalmovement,benign,0,0.946,1,malware
com.praharaj_sqlite.app,benign,0,0.964,1,malware
edu.synthetic.androzoo.malware.spyware_surveillance.1013,malware,1,0.816,1,malware
edu.synthetic.androzoo.malware.ransomware_locker.0319,malware,1,0.75,1,malware
edu.synthetic.androzoo.malware.dropper_loader.0250,malware,1,0.74,1,malware
edu.synthetic.androzoo.malware.banker_accessibility.1202,malware,1,0.88,1,malware
com.schooleye.tps,benign,0,0.874,1,malware
io.ionic.indichords,benign,0,0.622,1,malware
cn.com.vau,benign,0,0.062,0,benign
cz.fio.sb2,benign,0,0.804,1,malware
com.eea.android,benign,0,0.792,1,malware
pi.browser,benign,0,0.212,0,benign
com.sinyee.babybus.foodcity,benign,0,0.538,1,malware
com.appsmart.delivery.pizzeriacaravellaa5272,benign,0,0.548,1,malware
com.realvisiontv,benign,0,0.612,1,malware
dbzzz.dragon.ssj.battle,malware,1,0.908,1,malware
com.yuwanxiong.yzddtwo,malware,1,0.78,1,malware
com.humor.talking.archaeopteryx,benign,0,0.296,0,benign
ch.ceres24.app2,benign,0,0.654,1,malware
com.lunarway.app,benign,0,0.424,0,benign
edu.synthetic.androzoo.malware.ransomware_locker.0188,malware,1,0.782,1,malware
com.h4lsoft.scandroid,benign,0,0.22,0,benign
com.pregnancyapp.babyinside,benign,0,0.386,0,benign
com.zl.hlvideo,malware,1,0.076,0,benign
edu.synthetic.androzoo.malware.spyware_surveillance.1281,malware,1,0.808,1,malware
com.flaregames.rrtournament,benign,0,0.494,0,benign
com.wLeOInsights_12057002,malware,1,0.286,0,benign
conversor.conversaotaxasbasico.jpygyd,benign,0,0.174,0,benign
com.sebferrer.life_notes,benign,0,0.534,1,malware
edu.synthetic.androzoo.malware.wallet_stealer.1762,malware,1,0.862,1,malware
com.phonelocator.mobile.number.locationfinder.callerid,benign,0,0.646,1,malware
org.smap.smapTask.android,benign,0,0.746,1,malware
edu.synthetic.androzoo.malware.adware_clicker.0356,malware,1,0.656,1,malware
com.azgame.app.poolcity,benign,0,0.44,0,benign
global.untolddubai,benign,0,0.88,1,malware
edu.synthetic.androzoo.malware.overlay_pin_stealer.1792,malware,1,0.84,1,malware
edu.synthetic.androzoo.malware.overlay_pin_stealer.1103,malware,1,0.824,1,malware
etg.extranet,benign,0,0.196,0,benign
com.projectx.mripl,malware,1,0.024,0,benign
com.edxavier.wheels_equivalent,benign,0,0.096,0,benign
edu.synthetic.androzoo.malware.banker_accessibility.1557,malware,1,0.858,1,malware
edu.synthetic.androzoo.malware.adware_clicker.1063,malware,1,0.636,1,malware
com.lumilabs.LingoLooper,benign,0,0.16,0,benign
com.laixue.lxagent,malware,1,0.756,1,malware
vk.chungju,benign,0,0.132,0,benign
edu.synthetic.androzoo.malware.dropper_loader.0796,malware,1,0.754,1,malware
edu.synthetic.androzoo.malware.dropper_loader.0999,malware,1,0.756,1,malware
com.microfund.app,malware,1,0.802,1,malware
edu.synthetic.androzoo.malware.overlay_pin_stealer.0901,malware,1,0.864,1,malware
com.apazine.floral,benign,0,0.65,1,malware
com.singlife.mobile,benign,0,0.12,0,benign
cz.hipercalc,benign,0,0.162,0,benign
com.pizzanova.ui,benign,0,0.728,1,malware
com.gameme5.FTHDHD,malware,1,0.91,1,malware
net.ethervision.noworriesclub,benign,0,0.37,0,benign
com.lifree1.agent,benign,0,0.84,1,malware
com.tentech.remote,benign,0,0.17,0,benign
edu.synthetic.androzoo.malware.banker_accessibility.0612,malware,1,0.85,1,malware
com.smartlife.nebula,benign,0,0.348,0,benign
com.subsplashconsulting.s_XNK3P6,benign,0,0.162,0,benign
com.kenangan.my,benign,0,0.89,1,malware
com.DigitalOxygen.FireFly,benign,0,0.12,0,benign
edu.synthetic.androzoo.malware.dropper_loader.0863,malware,1,0.728,1,malware
virtue.android.ddp,malware,1,0.77,1,malware
edu.synthetic.androzoo.malware.dropper_loader.0355,malware,1,0.762,1,malware
dev.Frases.deAmor.jado,benign,0,0.466,0,benign
com.mu.mmo.rpg.game,benign,0,0.112,0,benign
com.sinyee.babybus.song,malware,1,0.492,0,benign
edu.synthetic.androzoo.malware.spyware_surveillance.0481,malware,1,0.826,1,malware
edu.synthetic.androzoo.malware.banker_accessibility.0706,malware,1,0.898,1,malware
cc.septnet.student,malware,1,0.866,1,malware
com.audaxis.nordlittoral,benign,0,0.17,0,benign
com.uncleroccos,benign,0,0.05,0,benign
edu.synthetic.androzoo.malware.wallet_stealer.1210,malware,1,0.848,1,malware
jp.co.obunsha.dic.browser,benign,0,0.81,1,malware
com.OMCDev.Mockup3D,benign,0,0.376,0,benign
abs.homeworkout.fit.packs.healthy,benign,0,0.416,0,benign
edu.synthetic.androzoo.malware.banker_accessibility.0456,malware,1,0.864,1,malware
cn.hundun.app.data,malware,1,0.96,1,malware
com.gangguwang.yewugo,malware,1,0.362,0,benign
edu.synthetic.androzoo.malware.wallet_stealer.1800,malware,1,0.892,1,malware
com.inovcares.patient,benign,0,0.808,1,malware
com.aizu.lite,malware,1,0.28,0,benign
com.biz.android.mbanking,benign,0,0.444,0,benign
edu.synthetic.androzoo.malware.overlay_pin_stealer.0909,malware,1,0.768,1,malware
com.benqu.wuta,malware,1,0.754,1,malware
com.tanggo.frogjump,malware,1,0.574,1,malware
com.songkick,benign,0,0.742,1,malware
com.kaneep.dmang,malware,1,0.938,1,malware
edu.synthetic.androzoo.malware.adware_clicker.1562,malware,1,0.828,1,malware
edu.synthetic.androzoo.malware.ransomware_locker.0267,malware,1,0.764,1,malware
com.szmg.zhinews,malware,1,0.766,1,malware
jp.co.excite.radiotalk,benign,0,0.898,1,malware
edu.synthetic.androzoo.malware.ransomware_locker.0351,malware,1,0.78,1,malware
com.hqyl.freebot,benign,0,0.856,1,malware
com.lemon.play.linecolor,malware,1,0.656,1,malware
com.hulldailymail,benign,0,0.904,1,malware
games.syrupy.sandwichshop,benign,0,0.572,1,malware
com.prospre,benign,0,0.488,0,benign
com.nrpriore.TT2RaidOptimizer,benign,0,0.76,1,malware
com.rd.huatest,malware,1,0.386,0,benign
edu.synthetic.androzoo.malware.ransomware_locker.0166,malware,1,0.76,1,malware
edu.synthetic.androzoo.malware.banker_accessibility.1139,malware,1,0.872,1,malware
edu.synthetic.androzoo.malware.banker_accessibility.1105,malware,1,0.82,1,malware
edu.synthetic.androzoo.malware.adware_clicker.1892,malware,1,0.728,1,malware
com.bayasaver.baya,benign,0,0.876,1,malware
edu.synthetic.androzoo.malware.wallet_stealer.0619,malware,1,0.886,1,malware
de.tutao.tutanota,benign,0,0.682,1,malware
edu.synthetic.androzoo.malware.wallet_stealer.1088,malware,1,0.872,1,malware
com.revolve,benign,0,0.282,0,benign
com.abacuschampsacademy.abacusChamp,benign,0,0.176,0,benign
edu.synthetic.androzoo.malware.dropper_loader.1437,malware,1,0.756,1,malware
edu.synthetic.androzoo.malware.wallet_stealer.1338,malware,1,0.872,1,malware
edu.synthetic.androzoo.malware.ransomware_locker.0783,malware,1,0.77,1,malware
com.IVR.horoscopocancer,benign,0,0.37,0,benign
edu.synthetic.androzoo.malware.spyware_surveillance.1909,malware,1,0.84,1,malware
edu.synthetic.androzoo.malware.banker_accessibility.1746,malware,1,0.886,1,malware
com.englishkeyboard.voicetyping.speaktotype.translator,benign,0,0.744,1,malware
com.happy.box.draw.shapes.game.cn,malware,1,0.668,1,malware
com.dictionary.englishtoswahilidic,malware,1,0.202,0,benign
com.pgc.propertygaincalculator,benign,0,0.602,1,malware
com.healthfitnessnordic.gxbooking,benign,0,0.366,0,benign
edu.synthetic.androzoo.malware.banker_accessibility.1315,malware,1,0.892,1,malware
shamimsoft.sahar,malware,1,0.238,0,benign
edu.synthetic.androzoo.malware.banker_accessibility.1748,malware,1,0.86,1,malware
edu.synthetic.androzoo.malware.overlay_pin_stealer.1642,malware,1,0.86,1,malware
channelmentor.travelgrid.nh,benign,0,0.932,1,malware
net.usb.usby4,benign,0,0.836,1,malware
com.vamoos.apps.tourcompass,benign,0,0.876,1,malware
tictactoe.game.imagebutton_group,benign,0,0.462,0,benign
com.ddfkgab.bhuva,malware,1,0.664,1,malware
edu.synthetic.androzoo.malware.wallet_stealer.1125,malware,1,0.854,1,malware
en.murmli.espressotrackster,benign,0,0.494,0,benign
com.ydsrsssl,malware,1,0.22,0,benign
io.breezeway.Breezeway,benign,0,0.392,0,benign
edu.synthetic.androzoo.malware.sms_otp_stealer.0163,malware,1,0.74,1,malware
com.iwanzbiz.megacarp,benign,0,0.872,1,malware
core.writer,benign,0,0.492,0,benign
io.bravon.pureliink,benign,0,0.856,1,malware
giraffic.traffic,benign,0,0.886,1,malware
com.makeshop.podbbang,benign,0,0.382,0,benign
br.com.guiasos.app53on,benign,0,0.146,0,benign
edu.synthetic.androzoo.malware.overlay_pin_stealer.0179,malware,1,0.844,1,malware
jp.co.inte.miidas,benign,0,0.774,1,malware
com.southradios,benign,0,0.128,0,benign
edu.synthetic.androzoo.malware.sms_otp_stealer.0239,malware,1,0.894,1,malware
com.degoo.android.hsclinic,malware,1,0.922,1,malware
edu.synthetic.androzoo.malware.spyware_surveillance.1323,malware,1,0.854,1,malware
com.frolicfoxstudio.bssd,malware,1,0.828,1,malware
com.trainerize.gentrygym,benign,0,0.764,1,malware
com.inscore.inscore,benign,0,0.248,0,benign
com.subsplashconsulting.s_VTHQCQ,benign,0,0.192,0,benign
com.mwaa.digital.signage.tc.iad,benign,0,0.512,1,malware
edu.synthetic.androzoo.malware.overlay_pin_stealer.1297,malware,1,0.838,1,malware
com.e.fratebookingapp,benign,0,0.426,0,benign
edu.synthetic.androzoo.malware.spyware_surveillance.0806,malware,1,0.844,1,malware
edu.synthetic.androzoo.malware.ransomware_locker.1384,malware,1,0.72,1,malware
edu.synthetic.androzoo.malware.spyware_surveillance.0983,malware,1,0.812,1,malware
com.dada.songshu,malware,1,0.964,1,malware
edu.synthetic.androzoo.malware.ransomware_locker.1744,malware,1,0.798,1,malware
edu.synthetic.androzoo.malware.ransomware_locker.1637,malware,1,0.752,1,malware
edu.synthetic.androzoo.malware.sms_otp_stealer.0825,malware,1,0.882,1,malware
eu.mobile_alerts.thermoconnect,benign,0,0.268,0,benign
com.jewel.drop.slide.block.puzzlegame,benign,0,0.316,0,benign
com.hkaa.carshare,benign,0,0.854,1,malware
edu.synthetic.androzoo.malware.overlay_pin_stealer.1440,malware,1,0.836,1,malware
com.kigle.cocobi.hospital,benign,0,0.696,1,malware
edu.synthetic.androzoo.malware.banker_accessibility.1042,malware,1,0.83,1,malware
com.vanniktech.meditationtimer,benign,0,0.464,0,benign
edu.synthetic.androzoo.malware.banker_accessibility.1797,malware,1,0.828,1,malware
com.ridetaskapp.store,benign,0,0.508,1,malware
edu.synthetic.androzoo.malware.sms_otp_stealer.0834,malware,1,0.786,1,malware
edu.synthetic.androzoo.malware.overlay_pin_stealer.0439,malware,1,0.732,1,malware
com.urbandroid.lux,benign,0,0.762,1,malware
edu.synthetic.androzoo.malware.overlay_pin_stealer.0103,malware,1,0.848,1,malware
com.yuanlue.chongwu,malware,1,0.782,1,malware
com.gomemyc.mylc.android,malware,1,0.914,1,malware
com.cjump.clothing.store.sim.game,benign,0,0.576,1,malware
edu.synthetic.androzoo.malware.banker_accessibility.1454,malware,1,0.898,1,malware
com.gabama.monopostolite,benign,0,0.164,0,benign
com.EdicionesAlborada.PiensaMateALM2AR2023,benign,0,0.658,1,malware
com.threeminutegames.lifelinehalftoinfinitygoog.st,malware,1,0.584,1,malware
com.webbergate.chs,benign,0,0.474,0,benign
com.despdev.silver_and_gold_price_calc,benign,0,0.318,0,benign
com.steinberg.cubasisle3,benign,0,0.682,1,malware
com.EvolutionOfGames.EvolutionOfSpecies2,benign,0,0.84,1,malware
com.dyg.presstheodds,benign,0,0.078,0,benign
io.shiftee.app,benign,0,0.684,1,malware
com.restaumatic.sivas_kebab_production,benign,0,0.104,0,benign
com.tuboapps.vmate,benign,0,0.17,0,benign
com.bible.dailyprayer.verse.devotion.guide,benign,0,0.486,0,benign
com.vanilatechmta.fgv,benign,0,0.858,1,malware
com.shelvz.fieldForce,benign,0,0.196,0,benign
com.telematicssdk.zenroad,benign,0,0.656,1,malware
edu.synthetic.androzoo.malware.ransomware_locker.1699,malware,1,0.728,1,malware
jp.studysapurienglish.student,benign,0,0.084,0,benign
edu.synthetic.androzoo.malware.spyware_surveillance.1143,malware,1,0.78,1,malware
edu.synthetic.androzoo.malware.overlay_pin_stealer.0510,malware,1,0.862,1,malware
edu.synthetic.androzoo.malware.dropper_loader.1425,malware,1,0.802,1,malware
edu.synthetic.androzoo.malware.overlay_pin_stealer.1893,malware,1,0.842,1,malware
com.bushiroad.BushiroadFightersNavigator,benign,0,0.184,0,benign
ua.com.etnocode.minecraftpacks,benign,0,0.166,0,benign
com.Alaa.Akl.App.Quran.Karime,benign,0,0.86,1,malware
edu.synthetic.androzoo.malware.adware_clicker.0703,malware,1,0.762,1,malware
com.startsecurityapptool.scanner,malware,1,0.638,1,malware
edu.synthetic.androzoo.malware.ransomware_locker.1084,malware,1,0.776,1,malware
jp.co.sony.hes.home,benign,0,0.838,1,malware
edu.synthetic.androzoo.malware.dropper_loader.1036,malware,1,0.752,1,malware
app.nepaliapp.successbusiness,malware,1,0.656,1,malware
com.jygame.qqtyt.kbls3d.yyh,malware,1,0.828,1,malware
com.tpltrakker.main,benign,0,0.646,1,malware
com.visma.ruby,benign,0,0.174,0,benign
edu.synthetic.androzoo.malware.spyware_surveillance.1698,malware,1,0.872,1,malware
jp.co.fukuibank.bankingappli,benign,0,0.154,0,benign
edu.synthetic.androzoo.malware.sms_otp_stealer.0922,malware,1,0.854,1,malware
edu.synthetic.androzoo.malware.ransomware_locker.0819,malware,1,0.832,1,malware
edu.synthetic.androzoo.malware.overlay_pin_stealer.1634,malware,1,0.878,1,malware
com.sei.sevencharge.ca,benign,0,0.684,1,malware
edu.synthetic.androzoo.malware.dropper_loader.1387,malware,1,0.728,1,malware
com.radefffactory.simplelauncher,benign,0,0.218,0,benign
stock.xiaomi.mi.mix.fold.poco.redmi.k50.launcher.wallpaper,benign,0,0.702,1,malware
com.deere.myoperations,benign,0,0.306,0,benign
com.fantasticostudio.cuccchi,malware,1,0.16,0,benign
com.bigduckgames.flowshapes,benign,0,0.806,1,malware
com.tourradar.traveller.app,benign,0,0.78,1,malware
edu.synthetic.androzoo.malware.overlay_pin_stealer.1543,malware,1,0.828,1,malware
no.ibooking.membroapp,benign,0,0.822,1,malware
edu.synthetic.androzoo.malware.overlay_pin_stealer.1504,malware,1,0.916,1,malware
edu.synthetic.androzoo.malware.spyware_surveillance.1056,malware,1,0.856,1,malware
com.tahara.tahara_app,benign,0,0.906,1,malware
com.cslm.abc,malware,1,0.246,0,benign
edu.synthetic.androzoo.malware.banker_accessibility.0444,malware,1,0.824,1,malware
edu.synthetic.androzoo.malware.banker_accessibility.0021,malware,1,0.814,1,malware
nl.negentwee,benign,0,0.524,1,malware
com.alhuda.learnquran,benign,0,0.78,1,malware
edu.synthetic.androzoo.malware.spyware_surveillance.0543,malware,1,0.836,1,malware
edu.synthetic.androzoo.malware.dropper_loader.1737,malware,1,0.8,1,malware
com.znam_majstora.android,benign,0,0.252,0,benign
lv.bite.manabite,benign,0,0.224,0,benign
in.indwealth,benign,0,0.82,1,malware
com.leltek.leltekultrasound,benign,0,0.832,1,malware
ru.biletpdd,benign,0,0.206,0,benign
com.howtobiz.innoutm,benign,0,0.232,0,benign
jp.arrano.dogyearscalc,benign,0,0.348,0,benign
com.famobi.neontower,benign,0,0.762,1,malware
edu.synthetic.androzoo.malware.banker_accessibility.1751,malware,1,0.832,1,malware
edu.synthetic.androzoo.malware.adware_clicker.1862,malware,1,0.736,1,malware
com.onevision.workspace.workstations,benign,0,0.77,1,malware
edu.synthetic.androzoo.malware.spyware_surveillance.1908,malware,1,0.864,1,malware
com.angry.brei,benign,0,0.692,1,malware
com.solucionesandinas.depositoon_line,benign,0,0.742,1,malware
com.sinyee.babybus.angie,malware,1,0.634,1,malware
edu.synthetic.androzoo.malware.ransomware_locker.0018,malware,1,0.8,1,malware
com.innobe.apps.farmdiary.vnext,benign,0,0.748,1,malware
com.icbc.wapc,malware,1,0.612,1,malware
edu.synthetic.androzoo.malware.overlay_pin_stealer.1858,malware,1,0.858,1,malware
com.asfcraftsmansupercraftingcraft.asfcraft,malware,1,0.876,1,malware
com.WriterInformation.dharana,benign,0,0.658,1,malware
edu.synthetic.androzoo.malware.banker_accessibility.1931,malware,1,0.864,1,malware
edu.synthetic.androzoo.malware.spyware_surveillance.1591,malware,1,0.802,1,malware
com.apptegy.wheelertx,benign,0,0.216,0,benign
edu.synthetic.androzoo.malware.banker_accessibility.0467,malware,1,0.862,1,malware
edu.synthetic.androzoo.malware.sms_otp_stealer.1766,malware,1,0.79,1,malware
edu.synthetic.androzoo.malware.overlay_pin_stealer.0207,malware,1,0.886,1,malware
edu.synthetic.androzoo.malware.sms_otp_stealer.0218,malware,1,0.778,1,malware
edu.synthetic.androzoo.malware.wallet_stealer.1034,malware,1,0.856,1,malware
com.eonsoft.MultiTimer,benign,0,0.832,1,malware
edu.synthetic.androzoo.malware.spyware_surveillance.0736,malware,1,0.87,1,malware
com.tap_to_translate.snap_translate,malware,1,0.168,0,benign
com.dcngame.yasuo,malware,1,0.682,1,malware
uk.takeaway.android,benign,0,0.07,0,benign
com.dreamcast.junglee,benign,0,0.348,0,benign
com.provigil.vgs,benign,0,0.706,1,malware
in.odiaportal.odiajataka,malware,1,0.75,1,malware
edu.synthetic.androzoo.malware.spyware_surveillance.1548,malware,1,0.806,1,malware
com.business.vidcomapp,benign,0,0.256,0,benign
dev.SellAnnuityPayment.WaterDropLiveWallpaper,benign,0,0.35,0,benign
com.woycnl.cxdyxhk,malware,1,1.0,1,malware
edu.synthetic.androzoo.malware.ransomware_locker.1803,malware,1,0.718,1,malware
de.bild.MeinKlub,benign,0,0.712,1,malware
com.wyj.snake,malware,1,0.938,1,malware
cat.bcn.llumbcn,benign,0,0.356,0,benign
edu.synthetic.androzoo.malware.adware_clicker.0536,malware,1,0.832,1,malware
com.dazheng,malware,1,0.83,1,malware
com.docterz.connect.velocity,benign,0,0.178,0,benign
je.fit,benign,0,0.064,0,benign
com.hstech.cretamaris,benign,0,0.442,0,benign
in.org.vaishnaviconsultancy,benign,0,0.504,1,malware
edu.synthetic.androzoo.malware.spyware_surveillance.0150,malware,1,0.878,1,malware
edu.synthetic.androzoo.malware.sms_otp_stealer.1317,malware,1,0.792,1,malware
no.aftenbladet,benign,0,0.68,1,malware
uk.co.solus.WindsorMaidenheadLibraries,benign,0,0.764,1,malware
com.zivanafa.PirateWallpaperShip,benign,0,0.6,1,malware
fi.eventbrokers.sporttipassimobile,benign,0,0.35,0,benign
com.mogo.DropBubble,malware,1,0.964,1,malware
com.akd.luxurycars,malware,1,0.772,1,malware
edu.synthetic.androzoo.malware.sms_otp_stealer.0045,malware,1,0.752,1,malware
com.subsplashconsulting.s_H9CPMS,benign,0,0.168,0,benign
com.appernewsr.zambiaradiostations,benign,0,0.208,0,benign
com.pixticle.bokuboku.yg,malware,1,0.904,1,malware
com.tengniu.p2p.tnp2p,malware,1,0.73,1,malware
com.redroserestaurantonlineee,benign,0,0.054,0,benign
edu.synthetic.androzoo.malware.overlay_pin_stealer.0929,malware,1,0.834,1,malware
stoameditation.stoa,benign,0,0.858,1,malware
com.yingedu.ppst,malware,1,0.89,1,malware
edu.synthetic.androzoo.malware.banker_accessibility.1864,malware,1,0.88,1,malware
com.whalo.games.fishoffortune,benign,0,0.458,0,benign
fr.mutlab.lmp,benign,0,0.444,0,benign
fr.geev.application,benign,0,0.072,0,benign
com.wholesale7.yxm,malware,1,0.828,1,malware
edu.synthetic.androzoo.malware.spyware_surveillance.0222,malware,1,0.846,1,malware
com.openlms.myccmoodle,benign,0,0.62,1,malware
com.tikalk.worktracker,benign,0,0.756,1,malware
com.hrblock.AtHome,benign,0,0.192,0,benign
com.james.SmartCalculator,benign,0,0.764,1,malware
com.clanified.virtual.rent.family.sim,benign,0,0.318,0,benign
com.cqaizhe.cassette,malware,1,0.844,1,malware
edu.synthetic.androzoo.malware.sms_otp_stealer.0916,malware,1,0.82,1,malware
app.pod1um.coach,benign,0,0.784,1,malware
edu.synthetic.androzoo.malware.dropper_loader.0197,malware,1,0.734,1,malware
com.hinews,malware,1,0.888,1,malware
speaker.cleaner.remove.water.cleanspkrwater.speakerdustremover,malware,1,0.872,1,malware
edu.synthetic.androzoo.malware.sms_otp_stealer.1280,malware,1,0.752,1,malware
com.kyzook.travelx,benign,0,0.716,1,malware
com.clickastro.freehoroscope.astrology,benign,0,0.952,1,malware
edu.synthetic.androzoo.malware.ransomware_locker.1164,malware,1,0.696,1,malware
edu.synthetic.androzoo.malware.banker_accessibility.0424,malware,1,0.836,1,malware
com.classpro.enquiry,benign,0,0.51,1,malware
com.xemplar.drive,malware,1,0.758,1,malware
com.princeappstudio.ptu_cgpa_tracker,benign,0,0.458,0,benign
com.magmalearning.magma,benign,0,0.462,0,benign
com.yiqun.antmayi,malware,1,1.0,1,malware
com.hb.xiaobien,malware,1,0.858,1,malware
edu.synthetic.androzoo.malware.banker_accessibility.1895,malware,1,0.85,1,malware
com.g5e.ghoststories.android,malware,1,0.724,1,malware
fenshu.jisuanqi.yuyin,malware,1,0.034,0,benign
com.endalia.mobile.hr,benign,0,0.664,1,malware
com.tinytouchtales.cardthief,benign,0,0.764,1,malware
com.webuildgroup.approve,benign,0,0.814,1,malware
edu.synthetic.androzoo.malware.dropper_loader.0765,malware,1,0.716,1,malware
com.myguitarchord.app,malware,1,0.89,1,malware
edu.synthetic.androzoo.malware.dropper_loader.1752,malware,1,0.748,1,malware
com.happigo.activity,malware,1,0.886,1,malware
com.specialy.app,benign,0,0.062,0,benign
com.chronogolf.booking.batchwood,benign,0,0.824,1,malware
Uxpp.UC,benign,0,0.02,0,benign
uk.co.redchillieskincardinee,benign,0,0.088,0,benign
com.customchurchappsmtlassencommunitychurch,benign,0,0.164,0,benign
com.rumble.denver_post_sports,benign,0,0.278,0,benign
com.livextra.bible.awadhi,benign,0,0.364,0,benign
com.wishsoft.yyj.phone,malware,1,0.762,1,malware
edu.synthetic.androzoo.malware.dropper_loader.0266,malware,1,0.766,1,malware
com.coachcatalyst.covalcoaching,benign,0,0.324,0,benign
edu.synthetic.androzoo.malware.wallet_stealer.1179,malware,1,0.862,1,malware
edu.synthetic.androzoo.malware.adware_clicker.0807,malware,1,0.624,1,malware
am.studio.poison.habit.of.force,benign,0,0.184,0,benign
sk.mildev84.agendareminder,benign,0,0.182,0,benign
com.plussmilea.lamhaa,benign,0,0.414,0,benign
com.opogo,benign,0,0.202,0,benign
no.fishbuddy_playground.app,benign,0,0.548,1,malware
bhakti.sagar.mahamrityunjaya.mantra,benign,0,0.724,1,malware
com.Fivestones.Alter,malware,1,0.888,1,malware
com.vergolansw.vergola,benign,0,0.54,1,malware
org.chromium.webapk.a7b2684bdfb8a73b6_v2,benign,0,0.902,1,malware
tiger.free.wild.wallpapers,benign,0,0.17,0,benign
info.oturizme.shashki,benign,0,0.49,0,benign
com.communi.app,benign,0,0.68,1,malware
edu.synthetic.androzoo.malware.sms_otp_stealer.0226,malware,1,0.802,1,malware
com.distiller.distiller,benign,0,0.808,1,malware
com.pumptrip.pumptrip,benign,0,0.746,1,malware
com.wetu.android.wetuandroid,benign,0,0.872,1,malware
com.GraubaumgameStudio.RennumdeinLeben,benign,0,0.774,1,malware
com.hipu.yidian,malware,1,0.728,1,malware
com.letsgetdigital.app3685x,benign,0,0.492,0,benign
edu.synthetic.androzoo.malware.banker_accessibility.1230,malware,1,0.902,1,malware
com.bizico.socar,benign,0,0.276,0,benign
edu.synthetic.androzoo.malware.dropper_loader.1809,malware,1,0.776,1,malware
eu.duong.imagedatefixer,benign,0,1.0,1,malware
com.cofox.kahunas.CameronLeemingFitness,benign,0,0.252,0,benign
edu.synthetic.androzoo.malware.dropper_loader.1889,malware,1,0.754,1,malware
com.jernung.infinite.deu,benign,0,0.016,0,benign
com.gamenug.hotdonutlite,malware,1,0.552,1,malware
edu.synthetic.androzoo.malware.wallet_stealer.1590,malware,1,0.88,1,malware
edu.synthetic.androzoo.malware.overlay_pin_stealer.0255,malware,1,0.73,1,malware
com.coolcollege.kxy,malware,1,0.512,1,malware
edu.synthetic.androzoo.malware.ransomware_locker.1408,malware,1,0.83,1,malware
com.grunkr.facelock,malware,1,0.516,1,malware
com.telek.smarthome.android,malware,1,0.896,1,malware
au.gov.nsw.service,benign,0,0.72,1,malware
edu.synthetic.androzoo.malware.dropper_loader.1268,malware,1,0.758,1,malware
f.info.actualites.france.infos.direct,benign,0,0.744,1,malware
com.ds.mf.dhansampan,benign,0,0.492,0,benign
edu.synthetic.androzoo.malware.spyware_surveillance.1633,malware,1,0.81,1,malware
edu.synthetic.androzoo.malware.banker_accessibility.0553,malware,1,0.84,1,malware
edu.synthetic.androzoo.malware.banker_accessibility.1711,malware,1,0.824,1,malware
edu.synthetic.androzoo.malware.ransomware_locker.1585,malware,1,0.75,1,malware
edu.synthetic.androzoo.malware.overlay_pin_stealer.1718,malware,1,0.79,1,malware
edu.synthetic.androzoo.malware.dropper_loader.1731,malware,1,0.742,1,malware
com.newclassic.doublerich,benign,0,0.038,0,benign
org.kalvari.ignite,malware,1,0.122,0,benign
edu.synthetic.androzoo.malware.spyware_surveillance.0636,malware,1,0.898,1,malware
com.baijiayun.hanfeng,malware,1,0.756,1,malware
com.ggstudio.yeloli,benign,0,0.236,0,benign
edu.synthetic.androzoo.malware.ransomware_locker.0238,malware,1,0.788,1,malware
edu.synthetic.androzoo.malware.sms_otp_stealer.0573,malware,1,0.84,1,malware
org.mobilegpstracker.client,benign,0,0.748,1,malware
com.ysg.ejt,malware,1,0.792,1,malware
com.androidwasabi.wallpaper.cosmic,benign,0,0.124,0,benign
com.doc360.client,malware,1,0.908,1,malware
com.onewaycab,benign,0,0.816,1,malware
com.infiniplay.merge.fashion.romance.story,benign,0,0.22,0,benign
de.crysxd.octoapp,benign,0,0.088,0,benign
com.washify,benign,0,0.752,1,malware
com.colobu.flyrunner,malware,1,0.248,0,benign
edu.synthetic.androzoo.malware.banker_accessibility.0309,malware,1,0.87,1,malware
com.fiya.android,benign,0,0.72,1,malware
ott.buildandburn,benign,0,0.264,0,benign
app.call.com,benign,0,0.88,1,malware
free_translator.mnzh,benign,0,0.77,1,malware
com.genji.zimiscq,malware,1,0.822,1,malware
com.microsoft.planner,benign,0,0.9,1,malware
edu.synthetic.androzoo.malware.sms_otp_stealer.0615,malware,1,0.786,1,malware
edu.synthetic.androzoo.malware.banker_accessibility.0761,malware,1,0.866,1,malware
com.fiveloyalty.nutbutter,benign,0,0.642,1,malware
io.expopass.expo,benign,0,0.12,0,benign
edu.synthetic.androzoo.malware.banker_accessibility.0453,malware,1,0.858,1,malware
com.SunnyMoonProject.SweetStacksV2,benign,0,0.14,0,benign
edu.synthetic.androzoo.malware.spyware_surveillance.0622,malware,1,0.844,1,malware
ld.learn.acupressure.points.acupuncture.tips,malware,1,0.086,0,benign
com.subsplashconsulting.s_83272W,benign,0,0.404,0,benign
com.funlabs.ironRangerMarvelPacificman2,benign,0,0.156,0,benign
com.fairfaxmedia.ink.metro.smh,benign,0,0.794,1,malware
com.sstech.suh.dic.hau,malware,1,0.848,1,malware
org.wycliffe.mixtecosurpuebla.mit,benign,0,0.478,0,benign
com.rubeacon.niceandjoy,benign,0,0.858,1,malware
edu.synthetic.androzoo.malware.banker_accessibility.1169,malware,1,0.804,1,malware
com.mod.downloader.menu,malware,1,0.442,0,benign
com.pregnant.bestpregnancytime,benign,0,0.502,1,malware
com.chariloto.cla,benign,0,0.856,1,malware
com.bis.bisapp,benign,0,0.566,1,malware
ireport.liberia.mobile,benign,0,0.736,1,malware
edu.synthetic.androzoo.malware.spyware_surveillance.0493,malware,1,0.798,1,malware
com.eventodivertido.eventodivertido,benign,0,0.97,1,malware
br.com.wiki4fit.marcusvinicius,benign,0,0.614,1,malware
edu.synthetic.androzoo.malware.banker_accessibility.0230,malware,1,0.85,1,malware
edu.synthetic.androzoo.malware.dropper_loader.1316,malware,1,0.748,1,malware
com.simyasolutions.ling.lv,benign,0,0.2,0,benign
edu.synthetic.androzoo.malware.ransomware_locker.1332,malware,1,0.734,1,malware
com.funny.voicechanger.free.voiceeditor.voiceeffects.soundeffects,benign,0,0.804,1,malware
edu.synthetic.androzoo.malware.banker_accessibility.1564,malware,1,0.846,1,malware
edu.synthetic.androzoo.malware.banker_accessibility.0498,malware,1,0.85,1,malware
com.bxsoftx.spxdatareover,malware,1,0.128,0,benign
com.beliapp.myapp,benign,0,0.488,0,benign
kr.railnetwork.app.railnetwork,benign,0,0.882,1,malware
com.baole.blap,malware,1,1.0,1,malware
edu.synthetic.androzoo.malware.overlay_pin_stealer.1018,malware,1,0.858,1,malware
com.williamsinteractive.goldfish,benign,0,0.054,0,benign
edu.synthetic.androzoo.malware.dropper_loader.1514,malware,1,0.734,1,malware
edu.synthetic.androzoo.malware.dropper_loader.1254,malware,1,0.712,1,malware
nz.school.npbhstraining.train.own,benign,0,0.918,1,malware
lingauto.gczx.shop4s.wsjb,malware,1,0.98,1,malware
com.dungmori.dungmoriapp,benign,0,0.558,1,malware
com.mobincube.homiletica.sc_HU3B1K,malware,1,0.768,1,malware
com.prepaid.inncableguy,benign,0,0.756,1,malware
edu.synthetic.androzoo.malware.wallet_stealer.1031,malware,1,0.882,1,malware
com.wenext.wayak,benign,0,0.84,1,malware
com.intermaps.iskituerkiye,benign,0,0.068,0,benign
edu.synthetic.androzoo.malware.wallet_stealer.1447,malware,1,0.87,1,malware
com.netease.too.netease,malware,1,0.518,1,malware
edu.synthetic.androzoo.malware.wallet_stealer.1614,malware,1,0.862,1,malware
com.kahunas.io.LEANERSTRONGERFASTER,benign,0,0.146,0,benign
edu.synthetic.androzoo.malware.dropper_loader.1416,malware,1,0.756,1,malware
com.hishabee.business,benign,0,0.098,0,benign
com.MapsAndVirtualCompass,benign,0,0.2,0,benign
edu.synthetic.androzoo.malware.banker_accessibility.1135,malware,1,0.832,1,malware
za.co.discovery.consumer.remedi,benign,0,0.508,1,malware
cc.meowssage.astroweather,benign,0,0.634,1,malware
com.anji.plus.crm,malware,1,0.082,0,benign
ai.hyke.dealer,benign,0,0.752,1,malware
edu.synthetic.androzoo.malware.overlay_pin_stealer.0443,malware,1,0.74,1,malware
jp.co.bronco.app.bronco,benign,0,0.602,1,malware
edu.synthetic.androzoo.malware.banker_accessibility.1037,malware,1,0.828,1,malware
es.duocom.reloj_laboral,benign,0,0.874,1,malware
edu.synthetic.androzoo.malware.spyware_surveillance.1201,malware,1,0.79,1,malware
com.lotus.lianliankan,malware,1,0.982,1,malware
com.sinyee.babybus.stroke,malware,1,0.514,1,malware
com.pdit.sausagelady,malware,1,0.788,1,malware
com.magzter.architectureplusdesign,benign,0,0.086,0,benign
edu.synthetic.androzoo.malware.wallet_stealer.1473,malware,1,0.888,1,malware
com.hf.findmaster,malware,1,0.434,0,benign
com.yesihome.smartlife,benign,0,0.814,1,malware
com.color.busfrenzy,benign,0,0.364,0,benign
com.zuzuChe.wz.sh,malware,1,0.59,1,malware
com.heitao.mhj.appchina,malware,1,0.95,1,malware
com.app.tpvpak,benign,0,0.688,1,malware
gen.tech.keiki.world.learning,benign,0,0.422,0,benign
com.kiarygames.tinyroom,malware,1,0.66,1,malware
edu.synthetic.androzoo.malware.banker_accessibility.0264,malware,1,0.794,1,malware
com.zhiliaoxl.lingyun,malware,1,0.93,1,malware
com.tt.customer.us,benign,0,0.37,0,benign
edu.synthetic.androzoo.malware.sms_otp_stealer.0285,malware,1,0.706,1,malware
com.expert.eplive,benign,0,0.718,1,malware
com.deadwarfare.gungames,malware,1,0.478,0,benign
edu.synthetic.androzoo.malware.overlay_pin_stealer.1239,malware,1,0.812,1,malware
com.reliantparking.resident,benign,0,0.836,1,malware
mobilesoftgame.grandwarssa,malware,1,0.864,1,malware
com.asobimo.alchemiastory,benign,0,0.158,0,benign
com.suppapp,benign,0,0.206,0,benign
com.apptegy.michael,benign,0,0.222,0,benign
com.meiya.airprice,malware,1,0.876,1,malware
edu.synthetic.androzoo.malware.banker_accessibility.1410,malware,1,0.852,1,malware
edu.synthetic.androzoo.malware.spyware_surveillance.1450,malware,1,0.852,1,malware
com.coastonemortgage,benign,0,0.39,0,benign
edu.synthetic.androzoo.malware.overlay_pin_stealer.0631,malware,1,0.912,1,malware
com.ffreward.namit,malware,1,0.136,0,benign
co.strongteam.gwapovpn,benign,0,0.862,1,malware
com.Emozzes.TheEmozzes,benign,0,0.148,0,benign
com.wallpaper.express.daily,malware,1,0.62,1,malware
edu.synthetic.androzoo.malware.wallet_stealer.0182,malware,1,0.86,1,malware
edu.synthetic.androzoo.malware.sms_otp_stealer.0912,malware,1,0.814,1,malware
edu.synthetic.androzoo.malware.adware_clicker.0708,malware,1,0.736,1,malware
edu.synthetic.androzoo.malware.sms_otp_stealer.0421,malware,1,0.796,1,malware
edu.synthetic.androzoo.malware.spyware_surveillance.0895,malware,1,0.796,1,malware
net.tonysoft.bookmory,benign,0,0.892,1,malware
eu.bookrepublic_webnovels.narae.production,benign,0,0.876,1,malware
com.ujobsdriver.provider,benign,0,0.328,0,benign
edu.synthetic.androzoo.malware.overlay_pin_stealer.1825,malware,1,0.838,1,malware
edu.synthetic.androzoo.malware.dropper_loader.1600,malware,1,0.764,1,malware
app.itera,benign,0,0.876,1,malware
nl.aareon.mybricr,benign,0,0.694,1,malware
com.cookapps.catshinobi,benign,0,1.0,1,malware
edu.synthetic.androzoo.malware.banker_accessibility.1420,malware,1,0.86,1,malware
edu.synthetic.androzoo.malware.dropper_loader.0958,malware,1,0.722,1,malware
appinventor.ai_jhugo_meraka.Mon4x4,benign,0,0.206,0,benign
com.niuwa.zsmz.yyh,malware,1,0.962,1,malware
cn.com.dareway.mhsc_binzhou,malware,1,0.728,1,malware
co.diy17.jnbvs,benign,0,0.122,0,benign
com.bloodsugartrak.one,benign,0,0.204,0,benign
com.jumpgames.rswrb,benign,0,0.046,0,benign
net.xinhuamm.d0537,malware,1,0.864,1,malware
edu.synthetic.androzoo.malware.ransomware_locker.1417,malware,1,0.824,1,malware
com.sinyee.babybus.papermaking,malware,1,0.626,1,malware
edu.synthetic.androzoo.malware.banker_accessibility.1676,malware,1,0.846,1,malware
com.homeprotech.homeproalarm,benign,0,0.848,1,malware
edu.synthetic.androzoo.malware.ransomware_locker.0574,malware,1,0.74,1,malware
com.digeam.a.mhgl,benign,0,0.108,0,benign
edu.synthetic.androzoo.malware.overlay_pin_stealer.1647,malware,1,0.852,1,malware
edu.synthetic.androzoo.malware.banker_accessibility.0607,malware,1,0.872,1,malware
jp.co.yupiteru.nobmaru,benign,0,0.14,0,benign
com.appseed.famipoi,benign,0,0.566,1,malware
com.subsplashconsulting.s_RT2T5K,benign,0,0.174,0,benign
in.co.woco,benign,0,0.09,0,benign
com.scoolinary.app,benign,0,0.758,1,malware
com.orbit.cooking.carnival.restro.game,benign,0,0.556,1,malware
edu.synthetic.androzoo.malware.banker_accessibility.1165,malware,1,0.854,1,malware
fr.rainetcom.indoorcenter,benign,0,0.776,1,malware
edu.synthetic.androzoo.malware.spyware_surveillance.0598,malware,1,0.856,1,malware
com.miragine.MiragineWar,benign,0,0.704,1,malware
com.tianxiang.skputonghua,malware,1,0.658,1,malware
edu.synthetic.androzoo.malware.dropper_loader.1118,malware,1,0.744,1,malware
com.bullb.austin,benign,0,0.046,0,benign
com.ulster.clearspend,benign,0,0.12,0,benign
edu.synthetic.androzoo.malware.banker_accessibility.1685,malware,1,0.86,1,malware
edu.synthetic.androzoo.malware.sms_otp_stealer.1273,malware,1,0.84,1,malware
com.mgif.ball.v,benign,0,0.036,0,benign
edu.synthetic.androzoo.malware.spyware_surveillance.1882,malware,1,0.816,1,malware
dk.bitlizard.ultimatelive,benign,0,0.808,1,malware
com.salicru.equinox,benign,0,0.716,1,malware
com.pokulan.thehobo.st,malware,1,0.8,1,malware
com.englishbay.App,benign,0,0.77,1,malware
com.pushpress.chopshopphysiques,benign,0,0.738,1,malware
com.click_sec.gmoclickcfd,benign,0,0.876,1,malware
com.icck.Elespectador,benign,0,0.21,0,benign
ayulearn.adxx,malware,1,0.196,0,benign
com.CarWallpapers.Ferrari,benign,0,0.866,1,malware
edu.synthetic.androzoo.malware.overlay_pin_stealer.1567,malware,1,0.86,1,malware
com.edujia.ime,malware,1,0.868,1,malware
com.leighton.kbrf,benign,0,0.268,0,benign
com.balimedia.ramalan,benign,0,0.082,0,benign
com.crossfit05.kevinboirel.strivee,benign,0,0.894,1,malware
com.tinmanarts.TwoGoodFriendsPhone,malware,1,0.942,1,malware
edu.synthetic.androzoo.malware.wallet_stealer.0832,malware,1,0.852,1,malware
com.ongreen,benign,0,0.186,0,benign
com.gallerypro.photosgalleryalbum,benign,0,0.222,0,benign
edu.synthetic.androzoo.malware.overlay_pin_stealer.1223,malware,1,0.882,1,malware
com.ylogame.kghj,malware,1,0.716,1,malware
net.xinhuamm.d3049,malware,1,0.874,1,malware
edu.synthetic.androzoo.malware.spyware_surveillance.1366,malware,1,0.844,1,malware
com.habby.archero,benign,0,0.696,1,malware
com.huge.betting.tips,malware,1,0.896,1,malware
edu.synthetic.androzoo.malware.ransomware_locker.0457,malware,1,0.788,1,malware
com.funeasylearn.english.american,benign,0,0.23,0,benign
com.harri.employer,benign,0,0.448,0,benign
heart.rate.monitor.tracker,malware,1,0.738,1,malware
com.zinio.mobile.android.reader,benign,0,0.824,1,malware
com.vero.neomiAR,benign,0,0.166,0,benign
edu.synthetic.androzoo.malware.ransomware_locker.1815,malware,1,0.768,1,malware
com.ftnetid.dogeminerlite,malware,1,0.814,1,malware
org.osmosis.med,benign,0,0.9,1,malware
com.canlang.weixiaojizhang,malware,1,0.764,1,malware
edu.synthetic.androzoo.malware.banker_accessibility.1768,malware,1,0.838,1,malware
fr.djma.app,benign,0,0.714,1,malware
com.macroscop.mobile,benign,0,0.498,0,benign
edu.synthetic.androzoo.malware.banker_accessibility.1359,malware,1,0.828,1,malware
com.ujigu.ytb,malware,1,0.758,1,malware
com.yunuo.zsxt,malware,1,0.874,1,malware
com.jcdecaux.vls.maribor,benign,0,0.18,0,benign
com.bestfuncoolapps.TakeYourPills,benign,0,0.25,0,benign
se.appcorn.Blocket,benign,0,0.098,0,benign
com.skoda.skoda_inspection_android_app,benign,0,0.8,1,malware
edu.synthetic.androzoo.malware.wallet_stealer.0979,malware,1,0.834,1,malware
com.innosoftfusion.play,benign,0,0.944,1,malware
com.kktcell.onlineservices2,benign,0,0.836,1,malware
com.smartup.veedz,benign,0,0.68,1,malware
com.bulkypix.calimero,malware,1,0.776,1,malware
edu.synthetic.androzoo.malware.adware_clicker.1705,malware,1,0.7,1,malware
edu.synthetic.androzoo.malware.spyware_surveillance.1271,malware,1,0.794,1,malware
indian.army.photo.suit,benign,0,0.742,1,malware
com.logisk.chronos,malware,1,0.172,0,benign
com.moseiki.moseiki,benign,0,0.772,1,malware
com.apptegy.norputnam,benign,0,0.118,0,benign
com.estoty.riverjump,malware,1,0.414,0,benign
edu.synthetic.androzoo.malware.banker_accessibility.1899,malware,1,0.834,1,malware
es.iberdrola.ibdistrconsumidores,benign,0,0.71,1,malware
com.VideoEditor.videomakerpro,benign,0,0.106,0,benign
com.moyun365.android.zkenglish,malware,1,0.822,1,malware
edu.synthetic.androzoo.malware.ransomware_locker.1390,malware,1,0.744,1,malware
com.roadside.drive,benign,0,0.834,1,malware
br.com.gomesmartins.gomesmartins,benign,0,0.71,1,malware
com.frugalflyer.airport.bgy,benign,0,0.594,1,malware
com.Kidoverse.HairSalon,benign,0,0.788,1,malware
app.hallow.android,benign,0,0.192,0,benign
com.plndr.activity,benign,0,0.14,0,benign
edu.synthetic.androzoo.malware.overlay_pin_stealer.1093,malware,1,0.876,1,malware
com.tutotoons.app.fluvsies.free,benign,0,0.652,1,malware
com.newgenerationhub.speedtest.meter.wifi.coverage.speed.test,benign,0,0.298,0,benign
com.shortbox.drama,benign,0,0.194,0,benign
com.ulab.treasurehunter,benign,0,0.65,1,malware
com.polypal.app,benign,0,0.868,1,malware
uz.yubor.app,benign,0,0.82,1,malware
co.ninj.bikinihd,malware,1,0.946,1,malware
com.cheche365.cheche.android,malware,1,0.858,1,malware
secret.hide.calculator,malware,1,0.266,0,benign
com.biemore.android.ExploreSupermarket,malware,1,0.978,1,malware
edu.synthetic.androzoo.malware.dropper_loader.0735,malware,1,0.754,1,malware
com.translator.morse_code,benign,0,0.702,1,malware
com.wellspring.main,benign,0,0.668,1,malware
edu.synthetic.androzoo.malware.wallet_stealer.0383,malware,1,0.858,1,malware
edu.synthetic.androzoo.malware.spyware_surveillance.1649,malware,1,0.852,1,malware
edu.synthetic.androzoo.malware.sms_otp_stealer.0053,malware,1,0.822,1,malware
com.pupilleader.android.apps.stfrancis,benign,0,0.584,1,malware
edu.synthetic.androzoo.malware.wallet_stealer.0445,malware,1,0.862,1,malware
com.appsolutionslab.discoverusa,benign,0,0.764,1,malware
alldictdict.alldict.fizh,benign,0,0.802,1,malware
com.qconline.android,benign,0,0.11,0,benign
com.CanttGames.GoldenEggCatcher,malware,1,0.894,1,malware
edu.synthetic.androzoo.malware.banker_accessibility.1730,malware,1,0.898,1,malware
cn.zhui.client827935,malware,1,0.862,1,malware
org.impactindia.llemeddocket,benign,0,0.146,0,benign
uk.bitlands.mobonovels,benign,0,0.87,1,malware
com.bulkypix.orborun,malware,1,0.702,1,malware
jp.co.nomura.onestock,benign,0,0.098,0,benign
taptap.twoaccounts.dual.space,malware,1,0.178,0,benign
edu.synthetic.androzoo.malware.overlay_pin_stealer.1576,malware,1,0.758,1,malware
com.wtjwrpk.yx.yyk,malware,1,1.0,1,malware
com.LuB.RoyalRealms,benign,0,0.806,1,malware
com.zy.feiji2014,malware,1,0.904,1,malware
com.vandersw.wenderlogbook,malware,1,0.872,1,malware
syj.youngfhsher,malware,1,0.042,0,benign
edu.synthetic.androzoo.malware.overlay_pin_stealer.0835,malware,1,0.802,1,malware
edu.synthetic.androzoo.malware.ransomware_locker.0039,malware,1,0.732,1,malware
edu.synthetic.androzoo.malware.banker_accessibility.0557,malware,1,0.824,1,malware
com.shenqi.app.vvlive,benign,0,0.878,1,malware
io.refold.ghostsandapples,malware,1,0.04,0,benign
jp.co.skyperfectv.baseball.android,benign,0,0.516,1,malware
edu.synthetic.androzoo.malware.adware_clicker.0043,malware,1,0.808,1,malware
ru.ftc.faktura.kbhmb,benign,0,0.85,1,malware
com.audiobooks.androidapp,benign,0,0.774,1,malware
hr.asseco.android.jimba.cecro,benign,0,0.23,0,benign
com.evolution.hyper,benign,0,0.362,0,benign
com.fourth.marketplace,benign,0,0.878,1,malware
edu.synthetic.androzoo.malware.overlay_pin_stealer.0347,malware,1,0.89,1,malware
edu.synthetic.androzoo.malware.spyware_surveillance.0838,malware,1,0.844,1,malware
com.bananaapps.kidappgames.pets.cartoon.sounds.free,malware,1,0.868,1,malware
com.worldwidetranscriptss.client,benign,0,0.606,1,malware
edu.synthetic.androzoo.malware.banker_accessibility.0084,malware,1,0.86,1,malware
edu.synthetic.androzoo.malware.dropper_loader.0792,malware,1,0.744,1,malware
com.inpeaceapp.quadrangularavareregionalieq.sp,benign,0,0.206,0,benign
org.nativescript.bmicalculator,benign,0,0.38,0,benign
com.azena.gemini,benign,0,0.388,0,benign
edu.synthetic.androzoo.malware.banker_accessibility.0893,malware,1,0.846,1,malware
com.brc.keyline,benign,0,0.334,0,benign
edu.synthetic.androzoo.malware.ransomware_locker.0462,malware,1,0.764,1,malware
edu.synthetic.androzoo.malware.spyware_surveillance.1639,malware,1,0.844,1,malware
edu.synthetic.androzoo.malware.spyware_surveillance.1582,malware,1,0.814,1,malware
edu.synthetic.androzoo.malware.sms_otp_stealer.0363,malware,1,0.85,1,malware
edu.synthetic.androzoo.malware.banker_accessibility.0433,malware,1,0.84,1,malware
edu.synthetic.androzoo.malware.sms_otp_stealer.0261,malware,1,0.68,1,malware
ridewithvia.bra.branttransit,benign,0,0.408,0,benign
com.delightgames.medievalfantasy,benign,0,0.056,0,benign
cutanddry.acmesteak.mobile.android,benign,0,0.12,0,benign
air.jp.globalgear.shere.pj,malware,1,0.448,0,benign
edu.synthetic.androzoo.malware.banker_accessibility.1544,malware,1,0.854,1,malware
com.maketore.kintorememo,benign,0,0.41,0,benign
edu.synthetic.androzoo.malware.overlay_pin_stealer.0195,malware,1,0.872,1,malware
com.the.std7englishexams,benign,0,0.69,1,malware
edu.synthetic.androzoo.malware.spyware_surveillance.0225,malware,1,0.82,1,malware
edu.synthetic.androzoo.malware.adware_clicker.1432,malware,1,0.76,1,malware
com.weetechmarcosfishandchips,benign,0,0.5,1,malware
com.gurwi,benign,0,0.922,1,malware
com.moyun365.android.gkchemistrytong,malware,1,0.768,1,malware
edu.synthetic.androzoo.malware.banker_accessibility.0940,malware,1,0.844,1,malware
com.MPProductions.GalacticSparkMission,benign,0,0.238,0,benign
com.mogo.dongmanpuzzle,malware,1,0.884,1,malware
com.snapbreak.doors,malware,1,0.838,1,malware
edu.synthetic.androzoo.malware.spyware_surveillance.1282,malware,1,0.808,1,malware
edu.synthetic.androzoo.malware.banker_accessibility.0858,malware,1,0.83,1,malware
edu.synthetic.androzoo.malware.overlay_pin_stealer.1508,malware,1,0.814,1,malware
edu.synthetic.androzoo.malware.wallet_stealer.1083,malware,1,0.892,1,malware
com.couplower.jing,malware,1,0.85,1,malware
com.crescentmoongames.mazeman,malware,1,0.032,0,benign
com.stilog.VPGOU,benign,0,0.782,1,malware
com.riftergames.ovi.android,benign,0,0.806,1,malware
com.ShahPTPIS,benign,0,0.482,0,benign
com.chitralekha.evolution,benign,0,0.868,1,malware
psychiatrie.pro,benign,0,0.524,1,malware
edu.synthetic.androzoo.malware.ransomware_locker.0766,malware,1,0.704,1,malware
edu.synthetic.androzoo.malware.dropper_loader.1085,malware,1,0.794,1,malware
com.communi.fegmuehlacker,benign,0,0.308,0,benign
com.arizonasunrays.icp,benign,0,0.12,0,benign
com.ubestkid.jigsawpuzzle.a,malware,1,0.794,1,malware
au.com.jll.tqt.member.app,benign,0,0.592,1,malware
jyeoo.app.ystudy,malware,1,0.606,1,malware
edu.synthetic.androzoo.malware.banker_accessibility.1924,malware,1,0.87,1,malware
com.xtrend.app,benign,0,0.674,1,malware
it.tecnoconference.MITO,benign,0,0.136,0,benign
chat.delta,benign,0,0.564,1,malware
com.anexat.realCarRace,malware,1,0.838,1,malware
com.liubowang.drawingboard,malware,1,0.894,1,malware
edu.synthetic.androzoo.malware.banker_accessibility.1403,malware,1,0.832,1,malware
com.moimob.drinkable,benign,0,0.588,1,malware
com.souche.apps.destiny,malware,1,0.86,1,malware
com.indiandevelopershailendra.tailorbookpro,benign,0,0.294,0,benign
com.indiggcommunity,benign,0,0.382,0,benign
com.TironiumTech.IdlePlanetMiner,benign,0,0.522,1,malware
net.slions.fulguris.full.playstore,benign,0,0.52,1,malware
com.gallagher.am.mobile.android.eshepherd,benign,0,0.834,1,malware
com.jfox.huntersss.tw,malware,1,0.774,1,malware
edu.synthetic.androzoo.malware.banker_accessibility.0446,malware,1,0.832,1,malware
com.BraDev.RedPanda102,benign,0,0.584,1,malware
com.iproyal.android,malware,1,0.198,0,benign
com.beyondthewhiteboard.johnnyutah,benign,0,0.724,1,malware
edu.synthetic.androzoo.malware.dropper_loader.0107,malware,1,0.774,1,malware
com.flipkart.seller,benign,0,0.38,0,benign
uk.co.olsonapps.fiveMinPilates,benign,0,0.274,0,benign
edu.synthetic.androzoo.malware.wallet_stealer.1302,malware,1,0.886,1,malware
edu.synthetic.androzoo.malware.ransomware_locker.1694,malware,1,0.804,1,malware
com.funeasylearn.danish,benign,0,0.444,0,benign
com.starom1.ome222,malware,1,0.84,1,malware
edu.synthetic.androzoo.malware.overlay_pin_stealer.1840,malware,1,0.866,1,malware
com.digidust.leucate.infotravaux,benign,0,0.37,0,benign
com.shionplus_android,benign,0,0.204,0,benign
com.coopresapps.free.antivirus,malware,1,0.704,1,malware
edu.synthetic.androzoo.malware.spyware_surveillance.0402,malware,1,0.908,1,malware
edu.synthetic.androzoo.malware.banker_accessibility.1255,malware,1,0.848,1,malware
edu.synthetic.androzoo.malware.spyware_surveillance.1495,malware,1,0.846,1,malware
edu.synthetic.androzoo.malware.overlay_pin_stealer.1579,malware,1,0.838,1,malware
air.com.vikrams.telugucalendar2014,benign,0,0.736,1,malware
com.pronunciatorllc.bluebird.persian,benign,0,0.712,1,malware
edu.synthetic.androzoo.malware.adware_clicker.1298,malware,1,0.678,1,malware
co.wesper.sleep,malware,1,0.564,1,malware
com.rift.no.wifi.offline.puzzles.offline.games,benign,0,0.62,1,malware
edu.synthetic.androzoo.malware.wallet_stealer.0008,malware,1,0.858,1,malware
edu.synthetic.androzoo.malware.sms_otp_stealer.0674,malware,1,0.75,1,malware
edu.synthetic.androzoo.malware.sms_otp_stealer.0790,malware,1,0.828,1,malware
com.kamoer.x1dosingpump,malware,1,0.118,0,benign
edu.synthetic.androzoo.malware.overlay_pin_stealer.1545,malware,1,0.848,1,malware
com.myworkoutplan.myworkoutplan,benign,0,0.874,1,malware
com.boxwiki.app,benign,0,0.772,1,malware
mohot.fit.booking,benign,0,0.534,1,malware
edu.synthetic.androzoo.malware.spyware_surveillance.1329,malware,1,0.868,1,malware
edu.synthetic.androzoo.malware.sms_otp_stealer.0180,malware,1,0.736,1,malware
edu.synthetic.androzoo.malware.overlay_pin_stealer.1558,malware,1,0.726,1,malware
edu.synthetic.androzoo.malware.dropper_loader.0892,malware,1,0.752,1,malware
com.trainerize.lift4life,benign,0,0.446,0,benign
secolink.manager,malware,1,0.658,1,malware
edu.synthetic.androzoo.malware.sms_otp_stealer.1830,malware,1,0.764,1,malware
com.ciyun.oneshop,malware,1,0.594,1,malware
edu.synthetic.androzoo.malware.spyware_surveillance.1653,malware,1,0.858,1,malware
com.lycamobile.no,benign,0,0.908,1,malware
com.dalongtech.cloud,malware,1,0.8,1,malware
edu.synthetic.androzoo.malware.adware_clicker.0115,malware,1,0.638,1,malware
edu.synthetic.androzoo.malware.overlay_pin_stealer.1433,malware,1,0.842,1,malware
com.rz.caller.name.announcer,benign,0,0.076,0,benign
com.hachette.hereaderepubv2,benign,0,0.666,1,malware
boxnmove.mover.driver,malware,1,0.486,0,benign
edu.synthetic.androzoo.malware.adware_clicker.1459,malware,1,0.658,1,malware
com.amila.parenting,benign,0,0.098,0,benign
com.udemy.android,benign,0,0.774,1,malware
edu.synthetic.androzoo.malware.banker_accessibility.0795,malware,1,0.868,1,malware
com.qupil,benign,0,0.824,1,malware
com.google.android.apps.tachyon,benign,0,0.594,1,malware
edu.synthetic.androzoo.malware.spyware_surveillance.0273,malware,1,0.882,1,malware
edu.synthetic.androzoo.malware.wallet_stealer.1603,malware,1,0.9,1,malware
edu.synthetic.androzoo.malware.dropper_loader.0338,malware,1,0.716,1,malware
edu.synthetic.androzoo.malware.overlay_pin_stealer.1475,malware,1,0.79,1,malware
com.task.calendar,benign,0,0.268,0,benign
per.zhj.seefunc,malware,1,0.126,0,benign
edu.synthetic.androzoo.malware.banker_accessibility.0528,malware,1,0.9,1,malware
com.spiritapps.thethoroughbred,benign,0,0.044,0,benign
com.xiangha.homecoke,malware,1,0.098,0,benign
com.cinemaxx.activity,benign,0,0.422,0,benign
imagine.ai.art.photo.image.generator,malware,1,0.062,0,benign
mycity.popstar.pt,malware,1,0.704,1,malware
edu.synthetic.androzoo.malware.overlay_pin_stealer.1340,malware,1,0.83,1,malware
ly.omegle.android,benign,0,0.2,0,benign
com.fastgame.p001012,benign,0,0.842,1,malware
com.easy_wallpapers.plants,benign,0,0.52,1,malware
com.maxart.crazy_bricks,benign,0,0.188,0,benign
com.sssfight.shiba,malware,1,0.12,0,benign
com.dhadbadati.apps.ram_katha_hindi,benign,0,0.372,0,benign
com.trainerize.fibrofitwarriors,benign,0,0.848,1,malware
jp.co.a_tm.android.plus_umito_kaigarato_shinju,benign,0,0.828,1,malware
edu.synthetic.androzoo.malware.overlay_pin_stealer.1635,malware,1,0.818,1,malware
edu.synthetic.androzoo.malware.dropper_loader.1413,malware,1,0.788,1,malware
com.cgs.FruitGemsClassicMatch3,benign,0,0.606,1,malware
com.biemore.android.kidsFireman,malware,1,0.898,1,malware
edu.synthetic.androzoo.malware.spyware_surveillance.0695,malware,1,0.854,1,malware
edu.synthetic.androzoo.malware.sms_otp_stealer.1261,malware,1,0.676,1,malware
com.swapcard.apps.android.irmeet,benign,0,0.788,1,malware
edu.synthetic.androzoo.malware.sms_otp_stealer.1517,malware,1,0.86,1,malware
moneytracker.expensetracker.budgetplanner.spendingtracker,malware,1,0.31,0,benign
com.droidcorp.magicaljigsawpuzzles,malware,1,0.77,1,malware
edu.synthetic.androzoo.malware.wallet_stealer.1114,malware,1,0.844,1,malware
edu.synthetic.androzoo.malware.wallet_stealer.1869,malware,1,0.824,1,malware
co.langlang.translator_for_wsp,benign,0,0.72,1,malware
edu.synthetic.androzoo.malware.spyware_surveillance.1336,malware,1,0.814,1,malware
ai.mybuddy.talkingflashcards_new,benign,0,0.356,0,benign
com.natewren.lightvoidfree,benign,0,0.472,0,benign
com.impp.forklift.driver.games,benign,0,0.422,0,benign
edu.synthetic.androzoo.malware.spyware_surveillance.0035,malware,1,0.836,1,malware
com.sg.free.prado.car.parking.games,benign,0,0.832,1,malware
com.appazur.chss,benign,0,0.876,1,malware
edu.synthetic.androzoo.malware.overlay_pin_stealer.0229,malware,1,0.842,1,malware
edu.synthetic.androzoo.malware.sms_otp_stealer.0984,malware,1,0.87,1,malware
edu.synthetic.androzoo.malware.banker_accessibility.0074,malware,1,0.818,1,malware
com.milleniumfmelectrodj.radio,benign,0,0.702,1,malware
edu.synthetic.androzoo.malware.banker_accessibility.1790,malware,1,0.864,1,malware
com.curatedplanet.client.ophorus.release,benign,0,0.47,0,benign
com.ripstone.flyhunter,malware,1,0.652,1,malware
edu.synthetic.androzoo.malware.overlay_pin_stealer.1489,malware,1,0.78,1,malware
com.enupgames.qp,benign,0,0.872,1,malware
edu.synthetic.androzoo.malware.spyware_surveillance.0509,malware,1,0.864,1,malware
com.wildlife.games.battle.royale.free.zooba,benign,0,0.506,1,malware
edu.synthetic.androzoo.malware.spyware_surveillance.1832,malware,1,0.812,1,malware
com.bladexdesigns.helpdesk,benign,0,0.43,0,benign
io.stockapp.starter,benign,0,0.568,1,malware
edu.synthetic.androzoo.malware.ransomware_locker.0373,malware,1,0.776,1,malware
edu.synthetic.androzoo.malware.banker_accessibility.0240,malware,1,0.856,1,malware
com.kidzian.binaryconverter,benign,0,0.176,0,benign
com.codebug.hindi.physics1,benign,0,0.664,1,malware
edu.synthetic.androzoo.malware.spyware_surveillance.0009,malware,1,0.794,1,malware
com.showclix.crowd,benign,0,0.7,1,malware
com.gigabyte.e7linecloud,benign,0,0.672,1,malware
com.webook.android,benign,0,0.768,1,malware
edu.synthetic.androzoo.malware.adware_clicker.0251,malware,1,0.728,1,malware
com.ea.emiratesauction,benign,0,0.078,0,benign
app.habitedge.chrono_cat,benign,0,0.74,1,malware
com.activtrades.app,benign,0,0.072,0,benign
com.hexin.plat.android.ZhongyuanSecurity,malware,1,1.0,1,malware
edu.synthetic.androzoo.malware.overlay_pin_stealer.1307,malware,1,0.78,1,malware
edu.synthetic.androzoo.malware.overlay_pin_stealer.0879,malware,1,0.748,1,malware
edu.synthetic.androzoo.malware.spyware_surveillance.1586,malware,1,0.834,1,malware
com.speed.svpn,malware,1,0.62,1,malware
app.rosario.it,benign,0,0.566,1,malware
edu.synthetic.androzoo.malware.spyware_surveillance.0396,malware,1,0.8,1,malware
com.alight.motion.preset,malware,1,0.14,0,benign
com.tempgame.mysteryexit,malware,1,0.874,1,malware
com.easi.customer,benign,0,0.648,1,malware
edu.synthetic.androzoo.malware.spyware_surveillance.1129,malware,1,0.806,1,malware
com.garhijp.Yokero,benign,0,1.0,1,malware
com.gears42.surelock,malware,1,0.636,1,malware
com.sanmao.threeupenglishpro,malware,1,1.0,1,malware
com.BloompixStudios.HouseOfTerrorVRFree,malware,1,0.868,1,malware
edu.synthetic.androzoo.malware.overlay_pin_stealer.1677,malware,1,0.866,1,malware
com.garda.gardaadc,benign,0,0.542,1,malware
com.app.punctualiti,benign,0,0.724,1,malware
edu.synthetic.androzoo.malware.wallet_stealer.1918,malware,1,0.88,1,malware
edu.synthetic.androzoo.malware.spyware_surveillance.1081,malware,1,0.75,1,malware
edu.synthetic.androzoo.malware.sms_otp_stealer.0886,malware,1,0.836,1,malware
org.stocktwits.android.activity,benign,0,0.138,0,benign
edu.synthetic.androzoo.malware.dropper_loader.1875,malware,1,0.726,1,malware
com.mcleansmartialarts.mcleans,benign,0,0.674,1,malware
br.com.inchurch.gochurch,benign,0,0.734,1,malware
edu.synthetic.androzoo.malware.spyware_surveillance.0152,malware,1,0.844,1,malware
com.greattimemusic.starmusic,benign,0,0.856,1,malware
mm.pndaza.atthakathanissaya,benign,0,0.914,1,malware
com.racing.racer.ly,malware,1,0.798,1,malware
edu.synthetic.androzoo.malware.ransomware_locker.0425,malware,1,0.784,1,malware
edu.synthetic.androzoo.malware.overlay_pin_stealer.0491,malware,1,0.844,1,malware
edu.synthetic.androzoo.malware.spyware_surveillance.0508,malware,1,0.786,1,malware
edu.synthetic.androzoo.malware.ransomware_locker.0080,malware,1,0.764,1,malware
com.mustafayigit.tabula,benign,0,0.836,1,malware
com.beautiful.wallpaper.backgrounds.interesting,malware,1,0.768,1,malware
edu.synthetic.androzoo.malware.spyware_surveillance.1319,malware,1,0.824,1,malware
edu.synthetic.androzoo.malware.overlay_pin_stealer.0625,malware,1,0.838,1,malware
free.Gps_Maps,benign,0,0.726,1,malware
com.bhadartech.saint_rita_novena,benign,0,0.916,1,malware
co.ninetynine.android,benign,0,0.194,0,benign
edu.synthetic.androzoo.malware.spyware_surveillance.0022,malware,1,0.83,1,malware
it.eolo.appeolo,benign,0,0.204,0,benign
com.softwareillusions.cashblaster,benign,0,1.0,1,malware
edu.synthetic.androzoo.malware.ransomware_locker.0168,malware,1,0.764,1,malware
edu.synthetic.androzoo.malware.spyware_surveillance.1478,malware,1,0.864,1,malware
edu.synthetic.androzoo.malware.dropper_loader.0139,malware,1,0.724,1,malware
com.trainerize.stephenholtfitness,benign,0,0.884,1,malware
com.writer.xzj,malware,1,0.272,0,benign
edu.synthetic.androzoo.malware.ransomware_locker.0405,malware,1,0.79,1,malware
edu.synthetic.androzoo.malware.banker_accessibility.0745,malware,1,0.864,1,malware
edu.synthetic.androzoo.malware.ransomware_locker.0545,malware,1,0.71,1,malware
edu.synthetic.androzoo.malware.spyware_surveillance.1907,malware,1,0.808,1,malware
com.my.xwenar1,malware,1,0.768,1,malware
com.pip.yxppp.yyh,malware,1,0.782,1,malware
com.aaron.grabredpacket,malware,1,0.644,1,malware
com.iok.childwordhan,malware,1,0.952,1,malware
com.responsivedata.anoviteprospector,benign,0,0.55,1,malware
edu.synthetic.androzoo.malware.wallet_stealer.1345,malware,1,0.84,1,malware
io.axip.inneralchemy,benign,0,0.778,1,malware
edu.synthetic.androzoo.malware.dropper_loader.1060,malware,1,0.734,1,malware
edu.synthetic.androzoo.malware.sms_otp_stealer.0151,malware,1,0.83,1,malware
neronovs.urlplayer,benign,0,0.618,1,malware
com.linj,malware,1,0.106,0,benign
de.ndr.app.ndrhh,benign,0,0.626,1,malware
com.fireworkcreator,benign,0,0.768,1,malware
com.theheyyapp,benign,0,0.846,1,malware
com.nuqiapp.mayzallari,benign,0,0.572,1,malware
edu.synthetic.androzoo.malware.spyware_surveillance.1783,malware,1,0.82,1,malware
kr.neolab.edu.collector,benign,0,0.36,0,benign
com.sigmasport.ebikeapp,benign,0,0.872,1,malware
com.fromsolvers.r10,benign,0,0.788,1,malware
edu.synthetic.androzoo.malware.ransomware_locker.1461,malware,1,0.784,1,malware
edu.synthetic.androzoo.malware.banker_accessibility.0989,malware,1,0.854,1,malware
edu.synthetic.androzoo.malware.wallet_stealer.1900,malware,1,0.876,1,malware
edu.synthetic.androzoo.malware.overlay_pin_stealer.0339,malware,1,0.852,1,malware
com.bravolang.portuguese,malware,1,0.896,1,malware
com.sino_net.cits,malware,1,0.896,1,malware
edu.synthetic.androzoo.malware.overlay_pin_stealer.1301,malware,1,0.824,1,malware
edu.synthetic.androzoo.malware.overlay_pin_stealer.1812,malware,1,0.882,1,malware
edu.synthetic.androzoo.malware.dropper_loader.1632,malware,1,0.748,1,malware
com.guazi.android.chesupai,malware,1,0.29,0,benign
com.missu.bill,malware,1,0.802,1,malware
gta.grandtheftauto.five.crime,benign,0,0.816,1,malware
edu.synthetic.androzoo.malware.wallet_stealer.0875,malware,1,0.856,1,malware
edu.synthetic.androzoo.malware.ransomware_locker.0192,malware,1,0.736,1,malware
com.workvivo.android,benign,0,0.566,1,malware
jp.foresta.dojo.math.pro,benign,0,0.168,0,benign
edu.synthetic.androzoo.malware.banker_accessibility.1506,malware,1,0.82,1,malware
fr.coopcycle.lcr,benign,0,0.752,1,malware
jp.co.lavan7.gakupuri_android,benign,0,0.47,0,benign
en.lt.bestdict,benign,0,0.924,1,malware
com.Upperpik.HairChallenge,benign,0,0.4,0,benign
com.GoblinStudio.L4KApp,benign,0,0.63,1,malware
com.homeMenu,malware,1,0.758,1,malware
com.microsoft.windowsintune.companyportal,benign,0,0.648,1,malware
edu.synthetic.androzoo.malware.banker_accessibility.1153,malware,1,0.894,1,malware
dto.ee.barprephero.genius,benign,0,0.878,1,malware
edu.synthetic.androzoo.malware.spyware_surveillance.0799,malware,1,0.83,1,malware
no.nettavisen.phonegap.na,benign,0,0.072,0,benign
com.mobilepcmonitor,benign,0,0.468,0,benign
edu.synthetic.androzoo.malware.spyware_surveillance.1291,malware,1,0.884,1,malware
com.tyou.daizhu,malware,1,0.838,1,malware
ch.ringier.beobachter,benign,0,0.25,0,benign
com.simlabstudio.thief.simulator,malware,1,0.428,0,benign
com.haichuan.wjzb.yyh,malware,1,0.642,1,malware
com.wireguard.android,benign,0,0.282,0,benign
edu.synthetic.androzoo.malware.dropper_loader.0262,malware,1,0.72,1,malware
edu.synthetic.androzoo.malware.overlay_pin_stealer.1067,malware,1,0.874,1,malware
io.liaopin.NI2DD730B,malware,1,0.75,1,malware
com.ludoy.colorhole,malware,1,0.846,1,malware
com.thumbtel.anothernumber,malware,1,0.56,1,malware
nl.trackitt.app,benign,0,0.586,1,malware
edu.synthetic.androzoo.malware.ransomware_locker.0380,malware,1,0.764,1,malware
com.awcc.asan,benign,0,0.634,1,malware
com.gff.car.transport.cargo.plane,malware,1,0.948,1,malware
com.efulife.customer,benign,0,0.802,1,malware
com.hubby.esim,benign,0,0.89,1,malware
com.fungames.flightpilot,benign,0,0.74,1,malware
com.uniriho.szt,malware,1,0.804,1,malware
com.sg.spinner.merge.fight,benign,0,0.686,1,malware
edu.synthetic.androzoo.malware.overlay_pin_stealer.1367,malware,1,0.872,1,malware
com.uniforest.connect,benign,0,0.608,1,malware
edu.synthetic.androzoo.malware.overlay_pin_stealer.0359,malware,1,0.736,1,malware
edu.synthetic.androzoo.malware.wallet_stealer.0711,malware,1,0.86,1,malware
com.kddglm.xjl,malware,1,0.812,1,malware
com.exeysoft.mathcalculator,benign,0,0.794,1,malware
edu.synthetic.androzoo.malware.dropper_loader.0539,malware,1,0.812,1,malware
sudoku.puzzle.free.game.brain,benign,0,0.858,1,malware
edu.synthetic.androzoo.malware.banker_accessibility.1525,malware,1,0.778,1,malware
hr.hac.enc_mobile,benign,0,0.826,1,malware
com.sinyee.babybus.foodstuff,malware,1,0.47,0,benign
edu.synthetic.androzoo.malware.sms_otp_stealer.1334,malware,1,0.84,1,malware
edu.synthetic.androzoo.malware.overlay_pin_stealer.0124,malware,1,0.834,1,malware
co.davos.mathme,benign,0,0.562,1,malware
com.fornetjob.neonballs,benign,0,0.568,1,malware
com.relax.wordsearch,benign,0,0.914,1,malware
com.nexmachina.grupsoletict,benign,0,0.684,1,malware
com.aduro.amp,benign,0,0.808,1,malware
com.examin8.exam,benign,0,0.062,0,benign
edu.synthetic.androzoo.malware.sms_otp_stealer.0753,malware,1,0.844,1,malware
webviewgold.iTipFooty,benign,0,0.648,1,malware
ru.simple.wine,benign,0,0.882,1,malware
com.nsd.mysteryOfFortune,malware,1,0.802,1,malware
com.utec.utec,malware,1,0.056,0,benign
com.tidemedia.bozhou,malware,1,1.0,1,malware
com.ledpixelart.piledriver,benign,0,0.13,0,benign
com.hazratferozmemon,benign,0,0.444,0,benign
com.kahunas.io.OsborneCoaching,benign,0,0.64,1,malware
com.pdf.reader.pdfviewer.pdfeditor.forandroid,benign,0,0.358,0,benign
com.Edugamus.CityPatrol,benign,0,0.19,0,benign
com.fywork.ballwa,malware,1,0.98,1,malware
com.iphigenie,benign,0,0.83,1,malware
com.happybirthdaysms.happybirthdaysms,malware,1,0.17,0,benign
com.app.mycatholiclifeinc,benign,0,0.758,1,malware
com.coolandroidappzfree.freesudoku,benign,0,0.14,0,benign
li.mmc.app,benign,0,0.546,1,malware
com.ggxfj.frog,malware,1,0.51,1,malware
com.boltrend.castleburn.nesh,malware,1,0.922,1,malware
edu.synthetic.androzoo.malware.wallet_stealer.0165,malware,1,0.858,1,malware
com.jeffreytht.gobblet,benign,0,0.714,1,malware
com.studdywise,benign,0,0.274,0,benign
jp.digitallab.kawachi,benign,0,0.626,1,malware
com.youdao.translator,malware,1,0.76,1,malware
com.pvp_online.naval.warship.tactics,benign,0,0.734,1,malware
edu.synthetic.androzoo.malware.banker_accessibility.0937,malware,1,0.818,1,malware
edu.synthetic.androzoo.malware.wallet_stealer.0024,malware,1,0.862,1,malware
edu.synthetic.androzoo.malware.banker_accessibility.1476,malware,1,0.792,1,malware
edu.synthetic.androzoo.malware.ransomware_locker.0620,malware,1,0.776,1,malware
com.activecampaign.androidcrm,benign,0,0.272,0,benign
ai.plaud.android.plaud,benign,0,0.872,1,malware
edu.synthetic.androzoo.malware.banker_accessibility.1604,malware,1,0.85,1,malware
com.flighthub.app,benign,0,0.848,1,malware
nc.zygo.taxi.passenger,benign,0,0.1,0,benign
com.youvisit.hybridvr59971,malware,1,0.616,1,malware
edu.synthetic.androzoo.malware.spyware_surveillance.1933,malware,1,0.844,1,malware
com.stb.v2,benign,0,0.758,1,malware
com.entrolabs.ncdap,benign,0,0.694,1,malware
edu.synthetic.androzoo.malware.adware_clicker.0587,malware,1,0.648,1,malware
edu.synthetic.androzoo.malware.banker_accessibility.0049,malware,1,0.904,1,malware
com.PAglosario,benign,0,0.754,1,malware
com.eni.communication,benign,0,0.13,0,benign
com.sportq.fit,malware,1,0.862,1,malware
edu.synthetic.androzoo.malware.dropper_loader.0495,malware,1,0.7,1,malware
io.flic.app,benign,0,0.508,1,malware
edu.synthetic.androzoo.malware.banker_accessibility.1655,malware,1,0.86,1,malware
com.aura.suite,malware,1,0.04,0,benign
edu.synthetic.androzoo.malware.adware_clicker.0145,malware,1,0.758,1,malware
edu.synthetic.androzoo.malware.sms_otp_stealer.0541,malware,1,0.824,1,malware
com.longkoo.fighter,malware,1,0.834,1,malware
edu.synthetic.androzoo.malware.dropper_loader.0836,malware,1,0.768,1,malware
com.next.nlp.stemfield,benign,0,0.148,0,benign
edu.synthetic.androzoo.malware.banker_accessibility.0716,malware,1,0.794,1,malware
com.grunkr.gravitylockscreen,malware,1,0.744,1,malware
com.zamplus.marathonsh,malware,1,0.474,0,benign
jp.go.kunaicho.iha,benign,0,0.852,1,malware
com.sega.ColorfulStage.en,benign,0,0.608,1,malware
edu.synthetic.androzoo.malware.spyware_surveillance.1521,malware,1,0.758,1,malware
edu.synthetic.androzoo.malware.ransomware_locker.1631,malware,1,0.746,1,malware
edu.synthetic.androzoo.malware.banker_accessibility.0943,malware,1,0.86,1,malware
com.styleseat.promobile,benign,0,0.674,1,malware
edu.synthetic.androzoo.malware.sms_otp_stealer.1375,malware,1,0.77,1,malware
edu.synthetic.androzoo.malware.banker_accessibility.1091,malware,1,0.802,1,malware
edu.synthetic.androzoo.malware.ransomware_locker.1242,malware,1,0.778,1,malware
com.ai.womendrag,malware,1,0.062,0,benign
com.card.carddiary,malware,1,0.456,0,benign
com.simpfect.mrsilver.easyklassmember,benign,0,0.224,0,benign
com.ubestkid.collection.a,malware,1,0.992,1,malware
digifit.android.virtuagym.pro.ywcaofasheville,benign,0,0.852,1,malware
edu.synthetic.androzoo.malware.spyware_surveillance.0116,malware,1,0.828,1,malware
com.appeasybuild.apps6093bab1a04b5,benign,0,0.818,1,malware
uk.co.newsquest.dorsetecho,benign,0,0.318,0,benign
com.subsplashconsulting.s_S9QW82,benign,0,0.194,0,benign
com.grandgames.carmatch,benign,0,0.3,0,benign
com.mnightt.slices,benign,0,0.386,0,benign
edu.synthetic.androzoo.malware.overlay_pin_stealer.1442,malware,1,0.892,1,malware
com.myunitel.activities,benign,0,0.116,0,benign
com.guidebook.apps.IES.android,benign,0,0.81,1,malware
edu.synthetic.androzoo.malware.overlay_pin_stealer.0968,malware,1,0.838,1,malware
edu.synthetic.androzoo.malware.spyware_surveillance.1650,malware,1,0.798,1,malware
edu.synthetic.androzoo.malware.overlay_pin_stealer.1076,malware,1,0.872,1,malware
com.yizhilu.caidiantong,malware,1,0.582,1,malware
com.pheaa.mobile.aspire,benign,0,0.728,1,malware
org.pattersonclippers.pattersonapp,malware,1,0.164,0,benign
com.eztcn.user,malware,1,0.738,1,malware
edu.synthetic.androzoo.malware.spyware_surveillance.1064,malware,1,0.846,1,malware
goldensoft.com.goldenpedidos,benign,0,0.452,0,benign
com.expertsuggestion.percentagecalculator,benign,0,0.626,1,malware
jp.pya.tenten.app.minuterogue,benign,0,0.108,0,benign
sharedesk.net.optixapp.launchcowork,benign,0,0.402,0,benign
com.TarterStudio.MRIProtocolosdeResonancia,benign,0,0.16,0,benign
com.rajgrowup.djmusicmixer,benign,0,0.04,0,benign
com.mysticmobileapps.terrain.radar,benign,0,0.188,0,benign
com.free.ttdj,malware,1,0.47,0,benign
com.CSswankychicboutique.android,benign,0,0.4,0,benign
com.eduven.cc.italian,benign,0,0.09,0,benign
edu.synthetic.androzoo.malware.dropper_loader.1452,malware,1,0.728,1,malware
fr.gestionsports.dijonpadel,benign,0,0.462,0,benign
com.thepattern.app,benign,0,0.696,1,malware
com.sobrr.agnes,benign,0,0.784,1,malware
com.coeursoft.bbdeathpitch,benign,0,0.62,1,malware
com.champapps.gtp,benign,0,0.78,1,malware
edu.synthetic.androzoo.malware.adware_clicker.0722,malware,1,0.84,1,malware
nl.speakap.linda,benign,0,0.352,0,benign
edu.synthetic.androzoo.malware.sms_otp_stealer.1136,malware,1,0.724,1,malware
com.groupebayard.prionseneglise.iphone,benign,0,0.342,0,benign
com.aljazeera.mobile,benign,0,0.774,1,malware
edu.synthetic.androzoo.malware.banker_accessibility.0289,malware,1,0.872,1,malware
com.dailyworkhoroscopes.net,benign,0,0.682,1,malware
br.com.controlezootecnico.lactalis,benign,0,0.174,0,benign
edu.synthetic.androzoo.malware.wallet_stealer.0815,malware,1,0.868,1,malware
com.play.merge.restyle,benign,0,0.676,1,malware
com.rainbow.shreecarpenter,benign,0,0.434,0,benign
com.saubcy.games.puzzle.Palm,malware,1,0.538,1,malware
com.moov.jets.sharingapp2,benign,0,0.8,1,malware
com.easytor.ohadshemesh,benign,0,0.718,1,malware
edu.synthetic.androzoo.malware.wallet_stealer.1898,malware,1,0.842,1,malware
com.sug3rs.manypaper,malware,1,0.682,1,malware
com.huaban.android,malware,1,0.774,1,malware
com.google.android.youtube,benign,0,0.678,1,malware
com.apptegy.centralca,benign,0,0.338,0,benign
com.hiwell,benign,0,0.388,0,benign
com.swissborg.android,benign,0,0.878,1,malware
edu.synthetic.androzoo.malware.banker_accessibility.0812,malware,1,0.814,1,malware
edu.synthetic.androzoo.malware.dropper_loader.0896,malware,1,0.738,1,malware
com.nznlabs.litpro_mx,benign,0,0.838,1,malware
com.melodygames.royaldreamindianwedding,benign,0,0.846,1,malware
de.geos.app,benign,0,0.772,1,malware
com.app.goldnlilies,benign,0,0.772,1,malware
edu.synthetic.androzoo.malware.spyware_surveillance.0379,malware,1,0.816,1,malware
ak.christmasshooter,malware,1,0.434,0,benign
com.playspare.pizzarestaurant,malware,1,0.572,1,malware
edu.synthetic.androzoo.malware.overlay_pin_stealer.1168,malware,1,0.766,1,malware
it.bigstudio.bigstudio3,malware,1,0.532,1,malware
com.trexit.trexedia,benign,0,0.73,1,malware
edu.synthetic.androzoo.malware.adware_clicker.0645,malware,1,0.812,1,malware
com.chief.mobile,benign,0,0.57,1,malware
com.vs.mena,benign,0,0.628,1,malware
com.berrycomm.smarthome,benign,0,0.126,0,benign
com.tocaboca.tocamini,malware,1,0.59,1,malware
edu.synthetic.androzoo.malware.wallet_stealer.1356,malware,1,0.876,1,malware
com.gotoup.amenhelper,malware,1,0.214,0,benign
com.dongbao.ygzj,malware,1,0.526,1,malware
com.subsplashconsulting.s_G5V9SS,benign,0,0.172,0,benign
edu.synthetic.androzoo.malware.sms_otp_stealer.0382,malware,1,0.726,1,malware
edu.synthetic.androzoo.malware.overlay_pin_stealer.1823,malware,1,0.846,1,malware
com.sybirex.wingoplan,benign,0,0.26,0,benign
edu.synthetic.androzoo.malware.dropper_loader.1077,malware,1,0.746,1,malware
jp.co.machicomi,benign,0,0.958,1,malware
com.upperpik.beadtoyasmr,benign,0,0.222,0,benign
com.ebsig.shop,malware,1,1.0,1,malware
com.sxb.answer.activity,malware,1,0.906,1,malware
com.twitter.videodownload.videodownloaderfortwitter,benign,0,0.838,1,malware
com.motionmetrics.carv,benign,0,0.898,1,malware
edu.synthetic.androzoo.malware.banker_accessibility.0307,malware,1,0.818,1,malware
edu.synthetic.androzoo.malware.banker_accessibility.1087,malware,1,0.862,1,malware
com.ghs.sortpuz.bottle.game,benign,0,0.34,0,benign
edu.synthetic.androzoo.malware.ransomware_locker.1679,malware,1,0.734,1,malware
com.trainerize.noahlyftsfitness,benign,0,0.684,1,malware
com.hexun.caidaopro,malware,1,0.818,1,malware
edu.synthetic.androzoo.malware.ransomware_locker.1378,malware,1,0.756,1,malware
edu.synthetic.androzoo.malware.wallet_stealer.0976,malware,1,0.856,1,malware
zeljkoa.games.planetdrop,malware,1,0.952,1,malware
com.padeldev.stat,benign,0,0.388,0,benign
com.phone.contact.call.phonecontact,malware,1,0.316,0,benign
kr.ninth.sol2,benign,0,0.698,1,malware
edu.synthetic.androzoo.malware.adware_clicker.0216,malware,1,0.814,1,malware
com.cosentino.cconnect,benign,0,0.3,0,benign
com.pixplus.ali,malware,1,0.776,1,malware
com.equipmentgroup.AlignerSX1,benign,0,0.456,0,benign
com.fubar.mobile,benign,0,0.558,1,malware
com.silky.apps.gold.lock,benign,0,0.172,0,benign
edu.synthetic.androzoo.malware.adware_clicker.1231,malware,1,0.722,1,malware
edu.synthetic.androzoo.malware.dropper_loader.1784,malware,1,0.772,1,malware
org.cocos2dx.LittleBattle,malware,1,0.982,1,malware
com.anbe.app,benign,0,0.8,1,malware
com.garantiemeklilik.cepsube,benign,0,0.4,0,benign
com.nampadesign.train,benign,0,0.22,0,benign
edu.synthetic.androzoo.malware.overlay_pin_stealer.0377,malware,1,0.854,1,malware
edu.synthetic.androzoo.malware.spyware_surveillance.0729,malware,1,0.81,1,malware
edu.synthetic.androzoo.malware.sms_otp_stealer.1311,malware,1,0.736,1,malware
com.onaliro.mpa,benign,0,0.942,1,malware
teletalk.teletalkcustomerapp,benign,0,0.116,0,benign
edu.synthetic.androzoo.malware.dropper_loader.1636,malware,1,0.692,1,malware
au.com.cheq,benign,0,0.666,1,malware
com.zanaxu.wordcounter,benign,0,0.832,1,malware
com.mogo.shuiguollk,malware,1,0.938,1,malware
jp.co.iyobank.dhdl.safety.playstore,benign,0,0.734,1,malware
ae.silal.fms,benign,0,0.882,1,malware
edu.synthetic.androzoo.malware.overlay_pin_stealer.0065,malware,1,0.786,1,malware
com.apptegy.ocostawa,benign,0,0.204,0,benign
jp.co.welpjob,benign,0,0.168,0,benign
edu.synthetic.androzoo.malware.sms_otp_stealer.1905,malware,1,0.872,1,malware
com.funiza.poolstrikeoffline,benign,0,0.566,1,malware
com.citizenobserver.wildtipnc,benign,0,0.696,1,malware
com.game168.gameofmafia,benign,0,0.768,1,malware
com.vanceandhines.fp4,benign,0,0.408,0,benign
com.shubhlaxmi.option.stoploss.target,malware,1,0.644,1,malware
com.epay.wallet.epmm,benign,0,0.726,1,malware
gr.delhaize,benign,0,0.79,1,malware
com.brewgames.coinmatch,benign,0,0.82,1,malware
bd.com.upay.customer,malware,1,0.26,0,benign
com.qiuwen.android,malware,1,0.526,1,malware
com.getgarner.app,benign,0,0.802,1,malware
com.goodapp.camera,malware,1,0.944,1,malware
com.resetfitness.tribe,benign,0,0.716,1,malware
com.huazhenginfo.HZDailyqd,malware,1,0.53,1,malware
edu.synthetic.androzoo.malware.dropper_loader.1178,malware,1,0.782,1,malware
com.subsplashconsulting.s_859K4B,benign,0,0.168,0,benign
edu.synthetic.androzoo.malware.overlay_pin_stealer.1852,malware,1,0.838,1,malware
edu.synthetic.androzoo.malware.spyware_surveillance.1234,malware,1,0.792,1,malware
com.attack.longlegs.yyh,malware,1,0.688,1,malware
com.venusjewel,benign,0,0.838,1,malware
edu.synthetic.androzoo.malware.banker_accessibility.0044,malware,1,0.822,1,malware
com.chillnstudy.enhu,benign,0,0.316,0,benign
edu.synthetic.androzoo.malware.spyware_surveillance.1296,malware,1,0.826,1,malware
projet824.menorah,benign,0,0.914,1,malware
edu.synthetic.androzoo.malware.overlay_pin_stealer.0410,malware,1,0.874,1,malware
edu.synthetic.androzoo.malware.banker_accessibility.1910,malware,1,0.876,1,malware
edu.synthetic.androzoo.malware.banker_accessibility.1865,malware,1,0.838,1,malware
edu.synthetic.androzoo.malware.overlay_pin_stealer.1128,malware,1,0.856,1,malware
mn.zerotech.boostibev1,benign,0,0.878,1,malware
com.cyta.selfcare,benign,0,0.098,0,benign
com.scsoft.maldivesrtl,benign,0,0.866,1,malware
com.quitoque,benign,0,0.872,1,malware
com.Prompt.MuApp,benign,0,0.588,1,malware
edu.synthetic.androzoo.malware.ransomware_locker.1054,malware,1,0.796,1,malware
keikyu.kq_app,benign,0,0.826,1,malware
edu.synthetic.androzoo.malware.sms_otp_stealer.0797,malware,1,0.794,1,malware
com.sibisoft.lakemoni,benign,0,0.164,0,benign
com.tinmanarts.IWantToWatchTVPhone,malware,1,0.944,1,malware
net.meshkorea.vroongfriends,benign,0,0.194,0,benign
au.com.digivista.wordpipes,benign,0,0.65,1,malware
com.csasecurity.app,benign,0,0.88,1,malware
com.Radyoye.Kurdi,benign,0,0.082,0,benign
com.hrs.decibelmobilesolution,malware,1,0.1,0,benign
edu.synthetic.androzoo.malware.ransomware_locker.1678,malware,1,0.776,1,malware
com.openworld.carsimulatorct,benign,0,0.53,1,malware
com.simyasolutions.ling,benign,0,0.29,0,benign
cc.sidi.SigmaScript,benign,0,0.786,1,malware
edu.synthetic.androzoo.malware.overlay_pin_stealer.1571,malware,1,0.856,1,malware
com.canva.editor,benign,0,0.128,0,benign
edu.synthetic.androzoo.malware.ransomware_locker.0388,malware,1,0.748,1,malware
linguado.com.linguado,benign,0,0.11,0,benign
lsh.nzcp4,malware,1,0.926,1,malware
edu.synthetic.androzoo.malware.dropper_loader.0173,malware,1,0.718,1,malware
com.autobid.val,benign,0,0.764,1,malware
com.gps.routefinder.livetraffic.map,benign,0,0.41,0,benign
com.razzlepuzzles.dotconnect,benign,0,0.184,0,benign
io.mediaworks.android.dnevnohr,benign,0,0.872,1,malware
com.luckystargame.funbigtwo,malware,1,0.896,1,malware
edu.synthetic.androzoo.malware.banker_accessibility.0413,malware,1,0.87,1,malware
com.bridgebase.BridgeBase,benign,0,0.268,0,benign
com.shuiyinbao.android,malware,1,0.91,1,malware
com.BloonClicker.playgameservices,benign,0,0.896,1,malware
com.eflasoft.fradeufree,benign,0,0.658,1,malware
edu.synthetic.androzoo.malware.overlay_pin_stealer.0272,malware,1,0.848,1,malware
com.zonedeliveryservicerider,benign,0,0.174,0,benign
edu.synthetic.androzoo.malware.sms_otp_stealer.1068,malware,1,0.778,1,malware
com.babe.bliss.studio.Kids.Fun.Car.Repair.Race.Game,benign,0,0.712,1,malware
water.drink.reminder.tracker,benign,0,0.864,1,malware
edu.synthetic.androzoo.malware.dropper_loader.0843,malware,1,0.78,1,malware
net.hanulsoft.nenc,benign,0,0.59,1,malware
com.mywidz.mwp.hb.app.di.android,benign,0,0.752,1,malware
com.cleverapps.adventure,benign,0,0.084,0,benign
edu.synthetic.androzoo.malware.spyware_surveillance.0939,malware,1,0.884,1,malware
fi.digilehdet,benign,0,0.62,1,malware
com.recode.pregis,benign,0,0.808,1,malware
com.bongopharma.bd,malware,1,0.626,1,malware
edu.synthetic.androzoo.malware.banker_accessibility.0640,malware,1,0.874,1,malware
com.bookmyartist.app,benign,0,0.868,1,malware
edu.synthetic.androzoo.malware.overlay_pin_stealer.1373,malware,1,0.884,1,malware
com.ovuline.fertility,benign,0,0.728,1,malware
appsolutions.HMT,benign,0,0.756,1,malware
com.fibrum.froggyvr,malware,1,0.782,1,malware
edu.synthetic.androzoo.malware.overlay_pin_stealer.0525,malware,1,0.874,1,malware
com.yango.driver.beta,benign,0,0.77,1,malware
com.dii.demosphere.prod,benign,0,0.518,1,malware
com.economicview.jingwei,malware,1,0.824,1,malware
edu.synthetic.androzoo.malware.adware_clicker.0102,malware,1,0.8,1,malware
edu.synthetic.androzoo.malware.spyware_surveillance.0723,malware,1,0.832,1,malware
com.asngames.basketballdunkgame,malware,1,0.886,1,malware
com.everysing.lysn,benign,0,1.0,1,malware
com.bol.shop,benign,0,0.066,0,benign
edu.synthetic.androzoo.malware.overlay_pin_stealer.1915,malware,1,0.844,1,malware
edu.synthetic.androzoo.malware.dropper_loader.1499,malware,1,0.76,1,malware
edu.synthetic.androzoo.malware.dropper_loader.1675,malware,1,0.744,1,malware
tr.turkgram.messenger,benign,0,0.74,1,malware
com.ca.ppm.mobile.v1,benign,0,0.688,1,malware
tv.uscreen.haumyoga,benign,0,0.998,1,malware
com.bulkypix.wiredefuser,malware,1,0.934,1,malware
com.ogemary.smarthome,malware,1,0.704,1,malware
com.aimo.quin.colibri,benign,0,0.434,0,benign
com.bardovpn,malware,1,0.518,1,malware
game.brain.games.iq.test.brain.test.teasers,benign,0,0.148,0,benign
com.tree.dayleft,benign,0,0.478,0,benign
com.wyt.iexuetang.hd.gs,malware,1,0.552,1,malware
com.nexudusspaces.theshop,benign,0,0.642,1,malware
edu.synthetic.androzoo.malware.dropper_loader.1609,malware,1,0.716,1,malware
com.es.mengmobile.yyh,malware,1,0.978,1,malware
com.getnotion.android,benign,0,0.878,1,malware
ie.uniquepublishing.limericketss,benign,0,0.366,0,benign
org.lestuck.mobile,benign,0,0.86,1,malware
com.cjol,malware,1,0.194,0,benign
com.star.laogh.qiuqian,malware,1,0.928,1,malware
edu.synthetic.androzoo.malware.spyware_surveillance.0872,malware,1,0.75,1,malware
website.lookandfindapp.app,benign,0,0.898,1,malware
com.zhihui.chinese,malware,1,0.086,0,benign
edu.synthetic.androzoo.malware.banker_accessibility.1747,malware,1,0.804,1,malware
com.melesta.coffeeshop,benign,0,0.042,0,benign
com.risingapps.photoenhancer,benign,0,0.526,1,malware
io.sequr,benign,0,0.88,1,malware
edu.synthetic.androzoo.malware.overlay_pin_stealer.0862,malware,1,0.794,1,malware
com.subsplashconsulting.s_7BFPKG,benign,0,0.254,0,benign
apps.muslim_musafir_khana,benign,0,0.636,1,malware
feather.notes,malware,1,0.418,0,benign
com.wzhx.mobile.sgbxdw,malware,1,0.912,1,malware
app.outsystems.ipppooling.PalletHero,benign,0,0.756,1,malware
com.toccata.games.cannonman,malware,1,0.942,1,malware
edu.synthetic.androzoo.malware.spyware_surveillance.1507,malware,1,0.892,1,malware
edu.synthetic.androzoo.malware.banker_accessibility.0114,malware,1,0.888,1,malware
cn.com.drivedu.chexuetang,malware,1,0.844,1,malware
edu.synthetic.androzoo.malware.wallet_stealer.0051,malware,1,0.868,1,malware
ru.frolovvv.asd,benign,0,0.08,0,benign
edu.synthetic.androzoo.malware.spyware_surveillance.0561,malware,1,0.848,1,malware
com.esiwei.yyasianshop,malware,1,0.82,1,malware
edu.synthetic.androzoo.malware.overlay_pin_stealer.1412,malware,1,0.874,1,malware
com.magicapp.keepclean.phonebooster,malware,1,0.822,1,malware
edu.synthetic.androzoo.malware.spyware_surveillance.1284,malware,1,0.826,1,malware
com.clowngames.mobgio.st,malware,1,0.94,1,malware
com.colanotes.android,malware,1,0.612,1,malware
com.bananaapps.kidapps.cowboys.contourdots.free,malware,1,0.934,1,malware
edu.synthetic.androzoo.malware.spyware_surveillance.0774,malware,1,0.844,1,malware
com.appslab.blackgospelradio,benign,0,0.172,0,benign
edu.synthetic.androzoo.malware.banker_accessibility.0914,malware,1,0.848,1,malware
com.babbel.mobile.android.en,benign,0,0.302,0,benign
pro.bacca.uralairlines,benign,0,0.628,1,malware
edu.synthetic.androzoo.malware.spyware_surveillance.1853,malware,1,0.834,1,malware
edu.synthetic.androzoo.malware.overlay_pin_stealer.0586,malware,1,0.856,1,malware
com.style_7.lightanalogclocklw_7,benign,0,0.704,1,malware
edu.synthetic.androzoo.malware.overlay_pin_stealer.1719,malware,1,0.888,1,malware
com.rym.door,benign,0,0.878,1,malware
com.poetry.fk.cm,malware,1,0.976,1,malware
com.zjlandm.indkuang,malware,1,1.0,1,malware
ru.nexttehnika.sos112ru.wrtc,benign,0,0.65,1,malware
com.nelliemaevip.android,benign,0,0.62,1,malware
com.bithack.apparatus.st,malware,1,0.85,1,malware
edu.synthetic.androzoo.malware.spyware_surveillance.1623,malware,1,0.832,1,malware
com.pfhcard.production,benign,0,0.804,1,malware
kr.co.smartskin.sseoqkr7,benign,0,0.864,1,malware
com.napoleon.bookoffate,benign,0,0.634,1,malware
com.antpool.app.android,benign,0,0.756,1,malware
com.topnewgames.car.parking.game.free,benign,0,0.546,1,malware
com.kick.wild.lion.attack,malware,1,0.334,0,benign
com.tappocket.dragonvillage,benign,0,0.834,1,malware
com.thefishing.hawaii,benign,0,0.344,0,benign
com.tippingcanoe.pepperpl,benign,0,0.236,0,benign
edu.synthetic.androzoo.malware.dropper_loader.0760,malware,1,0.746,1,malware
tech.jm,benign,0,0.162,0,benign
com.florasense,benign,0,0.14,0,benign
com.mse.monumentalnetworks,benign,0,0.06,0,benign
com.isharing.isharing,benign,0,0.168,0,benign
br.com.inchurch.pazchurchguaratuba,benign,0,0.858,1,malware
dk.klaravik.app,benign,0,0.788,1,malware
edu.synthetic.androzoo.malware.adware_clicker.1122,malware,1,0.754,1,malware
com.rvappstudios.tile.connect.link.puzzle.game,benign,0,0.842,1,malware
com.moblin.israeltrain,benign,0,0.732,1,malware
com.emcan.emarat,benign,0,0.24,0,benign
se.svd.start,benign,0,0.056,0,benign
com.tplink.omada,benign,0,0.776,1,malware
com.bssys.mbcphone.akbars,benign,0,0.71,1,malware
com.morega.ldsg,malware,1,0.816,1,malware
com.guidebook.apps.uos.android,benign,0,0.802,1,malware
ru.DmitryLomakin.ReanimationInc.yg,malware,1,0.882,1,malware
com.renderedideas.idlefarmingtycoon,benign,0,0.24,0,benign
com.walainteractive.roshambodash,benign,0,0.158,0,benign
edu.synthetic.androzoo.malware.dropper_loader.1127,malware,1,0.758,1,malware
com.subsplashconsulting.s_983JH4,benign,0,0.174,0,benign
edu.synthetic.androzoo.malware.spyware_surveillance.1683,malware,1,0.852,1,malware
com.infra.jkgb,benign,0,0.39,0,benign
edu.synthetic.androzoo.malware.adware_clicker.1524,malware,1,0.806,1,malware
com.qumu.viewer,benign,0,0.312,0,benign
com.mobirix.jp.bubblebobble1,benign,0,0.46,0,benign
com.neighbors.darkriddle,benign,0,0.94,1,malware
com.subsplashconsulting.s_HBP7KC,benign,0,0.412,0,benign
com.wave.lalkar,benign,0,0.486,0,benign
com.helplove.shbf,malware,1,0.904,1,malware
net.nijigen_chat,benign,0,0.872,1,malware
com.estgames.cm.jp,benign,0,0.21,0,benign
io.iftech.android.box,malware,1,0.386,0,benign
edu.synthetic.androzoo.malware.ransomware_locker.1185,malware,1,0.82,1,malware
com.wanmeizhensuo.zhensuo,malware,1,0.672,1,malware
com.yulin.VertexVerveInc.Games,malware,1,0.824,1,malware
org.fcbh.xalibt.n2.n,benign,0,0.704,1,malware
edu.synthetic.androzoo.malware.overlay_pin_stealer.1396,malware,1,0.872,1,malware
edu.synthetic.androzoo.malware.overlay_pin_stealer.1402,malware,1,0.908,1,malware
com.my6.android,benign,0,0.208,0,benign
com.mike.gifmaker,benign,0,0.81,1,malware
com.shici,malware,1,0.77,1,malware
edu.synthetic.androzoo.malware.overlay_pin_stealer.0221,malware,1,0.856,1,malware
edu.synthetic.androzoo.malware.dropper_loader.0867,malware,1,0.774,1,malware
com.thuanlumi.gentlesunny,benign,0,0.796,1,malware
pl.netigen.perfect.bouzouki.tuner,benign,0,0.882,1,malware
edu.synthetic.androzoo.malware.wallet_stealer.0878,malware,1,0.832,1,malware
py.com.sudameris,benign,0,0.204,0,benign
com.sice_app,benign,0,0.338,0,benign
com.cloudtech.weatherradar,malware,1,0.966,1,malware
com.nikinorm.gus,benign,0,0.634,1,malware
edu.synthetic.androzoo.malware.spyware_surveillance.0246,malware,1,0.772,1,malware
jp.app.flipit,benign,0,0.288,0,benign
edu.synthetic.androzoo.malware.banker_accessibility.1040,malware,1,0.902,1,malware
edu.synthetic.androzoo.malware.overlay_pin_stealer.1292,malware,1,0.78,1,malware
com.loopdfs.consumer,malware,1,0.968,1,malware
edu.synthetic.androzoo.malware.wallet_stealer.0472,malware,1,0.872,1,malware
com.cellit.cellitnews.wset,benign,0,0.216,0,benign
edu.synthetic.androzoo.malware.overlay_pin_stealer.1245,malware,1,0.826,1,malware
com.nahdi.main,benign,0,0.766,1,malware
com.xd_geospatial.andorra,benign,0,0.664,1,malware
com.wishfinityinc.wishfinity,benign,0,0.816,1,malware
edu.synthetic.androzoo.malware.spyware_surveillance.1318,malware,1,0.78,1,malware
com.inforcrom.android.avfarena,malware,1,0.98,1,malware
HitTheBottle.com,malware,1,0.728,1,malware
uk.co.stefsquared.vanguard,benign,0,0.216,0,benign
com.kingsoft.mobile3d.iloli91,malware,1,0.214,0,benign
com.LDRLY.budmatch,benign,0,0.566,1,malware
com.h8games.helixjump,malware,1,0.766,1,malware
com.repsly.android.feed,benign,0,0.084,0,benign
com.coachcare.lifetimehnmhj,benign,0,0.656,1,malware
com.wizeyes.colorcapture,malware,1,0.662,1,malware
edu.synthetic.androzoo.malware.wallet_stealer.0068,malware,1,0.83,1,malware
com.sixfootthreefoot.elevensup,benign,0,0.486,0,benign
com.global.pnck,benign,0,0.178,0,benign
edu.synthetic.androzoo.malware.sms_otp_stealer.1144,malware,1,0.846,1,malware
no.nyby,benign,0,0.2,0,benign
com.blaszmo.bthere,benign,0,0.53,1,malware
edu.synthetic.androzoo.malware.wallet_stealer.0070,malware,1,0.824,1,malware
edu.synthetic.androzoo.malware.spyware_surveillance.0200,malware,1,0.872,1,malware
digifit.android.virtuagym.pro.eindhovengym,benign,0,0.792,1,malware
edu.synthetic.androzoo.malware.banker_accessibility.1626,malware,1,0.792,1,malware
games.doro.busstation,benign,0,0.504,1,malware
com.ddsafricaltd.fieldmetrics,benign,0,0.06,0,benign
com.exys2008.over,benign,0,0.534,1,malware
com.prvidr.paas.coles.prod,benign,0,0.114,0,benign
shamimsoft.vares,malware,1,0.094,0,benign
co.com.hgi.hginetmovil,benign,0,0.048,0,benign
com.mojobybobo.komunitikita,benign,0,0.758,1,malware
edu.synthetic.androzoo.malware.sms_otp_stealer.0980,malware,1,0.752,1,malware
com.yimishiji.app,malware,1,0.092,0,benign
app.streetracefury,benign,0,0.764,1,malware
com.communi.agl,benign,0,0.342,0,benign
edu.synthetic.androzoo.malware.ransomware_locker.0004,malware,1,0.748,1,malware
edu.synthetic.androzoo.malware.ransomware_locker.0190,malware,1,0.776,1,malware
com.lge.laundryinstaller,benign,0,0.94,1,malware
aexyn.stereogramviewer,benign,0,0.386,0,benign
com.unitybars.corplight.oschadbank,benign,0,0.198,0,benign
guide.portugal.lisbon.prod,benign,0,0.774,1,malware
jp.co.masa21.app.masa21scapp,benign,0,0.294,0,benign
com.apptegy.dawson,benign,0,0.534,1,malware
tv.sensical.android,benign,0,0.506,1,malware
com.wnapp.id1717297840426,benign,0,0.38,0,benign
edu.synthetic.androzoo.malware.dropper_loader.1587,malware,1,0.768,1,malware
com.pivotcreates.universalchurchdirectory,benign,0,0.916,1,malware
app.donkeymobile.interkerkelijkdovenpastoraat,benign,0,0.644,1,malware
com.holucent.grammarde,benign,0,0.28,0,benign
com.comptoirdespecheurs.app.dkt,benign,0,0.2,0,benign
com.kiloo.subwaysurf,malware,1,0.562,1,malware
com.arryved,benign,0,0.656,1,malware
brazil.chatsansar.com,benign,0,0.656,1,malware
com.recode.aerodyneapex,benign,0,0.834,1,malware
edu.synthetic.androzoo.malware.dropper_loader.0876,malware,1,0.772,1,malware
events.seminairepartenaires.iwi,benign,0,0.382,0,benign
edu.synthetic.androzoo.malware.sms_otp_stealer.0256,malware,1,0.848,1,malware
com.ttk.hdl,malware,1,0.916,1,malware
com.horizonfitnessexperience.programs,benign,0,0.39,0,benign
com.sinyee.babybus.share,malware,1,0.632,1,malware
com.ionicframework.cs0786,benign,0,0.62,1,malware
com.subsplashconsulting.s_W98M7N,benign,0,0.246,0,benign
coza.globalchoices.infinitiassist,benign,0,0.612,1,malware
com.gmfr.heavy.excavator.simulator2,malware,1,0.654,1,malware
com.mitsu.ColorNo33_autumn,benign,0,0.926,1,malware
com.arbella.myarbella,benign,0,0.53,1,malware
edu.synthetic.androzoo.malware.wallet_stealer.0650,malware,1,0.858,1,malware
edu.synthetic.androzoo.malware.ransomware_locker.0003,malware,1,0.744,1,malware
com.bmac.usbsnc,benign,0,0.064,0,benign
edu.synthetic.androzoo.malware.sms_otp_stealer.0997,malware,1,0.778,1,malware
edu.synthetic.androzoo.malware.banker_accessibility.1881,malware,1,0.826,1,malware
com.onetake,benign,0,0.594,1,malware
com.blackthorn.clipmaker,benign,0,0.47,0,benign
edu.synthetic.androzoo.malware.spyware_surveillance.0429,malware,1,0.844,1,malware
com.ritzdeligames.eraserblast,benign,0,0.3,0,benign
com.subsplashconsulting.s_5MFNFH,benign,0,0.23,0,benign
io.pushpay.hcnazarene,benign,0,0.276,0,benign
edu.synthetic.androzoo.malware.banker_accessibility.0323,malware,1,0.89,1,malware
com.vacationtracker.app,benign,0,0.246,0,benign
com.grocerkey.frontendapp.woodmans,benign,0,0.384,0,benign
edu.synthetic.androzoo.malware.adware_clicker.0965,malware,1,0.79,1,malware
com.ssgz.pica,benign,0,0.818,1,malware
com.linker.scyt,malware,1,0.878,1,malware
com.bitmango.go.unblockcasual,benign,0,0.078,0,benign
com.capitalairlines.dingpiao,malware,1,0.86,1,malware
jp.co.a_tm.android.plus_kawaii_hamster,benign,0,0.644,1,malware
edu.synthetic.androzoo.malware.banker_accessibility.0419,malware,1,0.806,1,malware
edu.synthetic.androzoo.malware.sms_otp_stealer.0370,malware,1,0.83,1,malware
edu.synthetic.androzoo.malware.sms_otp_stealer.0713,malware,1,0.848,1,malware
edu.synthetic.androzoo.malware.sms_otp_stealer.0583,malware,1,0.814,1,malware
edu.synthetic.androzoo.malware.ransomware_locker.0296,malware,1,0.812,1,malware
com.Sunscool.Sunscool,benign,0,0.708,1,malware
it.gasparilab.myroverchiara,benign,0,0.752,1,malware
com.rescue.machine,benign,0,0.482,0,benign
com.filerecoverypro.master.frp,malware,1,0.342,0,benign
com.lduboscq.goodvibesdaily,benign,0,0.55,1,malware
com.newindiadevs.weedseed,benign,0,0.294,0,benign
edu.synthetic.androzoo.malware.overlay_pin_stealer.1755,malware,1,0.84,1,malware
edu.synthetic.androzoo.malware.banker_accessibility.0507,malware,1,0.848,1,malware
com.wonderfulgames.princesscatlearun,benign,0,0.86,1,malware
edu.synthetic.androzoo.malware.dropper_loader.0675,malware,1,0.784,1,malware
com.MyCollege.app,benign,0,0.216,0,benign
me.hxyfj.rk,malware,1,0.754,1,malware
edu.synthetic.androzoo.malware.banker_accessibility.0803,malware,1,0.862,1,malware
com.trainerize.unconventionaltrainingapp,benign,0,0.872,1,malware
edu.synthetic.androzoo.malware.overlay_pin_stealer.0281,malware,1,0.866,1,malware
uk.co.storlann.faclanfalaichte.faclan_falaichte,benign,0,0.932,1,malware
com.mavi.kartus,benign,0,0.206,0,benign
com.team17.escapists,malware,1,0.876,1,malware
uk.co.aifactory.sudokufree,benign,0,0.558,1,malware
com.my.jump.lab,benign,0,0.594,1,malware
com.ayibang.ayb,malware,1,0.846,1,malware
co.hopon.client,benign,0,0.682,1,malware
edu.synthetic.androzoo.malware.overlay_pin_stealer.1841,malware,1,0.9,1,malware
edu.synthetic.androzoo.malware.banker_accessibility.0046,malware,1,0.846,1,malware
com.noqta.noqtadispetchdriver,benign,0,0.28,0,benign
com.subsplashconsulting.s_VM45B6,benign,0,0.256,0,benign
com.soft.ware.lock.hd,malware,1,0.024,0,benign
com.scg.anime.family.simulator,malware,1,0.934,1,malware
com.facilitygrid.mobile,benign,0,0.756,1,malware
edu.synthetic.androzoo.malware.spyware_surveillance.0394,malware,1,0.788,1,malware
edu.synthetic.androzoo.malware.dropper_loader.0213,malware,1,0.766,1,malware
com.sabe.brevet,benign,0,0.834,1,malware
edu.synthetic.androzoo.malware.overlay_pin_stealer.1920,malware,1,0.834,1,malware
com.adventure.streamwalkertribes,benign,0,0.488,0,benign
com.yong.bible_plus,malware,1,0.246,0,benign
art.teamlab.exhibitions.app,benign,0,0.782,1,malware
com.isl.sifootball,benign,0,0.046,0,benign
edu.synthetic.androzoo.malware.banker_accessibility.1824,malware,1,0.868,1,malware
com.hungrypanda.waimai,benign,0,0.922,1,malware
edu.synthetic.androzoo.malware.overlay_pin_stealer.0432,malware,1,0.838,1,malware
com.best.quick.browser,malware,1,0.182,0,benign
com.momsitter.android.hybridapp,benign,0,0.246,0,benign
get.lokal.localjobs,benign,0,0.262,0,benign
edu.synthetic.androzoo.malware.dropper_loader.1346,malware,1,0.75,1,malware
edu.synthetic.androzoo.malware.banker_accessibility.0791,malware,1,0.86,1,malware
com.citizenobserver.dodgecitypd,benign,0,0.734,1,malware
ca.craver.aptthreeespbar,benign,0,0.614,1,malware
com.lungtransplant,benign,0,0.462,0,benign
edu.synthetic.androzoo.malware.overlay_pin_stealer.0167,malware,1,0.902,1,malware
com.sibisoft.leisure,benign,0,0.544,1,malware
edu.synthetic.androzoo.malware.dropper_loader.0365,malware,1,0.794,1,malware
com.sh.tlzgh,malware,1,0.574,1,malware
com.hs.leadi,benign,0,0.79,1,malware
edu.synthetic.androzoo.malware.banker_accessibility.0280,malware,1,0.836,1,malware
edu.synthetic.androzoo.malware.dropper_loader.1785,malware,1,0.754,1,malware
jp.gr.java_conf.koni.warasibe.pj,malware,1,0.28,0,benign
me.magicgirl.magicgirl,benign,0,0.748,1,malware
com.bravolang.dutch,malware,1,0.836,1,malware
br.com.sistemaprover.pibvidacrista,benign,0,0.228,0,benign
edu.synthetic.androzoo.malware.sms_otp_stealer.1688,malware,1,0.794,1,malware
edu.synthetic.androzoo.malware.sms_otp_stealer.1844,malware,1,0.746,1,malware
com.luyun.diary,malware,1,0.868,1,malware
com.corridor.rots,malware,1,0.148,0,benign
edu.synthetic.androzoo.malware.dropper_loader.1759,malware,1,0.768,1,malware
words.puzzle.wordgame.free.connect,benign,0,0.41,0,benign
com.subsplash.thechurchapp.s_2KTBXN,benign,0,0.164,0,benign
edu.synthetic.androzoo.malware.banker_accessibility.1733,malware,1,0.86,1,malware
edu.synthetic.androzoo.malware.wallet_stealer.0842,malware,1,0.854,1,malware
com.ustcsoft.zshl.app,malware,1,0.906,1,malware
de.appack.project.tv_bruckhausen,benign,0,0.698,1,malware
com.YsoCorp.Bacteria,benign,0,0.324,0,benign
com.scenix.mlearning,malware,1,0.118,0,benign
com.octotelematics.creditras,benign,0,0.4,0,benign
edu.synthetic.androzoo.malware.sms_otp_stealer.1419,malware,1,0.716,1,malware
com.loner.fruitclear,malware,1,0.686,1,malware
com.moyun365.android.zkhistory,malware,1,0.762,1,malware
com.mta.videotube.playtube,benign,0,0.216,0,benign
jp.co.muse.matsuro,malware,1,0.628,1,malware
edu.synthetic.androzoo.malware.dropper_loader.1666,malware,1,0.786,1,malware
com.dwwang.staff,malware,1,0.782,1,malware
edu.synthetic.androzoo.malware.banker_accessibility.1736,malware,1,0.834,1,malware
com.communi.stamiapp,benign,0,0.618,1,malware
edu.synthetic.androzoo.malware.dropper_loader.0132,malware,1,0.75,1,malware
com.vip.bet.predict,malware,1,0.8,1,malware
com.ptwired.betapt,benign,0,0.592,1,malware
com.aitype.android.lang.ru,benign,0,0.82,1,malware
edu.synthetic.androzoo.malware.wallet_stealer.0138,malware,1,0.836,1,malware
edu.synthetic.androzoo.malware.banker_accessibility.0955,malware,1,0.858,1,malware
com.youxigongchang.chuanyuexiyou.a323.yyh,malware,1,0.91,1,malware
edu.synthetic.androzoo.malware.ransomware_locker.0161,malware,1,0.842,1,malware
edu.synthetic.androzoo.malware.overlay_pin_stealer.0823,malware,1,0.832,1,malware
edu.synthetic.androzoo.malware.banker_accessibility.0871,malware,1,0.86,1,malware
com.bayt,benign,0,0.836,1,malware
com.herogame.gplay.eternalevolution.idlerpg,benign,0,0.646,1,malware
com.app4joy.tunisia_free,benign,0,0.618,1,malware
edu.synthetic.androzoo.malware.wallet_stealer.0944,malware,1,0.86,1,malware
au.com.seatfrog.icarus,benign,0,0.876,1,malware
br.com.vsvdrive.passenger.drivermachine,benign,0,0.924,1,malware
ru.ifmo.itmostudents,benign,0,0.746,1,malware
com.trukkeruae.trukker_vender,benign,0,0.654,1,malware
edu.synthetic.androzoo.malware.spyware_surveillance.0395,malware,1,0.872,1,malware
com.matrix_digi.ma_remote,malware,1,0.774,1,malware
com.acemoneytransfer.android,benign,0,0.826,1,malware
com.bhmginc.id2997,benign,0,0.088,0,benign
ru.psbank.invest,benign,0,0.078,0,benign
edu.synthetic.androzoo.malware.overlay_pin_stealer.0436,malware,1,0.79,1,malware
ca.lockedup.teleporte,benign,0,0.676,1,malware
edu.synthetic.androzoo.malware.dropper_loader.0780,malware,1,0.766,1,malware
edu.synthetic.androzoo.malware.overlay_pin_stealer.0128,malware,1,0.724,1,malware
jp.co.jal.flightfun,benign,0,0.714,1,malware
edu.synthetic.androzoo.malware.overlay_pin_stealer.1270,malware,1,0.702,1,malware
com.echurchapps.newspringks,benign,0,0.298,0,benign
com.zhan.runhealthy,benign,0,0.848,1,malware
com.eka.Resist,benign,0,0.12,0,benign
com.sneakmartapp,benign,0,0.824,1,malware
edu.synthetic.androzoo.malware.sms_otp_stealer.0957,malware,1,0.784,1,malware
com.blackbird.card.aata,benign,0,0.566,1,malware
edu.synthetic.androzoo.malware.banker_accessibility.0059,malware,1,0.844,1,malware
wsh.shuizhu.boook,malware,1,0.02,0,benign
net.plazz.mea.octopusfreightnetwork,benign,0,0.844,1,malware
com.soft.blued,malware,1,0.68,1,malware
com.regula.documentreader,benign,0,0.084,0,benign
edu.synthetic.androzoo.malware.spyware_surveillance.1606,malware,1,0.842,1,malware
edu.synthetic.androzoo.malware.ransomware_locker.0894,malware,1,0.792,1,malware
com.mampod.ergedd,malware,1,0.824,1,malware
edu.synthetic.androzoo.malware.overlay_pin_stealer.1331,malware,1,0.856,1,malware
rod.WebView.apps,malware,1,0.468,0,benign
com.wego.android,benign,0,0.168,0,benign
edu.synthetic.androzoo.malware.overlay_pin_stealer.1142,malware,1,0.856,1,malware
com.meuradinho.radio40039,benign,0,0.41,0,benign
com.minimotors.escooter,benign,0,0.784,1,malware
com.subsplash.thechurchapp.reallife,benign,0,0.15,0,benign
com.application.zomato.district,benign,0,0.112,0,benign
edu.synthetic.androzoo.malware.spyware_surveillance.0198,malware,1,0.784,1,malware
edu.synthetic.androzoo.malware.overlay_pin_stealer.1016,malware,1,0.862,1,malware
com.tgame.sand.box,benign,0,0.828,1,malware
weather.forecast.storm.radar,malware,1,0.818,1,malware
edu.synthetic.androzoo.malware.banker_accessibility.0808,malware,1,0.878,1,malware
jp.co.aree_cosme.AREE,benign,0,0.746,1,malware
edu.synthetic.androzoo.malware.wallet_stealer.0618,malware,1,0.87,1,malware
edu.synthetic.androzoo.malware.wallet_stealer.1187,malware,1,0.854,1,malware
com.mitake.mls,benign,0,0.564,1,malware
com.appsphereinnovations.tamilcomedystickers,benign,0,0.306,0,benign
com.igg.android.galaxyonline3_beta,malware,1,0.814,1,malware
gr.itworx.solidcore,benign,0,0.444,0,benign
com.aaritya.sahi_trade_app,benign,0,0.852,1,malware
edu.synthetic.androzoo.malware.banker_accessibility.1860,malware,1,0.838,1,malware
edu.synthetic.androzoo.malware.adware_clicker.1851,malware,1,0.626,1,malware
com.asapps.learnfrench,benign,0,0.898,1,malware
com.etcgamestudioo.pixel,malware,1,0.886,1,malware
coach.zing.fitness,benign,0,0.138,0,benign
com.idmobile.norwaymeteo,benign,0,0.676,1,malware
com.weatherteam.dailyweather.forecast,benign,0,0.398,0,benign
com.coloring.games.color.by.numbers,benign,0,0.14,0,benign
com.appmocion.club_gourmet,benign,0,0.202,0,benign
com.giantfish.survive.thelong.drive,malware,1,0.144,0,benign
com.boyaa.androidmarketfr,benign,0,0.874,1,malware
com.lgtech.checktime_io,benign,0,0.674,1,malware
edu.synthetic.androzoo.malware.banker_accessibility.0930,malware,1,0.826,1,malware
si.triglavskladi.app,benign,0,0.74,1,malware
edu.synthetic.androzoo.malware.spyware_surveillance.0551,malware,1,0.866,1,malware
com.gergelynagy.wordfinder,benign,0,0.606,1,malware
com.shoujiduoduo.dj,malware,1,0.774,1,malware
com.alan.mod.skin.for.mcpe,malware,1,0.894,1,malware
com.wyt.iexuetang.hd.xxtb,malware,1,0.724,1,malware
gool.mobile,benign,0,0.632,1,malware
edu.synthetic.androzoo.malware.spyware_surveillance.0158,malware,1,0.798,1,malware
com.afgame.app.poolball,benign,0,0.33,0,benign
com.estsoft.alyac,benign,0,0.124,0,benign
com.ios.callscreen.icalldialer,benign,0,0.586,1,malware
edu.synthetic.androzoo.malware.sms_otp_stealer.0623,malware,1,0.722,1,malware
com.medpresso.Lonestar.currcardio,benign,0,0.29,0,benign
edu.synthetic.androzoo.malware.overlay_pin_stealer.1566,malware,1,0.914,1,malware
edu.synthetic.androzoo.malware.overlay_pin_stealer.1361,malware,1,0.794,1,malware
com.DiyPalletsAndCrates.andidev,benign,0,0.858,1,malware
edu.synthetic.androzoo.malware.ransomware_locker.1814,malware,1,0.774,1,malware
com.upbean.appcmcoop,benign,0,0.576,1,malware
edu.synthetic.androzoo.malware.ransomware_locker.1357,malware,1,0.846,1,malware
com.cgs.flying.monster.robot.transformer,malware,1,0.762,1,malware
edu.synthetic.androzoo.malware.dropper_loader.0501,malware,1,0.732,1,malware
edu.synthetic.androzoo.malware.ransomware_locker.0737,malware,1,0.774,1,malware
edu.synthetic.androzoo.malware.overlay_pin_stealer.1561,malware,1,0.868,1,malware
com.iyuba.camstory,malware,1,0.038,0,benign
com.appazur.nsspartans,benign,0,0.688,1,malware
it.bolognafc.app,benign,0,0.75,1,malware
edu.synthetic.androzoo.malware.spyware_surveillance.0112,malware,1,0.826,1,malware
com.chownow.mimistoobagelsdeli,benign,0,0.39,0,benign
mmorpg.main,benign,0,0.858,1,malware
info.ishared.gwy_xc,malware,1,0.014,0,benign
com.cheche365.a.chebaoyi,malware,1,0.256,0,benign
edu.synthetic.androzoo.malware.dropper_loader.0177,malware,1,0.748,1,malware
com.focustech.abizbest.app.moblie,malware,1,0.75,1,malware
kh.com.wooribank.ibanking,benign,0,0.53,1,malware
com.mysports.branded.icekalt,benign,0,0.872,1,malware
edu.synthetic.androzoo.malware.sms_otp_stealer.0360,malware,1,0.788,1,malware
com.burningthumb.mobile.iDrone,benign,0,0.33,0,benign
water.sort.soda.color.puzzle.games,benign,0,0.474,0,benign
edu.synthetic.androzoo.malware.overlay_pin_stealer.0212,malware,1,0.868,1,malware
com.zaggle,benign,0,0.506,1,malware
edu.synthetic.androzoo.malware.wallet_stealer.0482,malware,1,0.824,1,malware
com.tbs.incredible.monster.ghost.superhero.aliens,malware,1,0.356,0,benign
com.chargepass.presto,benign,0,0.834,1,malware
edu.synthetic.androzoo.malware.sms_otp_stealer.1659,malware,1,0.794,1,malware
net.capitalfirst.fi,benign,0,0.35,0,benign
edu.synthetic.androzoo.malware.wallet_stealer.1773,malware,1,0.868,1,malware
edu.synthetic.androzoo.malware.dropper_loader.0932,malware,1,0.706,1,malware
edu.synthetic.androzoo.malware.spyware_surveillance.1503,malware,1,0.77,1,malware
com.metta.mindfulness,malware,1,0.948,1,malware
com.thinkive.android.hbtyb,malware,1,0.72,1,malware
com.Nubapp.Resawod,benign,0,0.73,1,malware
com.bds.orthodox_bible,benign,0,0.864,1,malware
edu.synthetic.androzoo.malware.spyware_surveillance.1555,malware,1,0.802,1,malware
edu.synthetic.androzoo.malware.banker_accessibility.0343,malware,1,0.832,1,malware
pl.pkobp.iko,benign,0,0.382,0,benign
com.games.trucksimulator.indiantruck.free,malware,1,0.886,1,malware
com.auyou.eqy,malware,1,0.772,1,malware
edu.synthetic.androzoo.malware.spyware_surveillance.1188,malware,1,0.812,1,malware
com.peterhohsy.mybowling,benign,0,0.822,1,malware
com.was.city.traffic.control.simulator3d,malware,1,0.864,1,malware
com.moon.baby.learn.pinying,malware,1,0.228,0,benign
com.subsplashconsulting.s_V9XJC8,benign,0,0.164,0,benign
com.tools.web.hi.browser,benign,0,0.284,0,benign
edu.synthetic.androzoo.malware.dropper_loader.0085,malware,1,0.77,1,malware
com.sage.jiecai,malware,1,0.826,1,malware
com.falan.humanfall,benign,0,0.622,1,malware
com.backupeamoozesh3,malware,1,0.508,1,malware
com.simcoachgames.gethired,benign,0,0.15,0,benign
edu.synthetic.androzoo.malware.wallet_stealer.1011,malware,1,0.87,1,malware
com.jsdx.hsdj,malware,1,0.486,0,benign
com.acesoft.ninjajump,benign,0,0.826,1,malware
edu.synthetic.androzoo.malware.spyware_surveillance.1575,malware,1,0.864,1,malware
com.cocos2dx.hobbit,malware,1,0.792,1,malware
jp.Ruta56.SlantGauge,benign,0,0.746,1,malware
edu.synthetic.androzoo.malware.banker_accessibility.1861,malware,1,0.848,1,malware
edu.synthetic.androzoo.malware.spyware_surveillance.0459,malware,1,0.812,1,malware
edu.synthetic.androzoo.malware.ransomware_locker.1267,malware,1,0.824,1,malware
com.yeoniyouni.readbooks,benign,0,0.136,0,benign
com.trainerize.holismo,benign,0,0.848,1,malware
com.mondadori.scienceetvie,benign,0,0.756,1,malware
com.battledragonrpg.death,malware,1,0.81,1,malware
com.sizestream.sah,benign,0,0.738,1,malware
com.subsplashconsulting.s_FJMDHB,benign,0,0.142,0,benign
edu.synthetic.androzoo.malware.overlay_pin_stealer.1518,malware,1,0.85,1,malware
ua.com.goodwine.app,benign,0,0.18,0,benign
es.odilo.merck,benign,0,0.256,0,benign
com.ThreeCatGames.HamsterAttack,malware,1,0.91,1,malware
com.ahs.gaipapp.gaipapp,benign,0,0.836,1,malware
edu.synthetic.androzoo.malware.banker_accessibility.0854,malware,1,0.87,1,malware
edu.synthetic.androzoo.malware.dropper_loader.0357,malware,1,0.758,1,malware
com.whetcloud.forunpoint.user,benign,0,0.806,1,malware
com.exmge.app,benign,0,0.718,1,malware
com.ballfoot.kingzq,malware,1,1.0,1,malware
edu.synthetic.androzoo.malware.overlay_pin_stealer.0178,malware,1,0.822,1,malware
solitaire.cardgames.solitairegames.free.klondike,benign,0,0.692,1,malware
com.fibrum.propastvr,malware,1,0.67,1,malware
com.livemcq.livemcq,benign,0,0.342,0,benign
edu.synthetic.androzoo.malware.dropper_loader.1601,malware,1,0.724,1,malware
com.lixil.hmnet.android.smartjp,benign,0,0.708,1,malware
com.ingin.games.hangryplant,benign,0,0.136,0,benign
edu.synthetic.androzoo.malware.wallet_stealer.0692,malware,1,0.83,1,malware
edu.synthetic.androzoo.malware.overlay_pin_stealer.1667,malware,1,0.828,1,malware
edu.synthetic.androzoo.malware.spyware_surveillance.1877,malware,1,0.82,1,malware
sandbox.numberbycolor.pixelart,malware,1,0.87,1,malware
edu.synthetic.androzoo.malware.overlay_pin_stealer.0740,malware,1,0.818,1,malware
com.inhouse.chinesewriter,benign,0,0.836,1,malware
edu.synthetic.androzoo.malware.ransomware_locker.0055,malware,1,0.778,1,malware
edu.synthetic.androzoo.malware.sms_otp_stealer.0694,malware,1,0.736,1,malware
edu.synthetic.androzoo.malware.dropper_loader.0849,malware,1,0.756,1,malware
edu.synthetic.androzoo.malware.spyware_surveillance.1488,malware,1,0.826,1,malware
edu.synthetic.androzoo.malware.sms_otp_stealer.1728,malware,1,0.678,1,malware
com.mskj.riwei,malware,1,0.738,1,malware
edu.synthetic.androzoo.malware.spyware_surveillance.1407,malware,1,0.862,1,malware
edu.synthetic.androzoo.malware.banker_accessibility.1906,malware,1,0.794,1,malware
edu.synthetic.androzoo.malware.overlay_pin_stealer.0873,malware,1,0.822,1,malware
com.nonghyupit.with,benign,0,0.966,1,malware
edu.synthetic.androzoo.malware.sms_otp_stealer.1163,malware,1,0.798,1,malware
edu.synthetic.androzoo.malware.banker_accessibility.1409,malware,1,0.844,1,malware
com.medpresso.Lonestar.emsnotes,benign,0,0.282,0,benign
edu.synthetic.androzoo.malware.dropper_loader.1556,malware,1,0.788,1,malware
edu.synthetic.androzoo.malware.ransomware_locker.0147,malware,1,0.79,1,malware
io.github.trojan_gfw.igniterfst,malware,1,0.51,1,malware
uy.com.Santander,benign,0,0.13,0,benign
com.bluegolf.android.ntpga,benign,0,0.426,0,benign
com.rich.person.roll,malware,1,0.204,0,benign
com.whoisup.app,benign,0,0.744,1,malware
edu.synthetic.androzoo.malware.banker_accessibility.0597,malware,1,0.832,1,malware
com.game.officelife.pt,malware,1,0.528,1,malware
com.apextiming.speeders,benign,0,0.058,0,benign
edu.synthetic.androzoo.malware.overlay_pin_stealer.1293,malware,1,0.862,1,malware
com.Jarvis.AI.Mzansi.Hustle.Game,benign,0,0.95,1,malware
com.android.kmax.noisecheck,malware,1,0.948,1,malware
com.leadertask.app,benign,0,0.876,1,malware
com.ikdong.recipe.b07491ycs9,benign,0,0.442,0,benign
com.solou.catendless.run.mg.ly,malware,1,0.846,1,malware
com.AnderK.WheelScale.pt,malware,1,0.806,1,malware
com.app.alershad,benign,0,0.872,1,malware
nl.marktplaats.android,benign,0,0.232,0,benign
com.ymatou.shop,malware,1,0.408,0,benign
com.igratstudios.joindotswars,malware,1,0.056,0,benign
com.redgamesinc.loserwithrope,malware,1,0.682,1,malware
com.cykj.chuangyingdiy,malware,1,0.862,1,malware
edu.synthetic.androzoo.malware.dropper_loader.1194,malware,1,0.74,1,malware
com.sinyee.babybus.help,malware,1,0.638,1,malware
com.oliveyoung,benign,0,0.886,1,malware
com.cnr.hkradio,malware,1,0.85,1,malware
edu.synthetic.androzoo.malware.banker_accessibility.1147,malware,1,0.82,1,malware
com.absolutist.witchpranksfreegame,benign,0,0.528,1,malware
com.zhkj.lawquerysystem,malware,1,0.862,1,malware
com.creativeconsultant.comcomcoin,benign,0,0.498,0,benign
edu.synthetic.androzoo.malware.spyware_surveillance.0386,malware,1,0.848,1,malware
com.bigduckgames.sparkart.beautyfire,malware,1,0.706,1,malware
net.gntalk.oitalk,benign,0,0.248,0,benign
edu.unisim.backpack,benign,0,0.142,0,benign
com.promo360.promo360,benign,0,0.392,0,benign
com.pyngmobile,benign,0,0.886,1,malware
com.chuangkit,malware,1,0.78,1,malware
edu.synthetic.androzoo.malware.wallet_stealer.1897,malware,1,0.802,1,malware
com.loyverse.dashboard,benign,0,0.744,1,malware
edu.synthetic.androzoo.malware.spyware_surveillance.1458,malware,1,0.844,1,malware
com.cradlepoint.verify,benign,0,0.57,1,malware
com.cafe24.ec.pluslemango,benign,0,0.886,1,malware
com.mobiloids.findjoe.mystery_of_the_stones.margaret,benign,0,0.482,0,benign
com.eastsidegames.ccmatch,benign,0,0.674,1,malware
com.ariesapp.elisi.elisiwrapper,benign,0,0.234,0,benign
edu.synthetic.androzoo.malware.sms_otp_stealer.0742,malware,1,0.814,1,malware
com.amixys.ami,malware,1,0.842,1,malware
edu.synthetic.androzoo.malware.dropper_loader.1349,malware,1,0.77,1,malware
edu.synthetic.androzoo.malware.dropper_loader.1684,malware,1,0.74,1,malware
jp.dotgames.maouyusya_hh,malware,1,0.566,1,malware
edu.synthetic.androzoo.malware.banker_accessibility.0041,malware,1,0.894,1,malware
com.divmob.impostor,benign,0,0.624,1,malware
com.iacad.apps,benign,0,0.176,0,benign
com.debragga.debraggaapp,benign,0,0.326,0,benign
edu.synthetic.androzoo.malware.spyware_surveillance.1870,malware,1,0.812,1,malware
com.hemzstudios.slimemerge,benign,0,0.582,1,malware
com.kyivstar.tv.mobile,benign,0,0.062,0,benign
edu.synthetic.androzoo.malware.banker_accessibility.0160,malware,1,0.846,1,malware
wb.gc.xmxx.zxb.yyh,malware,1,0.986,1,malware
geo.gpsfence.mapster,benign,0,0.47,0,benign
ru.zigmund.online,benign,0,0.714,1,malware
edu.synthetic.androzoo.malware.banker_accessibility.0900,malware,1,0.884,1,malware
edu.synthetic.androzoo.malware.sms_otp_stealer.1602,malware,1,0.818,1,malware
com.tiamaes.busassistant,malware,1,1.0,1,malware
edu.synthetic.androzoo.malware.ransomware_locker.1277,malware,1,0.79,1,malware
com.gwhizmobile.lippincottpathology,benign,0,0.452,0,benign
com.akdeveloper.staffregister,benign,0,0.732,1,malware
ch.beekeeper.bellfoodgroup,benign,0,0.518,1,malware
edu.synthetic.androzoo.malware.banker_accessibility.0547,malware,1,0.866,1,malware
jp.mixi,benign,0,0.444,0,benign
com.studioclangore.escaperoom,benign,0,0.606,1,malware
com.easytor.barbel,benign,0,0.246,0,benign
com.dijitalvarliklar.tgrthaber,benign,0,0.492,0,benign
com.evendo.global_guide,benign,0,0.792,1,malware
com.StatusSaver.forWhatsapp,malware,1,0.59,1,malware
my.com.cosway.team,benign,0,0.11,0,benign
com.finance.hotline,benign,0,0.87,1,malware
com.bindassgames.csstrike.gun.shooting.game2020,benign,0,0.532,1,malware
com.codewai.radios.uk.hsm,benign,0,0.652,1,malware
com.takeoffbolts.screw.puzzle,benign,0,0.26,0,benign
com.privatevpn.internetaccess,benign,0,0.064,0,benign
com.batix.wrapper.KomBus,benign,0,0.292,0,benign
com.anykrowd.luckyclub_app,benign,0,0.602,1,malware
com.pricelesscarrental.app,benign,0,0.898,1,malware
com.oscar.videochat.wow,benign,0,0.354,0,benign
edu.synthetic.androzoo.malware.overlay_pin_stealer.1708,malware,1,0.902,1,malware
com.spiritshack.sls,benign,0,0.874,1,malware
com.bloommushroom.fourworlds.shiba,malware,1,0.636,1,malware
com.screamgo.onion,malware,1,0.894,1,malware
com.mobile.number.location.call.number.locator.call.tracker,benign,0,0.734,1,malware
com.video.downloader.vitmate.allvideodownloader,malware,1,0.756,1,malware
edu.synthetic.androzoo.malware.sms_otp_stealer.0851,malware,1,0.646,1,malware
cc.ottclub.android,benign,0,0.158,0,benign
shenzhen.com.cn,malware,1,0.764,1,malware
edu.synthetic.androzoo.malware.dropper_loader.1818,malware,1,0.786,1,malware
com.mobincube.estudios_biblicos_mujeres.sc_H2AC4E,malware,1,0.774,1,malware
ie.flipdish.fd18352,benign,0,0.812,1,malware
dev.wafu.classgrad,benign,0,0.33,0,benign
com.apcurium.MK.Alberta,benign,0,0.558,1,malware
com.trainerize.eastwesthealth,benign,0,0.83,1,malware
com.bbumgames.opa,benign,0,0.506,1,malware
edu.synthetic.androzoo.malware.banker_accessibility.0605,malware,1,0.866,1,malware
com.amuvirus.hookvpn,malware,1,0.154,0,benign
com.NanoMedix.EasyGameDev,malware,1,0.318,0,benign
edu.synthetic.androzoo.malware.banker_accessibility.0646,malware,1,0.838,1,malware
com.mobiweb.bizcloud,benign,0,0.46,0,benign
com.is.android.modalis,benign,0,0.324,0,benign
com.mobeasyapp.app227612917576,benign,0,0.366,0,benign
store_app_interface.elmaayergy,benign,0,0.56,1,malware
in.sunfox.healthcare.spandanecg,benign,0,0.866,1,malware
com.eonsoft.DiscV2,benign,0,0.724,1,malware
edu.synthetic.androzoo.malware.dropper_loader.1885,malware,1,0.784,1,malware
edu.synthetic.androzoo.malware.banker_accessibility.0162,malware,1,0.886,1,malware
dev.tuantv.android.quickaccess,benign,0,0.716,1,malware
com.apiomni.kikkle,benign,0,0.168,0,benign
jp.sally_inc.uzu,benign,0,0.754,1,malware
edu.synthetic.androzoo.malware.banker_accessibility.0755,malware,1,0.898,1,malware
com.centr.app,benign,0,0.534,1,malware
edu.synthetic.androzoo.malware.spyware_surveillance.1166,malware,1,0.806,1,malware
com.free.vpn.super.hotspot.open,benign,0,0.794,1,malware
com.mnblessgt.sefdidf,malware,1,1.0,1,malware
edu.synthetic.androzoo.malware.adware_clicker.1777,malware,1,0.81,1,malware
jp.co.mplanning.grow,benign,0,0.688,1,malware
com.linebet.tebenil.line.bet,malware,1,0.056,0,benign
gr.imove.passenger,benign,0,0.848,1,malware
edu.synthetic.androzoo.malware.dropper_loader.1811,malware,1,0.77,1,malware
com.nurseio,benign,0,0.746,1,malware
news.cnr.cn,malware,1,0.8,1,malware
com.askme.application,benign,0,0.932,1,malware
com.appsmart.delivery.chillipizzeria15232,benign,0,0.864,1,malware
edu.synthetic.androzoo.malware.sms_otp_stealer.0364,malware,1,0.832,1,malware
edu.synthetic.androzoo.malware.overlay_pin_stealer.1117,malware,1,0.826,1,malware
edu.synthetic.androzoo.malware.banker_accessibility.1175,malware,1,0.854,1,malware
com.qihoo.cleandroid_cn,malware,1,1.0,1,malware
com.erow.oneguncat,benign,0,0.474,0,benign
com.nechapps.hairdress,benign,0,0.176,0,benign
cc.ldsd.yxt,malware,1,0.738,1,malware
wireless.forum,malware,1,0.114,0,benign
edu.synthetic.androzoo.malware.wallet_stealer.1770,malware,1,0.868,1,malware
com.app.worldwinorder,benign,0,0.558,1,malware
com.buzzato.lungcancer,benign,0,0.12,0,benign
edu.synthetic.androzoo.malware.spyware_surveillance.1880,malware,1,0.808,1,malware
edu.synthetic.androzoo.malware.banker_accessibility.1141,malware,1,0.864,1,malware
com.trucorp.trumonitor,benign,0,0.772,1,malware
com.triviaquiz.funtriviaquestions,benign,0,0.746,1,malware
com.TDF.ShellRacingLegends,benign,0,0.866,1,malware
com.suivo.timelogger,benign,0,0.916,1,malware
com.t20000.lvji,malware,1,0.912,1,malware
com.radiopatsh.libia_arab,benign,0,0.44,0,benign
water.sort.puzzle.color.sort.games,benign,0,0.644,1,malware
com.aboutjsp.memowidget,benign,0,0.232,0,benign
com.planeth.rhythm,benign,0,0.47,0,benign
edu.synthetic.androzoo.malware.banker_accessibility.1226,malware,1,0.858,1,malware
com.fatmerge.global,benign,0,0.348,0,benign
edu.synthetic.androzoo.malware.ransomware_locker.0720,malware,1,0.798,1,malware
com.frp.garbage.truck.simulator,benign,0,0.552,1,malware
alarmclock.alarm.simplealarm.clock.alarmapp,malware,1,0.266,0,benign
com.vagell.kv4pht,benign,0,0.432,0,benign
edu.synthetic.androzoo.malware.sms_otp_stealer.0169,malware,1,0.808,1,malware
com.multibrains.taxi.passenger.ulendotaxizambia,benign,0,0.12,0,benign
com.perfect.organizing.tidy.games,benign,0,0.35,0,benign
org.viewspark.admin,benign,0,0.312,0,benign
edu.synthetic.androzoo.malware.banker_accessibility.0350,malware,1,0.884,1,malware
edu.synthetic.androzoo.malware.dropper_loader.0684,malware,1,0.788,1,malware
edu.synthetic.androzoo.malware.banker_accessibility.1195,malware,1,0.892,1,malware
edu.synthetic.androzoo.malware.spyware_surveillance.0589,malware,1,0.864,1,malware
edu.synthetic.androzoo.malware.spyware_surveillance.0143,malware,1,0.814,1,malware
edu.synthetic.androzoo.malware.spyware_surveillance.0562,malware,1,0.796,1,malware
com.trainerize.kettlebellkim,benign,0,0.778,1,malware
com.unyte.relaxingrhythms2,benign,0,0.138,0,benign
edu.synthetic.androzoo.malware.sms_otp_stealer.1313,malware,1,0.852,1,malware
com.aptener.bluarmor.app,benign,0,0.884,1,malware
com.numbers.pop.puzzlegames.block,benign,0,0.506,1,malware
net.myarx.placesbeen,benign,0,0.866,1,malware
edu.synthetic.androzoo.malware.overlay_pin_stealer.0224,malware,1,0.866,1,malware
edu.synthetic.androzoo.malware.dropper_loader.0977,malware,1,0.798,1,malware
io.covalue.www.covalueapp,benign,0,0.112,0,benign
br.com.pampa.liberdade,benign,0,0.16,0,benign
com.gribbon.android.rocketbosang,benign,0,0.18,0,benign
eu.screensoft.vigneullesinfos,benign,0,0.594,1,malware
com.andrutyk.waiterbolt,benign,0,0.774,1,malware
edu.synthetic.androzoo.malware.sms_otp_stealer.0105,malware,1,0.824,1,malware
com.gtsy.capturing.heroes,benign,0,0.366,0,benign
pl.appworks.holzberg_totem,benign,0,0.488,0,benign
com.rootershub.psx,benign,0,0.788,1,malware
com.amitech.alleventsorg,benign,0,0.766,1,malware
edu.synthetic.androzoo.malware.banker_accessibility.0259,malware,1,0.816,1,malware
cn.com.vtmarkets,benign,0,0.81,1,malware
app.zeal.wallet,benign,0,0.992,1,malware
com.YsoCorp.DinoDomination,benign,0,0.324,0,benign
edu.synthetic.androzoo.malware.overlay_pin_stealer.1148,malware,1,0.846,1,malware
com.mynayatel,benign,0,0.086,0,benign
com.delcedo.app.improasis,benign,0,0.158,0,benign
com.pixeleater.nocturneheights,malware,1,0.538,1,malware
net.spookygames.sacrifices,benign,0,0.546,1,malware
com.aiyu.kaipanla,malware,1,0.076,0,benign
com.lt.shakeme,malware,1,0.76,1,malware
com.subsplashconsulting.s_R5VRVM,benign,0,0.174,0,benign
com.quicdent,benign,0,0.926,1,malware
edu.synthetic.androzoo.malware.banker_accessibility.1720,malware,1,0.842,1,malware
com.ottai.seas,benign,0,0.876,1,malware
com.ptwired.bpr,benign,0,0.584,1,malware
edu.synthetic.androzoo.malware.spyware_surveillance.1200,malware,1,0.788,1,malware
com.gm.ordering.customer.app.babia,benign,0,0.758,1,malware
com.netease.blockchain,malware,1,0.752,1,malware
cc.flyblue.quickspot,malware,1,0.356,0,benign
edu.synthetic.androzoo.malware.dropper_loader.1515,malware,1,0.752,1,malware
com.eZone.app,benign,0,0.404,0,benign
com.plant.identifier.plantcare.app,benign,0,0.258,0,benign
com.timuzgames.missioncounterattack.ly,malware,1,0.584,1,malware
com.jdb.mbanking,benign,0,0.874,1,malware
com.robtheis.android.phrasebook.tc.md,benign,0,0.194,0,benign
edu.synthetic.androzoo.malware.overlay_pin_stealer.1522,malware,1,0.902,1,malware
com.kogi.mirrorfootball,benign,0,0.838,1,malware
com.saubcy.games.puzzle.Pokemon.B,malware,1,0.88,1,malware
edu.synthetic.androzoo.malware.spyware_surveillance.0653,malware,1,0.81,1,malware
com.simyasolutions.ling.sk,benign,0,0.784,1,malware
edu.synthetic.androzoo.malware.adware_clicker.0141,malware,1,0.688,1,malware
com.mttnow.android.bcd.production,benign,0,0.5,1,malware
com.barkoder.demoscanner,benign,0,0.804,1,malware
edu.synthetic.androzoo.malware.adware_clicker.1350,malware,1,0.632,1,malware
com.swash.transitworld.ottawa,benign,0,0.262,0,benign
com.bunbunstudio.magicblocktiles,benign,0,0.382,0,benign
com.markodevcic.python_code_pad,benign,0,0.868,1,malware
com.yindan.jiazhengmerchant,malware,1,0.488,0,benign
app.seniorsafety,malware,1,0.488,0,benign
edu.synthetic.androzoo.malware.banker_accessibility.0567,malware,1,0.824,1,malware
com.toomanyrequests.fluencymeasurement,benign,0,0.876,1,malware
com.kuberbullion,benign,0,0.83,1,malware
my.com.maxis.hotlink.production,benign,0,0.696,1,malware
edu.synthetic.androzoo.malware.overlay_pin_stealer.1351,malware,1,0.916,1,malware
edu.synthetic.androzoo.malware.ransomware_locker.1308,malware,1,0.748,1,malware
com.CitrusLife.CatchtheMammoth,benign,0,0.366,0,benign
edu.synthetic.androzoo.malware.sms_otp_stealer.0515,malware,1,0.732,1,malware
com.subhash.ghosh.sg.gita,malware,1,0.342,0,benign
edu.synthetic.androzoo.malware.banker_accessibility.1131,malware,1,0.796,1,malware
com.olimsoft.android.oplayer,malware,1,0.748,1,malware
edu.synthetic.androzoo.malware.wallet_stealer.1753,malware,1,0.88,1,malware
com.mahasty.song.bouchinc,benign,0,0.77,1,malware
com.airble.airble,benign,0,0.722,1,malware
com.rumbo.mobile.android,benign,0,0.554,1,malware
edu.synthetic.androzoo.malware.wallet_stealer.1057,malware,1,0.844,1,malware
edu.synthetic.androzoo.malware.overlay_pin_stealer.1061,malware,1,0.886,1,malware
edu.synthetic.androzoo.malware.dropper_loader.0913,malware,1,0.724,1,malware
edu.synthetic.androzoo.malware.adware_clicker.0556,malware,1,0.704,1,malware
com.redshieldvpn.app,benign,0,0.904,1,malware
com.wawagame.app.colorfulworld,malware,1,0.144,0,benign
com.finch.finch,benign,0,0.684,1,malware
edu.synthetic.androzoo.malware.wallet_stealer.0058,malware,1,0.898,1,malware
edu.synthetic.androzoo.malware.ransomware_locker.0504,malware,1,0.79,1,malware
com.subsplashconsulting.s_PV3GSX,benign,0,0.142,0,benign
edu.synthetic.androzoo.malware.overlay_pin_stealer.0756,malware,1,0.842,1,malware
com.newscope.news.wk,benign,0,0.18,0,benign
com.FortuneMine.WonderGo,benign,0,0.712,1,malware
com.trainerize.rec,benign,0,0.87,1,malware
hu.vodafone.apps.myvodafone,benign,0,0.124,0,benign
com.IAA360.REIMA,benign,0,0.072,0,benign
edu.synthetic.androzoo.malware.ransomware_locker.0655,malware,1,0.766,1,malware
de.horsimann.pixelc,benign,0,0.832,1,malware
edu.synthetic.androzoo.malware.overlay_pin_stealer.1080,malware,1,0.792,1,malware
edu.synthetic.androzoo.malware.overlay_pin_stealer.0367,malware,1,0.894,1,malware
com.kairogame.android.Depart,malware,1,0.9,1,malware
edu.synthetic.androzoo.malware.ransomware_locker.0078,malware,1,0.752,1,malware
com.scopely.gardenjoy,benign,0,0.048,0,benign
edu.synthetic.androzoo.malware.sms_otp_stealer.0137,malware,1,0.732,1,malware
net.motortalk.android.board,benign,0,0.272,0,benign
io.aira.explorer,benign,0,0.818,1,malware
com.liappsan.chansonmusique,benign,0,0.224,0,benign
org.graffon.tabula,benign,0,0.258,0,benign
appinventor.ai_illescasjesica.Eticaconchaire,benign,0,0.672,1,malware
edu.synthetic.androzoo.malware.banker_accessibility.1137,malware,1,0.84,1,malware
com.freebird.zsp.DailyAccounting,malware,1,0.916,1,malware
com.sibisoft.sinclair,benign,0,0.182,0,benign
digifit.android.virtuagym.pro.apgsactiefpleziergezondsportief,benign,0,0.884,1,malware
com.ma.ld.dict.mechanical,malware,1,0.72,1,malware
edu.synthetic.androzoo.malware.spyware_surveillance.1646,malware,1,0.772,1,malware
edu.synthetic.androzoo.malware.overlay_pin_stealer.0634,malware,1,0.89,1,malware
edu.synthetic.androzoo.malware.overlay_pin_stealer.1424,malware,1,0.814,1,malware
com.under.water.fishing.vr,malware,1,0.836,1,malware
edu.synthetic.androzoo.malware.overlay_pin_stealer.0091,malware,1,0.808,1,malware
com.apptegy.greenar,benign,0,0.306,0,benign
com.shenyaocn.android.usbcamera,benign,0,0.544,1,malware
edu.synthetic.androzoo.malware.dropper_loader.0123,malware,1,0.744,1,malware
com.madotter.vhmmo,benign,0,0.402,0,benign
edu.synthetic.androzoo.malware.spyware_surveillance.1467,malware,1,0.844,1,malware
com.gl.wood_blockpro,benign,0,0.616,1,malware
com.bob.luckystar,malware,1,0.864,1,malware
com.FunLandGames.BlockPuzzle,benign,0,0.428,0,benign
uon.earth,benign,0,0.686,1,malware
com.coffreo.coffreo.coffreo,benign,0,0.804,1,malware
edu.synthetic.androzoo.malware.ransomware_locker.0390,malware,1,0.796,1,malware
com.valeriosevillagames.countless,benign,0,0.826,1,malware
edu.synthetic.androzoo.malware.dropper_loader.1749,malware,1,0.756,1,malware
com.appsforagri.smartfarm,benign,0,0.094,0,benign
com.aurorealty.ace.member,benign,0,0.64,1,malware
com.auyou.qpqj,malware,1,0.77,1,malware
com.xweisoft.wx.family,malware,1,0.838,1,malware
edu.synthetic.androzoo.malware.overlay_pin_stealer.0073,malware,1,0.88,1,malware
com.sinyee.babybus.animal,malware,1,0.614,1,malware
edu.synthetic.androzoo.malware.banker_accessibility.0235,malware,1,0.822,1,malware
com.alexeymorozua.orbittimefree,benign,0,0.18,0,benign
edu.synthetic.androzoo.malware.spyware_surveillance.0099,malware,1,0.824,1,malware
com.mgsstudio.totemofherope,malware,1,0.628,1,malware
com.web.sytacle,malware,1,0.518,1,malware
com.shping,benign,0,0.796,1,malware
com.flyersoft.seekbooks,malware,1,0.256,0,benign
com.onefitstop.atora,benign,0,0.48,0,benign
edu.synthetic.androzoo.malware.sms_otp_stealer.0827,malware,1,0.678,1,malware
it.mic.terremoto,benign,0,0.722,1,malware
ua.radio.autolife,benign,0,0.778,1,malware
com.appabc.paopaolong,malware,1,0.942,1,malware
edu.synthetic.androzoo.malware.overlay_pin_stealer.0789,malware,1,0.868,1,malware
edu.synthetic.androzoo.malware.wallet_stealer.0572,malware,1,0.804,1,malware
edu.synthetic.androzoo.malware.ransomware_locker.1050,malware,1,0.796,1,malware
edu.synthetic.androzoo.malware.sms_otp_stealer.1158,malware,1,0.836,1,malware
edu.synthetic.androzoo.malware.spyware_surveillance.0196,malware,1,0.786,1,malware
edu.synthetic.androzoo.malware.dropper_loader.0279,malware,1,0.764,1,malware
com.ipv.memberapp,benign,0,0.752,1,malware
com.yotoplay.yoto,benign,0,0.872,1,malware
edu.synthetic.androzoo.malware.adware_clicker.0477,malware,1,0.792,1,malware
com.ocv.a685,benign,0,0.198,0,benign
kr.co.mobine.blockpuzzle,benign,0,0.548,1,malware
com.lijordan.terra,benign,0,0.338,0,benign
edu.synthetic.androzoo.malware.banker_accessibility.1843,malware,1,0.808,1,malware
com.phonegap.bigben,benign,0,0.732,1,malware
edu.synthetic.androzoo.malware.banker_accessibility.0465,malware,1,0.85,1,malware
com.mobicrea.vidal,benign,0,0.796,1,malware
edu.synthetic.androzoo.malware.banker_accessibility.0608,malware,1,0.872,1,malware
com.demansol.santaescape.free,malware,1,0.998,1,malware
masar.bluetoothsplitter.free,benign,0,0.66,1,malware
com.destroyingdust.horrorasylum,malware,1,0.848,1,malware
com.gg.lighthand,malware,1,0.164,0,benign
com.duyleo.hannomdict,benign,0,0.594,1,malware
edu.synthetic.androzoo.malware.ransomware_locker.0654,malware,1,0.804,1,malware
com.timonemobile,benign,0,0.89,1,malware
edu.synthetic.androzoo.malware.spyware_surveillance.0793,malware,1,0.792,1,malware
com.life.palm,malware,1,0.598,1,malware
wjs.mobile.myquicknote,benign,0,0.912,1,malware
com.khetigaadi,benign,0,0.236,0,benign
com.kaleris.stationlog,benign,0,0.662,1,malware
de.check24.check24,benign,0,0.328,0,benign
edu.synthetic.androzoo.malware.spyware_surveillance.0298,malware,1,0.898,1,malware
com.miaomiaoapp.tinydungeon1.all,malware,1,0.916,1,malware
net.felinger.dashboard,benign,0,0.09,0,benign
com.jitendrasurve.pipingspacingcalculator,benign,0,0.076,0,benign
edu.synthetic.androzoo.malware.wallet_stealer.0468,malware,1,0.852,1,malware
com.slb.drillops.touch,benign,0,0.658,1,malware
ie.flipdish.fd14633,benign,0,0.52,1,malware
com.app.naijaacres,benign,0,0.884,1,malware
applock.lockapps.fingerprint.password.maxlock,malware,1,0.202,0,benign
com.dar.dar,benign,0,0.142,0,benign
com.birodic.tafsir.ahlam,benign,0,0.698,1,malware
edu.synthetic.androzoo.malware.overlay_pin_stealer.1485,malware,1,0.85,1,malware
edu.synthetic.androzoo.malware.sms_otp_stealer.1673,malware,1,0.862,1,malware
edu.synthetic.androzoo.malware.banker_accessibility.0479,malware,1,0.84,1,malware
com.subsplashconsulting.s_PKD7DK,benign,0,0.136,0,benign
edu.synthetic.androzoo.malware.spyware_surveillance.1279,malware,1,0.808,1,malware
edu.synthetic.androzoo.malware.banker_accessibility.1534,malware,1,0.84,1,malware
fr.mysam.driver,benign,0,0.884,1,malware
edu.synthetic.androzoo.malware.wallet_stealer.0113,malware,1,0.888,1,malware
edu.synthetic.androzoo.malware.overlay_pin_stealer.0744,malware,1,0.828,1,malware
tk.turkmenistan_viktorina_synag.millioner_millionaire,benign,0,0.262,0,benign
edu.synthetic.androzoo.malware.banker_accessibility.1355,malware,1,0.906,1,malware
com.bengigi.runcowrun,benign,0,0.888,1,malware
islamic.apps.mahmoud.khalil.al.hussary.mp3.quran.offline.full,benign,0,0.156,0,benign
com.canadiantire.noma,benign,0,0.31,0,benign
ru.one.shot,benign,0,0.86,1,malware
edu.synthetic.androzoo.malware.overlay_pin_stealer.0506,malware,1,0.832,1,malware
edu.synthetic.androzoo.malware.ransomware_locker.0548,malware,1,0.83,1,malware
com.subsplashconsulting.s_JKQH7Q,benign,0,0.316,0,benign
gr.christianikatragoudia.app,benign,0,0.768,1,malware
edu.synthetic.androzoo.malware.overlay_pin_stealer.1320,malware,1,0.852,1,malware
com.shogunstudios.poikatsutile,benign,0,0.644,1,malware
com.aullan.aullan,benign,0,0.556,1,malware
edu.synthetic.androzoo.malware.overlay_pin_stealer.1429,malware,1,0.838,1,malware
edu.synthetic.androzoo.malware.wallet_stealer.0719,malware,1,0.904,1,malware
com.huoban,malware,1,0.16,0,benign
edu.synthetic.androzoo.malware.ransomware_locker.0093,malware,1,0.764,1,malware
edu.synthetic.androzoo.malware.dropper_loader.0883,malware,1,0.766,1,malware
vitalypanov.phototracker,benign,0,0.758,1,malware
jp.co.atis.atis_googleapp,benign,0,0.394,0,benign
com.YuZhenLi.ColorTree,malware,1,0.55,1,malware
edu.synthetic.androzoo.malware.dropper_loader.0404,malware,1,0.782,1,malware
com.joinrh.ead,benign,0,0.584,1,malware
edu.synthetic.androzoo.malware.banker_accessibility.1444,malware,1,0.868,1,malware
edu.synthetic.androzoo.malware.dropper_loader.1059,malware,1,0.758,1,malware
edu.synthetic.androzoo.malware.ransomware_locker.0907,malware,1,0.766,1,malware
com.themafiagames.helpthegirl,benign,0,0.83,1,malware
com.virtualmaze.offlinemapnavigationtracker,benign,0,0.426,0,benign
edu.qau.queenarwauniversity.yemen,benign,0,0.708,1,malware
no.membro.adrenalin,benign,0,0.776,1,malware
com.chinesemenuonline.asianwoklouisville,benign,0,0.478,0,benign
edu.synthetic.androzoo.malware.overlay_pin_stealer.0739,malware,1,0.75,1,malware
com.golinks.io,benign,0,0.414,0,benign
edu.synthetic.androzoo.malware.overlay_pin_stealer.0420,malware,1,0.896,1,malware
edu.synthetic.androzoo.malware.overlay_pin_stealer.1337,malware,1,0.906,1,malware
app.aivora.exchange,benign,0,0.884,1,malware
com.applicate.simasg.app,benign,0,0.882,1,malware
com.rueblur,benign,0,0.76,1,malware
edu.synthetic.androzoo.malware.dropper_loader.1482,malware,1,0.71,1,malware
tv.uscreen.newwineonline,benign,0,0.966,1,malware
edu.synthetic.androzoo.malware.banker_accessibility.0959,malware,1,0.852,1,malware
com.soundmaster,malware,1,1.0,1,malware
edu.synthetic.androzoo.malware.overlay_pin_stealer.0770,malware,1,0.832,1,malware
edu.synthetic.androzoo.malware.overlay_pin_stealer.0071,malware,1,0.884,1,malware
edu.synthetic.androzoo.malware.wallet_stealer.0899,malware,1,0.89,1,malware
cz.etnetera.mobile.rossmann,benign,0,0.284,0,benign
com.prim.app.primarkmf,benign,0,0.516,1,malware
com.coyoapp.hobbyyou.engage.android,benign,0,0.882,1,malware
edu.synthetic.androzoo.malware.spyware_surveillance.1326,malware,1,0.846,1,malware
edu.synthetic.androzoo.malware.wallet_stealer.1411,malware,1,0.898,1,malware
com.appking.adz_dzariyah,benign,0,0.07,0,benign
edu.synthetic.androzoo.malware.ransomware_locker.1062,malware,1,0.722,1,malware
edu.synthetic.androzoo.malware.spyware_surveillance.0403,malware,1,0.866,1,malware
com.pointcore.geov5mon,benign,0,0.714,1,malware
com.ipeaksoft.pitDadGame.qianxun.gp1,malware,1,0.9,1,malware
com.active.lantern,benign,0,0.896,1,malware
edu.synthetic.androzoo.malware.overlay_pin_stealer.0998,malware,1,0.852,1,malware
com.semtech.android.trackerscanner,benign,0,0.288,0,benign
digifit.android.virtuagym.pro.fitnessbay,benign,0,0.874,1,malware
com.passporterapp.android,benign,0,0.086,0,benign
edu.synthetic.androzoo.malware.ransomware_locker.1066,malware,1,0.726,1,malware
com.techmetrica.apps.codegenius.pizero_eduok,benign,0,0.218,0,benign
com.lorgame.adventure.gp,benign,0,0.492,0,benign
com.android.daoway,malware,1,0.836,1,malware
com.crossfield.jewel8,malware,1,0.826,1,malware
com.fsgpay,benign,0,0.882,1,malware
com.gymchina.tomato.art,malware,1,0.882,1,malware
edu.synthetic.androzoo.malware.overlay_pin_stealer.1314,malware,1,0.896,1,malware
edu.synthetic.androzoo.malware.wallet_stealer.1197,malware,1,0.86,1,malware
com.loafish.erpfzb,malware,1,0.75,1,malware
com.partnerize.platform,benign,0,0.784,1,malware
com.record.voice.day.all,malware,1,0.246,0,benign
com.tpcm.crisis,benign,0,0.87,1,malware
edu.synthetic.androzoo.malware.sms_otp_stealer.1697,malware,1,0.73,1,malware
edu.synthetic.androzoo.malware.overlay_pin_stealer.0233,malware,1,0.692,1,malware
com.alexiaclark.com,malware,1,0.996,1,malware
com.clearmindhypnotherapy.app,benign,0,0.874,1,malware
edu.synthetic.androzoo.malware.sms_otp_stealer.0110,malware,1,0.81,1,malware
edu.synthetic.androzoo.malware.ransomware_locker.1203,malware,1,0.752,1,malware
edu.synthetic.androzoo.malware.sms_otp_stealer.0845,malware,1,0.756,1,malware
com.m360.android.orpi,benign,0,0.376,0,benign
edu.synthetic.androzoo.malware.spyware_surveillance.1547,malware,1,0.812,1,malware
edu.synthetic.androzoo.malware.spyware_surveillance.1776,malware,1,0.846,1,malware
it.gasparilab.mypozzomaggiore,benign,0,0.318,0,benign
org.commitglobal.votemonitor.app,benign,0,0.516,1,malware
edu.synthetic.androzoo.malware.adware_clicker.1171,malware,1,0.824,1,malware
edu.synthetic.androzoo.malware.ransomware_locker.0964,malware,1,0.798,1,malware
com.credit9.funding,benign,0,0.26,0,benign
com.tenon.connect,benign,0,0.51,1,malware
edu.synthetic.androzoo.malware.dropper_loader.1381,malware,1,0.74,1,malware
eu.versine.sapporo,benign,0,0.858,1,malware
com.noru.cursos,benign,0,0.842,1,malware
uk.playdrop.cherrytree_idletextrpg,benign,0,0.43,0,benign
edu.synthetic.androzoo.malware.banker_accessibility.0220,malware,1,0.87,1,malware
com.choptsalad.choptsalad.android.app,benign,0,0.228,0,benign
com.kunpeng.babyting,malware,1,0.932,1,malware
com.ayudevices.ayushare2,benign,0,0.86,1,malware
com.jacobsmedia.bluelake,benign,0,0.666,1,malware
com.rkplayerjolite.rkjo,benign,0,0.79,1,malware
edu.synthetic.androzoo.malware.spyware_surveillance.0859,malware,1,0.776,1,malware
kr.co.pksoft.ri3710,benign,0,0.842,1,malware
edu.synthetic.androzoo.malware.banker_accessibility.1493,malware,1,0.864,1,malware
com.ario.tor,malware,1,0.556,1,malware
edu.synthetic.androzoo.malware.ransomware_locker.1468,malware,1,0.818,1,malware
edu.synthetic.androzoo.malware.wallet_stealer.0784,malware,1,0.864,1,malware
edu.synthetic.androzoo.malware.dropper_loader.0683,malware,1,0.706,1,malware
edu.synthetic.androzoo.malware.banker_accessibility.0203,malware,1,0.85,1,malware
service.ueco.coins,malware,1,0.754,1,malware
edu.synthetic.androzoo.malware.ransomware_locker.0069,malware,1,0.826,1,malware
com.jmchn.weather,malware,1,1.0,1,malware
net.peakgames.ginrummyplus,benign,0,0.736,1,malware
edu.synthetic.androzoo.malware.dropper_loader.0121,malware,1,0.736,1,malware
com.subsplash.thechurchapp.s_XSKXQX,benign,0,0.392,0,benign
edu.synthetic.androzoo.malware.overlay_pin_stealer.1236,malware,1,0.832,1,malware
com.grinasys.fwl,benign,0,0.838,1,malware
cz.praetorsystems.praetor2,benign,0,0.598,1,malware
com.dhgate.buyermob,malware,1,1.0,1,malware
com.illtip.app.ios,malware,1,0.356,0,benign
com.Elytra.DeathIsland,benign,0,0.848,1,malware
org.sdcarddatarecovery,benign,0,0.904,1,malware
alldictdict.alldict.pltr,benign,0,0.66,1,malware
edu.synthetic.androzoo.malware.wallet_stealer.0247,malware,1,0.868,1,malware
com.aladinfun.islandking.android,benign,0,0.35,0,benign
com.evgeniusdev.fallingblocks,benign,0,0.892,1,malware
com.subsplash.thechurchapp.skyline,benign,0,0.132,0,benign
edu.synthetic.androzoo.malware.overlay_pin_stealer.1372,malware,1,0.872,1,malware
com.restaumatic.bar_saigon_z_gwiazdka_michalin_production,benign,0,0.106,0,benign
com.tmgreengrouptimesheets,benign,0,0.448,0,benign
cn.motoon.reader,malware,1,0.88,1,malware
rsba.erv.bible.study.app,benign,0,0.814,1,malware
com.aok.xyygame.K57,malware,1,0.906,1,malware
com.mitsubishi_motors.miland,benign,0,0.91,1,malware
com.techarts.hexa.sort.master.color.puzzle,benign,0,0.816,1,malware
me.fleka.hipotekarna,benign,0,0.814,1,malware
com.noctualabs.android.hamstercheese,benign,0,0.458,0,benign
com.easeinc.beacon,benign,0,0.676,1,malware
edu.synthetic.androzoo.malware.wallet_stealer.1228,malware,1,0.854,1,malware
nl.halalspots.alafassyquranmp3,benign,0,0.91,1,malware
cn.duome.winnerc,malware,1,0.858,1,malware
com.mike.touxiangdashi,malware,1,0.084,0,benign
at.harnisch.android.planets,benign,0,0.682,1,malware
mn.mobicom.candy,benign,0,0.778,1,malware
edu.synthetic.androzoo.malware.spyware_surveillance.0781,malware,1,0.788,1,malware
edu.synthetic.androzoo.malware.ransomware_locker.0265,malware,1,0.772,1,malware
com.nordicid.rfidwedgeservice,benign,0,0.194,0,benign
edu.synthetic.androzoo.malware.banker_accessibility.1926,malware,1,0.87,1,malware
com.ofotech.app.in,benign,0,0.372,0,benign
edu.synthetic.androzoo.malware.spyware_surveillance.1492,malware,1,0.78,1,malware
com.riyu365.pkusky,malware,1,0.288,0,benign
kada.negativeimage.InvertImage,benign,0,0.878,1,malware
edu.synthetic.androzoo.malware.banker_accessibility.1240,malware,1,0.902,1,malware
edu.synthetic.androzoo.malware.adware_clicker.1096,malware,1,0.768,1,malware
pl.com.pwm.con.sol.la,benign,0,0.794,1,malware
com.pik.roxstar,benign,0,0.45,0,benign
jp.Marvelous.BMWC,benign,0,0.554,1,malware
com.boyneresorts.loon,benign,0,0.12,0,benign
com.salik.smartsalik,malware,1,0.268,0,benign
com.dotgames.CrazyRoadGP,malware,1,0.89,1,malware
com.etips.lugano.travel.guide,benign,0,0.74,1,malware
edu.synthetic.androzoo.malware.spyware_surveillance.0426,malware,1,0.828,1,malware
net.windcloud.explorer,malware,1,0.018,0,benign
edu.synthetic.androzoo.malware.wallet_stealer.0915,malware,1,0.848,1,malware
au.com.investa.insite,benign,0,0.462,0,benign
az.studio.gkztc,malware,1,0.554,1,malware
edu.synthetic.androzoo.malware.dropper_loader.0881,malware,1,0.808,1,malware
ru.premiumbonus.tapchan,benign,0,0.604,1,malware
com.acesoft.pacman,benign,0,0.78,1,malware
com.orio.finance.sas,benign,0,0.88,1,malware
com.meta.inno.sticker,benign,0,0.82,1,malware
edu.synthetic.androzoo.malware.banker_accessibility.0295,malware,1,0.86,1,malware
edu.synthetic.androzoo.malware.spyware_surveillance.0106,malware,1,0.87,1,malware
com.aroma.flowers.salesapp,benign,0,0.756,1,malware
edu.synthetic.androzoo.malware.banker_accessibility.1732,malware,1,0.838,1,malware
edu.synthetic.androzoo.malware.adware_clicker.0427,malware,1,0.626,1,malware
com.ak.ta.dainikbhaskar.activity,benign,0,0.07,0,benign
edu.synthetic.androzoo.malware.wallet_stealer.1835,malware,1,0.872,1,malware
com.EscapeFactory.CursedSchool,benign,0,0.352,0,benign
com.jianfeng.argame,malware,1,0.83,1,malware
edu.synthetic.androzoo.malware.banker_accessibility.1327,malware,1,0.862,1,malware
edu.synthetic.androzoo.malware.banker_accessibility.0903,malware,1,0.872,1,malware
net.passone.itbankcyber,benign,0,0.466,0,benign
com.sooperbooks.SooperBooks,benign,0,0.404,0,benign
com.women.fitness.body.inspire.herworkout,malware,1,0.802,1,malware
com.earku.main,malware,1,0.664,1,malware
appinventor.ai_kayipkayik.Maps,malware,1,0.312,0,benign
edu.synthetic.androzoo.malware.ransomware_locker.0067,malware,1,0.782,1,malware
edu.synthetic.androzoo.malware.banker_accessibility.1434,malware,1,0.776,1,malware
co.bytemark.nycf,benign,0,0.514,1,malware
edu.synthetic.androzoo.malware.ransomware_locker.1757,malware,1,0.84,1,malware
edu.synthetic.androzoo.malware.ransomware_locker.1008,malware,1,0.746,1,malware
com.application.collegehockeynews,benign,0,0.548,1,malware
edu.synthetic.androzoo.malware.dropper_loader.0014,malware,1,0.812,1,malware
ru.FoodSoul.VelikiyNovgorodSkazkafood,benign,0,0.356,0,benign
com.andrea,benign,0,0.84,1,malware
mixchatroom.chatsansar.com,benign,0,0.094,0,benign
com.kaderisoft.islam,benign,0,0.718,1,malware
com.zhangshang.zuhao,malware,1,0.884,1,malware
com.cricketmood.android,benign,0,0.728,1,malware
com.primexbt.trade,benign,0,0.804,1,malware
com.chunyuqiufeng.gaozhongapp,malware,1,0.62,1,malware
com.mtd.ccis,benign,0,0.812,1,malware
no.sit.membro,benign,0,0.878,1,malware
com.yxkj.medicine,malware,1,0.358,0,benign
com.bayer.cs.mscapp,benign,0,0.242,0,benign
com.subsplash.thechurchapp.TheUrbanAlternative,benign,0,0.208,0,benign
sh.dms,malware,1,0.96,1,malware
com.feelingtouch.bugswar,malware,1,0.556,1,malware
silverlime.casesimulatorultimate,benign,0,0.622,1,malware
com.pulsmo.StrayCatTowers,benign,0,0.406,0,benign
applivingbypreceptsministriesorg.wpapp,benign,0,0.614,1,malware
com.ai.voice.recorder,malware,1,0.46,0,benign
ru.kingkongsushi.client,benign,0,0.918,1,malware
edu.synthetic.androzoo.malware.ransomware_locker.1874,malware,1,0.808,1,malware
edu.synthetic.androzoo.malware.banker_accessibility.0120,malware,1,0.866,1,malware
com.tangiappsit.shiva.herorescue,benign,0,0.418,0,benign
edu.synthetic.androzoo.malware.spyware_surveillance.1537,malware,1,0.898,1,malware
com.widex.arc,benign,0,0.736,1,malware
com.automatedyogamarketing.app,benign,0,0.696,1,malware
com.moodle.taheriacademy,benign,0,0.708,1,malware
io.dcloud.H582BAF34,malware,1,0.756,1,malware
com.g2us.armedwarriors,malware,1,0.936,1,malware
edu.synthetic.androzoo.malware.ransomware_locker.0042,malware,1,0.768,1,malware
net.gastfreund.Bruggerhof,benign,0,0.624,1,malware
edu.synthetic.androzoo.malware.spyware_surveillance.0315,malware,1,0.822,1,malware
com.moex.finuslugi,benign,0,0.11,0,benign
com.modtool.boxapp,malware,1,0.798,1,malware
edu.synthetic.androzoo.malware.wallet_stealer.1222,malware,1,0.9,1,malware
edu.synthetic.androzoo.malware.overlay_pin_stealer.1322,malware,1,0.9,1,malware
com.xiaodong.rengongjisuan,malware,1,0.394,0,benign
eu.mycabin.mycabin.preview,benign,0,0.274,0,benign
edu.synthetic.androzoo.malware.ransomware_locker.0987,malware,1,0.726,1,malware
com.dengyu.coolvideo,malware,1,0.716,1,malware
com.todoorstep.store,benign,0,0.216,0,benign
com.trayport.joule.mobile,benign,0,0.796,1,malware
com.dws.armyantz,malware,1,0.958,1,malware
edu.synthetic.androzoo.malware.banker_accessibility.1496,malware,1,0.922,1,malware
com.PSD.Catastrophes,benign,0,0.848,1,malware
com.idcardsapp,benign,0,0.406,0,benign
com.sinyee.babybus.popsicles,malware,1,0.828,1,malware
com.jetpack.android,benign,0,0.748,1,malware
edu.synthetic.androzoo.malware.spyware_surveillance.0527,malware,1,0.832,1,malware
com.webflow.my_team,benign,0,0.876,1,malware
com.tvsmartview.tvcast.mirroring,benign,0,0.504,1,malware
com.zumoapps.curso.teologia.evangelica,malware,1,0.832,1,malware
edu.synthetic.androzoo.malware.adware_clicker.0546,malware,1,0.772,1,malware
com.bracits.progoti,benign,0,0.886,1,malware
com.rookieme.connect,benign,0,0.512,1,malware
com.t2s.cookiecrumble798808,benign,0,0.152,0,benign
com.appsmart.delivery.bacchusrestt3982,benign,0,0.16,0,benign
com.ls.cake.cakemaker.diy.baking.girls.cooking.birthdaycake,benign,0,0.832,1,malware
com.tangerine.live.cake,malware,1,0.518,1,malware
com.marvelous.runbot,malware,1,0.818,1,malware
edu.synthetic.androzoo.malware.banker_accessibility.1490,malware,1,0.808,1,malware
net.winrx.rx_2_go,benign,0,0.156,0,benign
edu.synthetic.androzoo.malware.ransomware_locker.0387,malware,1,0.776,1,malware
edu.synthetic.androzoo.malware.spyware_surveillance.1793,malware,1,0.824,1,malware
edu.synthetic.androzoo.malware.banker_accessibility.1343,malware,1,0.872,1,malware
az.kapitalbank.mbanking,benign,0,1.0,1,malware
edu.synthetic.androzoo.malware.banker_accessibility.0581,malware,1,0.844,1,malware
com.evrotrust.app,benign,0,0.418,0,benign
com.marshmallowgameslab.fruit.melody.match.three.games.free.offline,benign,0,0.382,0,benign
com.zoomcouriersoftwaredev,benign,0,0.506,1,malware
edu.synthetic.androzoo.malware.dropper_loader.1258,malware,1,0.732,1,malware
edu.synthetic.androzoo.malware.sms_otp_stealer.1607,malware,1,0.832,1,malware
com.assistant.file.clean.pro,malware,1,0.87,1,malware
edu.synthetic.androzoo.malware.wallet_stealer.0988,malware,1,0.886,1,malware
com.breboucas.suecoparaviajar,benign,0,0.87,1,malware
edu.synthetic.androzoo.malware.sms_otp_stealer.1039,malware,1,0.9,1,malware
com.trinity.edupam,malware,1,0.808,1,malware
edu.synthetic.androzoo.malware.dropper_loader.1123,malware,1,0.758,1,malware
edu.synthetic.androzoo.malware.overlay_pin_stealer.1599,malware,1,0.854,1,malware
com.cosmos.universe,malware,1,1.0,1,malware
cn.zepeto.main,malware,1,0.844,1,malware
com.buyma.buymaapp,benign,0,0.22,0,benign
edu.synthetic.androzoo.malware.spyware_surveillance.1027,malware,1,0.792,1,malware
com.plusme.live,malware,1,0.164,0,benign
com.victie.reader,benign,0,0.254,0,benign
edu.synthetic.androzoo.malware.banker_accessibility.0184,malware,1,0.79,1,malware
com.alfanetwork.cloudmineapp,malware,1,0.836,1,malware
com.onebit.iqtestraven,benign,0,0.254,0,benign
com.moodle.unisinos,benign,0,0.798,1,malware
com.inpeaceapp.iglesiamybethel.fl,benign,0,0.442,0,benign
edu.synthetic.androzoo.malware.banker_accessibility.0734,malware,1,0.898,1,malware
edu.synthetic.androzoo.malware.banker_accessibility.0005,malware,1,0.868,1,malware
edu.synthetic.androzoo.malware.banker_accessibility.1243,malware,1,0.876,1,malware
com.lyd.mobilely,malware,1,0.888,1,malware
edu.synthetic.androzoo.malware.dropper_loader.0927,malware,1,0.718,1,malware
edu.synthetic.androzoo.malware.sms_otp_stealer.0518,malware,1,0.82,1,malware
com.OwnGames.OwnKingdom,malware,1,0.872,1,malware
com.mindalcove.mental.health.app,benign,0,0.862,1,malware
edu.synthetic.androzoo.malware.ransomware_locker.1172,malware,1,0.794,1,malware
edu.synthetic.androzoo.malware.ransomware_locker.1150,malware,1,0.8,1,malware
com.schooleverywhere.royalhouse,benign,0,0.884,1,malware
com.travel.flybooking,benign,0,0.892,1,malware
edu.synthetic.androzoo.malware.banker_accessibility.0664,malware,1,0.866,1,malware
saude.mrc.saude,benign,0,0.848,1,malware
fmcode.Ccboxqml,benign,0,0.546,1,malware
com.qlbeoka.fda,benign,0,0.71,1,malware
com.shatteredpixel.shatteredpixeldungeon7,benign,0,0.29,0,benign
com.RegionXIBLSSMO,benign,0,0.546,1,malware
com.sandsmedia.apps.android.entwicklerkiosk,benign,0,0.564,1,malware
com.eximdj.faida,benign,0,0.722,1,malware
com.jewelblast.puzzlelegend,benign,0,0.26,0,benign
edu.synthetic.androzoo.malware.overlay_pin_stealer.1696,malware,1,0.676,1,malware
edu.synthetic.androzoo.malware.dropper_loader.1112,malware,1,0.742,1,malware
com.xdtech.news.greatriver,malware,1,0.504,1,malware
com.lunosoft.puuung1,benign,0,0.784,1,malware
vk.milyang,benign,0,0.2,0,benign
edu.synthetic.androzoo.malware.wallet_stealer.0687,malware,1,0.884,1,malware
edu.synthetic.androzoo.malware.sms_otp_stealer.1663,malware,1,0.81,1,malware
edu.synthetic.androzoo.malware.dropper_loader.1616,malware,1,0.754,1,malware
edu.synthetic.androzoo.malware.sms_otp_stealer.1863,malware,1,0.868,1,malware
com.nouslib.NousLibApp,benign,0,0.87,1,malware
edu.synthetic.androzoo.malware.banker_accessibility.0400,malware,1,0.826,1,malware
edu.synthetic.androzoo.malware.dropper_loader.0299,malware,1,0.744,1,malware
edu.synthetic.androzoo.malware.banker_accessibility.0077,malware,1,0.876,1,malware
com.lily.times.tweenshusky.all,benign,0,0.426,0,benign
tw.com.fontrip.citypass.taipei.production,benign,0,0.828,1,malware
edu.synthetic.androzoo.malware.spyware_surveillance.0804,malware,1,0.784,1,malware
edu.synthetic.androzoo.malware.wallet_stealer.1250,malware,1,0.878,1,malware
edu.synthetic.androzoo.malware.spyware_surveillance.1157,malware,1,0.876,1,malware
de.nextbike,benign,0,0.494,0,benign
lgc.zhousMandarin.activity,malware,1,0.97,1,malware
com.chillingo.tinytroopers2.android.rowgplay,malware,1,0.704,1,malware
weightloss.weightlossforwomen.workoutforwomen.womenworkout,benign,0,0.694,1,malware
com.angel.cuentachistesia,benign,0,0.684,1,malware
edu.synthetic.androzoo.malware.overlay_pin_stealer.1108,malware,1,0.888,1,malware
com.firebear.androil,malware,1,0.868,1,malware
edu.synthetic.androzoo.malware.ransomware_locker.0868,malware,1,0.758,1,malware
edu.synthetic.androzoo.malware.wallet_stealer.0712,malware,1,0.858,1,malware
com.inditex.ecommerce.zarahome.android,benign,0,0.252,0,benign
com.lahitaksi.passengerapp,benign,0,0.604,1,malware
com.holiday.women.formed.newsletter,malware,1,0.768,1,malware
com.yayday.app,benign,0,0.744,1,malware
com.yc.games,malware,1,0.83,1,malware
com.finger2finger.games.chickeninline.lite,malware,1,0.834,1,malware
edu.synthetic.androzoo.malware.dropper_loader.0081,malware,1,0.758,1,malware
com.cordic.isleworth.parker,benign,0,0.404,0,benign
za.co.pnet.andr,benign,0,0.474,0,benign
com.subsplashconsulting.s_NCJPB7,benign,0,0.242,0,benign
edu.synthetic.androzoo.malware.ransomware_locker.0864,malware,1,0.826,1,malware
edu.synthetic.androzoo.malware.banker_accessibility.1146,malware,1,0.824,1,malware
com.playcus.crossstitch.coloring.mandala,benign,0,0.762,1,malware
com.milkcrate,benign,0,0.222,0,benign
net.wakit.wamr,benign,0,0.754,1,malware
edu.synthetic.androzoo.malware.banker_accessibility.0430,malware,1,0.85,1,malware
com.xingyukeji.ylyb,malware,1,0.788,1,malware
com.ttdic.synonymsru,benign,0,0.128,0,benign
edu.synthetic.androzoo.malware.wallet_stealer.0050,malware,1,0.852,1,malware
edu.synthetic.androzoo.malware.spyware_surveillance.0715,malware,1,0.846,1,malware
edu.synthetic.androzoo.malware.banker_accessibility.0066,malware,1,0.842,1,malware
com.ucroo.augusta,benign,0,0.35,0,benign
com.sala.RuVBKKProd,benign,0,0.862,1,malware
com.dubaiculture,benign,0,0.54,1,malware
edu.synthetic.androzoo.malware.banker_accessibility.0951,malware,1,0.868,1,malware
com.scsoft.boribori,benign,0,0.326,0,benign
com.freelancesakamoto.ZombieInterview,benign,0,0.722,1,malware
com.spendesk.spendesk,benign,0,0.274,0,benign
edu.synthetic.androzoo.malware.overlay_pin_stealer.1531,malware,1,0.836,1,malware
edu.synthetic.androzoo.malware.spyware_surveillance.0276,malware,1,0.856,1,malware
com.lavaclan.vesuvio.appchina,malware,1,0.728,1,malware
com.pushpress.crossfittrivium,benign,0,0.828,1,malware
com.jmita.bibliasagrada2,malware,1,0.756,1,malware
com.xtornado.ghostsofwar2,benign,0,0.566,1,malware
com.boa.elearning,benign,0,0.55,1,malware
com.astron.kisikates,benign,0,0.042,0,benign
schoolgirl.supervisor.saori.sato.multiplayer,malware,1,0.594,1,malware
nl.pinkelephant.pink.crm,benign,0,0.58,1,malware
com.puzzle.blast.block.game,benign,0,0.256,0,benign
edu.synthetic.androzoo.malware.wallet_stealer.1873,malware,1,0.884,1,malware
edu.synthetic.androzoo.malware.banker_accessibility.0656,malware,1,0.766,1,malware
com.sinyee.babybus.digging,malware,1,0.718,1,malware
com.scriptoind.coinsim,benign,0,0.738,1,malware
com.icready.apps.gallery_with_file_manager,benign,0,0.094,0,benign
edu.synthetic.androzoo.malware.ransomware_locker.1377,malware,1,0.768,1,malware
com.gangster.crime.stickman.rob.kill.topfreegames,benign,0,0.266,0,benign
com.pirate.plunder,benign,0,0.73,1,malware
aventaplus.si.bulbshare,benign,0,0.652,1,malware
com.godplace.gpen,benign,0,0.268,0,benign
com.zombie.ahead.ly,malware,1,0.808,1,malware
modmenupubg.toolhack.espmodbgmi.v,malware,1,0.548,1,malware
edu.synthetic.androzoo.malware.ransomware_locker.1912,malware,1,0.796,1,malware
com.femaleinvest.mobileapp,benign,0,0.666,1,malware
com.inditex.pullandbear,benign,0,0.798,1,malware
com.s626.LoopDiggernew,benign,0,0.25,0,benign
com.standartn.ru.inventarization,benign,0,0.266,0,benign
com.silvercrk.euchre_free,benign,0,0.534,1,malware
edu.synthetic.androzoo.malware.sms_otp_stealer.1023,malware,1,0.71,1,malware
com.ecgamesstudio.radiospiritboxecnew,benign,0,0.694,1,malware
edu.synthetic.androzoo.malware.dropper_loader.1664,malware,1,0.742,1,malware
com.mobeasyapp.app1308622866805,benign,0,0.356,0,benign
edu.synthetic.androzoo.malware.wallet_stealer.0211,malware,1,0.83,1,malware
en.co.atm.unison,benign,0,0.764,1,malware
com.master.ball.v5.yyh,malware,1,0.402,0,benign
edu.synthetic.androzoo.malware.wallet_stealer.1710,malware,1,0.818,1,malware
jp.co.kdl.yukiyama,benign,0,0.116,0,benign
com.mthaler.ferments,benign,0,0.37,0,benign
edu.synthetic.androzoo.malware.sms_otp_stealer.1923,malware,1,0.816,1,malware
com.mysticmobileapps.android.boat.tracker,benign,0,0.828,1,malware
sk.bouli.lc,benign,0,0.554,1,malware
com.paperdoll.diary.dressup.game,benign,0,0.388,0,benign
fr.acd_groupe.PLURI,benign,0,0.71,1,malware
com.theappcompany.rationaltraining,benign,0,0.452,0,benign
cn.w3cschool.android.python,malware,1,0.954,1,malware
edu.synthetic.androzoo.malware.dropper_loader.1914,malware,1,0.756,1,malware
edu.synthetic.androzoo.malware.ransomware_locker.0577,malware,1,0.772,1,malware
edu.synthetic.androzoo.malware.banker_accessibility.0689,malware,1,0.904,1,malware
jp.co.timepedia.tokisuki,benign,0,0.586,1,malware
com.tocaboca.tocavacation,malware,1,0.35,0,benign
edu.synthetic.androzoo.malware.banker_accessibility.1928,malware,1,0.882,1,malware
edu.synthetic.androzoo.malware.banker_accessibility.1535,malware,1,0.888,1,malware
australia.news.au.newspapers.magazines,benign,0,0.222,0,benign
edu.synthetic.androzoo.malware.banker_accessibility.0828,malware,1,0.87,1,malware
com.cta.liquorlineup,benign,0,0.834,1,malware
com.androidbull.incognitobrowser.lite,malware,1,0.71,1,malware
se.sormlandsmedia.sn,benign,0,0.228,0,benign
com.radios.en.linea.de.venezuela,benign,0,0.91,1,malware
com.mgsstudio.offroadcarpe,malware,1,0.618,1,malware
com.pearlabyss.pearlapp,benign,0,0.064,0,benign
com.almashines.iihmr,benign,0,0.794,1,malware
com.magicube.live,malware,1,0.328,0,benign
edu.synthetic.androzoo.malware.banker_accessibility.0500,malware,1,0.876,1,malware
com.mindsethealth.ibs,benign,0,0.728,1,malware
edu.synthetic.androzoo.malware.dropper_loader.1911,malware,1,0.762,1,malware
com.wave.personal,benign,0,0.476,0,benign
edu.synthetic.androzoo.malware.banker_accessibility.1819,malware,1,0.86,1,malware
edu.synthetic.androzoo.malware.overlay_pin_stealer.0670,malware,1,0.858,1,malware
edu.synthetic.androzoo.malware.spyware_surveillance.1713,malware,1,0.802,1,malware
com.tradera,benign,0,0.738,1,malware
edu.synthetic.androzoo.malware.ransomware_locker.1189,malware,1,0.776,1,malware
edu.synthetic.androzoo.malware.dropper_loader.1446,malware,1,0.76,1,malware
com.visioncit.mudita,benign,0,0.864,1,malware
step.counter.walkmate.android,malware,1,0.466,0,benign
edu.synthetic.androzoo.malware.overlay_pin_stealer.1854,malware,1,0.856,1,malware
com.nttdocomo.keitai.payment,benign,0,0.042,0,benign
edu.synthetic.androzoo.malware.overlay_pin_stealer.1804,malware,1,0.914,1,malware
com.bonbongame.hairdresser.hair.style.salon.game,benign,0,0.404,0,benign
edu.synthetic.androzoo.malware.dropper_loader.0002,malware,1,0.776,1,malware
com.cookapps.myperfecthouse,benign,0,0.366,0,benign
com.adwo.android.games.mine,malware,1,0.964,1,malware
com.kumobius.android.wal,malware,1,0.442,0,benign
vmd.windowphotoeditor,benign,0,0.232,0,benign
com.llj.apple,malware,1,0.996,1,malware
edu.synthetic.androzoo.malware.banker_accessibility.0368,malware,1,0.846,1,malware
edu.synthetic.androzoo.malware.overlay_pin_stealer.0908,malware,1,0.866,1,malware
com.yumicorebody.mobile,benign,0,0.722,1,malware
com.zeoniqgo,benign,0,0.672,1,malware
acumen.track.gps,benign,0,0.816,1,malware
edu.synthetic.androzoo.malware.dropper_loader.1769,malware,1,0.71,1,malware
com.propelswim.icp,benign,0,0.47,0,benign
com.maxxipoint.android,malware,1,0.23,0,benign
com.otobeas.horus,benign,0,0.59,1,malware
com.ntsoft.android.photogaffe,malware,1,0.968,1,malware
edu.synthetic.androzoo.malware.spyware_surveillance.0134,malware,1,0.83,1,malware
com.mobicage.rogerthat.be.meerhout,benign,0,0.842,1,malware
edu.synthetic.androzoo.malware.dropper_loader.1474,malware,1,0.712,1,malware
jp.bakuraku,benign,0,0.872,1,malware
edu.synthetic.androzoo.malware.banker_accessibility.0617,malware,1,0.854,1,malware
edu.synthetic.androzoo.malware.spyware_surveillance.0658,malware,1,0.902,1,malware
com.dajia.view.ncgjsd,malware,1,0.854,1,malware
com.chamelio.alcatmist,benign,0,0.776,1,malware
ljm.course.app,malware,1,0.622,1,malware
edu.synthetic.androzoo.malware.dropper_loader.0434,malware,1,0.714,1,malware
com.jacks_flights,benign,0,0.794,1,malware
com.dxysolutions.scihist,benign,0,0.656,1,malware
it.creareunapp.editor.android5fe4be4037921,benign,0,0.782,1,malware
com.sanmao.newlearnwordpro,malware,1,0.786,1,malware
br.gov.fazenda.receita.eprocesso,benign,0,0.624,1,malware
edu.synthetic.androzoo.malware.banker_accessibility.0025,malware,1,0.898,1,malware
edu.synthetic.androzoo.malware.dropper_loader.1788,malware,1,0.7,1,malware
com.ac.englishtoburmesetranslator,malware,1,0.296,0,benign
edu.synthetic.androzoo.malware.wallet_stealer.0483,malware,1,0.886,1,malware
com.moyun365.android.zkchemistry,malware,1,0.83,1,malware
edu.synthetic.androzoo.malware.banker_accessibility.1358,malware,1,0.89,1,malware
com.gofa.mobile,benign,0,0.8,1,malware
edu.synthetic.androzoo.malware.banker_accessibility.0911,malware,1,0.888,1,malware
cn.meihuiapp.videomaker,malware,1,0.852,1,malware
edu.synthetic.androzoo.malware.wallet_stealer.1849,malware,1,0.892,1,malware
com.rebbix.modnakasta,benign,0,0.808,1,malware
com.chronogolf.booking.westlock,benign,0,0.272,0,benign
edu.synthetic.androzoo.malware.dropper_loader.1665,malware,1,0.774,1,malware
com.careate.qyi,malware,1,0.27,0,benign
com.stephen.teleprompter.treasure,malware,1,0.692,1,malware
edu.synthetic.androzoo.malware.sms_otp_stealer.1469,malware,1,0.812,1,malware
com.betelge.divetru,benign,0,0.212,0,benign
edu.synthetic.androzoo.malware.overlay_pin_stealer.0671,malware,1,0.752,1,malware
edu.synthetic.androzoo.malware.spyware_surveillance.1921,malware,1,0.798,1,malware
com.apptegy.edgewoodtx,benign,0,0.226,0,benign
com.kagccollege,benign,0,0.874,1,malware
com.jlahhw.sl096,benign,0,0.426,0,benign
com.cetinkaya.time_balance,benign,0,0.882,1,malware
com.quicktool.applock.lockapps.fingerprint.password,benign,0,0.198,0,benign
com.snappyappz.c_calc,benign,0,0.504,1,malware
makeover.merge,benign,0,0.388,0,benign
com.doumi.jianzhi,malware,1,0.864,1,malware
com.collectorz.javamobile.android.music,benign,0,0.76,1,malware
edu.synthetic.androzoo.malware.sms_otp_stealer.1565,malware,1,0.822,1,malware
com.publicmediaapps.brpsw,benign,0,0.036,0,benign
com.shopgate.android.app10238,benign,0,0.226,0,benign
com.amayasoft.toddler.learning.baby.games,benign,0,0.632,1,malware
com.subsplashconsulting.s_SSS86K,benign,0,0.144,0,benign
com.sinyee.babybus.changeable,benign,0,0.52,1,malware
com.oslonokkel,benign,0,0.142,0,benign
com.square_enix.android_googleplay.FFPR,malware,1,0.046,0,benign
edu.synthetic.androzoo.malware.spyware_surveillance.0217,malware,1,0.85,1,malware
com.conformit.intervention,benign,0,0.848,1,malware
cn.shredjz.soundxmaker,malware,1,0.86,1,malware
com.productmadness.cashmancasino,benign,0,0.396,0,benign
com.technore.lolipopvip,malware,1,0.792,1,malware
it.nexi.merchant,benign,0,0.408,0,benign
com.huch.kosmopolit,benign,0,0.338,0,benign
com.geovictoriasupervisor,benign,0,0.688,1,malware
com.rebelvox.voxer,benign,0,0.102,0,benign
edu.synthetic.androzoo.malware.adware_clicker.0324,malware,1,0.792,1,malware
com.convergence.dwarflab,benign,0,0.83,1,malware
edu.synthetic.androzoo.malware.banker_accessibility.0431,malware,1,0.89,1,malware
edu.synthetic.androzoo.malware.spyware_surveillance.0153,malware,1,0.822,1,malware
com.orimuse.android,malware,1,0.696,1,malware
com.mmc.fengshui.pass.gm,benign,0,0.75,1,malware
com.tetrahedron.cubo3d,malware,1,0.168,0,benign
edu.synthetic.androzoo.malware.banker_accessibility.0866,malware,1,0.866,1,malware
edu.synthetic.androzoo.malware.sms_otp_stealer.1470,malware,1,0.718,1,malware
com.yamaha.av.musiccastcontroller,benign,0,0.726,1,malware
com.trust.smarthome,benign,0,0.806,1,malware
com.hhll.learningchinese,benign,0,0.846,1,malware
edu.synthetic.androzoo.malware.ransomware_locker.1107,malware,1,0.684,1,malware
edu.synthetic.androzoo.malware.overlay_pin_stealer.1184,malware,1,0.848,1,malware
edu.synthetic.androzoo.malware.adware_clicker.1692,malware,1,0.78,1,malware
cn.changsha.xczxapp,malware,1,0.628,1,malware
jp.pxv.android,benign,0,0.168,0,benign
edu.synthetic.androzoo.malware.spyware_surveillance.1620,malware,1,0.818,1,malware
edu.synthetic.androzoo.malware.banker_accessibility.0672,malware,1,0.878,1,malware
edu.synthetic.androzoo.malware.spyware_surveillance.0032,malware,1,0.782,1,malware
com.easytech.wc4.android,benign,0,0.586,1,malware
conversor.conversaotaxasbasico.eurttd,benign,0,0.25,0,benign
edu.synthetic.androzoo.malware.banker_accessibility.1871,malware,1,0.81,1,malware
nz.co.solus.Kotui.HawkesBay,benign,0,0.636,1,malware
com.quanm.saiche,malware,1,1.0,1,malware
com.mili.cbttherapy,benign,0,0.156,0,benign
com.zhuofu,malware,1,0.174,0,benign
net.xinhuamm.d3099,malware,1,1.0,1,malware
app.mylekha.client.mobile_dashboard,benign,0,0.268,0,benign
edu.synthetic.androzoo.malware.wallet_stealer.0594,malware,1,0.856,1,malware
edu.synthetic.androzoo.malware.dropper_loader.1551,malware,1,0.716,1,malware
com.app.professionalcamera,benign,0,0.554,1,malware
edu.synthetic.androzoo.malware.banker_accessibility.1167,malware,1,0.862,1,malware
com.ask.teachertop,malware,1,0.036,0,benign
com.moyun365.android.gkphysicaltong,malware,1,0.77,1,malware
edu.synthetic.androzoo.malware.spyware_surveillance.1831,malware,1,0.864,1,malware
edu.synthetic.androzoo.malware.ransomware_locker.1662,malware,1,0.782,1,malware
com.glodon.drawingexplorer,malware,1,0.532,1,malware
com.paketin.paketinapp,malware,1,0.234,0,benign
com.trainerize.primalcoaching,benign,0,0.606,1,malware
vus.edu.vn.parents.ovi,benign,0,0.88,1,malware
edu.synthetic.androzoo.malware.ransomware_locker.0714,malware,1,0.75,1,malware
edu.synthetic.androzoo.malware.overlay_pin_stealer.1288,malware,1,0.882,1,malware
com.sheepyard.clickersimulator.idlecreepypark,malware,1,0.27,0,benign
edu.synthetic.androzoo.malware.dropper_loader.0348,malware,1,0.752,1,malware
edu.synthetic.androzoo.malware.ransomware_locker.0679,malware,1,0.772,1,malware
edu.synthetic.androzoo.malware.banker_accessibility.1465,malware,1,0.758,1,malware
edu.synthetic.androzoo.malware.banker_accessibility.1510,malware,1,0.858,1,malware
com.visable.ep,benign,0,0.772,1,malware
com.fintasys.weddy,benign,0,0.822,1,malware
edu.synthetic.androzoo.malware.banker_accessibility.1003,malware,1,0.91,1,malware
com.ba.mobile,benign,0,0.838,1,malware
com.sinyee.babybus.custom,malware,1,0.63,1,malware
com.euroscoreboard.euroscoreboard,benign,0,0.14,0,benign
edu.synthetic.androzoo.malware.wallet_stealer.1431,malware,1,0.864,1,malware
edu.synthetic.androzoo.malware.banker_accessibility.1439,malware,1,0.834,1,malware
in.crossy.daily_crossword,benign,0,0.782,1,malware
com.edictonary.Sociology.Dictionary,malware,1,0.822,1,malware
edu.synthetic.androzoo.malware.banker_accessibility.1527,malware,1,0.86,1,malware
com.matchaupair,benign,0,0.788,1,malware
com.androtv.autoallstars,benign,0,0.536,1,malware
com.makeshop.powerapp.swad120,benign,0,0.392,0,benign
edu.synthetic.androzoo.malware.ransomware_locker.1385,malware,1,0.726,1,malware
edu.synthetic.androzoo.malware.ransomware_locker.1856,malware,1,0.716,1,malware
edu.synthetic.androzoo.malware.overlay_pin_stealer.1878,malware,1,0.898,1,malware
com.ets100.pupil,malware,1,0.088,0,benign
edu.synthetic.androzoo.malware.sms_otp_stealer.1674,malware,1,0.738,1,malware
edu.synthetic.androzoo.malware.spyware_surveillance.1082,malware,1,0.852,1,malware
edu.synthetic.androzoo.malware.spyware_surveillance.0826,malware,1,0.872,1,malware
com.acvauctions.acvauctions,benign,0,0.598,1,malware
com.ai.chat.bot.aichat,malware,1,0.498,0,benign
com.southwestairlines.mobile,benign,0,0.36,0,benign
com.MaxwellPlay.LiminalX,benign,0,0.516,1,malware
com.restaumatic.bosca_pizzeria_production,benign,0,0.092,0,benign
com.realsys.poem,malware,1,0.814,1,malware
com.turbo.turboplus,malware,1,0.764,1,malware
at.falstaff.gourmet,benign,0,0.052,0,benign
edu.synthetic.androzoo.malware.overlay_pin_stealer.1214,malware,1,0.796,1,malware
com.lh.bog.global,benign,0,0.694,1,malware
edu.synthetic.androzoo.malware.spyware_surveillance.0571,malware,1,0.84,1,malware
com.issmobile.datang.case_dough,malware,1,0.852,1,malware
com.app.p4812EB,benign,0,0.798,1,malware
com.owner.clevelandparkbarandgrill,benign,0,0.194,0,benign
edu.synthetic.androzoo.malware.overlay_pin_stealer.0126,malware,1,0.87,1,malware
edu.synthetic.androzoo.malware.overlay_pin_stealer.1051,malware,1,0.862,1,malware
co.bitx.android.wallet,benign,0,0.2,0,benign
com.loyal.musicality,benign,0,0.728,1,malware
com.simonclub.dominoaccesible,benign,0,0.082,0,benign
li.mews.android.commander,benign,0,0.526,1,malware
edu.synthetic.androzoo.malware.adware_clicker.1069,malware,1,0.776,1,malware
com.body_scanner.cloth_remover,benign,0,0.786,1,malware
edu.synthetic.androzoo.malware.wallet_stealer.0423,malware,1,0.854,1,malware
com.index.aeedc022019,benign,0,0.884,1,malware
edu.synthetic.androzoo.malware.banker_accessibility.0428,malware,1,0.844,1,malware
com.mods.maps.mine,benign,0,0.132,0,benign
com.lilithgame.sgame.gp.oss,benign,0,0.772,1,malware
com.linchuan.vademecum,malware,1,0.834,1,malware
com.customchurchapps.appooghwy0c,benign,0,0.148,0,benign
edu.synthetic.androzoo.malware.dropper_loader.1516,malware,1,0.758,1,malware
edu.synthetic.androzoo.malware.overlay_pin_stealer.0991,malware,1,0.868,1,malware
br.com.ideia2001.CatalogoFConfuorto,benign,0,0.876,1,malware
in.nirals.aiscbe,benign,0,0.684,1,malware
com.proxxinative,benign,0,0.846,1,malware
pl.netigen.simplemandolinrtuner,benign,0,0.118,0,benign
edu.synthetic.androzoo.malware.dropper_loader.1782,malware,1,0.758,1,malware
com.supersendcustomer,malware,1,0.752,1,malware
com.manuel.pagliai.tsol,benign,0,0.51,1,malware
edu.synthetic.androzoo.malware.sms_otp_stealer.0533,malware,1,0.876,1,malware
com.rez.minebuild,malware,1,0.636,1,malware
edu.synthetic.androzoo.malware.dropper_loader.0810,malware,1,0.756,1,malware
abudhabi.healthlink,benign,0,0.49,0,benign
shanks.scgl,malware,1,0.396,0,benign
br.com.wiki4fit.flashstudio,benign,0,0.588,1,malware
org.redsnow.Jiffy,malware,1,0.964,1,malware
edu.synthetic.androzoo.malware.banker_accessibility.0409,malware,1,0.794,1,malware
edu.synthetic.androzoo.malware.banker_accessibility.0449,malware,1,0.87,1,malware
edu.synthetic.androzoo.malware.ransomware_locker.1729,malware,1,0.804,1,malware
tws.vision.viaim.headset,benign,0,0.912,1,malware
edu.synthetic.androzoo.malware.sms_otp_stealer.1553,malware,1,0.738,1,malware
edu.synthetic.androzoo.malware.ransomware_locker.1193,malware,1,0.716,1,malware
com.gozem.provider,benign,0,0.37,0,benign
com.navitime.local.bike,benign,0,0.808,1,malware
com.subsplashconsulting.s_WWWDTZ,benign,0,0.2,0,benign
edu.synthetic.androzoo.malware.overlay_pin_stealer.1183,malware,1,0.708,1,malware
edu.synthetic.androzoo.malware.banker_accessibility.1398,malware,1,0.836,1,malware
com.ticimax.androidbase.disentismodest,benign,0,0.828,1,malware
com.abiitur.gridlayout,benign,0,0.448,0,benign
com.xinxiu.AvatarMaker,malware,1,0.88,1,malware
redwhite.cricket.liveline.score,benign,0,0.73,1,malware
edu.synthetic.androzoo.malware.ransomware_locker.1211,malware,1,0.77,1,malware
com.artbookmagazine.lisa,benign,0,0.396,0,benign
com.wanderlog.android,benign,0,0.764,1,malware
edu.synthetic.androzoo.malware.sms_otp_stealer.0794,malware,1,0.832,1,malware
com.ximi.weightrecord,malware,1,0.396,0,benign
edu.synthetic.androzoo.malware.ransomware_locker.0822,malware,1,0.77,1,malware
com.alaeat.customer.android.cafeofeastbay,benign,0,0.856,1,malware
meditofoundation.medito,benign,0,0.252,0,benign
com.educabiz.educabiz.mobile,benign,0,0.746,1,malware
asan.gharelu.ilaj.asangharelunuskhay,benign,0,0.592,1,malware
com.architurk.rainbow,benign,0,0.734,1,malware
com.ailiyong.pinyin,malware,1,0.46,0,benign
edu.synthetic.androzoo.malware.banker_accessibility.0486,malware,1,0.84,1,malware
com.kanchufang.privatedoctor,malware,1,1.0,1,malware
edu.synthetic.androzoo.malware.banker_accessibility.0846,malware,1,0.87,1,malware
com.addietudeculturalartsctrapp.mi,benign,0,0.45,0,benign
com.app.a1f4W00000199bZQAQ,benign,0,0.866,1,malware
edu.synthetic.androzoo.malware.overlay_pin_stealer.0232,malware,1,0.866,1,malware
com.eltok.scoreboardliveumpireapp,benign,0,0.53,1,malware
edu.synthetic.androzoo.malware.banker_accessibility.1610,malware,1,0.874,1,malware
edu.synthetic.androzoo.malware.wallet_stealer.0733,malware,1,0.874,1,malware
com.blupearl.healthocarepath,benign,0,0.678,1,malware
uni.UNI8EFADFE,malware,1,0.782,1,malware
edu.synthetic.androzoo.malware.dropper_loader.1160,malware,1,0.752,1,malware
com.dalcomsoft.mysu.a,benign,0,0.884,1,malware
com.Fibrum.vrfall,malware,1,0.78,1,malware
com.instabridge.android,benign,0,0.212,0,benign
com.chating.messages.chat.fun,malware,1,0.92,1,malware
com.ipreto.android.ageofconquerors.st,malware,1,0.68,1,malware
io.ionic.idcp,benign,0,0.856,1,malware
com.letsgetdigital.app3790x,benign,0,0.542,1,malware
com.slimesmash.android,malware,1,0.642,1,malware
com.stepstone.totaljobs,benign,0,0.214,0,benign
com.yamabus.pocha.pj,malware,1,0.83,1,malware
com.merge.townhorizon.puzzlegame,benign,0,0.616,1,malware
com.gentdev.piglow,benign,0,0.642,1,malware
com.subsplashconsulting.s_R5GMWK,benign,0,0.368,0,benign
edu.synthetic.androzoo.malware.sms_otp_stealer.1421,malware,1,0.754,1,malware
com.zakg.scaryteacher.hellgame,benign,0,0.296,0,benign
com.psma.videosplitter,benign,0,0.238,0,benign
cz.prumsys.s7plchmi,benign,0,0.26,0,benign
com.intellect_soft_apps.photowarp,benign,0,0.91,1,malware
com.bitmango.go.fruitsmaniamatch3,benign,0,0.046,0,benign
com.dastyar.io,benign,0,0.366,0,benign
jp.co.umk.umkapp,benign,0,0.37,0,benign
com.emri.upcitizenapp,benign,0,0.76,1,malware
com.openmygame.games.android.wordpizza,benign,0,0.686,1,malware
edu.synthetic.androzoo.malware.adware_clicker.1328,malware,1,0.762,1,malware
com.sayeh.view,benign,0,0.728,1,malware
com.easyfastapp.app,benign,0,0.888,1,malware
com.MA.LosAngelesCrimes,malware,1,0.878,1,malware
xyz.xoventechdev.saifnetudplite,malware,1,0.08,0,benign
com.ryumoto.gfx,malware,1,0.238,0,benign
com.trainerize.dutifitness,benign,0,0.876,1,malware
app.unitime,benign,0,0.73,1,malware
io.zerion.android,benign,0,0.82,1,malware
edu.synthetic.androzoo.malware.adware_clicker.0593,malware,1,0.642,1,malware
com.sinyee.babybus.forest,malware,1,0.63,1,malware
com.ita.scaleup,benign,0,0.436,0,benign
br.org.admanancial.appEK1811,benign,0,0.364,0,benign
com.gh.eurobus.driving.simulator.bus.game,benign,0,0.564,1,malware
com.appwallet.fightphotoeditor,benign,0,0.796,1,malware
au.com.weguide.genv,benign,0,0.508,1,malware
com.kihno.kihnoplay,benign,0,1.0,1,malware
ru.projectpoint.app,benign,0,0.88,1,malware
com.bhgames.spades,benign,0,0.876,1,malware
com.softcraft.frenchbible,benign,0,0.092,0,benign
com.taskgo.app,benign,0,0.892,1,malware
edu.synthetic.androzoo.malware.spyware_surveillance.0778,malware,1,0.79,1,malware
edu.synthetic.androzoo.malware.sms_otp_stealer.0052,malware,1,0.772,1,malware
org.qpython.qpy,malware,1,0.072,0,benign
edu.synthetic.androzoo.malware.wallet_stealer.0490,malware,1,0.88,1,malware
com.goldenapps05.happyfathersday2020,benign,0,0.754,1,malware
edu.synthetic.androzoo.malware.banker_accessibility.0986,malware,1,0.792,1,malware
edu.synthetic.androzoo.malware.banker_accessibility.1246,malware,1,0.886,1,malware
com.subsplashconsulting.s_KNX3RK,benign,0,0.398,0,benign
edu.synthetic.androzoo.malware.dropper_loader.1546,malware,1,0.696,1,malware
com.ambrotechs.bluebay,benign,0,0.722,1,malware
com.newsparkapps.indianheavydrivercheatcodes,benign,0,0.128,0,benign
com.trainerize.fightfitness,benign,0,0.764,1,malware
net.peakgames.toonblast,benign,0,0.478,0,benign
io.c2dev.mypastpapers,benign,0,0.742,1,malware
com.lei.kongzhan,malware,1,0.902,1,malware
com.sdyxjd.yony,malware,1,0.822,1,malware
edu.synthetic.androzoo.malware.banker_accessibility.1513,malware,1,0.91,1,malware
edu.synthetic.androzoo.malware.banker_accessibility.0361,malware,1,0.934,1,malware
edu.synthetic.androzoo.malware.sms_otp_stealer.1269,malware,1,0.808,1,malware
com.ionicframework.ionicapp410897,benign,0,0.164,0,benign
edu.synthetic.androzoo.malware.dropper_loader.1669,malware,1,0.814,1,malware
com.android.weici.senior.teacher,malware,1,0.838,1,malware
com.lazyboydevelopments.footballsuperstar2,malware,1,0.764,1,malware
edu.synthetic.androzoo.malware.banker_accessibility.1126,malware,1,0.854,1,malware
edu.synthetic.androzoo.malware.adware_clicker.1161,malware,1,0.662,1,malware
edu.synthetic.androzoo.malware.spyware_surveillance.1325,malware,1,0.802,1,malware
com.okioki.ws,benign,0,0.85,1,malware
