package_name,true_label,y_true,malware_probability,y_pred,predicted_label
com.loopump.app,benign,0,0.9940534317680026,1,malware
cili.niao.search.bt.ci.li,malware,1,0.9999999999978169,1,malware
com.fourthfrontier.biostrip,benign,0,0.9769918142376341,1,malware
net.wordbit.jpen,benign,0,0.9999999690650011,1,malware
edu.synthetic.androzoo.malware.banker_accessibility.1159,malware,1,1.0,1,malware
com.only.capy.parkour.up.six,benign,0,0.9510548802627289,1,malware
br.com.psinf.forcadevendas,benign,0,6.593404151053954e-05,0,benign
cl.bci.app.personas,benign,0,0.9999999901202509,1,malware
com.stefanroobol.pelvicfloor,benign,0,0.9945869840648003,1,malware
br.com.marisa.android,benign,0,0.9951252470849157,1,malware
edu.synthetic.androzoo.malware.banker_accessibility.1237,malware,1,0.9999999858965332,1,malware
io.calamari.kiosk,benign,0,1.0,1,malware
com.myrebornpack.gr,benign,0,0.6263718404619871,1,malware
io.arlabs.belutti,benign,0,0.7457521319947606,1,malware
com.pujiagames.daremoinai,malware,1,0.9969347713740659,1,malware
it.cgn.app.fatturazione,benign,0,0.9857237070340908,1,malware
org.plumvillageapp,benign,0,0.9999998154175794,1,malware
edu.synthetic.androzoo.malware.sms_otp_stealer.1286,malware,1,0.9999999999796063,1,malware
com.thetrainline,benign,0,0.9978998283370579,1,malware
com.vg.drive.army.offroad.mountain.truck,benign,0,0.8861983430915613,1,malware
com.shifthackz.aisdv1.app,benign,0,0.9483095191549598,1,malware
edu.synthetic.androzoo.malware.spyware_surveillance.1405,malware,1,1.0,1,malware
com.android.linglan.ui,malware,1,0.7923502057973497,1,malware
com.yandex.toloka.androidapp,benign,0,0.9998394435469251,1,malware
edu.synthetic.androzoo.malware.ransomware_locker.1047,malware,1,0.9999999999999538,1,malware
org.slashgames.FreudBot.AdFree,malware,1,0.9999706478792044,1,malware
com.tfg.codcwguides,benign,0,0.06384195180003893,0,benign
edu.synthetic.androzoo.malware.sms_otp_stealer.1691,malware,1,0.9999999999883757,1,malware
com.sflep.course,malware,1,0.16728011766839432,0,benign
com.lechneralexander.privatebrowser,malware,1,0.03525260699489616,0,benign
edu.synthetic.androzoo.malware.banker_accessibility.1560,malware,1,1.0,1,malware
edu.synthetic.androzoo.malware.banker_accessibility.0829,malware,1,1.0,1,malware
edu.synthetic.androzoo.malware.ransomware_locker.0037,malware,1,1.0,1,malware
com.mrblue.mrblue,benign,0,9.451061187518862e-16,0,benign
fgs.com.simulation,benign,0,0.896474443891872,1,malware
com.IVR.horoscopoescorpio,benign,0,0.08918756293051189,0,benign
com.at.death.ultimate.strike,malware,1,0.9717029687359983,1,malware
com.sca.skogsvard,benign,0,0.9593571846598502,1,malware
edu.synthetic.androzoo.malware.dropper_loader.1480,malware,1,0.999999999414591,1,malware
id.or.aaji.aaji_mobile_exam,benign,0,0.4053569498317048,0,benign
com.kdhnews.android,benign,0,0.9999997784850616,1,malware
com.jyouhousyoriisya_kakindesu.englishstudy,benign,0,0.9102925067659602,1,malware
com.redhands.twoplayergames,benign,0,0.9844683285330369,1,malware
com.marsor.game.frog,malware,1,0.9999972786634156,1,malware
edu.synthetic.androzoo.malware.spyware_surveillance.0763,malware,1,1.0,1,malware
com.cy.chengcredit,malware,1,0.9999999999558284,1,malware
edu.synthetic.androzoo.malware.dropper_loader.1394,malware,1,1.0,1,malware
com.itita.chuanyi,malware,1,0.4508434247494496,0,benign
com.tapblaze.pizzabusiness,benign,0,0.999932703346902,1,malware
rebar.com.yh,benign,0,0.9973570911914265,1,malware
com.marchnetworks.searchlight,benign,0,8.889546544734065e-06,0,benign
com.trendyol.go,benign,0,1.0,1,malware
com.paysii.referral,benign,0,0.00011780785516062786,0,benign
com.fingersoft.boomkarts,malware,1,0.528484316400548,1,malware
com.surviva.grand,malware,1,1.0,1,malware
edu.synthetic.androzoo.malware.overlay_pin_stealer.0592,malware,1,1.0,1,malware
com.xiuxin.ins.follow.unfollow,malware,1,1.0,1,malware
cn.bluerhino.driver,malware,1,0.99850275117277,1,malware
io.attlas,benign,0,0.9656826491848419,1,malware
edu.synthetic.androzoo.malware.banker_accessibility.0775,malware,1,1.0,1,malware
edu.synthetic.androzoo.malware.dropper_loader.0118,malware,1,1.0,1,malware
ru.mts.launcher,benign,0,3.8981330191423854e-81,0,benign
edu.synthetic.androzoo.malware.dropper_loader.1612,malware,1,1.0,1,malware
edu.synthetic.androzoo.malware.overlay_pin_stealer.0569,malware,1,1.0,1,malware
pro.arendacar.carsandgoapp,benign,0,0.9744550936928212,1,malware
com.ihavecar.client,malware,1,1.0,1,malware
com.petreion.digitalsnow,malware,1,0.5435362555523201,1,malware
com.applestudio.games.au1303014.lite,malware,1,0.9999999999999847,1,malware
com.tk.cattrans,benign,0,0.912474881951829,1,malware
jp.co.a_tm.android.plus_lady_in_pink,benign,0,0.5692915507558952,1,malware
com.EvolutionOfGames.EvolutionOfSpecies.ly,malware,1,0.1220087713101574,0,benign
edu.synthetic.androzoo.malware.dropper_loader.0478,malware,1,1.0,1,malware
com.credemtel.notaspese.app,benign,0,0.9999989278082805,1,malware
com.gamesworkshop.kt3,benign,0,0.9999890322879581,1,malware
com.EFUniverseGames.GrubDashDriver,malware,1,0.07051916443788658,0,benign
com.YovoGames.tailor,benign,0,0.5663843673342432,1,malware
com.mes.TheColorMask,benign,0,1.0,1,malware
com.fragileheart.note,benign,0,8.074245730881155e-05,0,benign
com.taxigo.ee,benign,0,0.9999995257843772,1,malware
jbl.stc.com,benign,0,0.8833567932660372,1,malware
edu.synthetic.androzoo.malware.banker_accessibility.0206,malware,1,0.9999999044752899,1,malware
edu.synthetic.androzoo.malware.spyware_surveillance.0223,malware,1,1.0,1,malware
edu.synthetic.androzoo.malware.banker_accessibility.0148,malware,1,1.0,1,malware
com.geaxgame.pokerkingpro,benign,0,0.22250432692409466,0,benign
com.restikpos,benign,0,0.9245268227211814,1,malware
edu.synthetic.androzoo.malware.adware_clicker.1249,malware,1,1.0,1,malware
com.fellafeeds.app,benign,0,7.83686809033888e-06,0,benign
it.logicweb.colossusescape,malware,1,0.9792287271442629,1,malware
com.hailong0707.android.paradox,malware,1,0.7158358824451991,1,malware
com.vnptpayagent,benign,0,1.0,1,malware
it.xmenu.pizzaexport,benign,0,0.9006009804705981,1,malware
com.coyoapp.plswnet.engage.android,benign,0,0.391962949818475,0,benign
edu.synthetic.androzoo.malware.overlay_pin_stealer.1477,malware,1,1.0,1,malware
app.cheriedating,benign,0,6.395303712759032e-10,0,benign
com.trillion.camper.van.holiday.family,benign,0,0.5491992633577457,1,malware
edu.synthetic.androzoo.malware.ransomware_locker.0038,malware,1,1.0,1,malware
es.tpc.matchpoint.appclient.globopadelclub,benign,0,0.9924459917701731,1,malware
it.cineca.app.unime,benign,0,0.3405675136074944,0,benign
com.superspesa,benign,0,2.329359229087664e-07,0,benign
com.bapplware.hrvale,benign,0,0.5302108979561156,1,malware
com.EdenredUsaBenefits,benign,0,1.4392617457479156e-05,0,benign
com.samvat.calendars,benign,0,0.00030455835760542283,0,benign
edu.synthetic.androzoo.malware.wallet_stealer.1045,malware,1,0.9998947135773797,1,malware
com.jygame.qqtyt.nzbst.yyh,malware,1,0.9999999999988523,1,malware
com.sca.crossings,benign,0,0.6655158449826787,1,malware
edu.synthetic.androzoo.malware.banker_accessibility.0680,malware,1,0.9999999999999905,1,malware
com.acurable.apsa,benign,0,8.04209539488153e-14,0,benign
com.dasheng.talk,malware,1,0.9906469708298702,1,malware
com.clear.joapp,benign,0,0.6915306159325054,1,malware
droid.dheeraj.dimscreen,benign,0,5.39837632068952e-05,0,benign
com.sgs.xamarin.engage,benign,0,0.49932955643848526,0,benign
edu.synthetic.androzoo.malware.spyware_surveillance.1574,malware,1,0.9999999999559566,1,malware
com.dezerv,benign,0,0.9991599299616376,1,malware
com.chairenhuo.qshuiynm.cookman.happiness,malware,1,1.0,1,malware
it.creareunapp.editor.android606ecded11679,benign,0,0.8114364833399419,1,malware
com.halalnavi,benign,0,0.999994254315966,1,malware
com.mjcsoft.stream.latopweb,benign,0,0.9994558670202689,1,malware
io.pushpay.parkcommunitychurch,benign,0,1.1825661140753944e-09,0,benign
xyz.modtech.hexagon,benign,0,0.5522218252965022,1,malware
com.app.afterschool,benign,0,0.996802105145589,1,malware
my.company.japanesewordryu1,malware,1,0.3716363322925957,0,benign
com.dmm.pointclub,benign,0,0.4158672081268261,0,benign
com.oupeng.mini.android,malware,1,0.9999700596233781,1,malware
com.repair.photopay,malware,1,0.03214676614174806,0,benign
com.bloblegame.io,malware,1,1.0,1,malware
edu.synthetic.androzoo.malware.adware_clicker.1826,malware,1,1.0,1,malware
com.gp.animalkeeper,malware,1,0.1677046643560614,0,benign
com.akhenaton.dr_shady,benign,0,1.0,1,malware
edu.synthetic.androzoo.malware.overlay_pin_stealer.0877,malware,1,1.0,1,malware
com.radioinfinitalarioja,benign,0,0.9999999999945175,1,malware
edu.synthetic.androzoo.malware.wallet_stealer.0643,malware,1,0.9999999999909843,1,malware
edu.synthetic.androzoo.malware.dropper_loader.0769,malware,1,1.0,1,malware
com.skisosoft.coach.ly,malware,1,0.6734792396143227,1,malware
edu.synthetic.androzoo.malware.banker_accessibility.0321,malware,1,0.9999991880441232,1,malware
net.polyglots,benign,0,0.9721143605433911,1,malware
games.dali.adventure.lucid.dream.part.three,malware,1,1.0,1,malware
com.dfsc.vivo.jxmtkb.ywrs.yyh,malware,1,0.9999832310949313,1,malware
com.theosys.deogracia,benign,0,0.8040600273045176,1,malware
com.esigtek.lopesa,benign,0,0.0002050873056548449,0,benign
com.cocoplay.shoppinggirl,benign,0,0.006520308002834449,0,benign
com.upjers.dinosaurparkprimevalzoo,benign,0,0.8674222138019259,1,malware
com.binary.hrms,benign,0,0.02295061662007925,0,benign
com.mike.wenzikong,malware,1,0.04624267368345923,0,benign
edu.synthetic.androzoo.malware.adware_clicker.1479,malware,1,1.0,1,malware
com.luckyskeletonstudios.idlebanktycoon,benign,0,0.15854407606208734,0,benign
kz.tele2.kiozk.android,benign,0,0.2952961320557444,0,benign
hu.hvg.android,benign,0,0.010029375754177495,0,benign
es.altra.airzone,benign,0,0.9364421072753603,1,malware
com.zuuks.gangs.io,benign,0,1.0,1,malware
edu.synthetic.androzoo.malware.wallet_stealer.0542,malware,1,0.9999999999996425,1,malware
com.psyter.www.careprovider,benign,0,0.9999722408469306,1,malware
edu.synthetic.androzoo.malware.wallet_stealer.1627,malware,1,0.9999999995534923,1,malware
ott.nyse,benign,0,1.2940381264983235e-06,0,benign
ecommerce_166.android.app,benign,0,0.9547644576254976,1,malware
edu.synthetic.androzoo.malware.banker_accessibility.0669,malware,1,1.0,1,malware
dance.fit.zumba.weightloss.danceburn,benign,0,0.9999999641811048,1,malware
com.my.cooking.chef.kitchen.craze.fever,benign,0,0.22090876612821544,0,benign
edu.synthetic.androzoo.malware.spyware_surveillance.0461,malware,1,0.999999999999909,1,malware
vor.rider,benign,0,0.812495197485143,1,malware
com.tarotlife.tarot.card.reading.numerology,benign,0,0.37372207921546385,0,benign
com.suanaiyanxishe.loveandroid,malware,1,0.9987565246610774,1,malware
co.appnation.noteninja,benign,0,0.9970656197497106,1,malware
nl.zig.ap.app.zuidwestwonen,benign,0,0.9490906236484576,1,malware
com.deenislamic,benign,0,1.2173625158912093e-05,0,benign
edu.synthetic.androzoo.malware.spyware_surveillance.1927,malware,1,0.9999985218537029,1,malware
edu.synthetic.androzoo.malware.dropper_loader.0798,malware,1,1.0,1,malware
com.cmpsoft.MediaBrowser,benign,0,1.0,1,malware
it.froggymedia.sportmediaset,benign,0,0.9999366453159219,1,malware
com.didong.ddac,malware,1,1.0,1,malware
com.tanchi.snkego,malware,1,0.9751208751815247,1,malware
com.app.brik,benign,0,0.8142180872043221,1,malware
com.nabe.fr3pc,benign,0,0.99985402204901,1,malware
themestack.lg.k50.k50s.lgk50s.lgk50swalls.lgwalls.launcher.theme,benign,0,0.6710427076806857,1,malware
com.xiaoyu.xiaoxue,malware,1,0.09210097865845256,0,benign
edu.synthetic.androzoo.malware.spyware_surveillance.1872,malware,1,0.999992849598101,1,malware
edu.synthetic.androzoo.malware.overlay_pin_stealer.0891,malware,1,1.0,1,malware
edu.synthetic.androzoo.malware.overlay_pin_stealer.0691,malware,1,1.0,1,malware
edu.synthetic.androzoo.malware.banker_accessibility.1382,malware,1,1.0,1,malware
com.insession.zero_phobia,benign,0,0.998592260906262,1,malware
edu.synthetic.androzoo.malware.wallet_stealer.1743,malware,1,0.9999999999999962,1,malware
com.plusgames.ideologyr,benign,0,4.249906054052641e-05,0,benign
edu.synthetic.androzoo.malware.sms_otp_stealer.0850,malware,1,0.9999999999999125,1,malware
edu.synthetic.androzoo.malware.ransomware_locker.0888,malware,1,1.0,1,malware
com.zsjj.activity,malware,1,0.5856670501170718,1,malware
edu.synthetic.androzoo.malware.dropper_loader.1098,malware,1,1.0,1,malware
com.softwareeurope.expensesmobile,benign,0,0.4371106268886312,0,benign
com.egeio.fangcloud,malware,1,0.9158755558027504,1,malware
com.t2s.pizzacaprii799624,benign,0,7.184995725465485e-06,0,benign
com.dengtadoctor.ear,malware,1,0.65153732314763,1,malware
com.alphaunit.mycandy,benign,0,0.007603891401870873,0,benign
com.wesleymay.bridgeapp,benign,0,0.9846139990202347,1,malware
com.rogue.under,malware,1,1.0,1,malware
com.elmoussafirfatimazahra.amawal,benign,0,0.9630690648825904,1,malware
edu.synthetic.androzoo.malware.banker_accessibility.1229,malware,1,1.0,1,malware
com.alel.alelorder,benign,0,1.0,1,malware
com.plaky.android,benign,0,0.024368283719204673,0,benign
edu.synthetic.androzoo.malware.spyware_surveillance.1806,malware,1,1.0,1,malware
edu.synthetic.androzoo.malware.banker_accessibility.1299,malware,1,0.9999999999999998,1,malware
edu.synthetic.androzoo.malware.sms_otp_stealer.0094,malware,1,0.9999999996974638,1,malware
com.dynogeek.qlisperaceway,benign,0,0.9999999930547656,1,malware
com.parque.net,benign,0,0.9849606781655836,1,malware
edu.synthetic.androzoo.malware.spyware_surveillance.0813,malware,1,0.9997358953722841,1,malware
com.cocoplay.queen.party.ly,malware,1,0.9999999998842959,1,malware
edu.synthetic.androzoo.malware.banker_accessibility.0961,malware,1,1.0,1,malware
com.alphaunit.tapmoles,benign,0,0.0004428028800276566,0,benign
edu.synthetic.androzoo.malware.banker_accessibility.1218,malware,1,0.9999999999999274,1,malware
edu.synthetic.androzoo.malware.banker_accessibility.0185,malware,1,1.0,1,malware
com.exim.bcbd,benign,0,0.21121926373673258,0,benign
com.dkhs.futures,malware,1,0.1552233427669401,0,benign
co.benx.weverse,benign,0,0.999999999999964,1,malware
edu.synthetic.androzoo.malware.sms_otp_stealer.0337,malware,1,0.9999975607255611,1,malware
com.budgetmaster.expensetrackerapp,benign,0,0.9182999586218382,1,malware
com.highland.smarthome,benign,0,0.15609276618189152,0,benign
com.eaziapps.cms.android6448f960e2122,benign,0,0.5284340716387406,1,malware
com.sjfc.ynyfyt,malware,1,0.9554612365878492,1,malware
com.finewoodworking,benign,0,0.9294084514156975,1,malware
com.beautybuddy,benign,0,0.999934551078411,1,malware
edu.synthetic.androzoo.malware.spyware_surveillance.0538,malware,1,0.9999999999999987,1,malware
edu.synthetic.androzoo.malware.ransomware_locker.0725,malware,1,1.0,1,malware
com.bgy.speechtext,malware,1,0.03449359551646998,0,benign
edu.synthetic.androzoo.malware.overlay_pin_stealer.1501,malware,1,1.0,1,malware
com.udyam,benign,0,0.10611019013201242,0,benign
edu.synthetic.androzoo.malware.dropper_loader.1491,malware,1,1.0,1,malware
com.mike.textocr,malware,1,0.1460992580381051,0,benign
com.soundmedicalweightloss.bodysite,benign,0,0.9993662271840861,1,malware
juno.id,benign,0,0.030729797389117266,0,benign
com.galasports.football,benign,0,0.994620782370857,1,malware
com.beevle.xz.checkin_manage.second,malware,1,0.672614020061193,1,malware
com.beansprites.mainstreetpetshauntedvillageFREE,benign,0,0.9578775148347844,1,malware
com.kabam.doamobile,benign,0,0.265397841977328,0,benign
com.gs.carmechanic.tireshop.carrepair.offlinegame,benign,0,0.9989282460812816,1,malware
com.sendit.senditapp,benign,0,0.09553824908258556,0,benign
scut.wei.numbergame,malware,1,1.0,1,malware
com.android.angel.babyanimal,malware,1,0.9999999960631971,1,malware
com.taxicaller.Getdriven.app,benign,0,0.0001019546146924277,0,benign
edu.synthetic.androzoo.malware.banker_accessibility.0031,malware,1,0.9999999996819136,1,malware
com.nthgensoftware.traderev.android,benign,0,0.12627007096608284,0,benign
com.fastdownload.allsocial.downloader.app,malware,1,0.9139566128956134,1,malware
com.steadystate.Sticky.Flip,malware,1,0.1210289406498076,0,benign
edu.synthetic.androzoo.malware.banker_accessibility.1116,malware,1,0.9999959440666617,1,malware
edu.synthetic.androzoo.malware.banker_accessibility.0552,malware,1,0.9999999999999742,1,malware
au.org.rrr.stream,benign,0,0.846538152650522,1,malware
com.match.club,benign,0,3.21793937147231e-05,0,benign
com.beloris,benign,0,6.2029577189115835e-56,0,benign
edu.synthetic.androzoo.malware.ransomware_locker.1309,malware,1,1.0,1,malware
edu.synthetic.androzoo.malware.banker_accessibility.0119,malware,1,1.0,1,malware
tw.com.thsrc.texpress,benign,0,0.8843491976969801,1,malware
koeln.kvb.ticket.sveapp,benign,0,0.9928138497536617,1,malware
jp.fantasista.tapthief,malware,1,0.5225426557068573,1,malware
in.playsimple.jigsaw_puzzle,benign,0,0.9921958995369697,1,malware
com.yottagames.mafiawar,benign,0,0.5737397709852747,1,malware
edu.synthetic.androzoo.malware.dropper_loader.1427,malware,1,1.0,1,malware
com.encar.encarMobileApp,benign,0,1.0,1,malware
com.rabonagames.sepaktakraw,benign,0,0.8871886706373387,1,malware
com.daveandava.player.subscription,benign,0,0.9255938961236361,1,malware
edu.synthetic.androzoo.malware.spyware_surveillance.1073,malware,1,0.9999991102145035,1,malware
edu.SmirnovYury.EngVesselLights,benign,0,0.9976257126798692,1,malware
com.andreyf.muslimprayer,benign,0,0.9999538240101831,1,malware
edu.synthetic.androzoo.malware.overlay_pin_stealer.1263,malware,1,1.0,1,malware
com.ppapps.collections,benign,0,0.9963830224666244,1,malware
sa.absher.business,benign,0,0.9999830429086977,1,malware
com.wino.live,benign,0,5.985868362749733e-12,0,benign
com.xcyh.novelpal,benign,0,5.730473529688723e-57,0,benign
com.dorian.playtogether,benign,0,0.9933810817793236,1,malware
ru.agweb.gr.driver,benign,0,0.9149665314743173,1,malware
com.arielvila.karcli.transtrip,benign,0,0.9997939707788411,1,malware
edu.synthetic.androzoo.malware.banker_accessibility.1404,malware,1,0.9999999999999998,1,malware
edu.synthetic.androzoo.malware.wallet_stealer.0245,malware,1,1.0,1,malware
edu.synthetic.androzoo.malware.spyware_surveillance.0649,malware,1,0.9997535097745954,1,malware
edu.synthetic.androzoo.malware.overlay_pin_stealer.1725,malware,1,1.0,1,malware
com.hicut.app,benign,0,0.9118897946152434,1,malware
id.akusantri.hairstyle,benign,0,0.9482145486626342,1,malware
edu.synthetic.androzoo.malware.adware_clicker.1758,malware,1,1.0,1,malware
edu.synthetic.androzoo.malware.ransomware_locker.0353,malware,1,1.0,1,malware
alarmclock.alarm.simplealarm.clock.alarmapp,benign,0,7.787231813473364e-09,0,benign
com.teccom.radiosdenicaraguaenvivo,benign,0,0.2410901788560298,0,benign
edu.synthetic.androzoo.malware.overlay_pin_stealer.1196,malware,1,1.0,1,malware
com.vf.frozenwar,benign,0,0.9822373863007724,1,malware
edu.synthetic.androzoo.malware.banker_accessibility.1827,malware,1,0.9999995035977698,1,malware
com.CSthenestonmain.android,benign,0,0.8602150757343197,1,malware
com.ny33333.ti.shangchong,malware,1,1.0,1,malware
io.datoms.dgmonitoring,benign,0,0.8546255799494733,1,malware
com.tedmob.taxibeirut.user,benign,0,0.928267675648503,1,malware
com.mp.satisfying.carwash.asmr.repair,benign,0,0.7474649108697574,1,malware
com.dreamapp.dubhe,benign,0,1.0,1,malware
com.islahibaatain,benign,0,0.741995541631569,1,malware
com.Eclipse.Neuphoria,benign,0,0.8968963281767711,1,malware
edu.synthetic.androzoo.malware.adware_clicker.0590,malware,1,1.0,1,malware
edu.synthetic.androzoo.malware.ransomware_locker.1257,malware,1,1.0,1,malware
com.mobincube.diccionario_hebreo_biblico.sc_HPLU6P,malware,1,0.9723162761346584,1,malware
edu.synthetic.androzoo.malware.banker_accessibility.0401,malware,1,1.0,1,malware
edu.synthetic.androzoo.malware.spyware_surveillance.0260,malware,1,0.999998930437674,1,malware
com.radio.tkbonanza,benign,0,0.3345654595398033,0,benign
io.battle.state.war.clash,benign,0,0.8572857600259358,1,malware
com.jk.wisdomcam,malware,1,0.607118877646877,1,malware
edu.synthetic.androzoo.malware.dropper_loader.1593,malware,1,1.0,1,malware
edu.synthetic.androzoo.malware.banker_accessibility.0831,malware,1,1.0,1,malware
com.entdeckebayern.app,benign,0,0.9965699539349493,1,malware
edu.synthetic.androzoo.malware.dropper_loader.0904,malware,1,1.0,1,malware
fr.oworld.student_timetable,benign,0,0.03364480458761475,0,benign
com.fi6798.godough,benign,0,1.0,1,malware
com.cysterhood,benign,0,0.9445673612251925,1,malware
edu.synthetic.androzoo.malware.overlay_pin_stealer.1415,malware,1,1.0,1,malware
com.gm.ffa.philips,benign,0,0.887748718092861,1,malware
edu.synthetic.androzoo.malware.overlay_pin_stealer.1389,malware,1,1.0,1,malware
com.balaiagas,benign,0,1.0,1,malware
edu.synthetic.androzoo.malware.ransomware_locker.1690,malware,1,1.0,1,malware
com.elephantgames.parfalenjtshop,benign,0,0.9992662626692881,1,malware
edu.synthetic.androzoo.malware.sms_otp_stealer.1559,malware,1,0.9999999999999973,1,malware
nl.coffeeit.workstead,benign,0,0.46847121673795683,0,benign
com.square_enix.android_googleplay.FFPR3,malware,1,0.07283035720275025,0,benign
com.upsahl.upsahl,benign,0,0.0030829260257011653,0,benign
nl.mendrix.mobile.crossdock,benign,0,2.636534989918926e-13,0,benign
com.fridaysgames.godsandglory,benign,0,0.31112631710665434,0,benign
edu.synthetic.androzoo.malware.banker_accessibility.1174,malware,1,0.9999999996063234,1,malware
com.vietplaygames.tienlenmiennam,benign,0,0.9946388549568114,1,malware
com.subsplashconsulting.s_3XV6D9,benign,0,3.7706325744448735e-17,0,benign
com.dynamicform,benign,0,0.9975203965833519,1,malware
com.tranhuynhcreative.pigyclash,benign,0,0.9252832075446907,1,malware
com.smarter.technologist.android.smarteryou,benign,0,0.9999995618356946,1,malware
com.dmitsoft.pinwheel,benign,0,0.3801103325957708,0,benign
edu.synthetic.androzoo.malware.overlay_pin_stealer.1362,malware,1,1.0,1,malware
com.bayatree.sommerlearning,benign,0,0.08346511255447508,0,benign
edu.synthetic.androzoo.malware.banker_accessibility.0313,malware,1,0.9999999999992304,1,malware
com.fankexinxi.fanhuishou,malware,1,0.8042814376677945,1,malware
edu.synthetic.androzoo.malware.banker_accessibility.0751,malware,1,1.0,1,malware
com.avirise.praytimes.azanreminder,benign,0,3.5948099189388266e-05,0,benign
com.easymobs.pregnancy,benign,0,3.150783733083604e-05,0,benign
edu.synthetic.androzoo.malware.banker_accessibility.0340,malware,1,1.0,1,malware
edu.synthetic.androzoo.malware.spyware_surveillance.0535,malware,1,1.0,1,malware
edu.synthetic.androzoo.malware.spyware_surveillance.0497,malware,1,1.0,1,malware
com.ibrsdev.barbosacia,benign,0,0.5238835162504449,1,malware
edu.synthetic.androzoo.malware.adware_clicker.1621,malware,1,1.0,1,malware
com.llj.ball,malware,1,1.0,1,malware
edu.synthetic.androzoo.malware.adware_clicker.1577,malware,1,1.0,1,malware
com.webcontrol.android,benign,0,0.005571129678247004,0,benign
games.omicron.neonflight,benign,0,0.0007044990025095357,0,benign
com.pregnant.virtual.mother.simulator,benign,0,0.8648111023794149,1,malware
edu.synthetic.androzoo.malware.dropper_loader.0006,malware,1,1.0,1,malware
edu.synthetic.androzoo.malware.wallet_stealer.0682,malware,1,0.9999999999681219,1,malware
fr.harmonie.mutuelle.total.mobile,benign,0,0.520287196319124,1,malware
net.pixiv.vroid.android,benign,0,0.9078901960284261,1,malware
com.evertry.app,benign,0,0.9988382565685003,1,malware
com.kt.kids.playground,benign,0,0.9985662959804417,1,malware
com.mystrengthbook.gsfa,malware,1,0.9964717712686347,1,malware
com.telldus.flow,benign,0,0.9773355650161565,1,malware
com.migastone.app.app57fbb72fadd13,benign,0,0.6342648353519231,1,malware
it.redbitgames.hauntedmanor2full,malware,1,0.9967482279331907,1,malware
in.quikview,benign,0,1.9328744763530577e-09,0,benign
jp.co.kodansha.comicdays,benign,0,0.9965075102018485,1,malware
edu.synthetic.androzoo.malware.spyware_surveillance.1026,malware,1,0.9995753463481856,1,malware
com.shoplineapp.slhkbpewahtakfung,benign,0,0.9954124354903238,1,malware
edu.synthetic.androzoo.malware.banker_accessibility.0174,malware,1,0.9999999999999896,1,malware
edu.synthetic.androzoo.malware.banker_accessibility.1029,malware,1,1.0,1,malware
edu.synthetic.androzoo.malware.spyware_surveillance.0721,malware,1,0.9999999999999996,1,malware
ng.com.fairmoney.fairmoney,malware,1,0.9046144326246908,1,malware
edu.synthetic.androzoo.malware.overlay_pin_stealer.1152,malware,1,1.0,1,malware
edu.synthetic.androzoo.malware.banker_accessibility.1010,malware,1,0.9999999999999971,1,malware
com.chronogolf.booking.pinecrest,benign,0,0.9998895266179938,1,malware
edu.synthetic.androzoo.malware.spyware_surveillance.1110,malware,1,1.0,1,malware
kr.co.goodokmall,benign,0,1.025088596213045e-06,0,benign
lu.tango,benign,0,1.0,1,malware
com.hospital.games.happy.doctor,benign,0,0.8927439257454882,1,malware
com.imatrade.app,benign,0,0.00010327880587621835,0,benign
com.juiceintegration.juicereel,benign,0,0.9978366958419598,1,malware
edu.synthetic.androzoo.malware.overlay_pin_stealer.1538,malware,1,1.0,1,malware
edu.synthetic.androzoo.malware.ransomware_locker.0393,malware,1,1.0,1,malware
com.gwhizmobile.mghpretestneurology,benign,0,0.9999980578513753,1,malware
com.simtrons.dance,malware,1,0.5348948092088852,1,malware
org.diario.diary_agenda.journal_tagebuch,benign,0,0.4643478803599304,0,benign
com.store.cardcaptor,benign,0,0.9051764713045488,1,malware
edu.synthetic.androzoo.malware.banker_accessibility.1048,malware,1,1.0,1,malware
com.dengta120.app.hearingtestproject,malware,1,0.7305273058360462,1,malware
com.tolot.print.android,benign,0,1.7963227252079486e-07,0,benign
edu.synthetic.androzoo.malware.ransomware_locker.0358,malware,1,1.0,1,malware
com.stickers.watermarker,malware,1,0.6134095324866851,1,malware
com.esuper.file.explorer,benign,0,0.06980825137347947,0,benign
com.trainerize.allisonjacksonfitness,benign,0,0.005038484175256515,0,benign
com.abuwaelyenna.AzkARII,malware,1,0.9999409946837543,1,malware
com.wsccs.yn,malware,1,0.9102324962623201,1,malware
com.shuiyu.gdp.muzhi,malware,1,0.4323488583459762,0,benign
com.cafe24.ec.pluslenbling,benign,0,0.9993780529697291,1,malware
edu.synthetic.androzoo.malware.banker_accessibility.1652,malware,1,0.9999999999883171,1,malware
edu.synthetic.androzoo.malware.overlay_pin_stealer.1445,malware,1,1.0,1,malware
com.sudenmunwah.bestmusic,benign,0,0.31554494770143915,0,benign
edu.synthetic.androzoo.malware.dropper_loader.1619,malware,1,1.0,1,malware
edu.synthetic.androzoo.malware.wallet_stealer.0953,malware,1,1.0,1,malware
com.hisense.odinbrowser,benign,0,2.3544782108359363e-10,0,benign
com.uhaozu.app,malware,1,0.6721384386458022,1,malware
edu.synthetic.androzoo.malware.spyware_surveillance.0242,malware,1,1.0,1,malware
edu.synthetic.androzoo.malware.dropper_loader.1808,malware,1,0.9999999999994655,1,malware
com.audible.application,benign,0,4.0269929394315744e-08,0,benign
edu.synthetic.androzoo.malware.banker_accessibility.1625,malware,1,0.9999999999999998,1,malware
com.multibrains.taxi.driver.purusocioschilenew,benign,0,0.8442776498859951,1,malware
edu.synthetic.androzoo.malware.ransomware_locker.1554,malware,1,1.0,1,malware
com.m2sys.secugenpro,benign,0,0.9301919446822399,1,malware
com.threeminutegames.lifelinecrisislinegoog.st,malware,1,1.0,1,malware
com.riverapps.jewelsjunglepop,benign,0,0.9320926901856006,1,malware
com.rainman.alibubble.gq.wipay,malware,1,1.0,1,malware
edu.synthetic.androzoo.malware.spyware_surveillance.1344,malware,1,0.9999999993980426,1,malware
edu.synthetic.androzoo.malware.wallet_stealer.1789,malware,1,0.999479920206805,1,malware
com.translateasy.chattranslator,benign,0,0.9943362916805265,1,malware
edu.synthetic.androzoo.malware.adware_clicker.1704,malware,1,1.0,1,malware
com.sjsys.catalogo.stasy,benign,0,0.05364653563319953,0,benign
com.PYZGame.OverBlue,benign,0,0.45719643822492145,0,benign
jp.co.bandainamcoonline.idolish7,benign,0,0.45888854606429297,0,benign
edu.synthetic.androzoo.malware.overlay_pin_stealer.0880,malware,1,1.0,1,malware
photoeditor.photoretouch.removeobjects.retouch,benign,0,0.0005720831163294368,0,benign
edu.synthetic.androzoo.malware.dropper_loader.0252,malware,1,1.0,1,malware
com.tinchat.mobi,benign,0,0.7657738028610555,1,malware
edu.synthetic.androzoo.malware.banker_accessibility.0030,malware,1,1.0,1,malware
se.expressen.areader,benign,0,1.7624655156441196e-05,0,benign
cn.com.sf.fiberstore,malware,1,0.9999999999696818,1,malware
edu.synthetic.androzoo.malware.spyware_surveillance.0818,malware,1,0.9999999999999998,1,malware
pharossolutions.app.schoolapp.home.sja,benign,0,0.9997492705299289,1,malware
jp.andpad.android,benign,0,0.9986222174832542,1,malware
com.mobiquest.gmelectrical,benign,0,0.3031864173246401,0,benign
com.lj.ayzj.yyh,malware,1,0.6865717748432033,1,malware
com.niceplay.lt.android,malware,1,0.9998769996319599,1,malware
edu.synthetic.androzoo.malware.overlay_pin_stealer.0633,malware,1,1.0,1,malware
edu.synthetic.androzoo.malware.ransomware_locker.1712,malware,1,1.0,1,malware
edu.synthetic.androzoo.malware.dropper_loader.0438,malware,1,1.0,1,malware
com.fukuhara.toyo.app,benign,0,0.9629631271389436,1,malware
com.gdv.subway2055,benign,0,0.9621382774077265,1,malware
org.orau.ima.orisego,benign,0,0.23373019708495188,0,benign
com.pdmi.qingshui.media,malware,1,0.05114995069459138,0,benign
com.phone.caller.contacts,benign,0,1.3724213758362011e-18,0,benign
com.app.fsinsight,benign,0,0.9936460588779419,1,malware
edu.synthetic.androzoo.malware.overlay_pin_stealer.0966,malware,1,1.0,1,malware
edu.synthetic.androzoo.malware.ransomware_locker.0469,malware,1,1.0,1,malware
it.clementoni.miorobot,benign,0,0.9511929306825375,1,malware
com.saleit.ffm,benign,0,0.47573995964725346,0,benign
cn.guancha.app,malware,1,0.9999845928082094,1,malware
net.gleeph.hybridclient,benign,0,0.17367794740893397,0,benign
com.apptegy.rosebudlott,benign,0,0.8918370226610421,1,malware
com.breo.luson.breo,malware,1,1.0,1,malware
com.astrology.psychics,benign,0,0.000304237530866772,0,benign
ch.berag.android.integral,malware,1,0.985432635178069,1,malware
sg.gov.digitalworkplace,benign,0,1.0,1,malware
com.sciences.economiques.commerciales,malware,1,0.39434037931031884,0,benign
com.salla.badreig,benign,0,0.9999999999999993,1,malware
mk.atg.app,benign,0,0.9504465598217688,1,malware
pl.bsjablonka.bsjablonkamobile,benign,0,0.868482092862204,1,malware
com.bananaapps.kidappgames.pets.sounds.free,malware,1,1.0,1,malware
edu.synthetic.androzoo.malware.dropper_loader.0874,malware,1,1.0,1,malware
edu.synthetic.androzoo.malware.dropper_loader.1352,malware,1,1.0,1,malware
com.acid.app,benign,0,0.7346060609427466,1,malware
io.teslatech.callbreak,benign,0,1.0,1,malware
edu.synthetic.androzoo.malware.dropper_loader.0544,malware,1,1.0,1,malware
jp.co.zensho.sukiyamoap,benign,0,2.0568435618064756e-06,0,benign
net.ship56.consignor,malware,1,0.9996897433164484,1,malware
edu.synthetic.androzoo.malware.ransomware_locker.1392,malware,1,1.0,1,malware
us.adspecials.app,benign,0,5.1101615848733525e-05,0,benign
edu.synthetic.androzoo.malware.overlay_pin_stealer.0016,malware,1,1.0,1,malware
com.vikingmaxx.hook,benign,0,0.42213752655632,0,benign
edu.synthetic.androzoo.malware.dropper_loader.1330,malware,1,1.0,1,malware
com.sahell.holyquran,benign,0,0.27594642596410635,0,benign
edu.synthetic.androzoo.malware.sms_otp_stealer.0855,malware,1,1.0,1,malware
com.gvapps.philosophy,benign,0,0.9367964762862836,1,malware
com.yahapps.checkers,benign,0,0.3904089835496019,0,benign
com.makulli.loyalio,benign,0,0.9961822133230902,1,malware
it.onecontrol.sicenext,benign,0,0.39879484492983136,0,benign
edu.synthetic.androzoo.malware.overlay_pin_stealer.0219,malware,1,1.0,1,malware
com.gravitygamestudio.hiddenobject,benign,0,0.07136746772148829,0,benign
air.cn.iduoduo.frog,malware,1,0.6547620543258669,1,malware
edu.synthetic.androzoo.malware.dropper_loader.0312,malware,1,1.0,1,malware
ru.thenewschool.trainer.physics,benign,0,0.09676014693276479,0,benign
com.pentad.bridge,benign,0,0.023049127637585817,0,benign
org.wycliffe.zapotecorinconsur.zsr,benign,0,0.5959573571628761,1,malware
com.joom,benign,0,2.565054862616337e-06,0,benign
edu.synthetic.androzoo.malware.banker_accessibility.0549,malware,1,1.0,1,malware
edu.synthetic.androzoo.malware.overlay_pin_stealer.1838,malware,1,1.0,1,malware
com.jose.quesada.instrumentalchua,malware,1,0.8829165213156862,1,malware
com.nexon.tfdc,benign,0,0.9770509606731804,1,malware
uk.co.unibuses,benign,0,1.5874277119716163e-06,0,benign
com.zzkko,malware,1,0.9999998803614528,1,malware
edu.synthetic.androzoo.malware.overlay_pin_stealer.0268,malware,1,1.0,1,malware
com.xihang.konwrhythm,malware,1,0.8093778868517186,1,malware
com.goods.master3d.triple.puzzle,benign,0,0.9999999999172093,1,malware
nz.co.solus.Kotui.Whakatane,benign,0,0.9928379540021829,1,malware
com.makotsl.app,benign,0,1.9148285785029885e-06,0,benign
com.ff2.ladder.yyh,malware,1,0.0,0,benign
edu.synthetic.androzoo.malware.spyware_surveillance.1181,malware,1,0.9999999999998197,1,malware
edu.synthetic.androzoo.malware.ransomware_locker.1628,malware,1,1.0,1,malware
edu.synthetic.androzoo.malware.banker_accessibility.0601,malware,1,1.0,1,malware
edu.synthetic.androzoo.malware.adware_clicker.0727,malware,1,1.0,1,malware
com.salion.superimpostor,benign,0,0.1354856937670939,0,benign
com.truemythgames.beadssortcraft,benign,0,0.7956241493085406,1,malware
com.appslab.perth6ixradio1080,benign,0,0.9999999999999996,1,malware
com.az.prado.parking.driver.car.game.offline,benign,0,1.9040165364552466e-05,0,benign
edu.synthetic.androzoo.malware.spyware_surveillance.1360,malware,1,1.0,1,malware
com.freigcarrillo.doda,benign,0,0.2048511272882673,0,benign
edu.synthetic.androzoo.malware.banker_accessibility.1339,malware,1,0.9999999999899134,1,malware
com.chattanoogatakeaway,benign,0,4.785657858261048e-08,0,benign
com.bitkeep.wallet,benign,0,0.9695570340724775,1,malware
tr.edu.ku.newmobile,benign,0,0.989545052840595,1,malware
com.ilicit.istanbul.metro.hd,malware,1,0.9999999999990419,1,malware
org.olympic.app.mobile,benign,0,5.960326535640815e-11,0,benign
com.goodwallpapers.autumn_4k,benign,0,0.9999999999899845,1,malware
co.clicknic.clicknicandroid,benign,0,0.972026219401704,1,malware
com.shaggyowl.cf753,benign,0,0.40744691570202274,0,benign
edu.synthetic.androzoo.malware.spyware_surveillance.1795,malware,1,0.9985395514498884,1,malware
com.jartoo.mylib,malware,1,0.986996387999541,1,malware
com.bekids.art,malware,1,0.9257408564568476,1,malware
edu.synthetic.androzoo.malware.dropper_loader.1739,malware,1,1.0,1,malware
ca.craver.alessioscafe,benign,0,0.9796888870606022,1,malware
eco.planter.app,benign,0,0.9945137672875587,1,malware
dk.fk.blivomdeler,benign,0,0.9857927179157154,1,malware
com.weappin.weappfitAquaSportsLanzarote,benign,0,0.9999769665447513,1,malware
com.trycaviar.customer,benign,0,1.0,1,malware
edu.synthetic.androzoo.malware.overlay_pin_stealer.0731,malware,1,1.0,1,malware
com.kraftwerk9.firetv,benign,0,0.15185651318903082,0,benign
edu.synthetic.androzoo.malware.dropper_loader.0918,malware,1,1.0,1,malware
com.JetToast.BlockyFarm.block,malware,1,1.0,1,malware
cc.flydemo.sport2,malware,1,0.8533834014711935,1,malware
com.m7.downloads,malware,1,0.4743595008654757,0,benign
edu.synthetic.androzoo.malware.banker_accessibility.1498,malware,1,0.9997631653934953,1,malware
edu.synthetic.androzoo.malware.spyware_surveillance.0641,malware,1,0.9999999999841269,1,malware
edu.synthetic.androzoo.malware.spyware_surveillance.0304,malware,1,0.999999999892222,1,malware
edu.synthetic.androzoo.malware.dropper_loader.0947,malware,1,1.0,1,malware
com.ggeye.jiakao.api,malware,1,0.5074703114879164,1,malware
com.projectx.thepenaltyworldcup,malware,1,0.9999999999999991,1,malware
com.smoobu.app,benign,0,2.405287146356971e-17,0,benign
linkdesks.solitaire.zoo,benign,0,0.8492603876914554,1,malware
ott.actsbuckinghamschoice,benign,0,0.9899277818738922,1,malware
com.brooksee.boulderthon,benign,0,0.9612569067502971,1,malware
com.mispacientescmnb.app,benign,0,0.3098156804467573,0,benign
nc.opt.annuaire,benign,0,0.5351544051845033,1,malware
com.apple.tool,malware,1,0.02678760972413052,0,benign
edu.synthetic.androzoo.malware.wallet_stealer.1466,malware,1,0.9999999891651038,1,malware
com.pvprototype,benign,0,7.521086464172813e-10,0,benign
com.innovativedev.todolist,benign,0,0.8222220828081951,1,malware
com.jdomni.jdswathirestaurantbangalore,benign,0,0.4914009998906304,0,benign
com.logestechs.customer_goBox,benign,0,0.02455358433884537,0,benign
com.app.file.duster.fdd,malware,1,0.00023928353389407591,0,benign
com.d.lifehacks,benign,0,0.8302108986069824,1,malware
com.crayon.onefive,benign,0,0.8121163086026408,1,malware
com.bublup.bublup,benign,0,0.9701713217331508,1,malware
com.mobilityado.ado,benign,0,0.10560463428527406,0,benign
edu.synthetic.androzoo.malware.sms_otp_stealer.0406,malware,1,0.9999999999999618,1,malware
edu.synthetic.androzoo.malware.adware_clicker.0568,malware,1,1.0,1,malware
com.WhatWapp.Backgammon.Multiplayer,benign,0,0.9999999999902536,1,malware
com.toreluna.app.service,benign,0,0.26563217550159096,0,benign
com.fcbh.bibleradio.assamese.asm,benign,0,0.9892464245312581,1,malware
edu.synthetic.androzoo.malware.dropper_loader.0288,malware,1,1.0,1,malware
com.youvisit.hybridvr61233,malware,1,0.9999972598184876,1,malware
edu.synthetic.androzoo.malware.dropper_loader.1264,malware,1,1.0,1,malware
com.amslergriddaily.app,benign,0,0.24976976887403404,0,benign
com.klopfensteinsoftware.forager,benign,0,0.99597126826772,1,malware
com.openreply.pam,benign,0,0.9999962185952244,1,malware
com.barcode.picture.scanner.reader,malware,1,0.973859992106362,1,malware
com.goldtouch.mako,benign,0,0.003997366216984898,0,benign
edu.synthetic.androzoo.malware.banker_accessibility.0921,malware,1,0.9999999999667226,1,malware
edu.synthetic.androzoo.malware.ransomware_locker.0897,malware,1,1.0,1,malware
com.seraphic.openinet.pre,malware,1,7.469528837353721e-13,0,benign
cn.com.gxrb.client,malware,1,0.9999991041494186,1,malware
com.BuzzGaming.YantlaKazan,benign,0,0.9995812468537326,1,malware
edu.synthetic.androzoo.malware.overlay_pin_stealer.0157,malware,1,1.0,1,malware
com.wyzetalk.woolies,benign,0,0.7819105336230197,1,malware
edu.synthetic.androzoo.malware.sms_otp_stealer.0750,malware,1,0.9999999999996831,1,malware
edu.synthetic.androzoo.malware.dropper_loader.1494,malware,1,1.0,1,malware
com.shiyi.whisper,malware,1,0.9727537470913353,1,malware
it.cardright,benign,0,0.7614975737930789,1,malware
edu.synthetic.androzoo.malware.spyware_surveillance.1622,malware,1,1.0,1,malware
edu.synthetic.androzoo.malware.dropper_loader.1629,malware,1,1.0,1,malware
com.offroad.jeep.simulator.drive.tracks,benign,0,0.9986510380805367,1,malware
edu.synthetic.androzoo.malware.wallet_stealer.1717,malware,1,0.9999999999977822,1,malware
com.bankscene.bes.welllinkbank,malware,1,0.08908871175417421,0,benign
edu.synthetic.androzoo.malware.banker_accessibility.0697,malware,1,0.9999979810918268,1,malware
video.gideo.westerncowboymovies,benign,0,0.9931967534327623,1,malware
edu.synthetic.androzoo.malware.banker_accessibility.0176,malware,1,0.9999687023563247,1,malware
ai.qed.scanspectrum2.app.ss,benign,0,0.9118003330311374,1,malware
com.chairenhuo.qshuiynm,malware,1,0.08300207392457969,0,benign
edu.synthetic.androzoo.malware.overlay_pin_stealer.1608,malware,1,1.0,1,malware
com.gpps.gpps.gppsapp,benign,0,0.40860857784302396,0,benign
com.app.mbacc,benign,0,0.24110443264030235,0,benign
de.appack.project.kraichgau_triathlon,benign,0,0.9999999989872976,1,malware
com.translator.haw,benign,0,0.8632602893337399,1,malware
com.gmfr.yakuza.mad.crime.city.simulator,malware,1,0.9870246800244742,1,malware
com.cx.huanji,malware,1,0.05654199241389753,0,benign
com.spectrumanalizer.myapplication23487,malware,1,0.2115097437948564,0,benign
edu.synthetic.androzoo.malware.banker_accessibility.0063,malware,1,0.99999999995638,1,malware
com.ifanr.activitys,malware,1,0.9985949864218112,1,malware
com.appliedballisticsllc.appliedballistics,benign,0,0.9907543656816198,1,malware
com.yallagroup.yallashoot,benign,0,0.9965531702953555,1,malware
edu.synthetic.androzoo.malware.banker_accessibility.1672,malware,1,0.9999999996407685,1,malware
volumebooster.sound.speaker,benign,0,0.8499758373845494,1,malware
com.sampark.roadwe,benign,0,0.8984272621241888,1,malware
com.zaytoonapps.learnnumberscount,benign,0,0.9772911112980328,1,malware
edu.synthetic.androzoo.malware.spyware_surveillance.0995,malware,1,1.0,1,malware
io.jagat.lite,benign,0,0.3939581036230845,0,benign
cn.com.rektec.xmobile.jcy,malware,1,0.6854974473281543,1,malware
edu.synthetic.androzoo.malware.banker_accessibility.0318,malware,1,0.9999999996640423,1,malware
com.app.float_chat,malware,1,0.9911328577794254,1,malware
com.yachtserv.app,benign,0,0.2611037947598116,0,benign
edu.synthetic.androzoo.malware.spyware_surveillance.1526,malware,1,0.9999175305525123,1,malware
edu.synthetic.androzoo.malware.banker_accessibility.1645,malware,1,1.0,1,malware
edu.synthetic.androzoo.malware.dropper_loader.1111,malware,1,1.0,1,malware
pop.bubblebubbleshooter,benign,0,1.0,1,malware
com.androidapp.skins.girls.minecraft,malware,1,0.3628376170296054,0,benign
cn.fitdays.fitdays,benign,0,1.0,1,malware
com.sevenbold.cadence,benign,0,0.9999099365965151,1,malware
edu.synthetic.androzoo.malware.spyware_surveillance.1802,malware,1,0.9999724547789536,1,malware
com.directfn.universal_adx,benign,0,0.28707858262950303,0,benign
com.goder.busquerysystemptl,benign,0,0.30911960844442804,0,benign
com.f2fgames.games.easterchicken.lite,malware,1,0.8659533908351281,1,malware
edu.synthetic.androzoo.malware.banker_accessibility.0411,malware,1,0.9999999998434712,1,malware
edu.synthetic.androzoo.malware.spyware_surveillance.0516,malware,1,0.9997960862104358,1,malware
edu.synthetic.androzoo.malware.dropper_loader.0885,malware,1,1.0,1,malware
com.Playtime.CC0107,malware,1,0.1398066996454292,0,benign
com.estsoft.alsong,benign,0,9.8235282829082e-07,0,benign
edu.synthetic.androzoo.malware.banker_accessibility.0811,malware,1,1.0,1,malware
com.hoge.android.app.wxsjz,malware,1,0.9998270433711643,1,malware
com.subsplash.thechurchapp.s_2JP2SW,benign,0,0.1925842776903387,0,benign
com.ffsvideogames.eor3aab,benign,0,0.9706054370169714,1,malware
edu.synthetic.androzoo.malware.spyware_surveillance.0616,malware,1,1.0,1,malware
edu.synthetic.androzoo.malware.ransomware_locker.0131,malware,1,1.0,1,malware
com.magicapps.htmlviewer,benign,0,1.0,1,malware
my.com.edu.emgs,benign,0,0.0028978916481893807,0,benign
com.evaapp.evacharging,benign,0,0.9948076182792777,1,malware
com.rachor.lewt,malware,1,0.9999998769860703,1,malware
com.firstbank.mobilebanking,benign,0,0.8020648611121185,1,malware
edu.synthetic.androzoo.malware.spyware_surveillance.0286,malware,1,0.9999999999982134,1,malware
com.edurev.ielts,benign,0,0.994436149080976,1,malware
edu.synthetic.androzoo.malware.overlay_pin_stealer.1265,malware,1,1.0,1,malware
edu.synthetic.androzoo.malware.sms_otp_stealer.1104,malware,1,0.9999999852023784,1,malware
com.kunzisoft.keepass.free,benign,0,0.26985106911054346,0,benign
org.libertex.mt,benign,0,0.999999999999998,1,malware
com.yunosolutions.chinacalendar,benign,0,0.996718439455079,1,malware
edu.synthetic.androzoo.malware.ransomware_locker.1177,malware,1,1.0,1,malware
com.wassel.dotlinemerchant,benign,0,0.2860937247289154,0,benign
com.organilog.v4,benign,0,0.9624438166401547,1,malware
edu.synthetic.androzoo.malware.spyware_surveillance.0668,malware,1,0.999999999999952,1,malware
com.staminatech.leaveoffice,benign,0,0.9407696910998541,1,malware
com.ninefolders.hd3,benign,0,0.7805284583325482,1,malware
com.ionicframework.vezeetapatientsmobile694843,benign,0,0.9999999999422458,1,malware
edu.synthetic.androzoo.malware.spyware_surveillance.1896,malware,1,0.9999999999945095,1,malware
edu.synthetic.androzoo.malware.spyware_surveillance.0743,malware,1,1.0,1,malware
com.funny.sounds.hd,malware,1,0.16319480885806856,0,benign
com.storytaco.p25client,benign,0,0.883853890879821,1,malware
com.trainerize.builtforthis,benign,0,0.4398702733156803,0,benign
com.trainerize.fitnessmatters,benign,0,0.9949047925750882,1,malware
edu.synthetic.androzoo.malware.banker_accessibility.0127,malware,1,0.9999999968253415,1,malware
com.cofox.kahunas.DrizzleFitness,benign,0,5.378092776345669e-06,0,benign
edu.synthetic.androzoo.malware.banker_accessibility.0905,malware,1,1.0,1,malware
com.fistoneGOfl66.ateNIUbilihai.yyh,malware,1,0.7425472242861977,1,malware
com.honeyfund.android,benign,0,0.9988351634420409,1,malware
com.pyramids.icecream,malware,1,0.5364335527268812,1,malware
com.de.colore,benign,0,0.903739220885213,1,malware
edu.synthetic.androzoo.malware.spyware_surveillance.0362,malware,1,0.9999999999999947,1,malware
in.gov.incometaxindia.android,benign,0,0.9353090934234496,1,malware
edu.synthetic.androzoo.malware.dropper_loader.0564,malware,1,1.0,1,malware
com.sibisoft.bellevuec,benign,0,1.0,1,malware
edu.synthetic.androzoo.malware.adware_clicker.1682,malware,1,1.0,1,malware
com.urdu.quran.kanzul.iman,benign,0,4.678221568190506e-05,0,benign
edu.synthetic.androzoo.malware.banker_accessibility.1030,malware,1,0.9985627377403273,1,malware
com.moniepoint.business,benign,0,0.9850251833429293,1,malware
edu.synthetic.androzoo.malware.ransomware_locker.1017,malware,1,1.0,1,malware
org.traccar.client,malware,1,0.00014533203354924088,0,benign
com.skm.spk.biblestories,benign,0,0.55261633976068,1,malware
com.PiguinSoft.CafeRacer.ly,malware,1,0.0751860659585727,0,benign
edu.synthetic.androzoo.malware.adware_clicker.0026,malware,1,1.0,1,malware
edu.synthetic.androzoo.malware.ransomware_locker.0941,malware,1,1.0,1,malware
com.trainerize.aspirecoaching,benign,0,0.9997050141994943,1,malware
com.zenixnetwork.cloudmineapp,malware,1,0.5769986017851885,1,malware
com.freetrailer,benign,0,0.9999999845421492,1,malware
com.lixiangdong.videocutter,malware,1,3.433848042384127e-05,0,benign
com.lloydsbank.businessmobile,benign,0,0.8630376341434848,1,malware
com.newday.magicgirlglobal,malware,1,0.6353140777758304,1,malware
com.rpgsnack.fishingparadise,benign,0,0.9142180048591695,1,malware
com.videodownloader.mks,benign,0,0.9999871245178792,1,malware
com.care.drogueriapatria,benign,0,0.3358896932291705,0,benign
com.neonglass.iconpack,benign,0,0.4892191920503268,0,benign
com.UltimateGames.Fishing,benign,0,0.692658341083456,1,malware
edu.synthetic.androzoo.malware.spyware_surveillance.1460,malware,1,1.0,1,malware
in.roadcast.bolt,benign,0,0.9936926466993633,1,malware
com.cookie.match3.casual,benign,0,0.9965697356222817,1,malware
com.LunarPixelGames.beatdrift,malware,1,0.9999999988755224,1,malware
com.todquest.caprics.school,benign,0,0.9977620086632765,1,malware
com.gamepple.demonshunter.pj,malware,1,0.873630790358236,1,malware
com.instapaper.android,benign,0,0.9999760099424765,1,malware
com.waf.congratulationmessages,benign,0,1.0,1,malware
com.sibisoft.granitec,benign,0,0.9999999999973963,1,malware
com.dreame.reader,malware,1,0.999998566383481,1,malware
com.enchantedcloud.photovault,benign,0,1.0,1,malware
com.beretta.shootingdata,benign,0,0.7935601933110917,1,malware
com.microsoft.intune,benign,0,0.553865151679209,1,malware
com.LongNeckDog.BallRaceRoyale,benign,0,0.8855579051697989,1,malware
com.haulio.hcs.release,benign,0,0.46183047851746717,0,benign
com.metasense.lqdcnvs_mobile,benign,0,0.3221985395589607,0,benign
org.impahq.app,benign,0,0.07630923368689728,0,benign
com.kuaichengwuliu.client,malware,1,0.10828940363558638,0,benign
edu.synthetic.androzoo.malware.banker_accessibility.0962,malware,1,1.0,1,malware
horses.wall7Fon,benign,0,1.0,1,malware
edu.synthetic.androzoo.malware.dropper_loader.1305,malware,1,1.0,1,malware
com.telstra.nrl.knights,benign,0,0.05523704389151836,0,benign
com.titan.fastrack.reflex,benign,0,0.4107062755484168,0,benign
com.TrofyGames.UboatAttack,benign,0,0.9999999136755234,1,malware
com.huazx.hpy,malware,1,1.0027527996491244e-15,0,benign
edu.synthetic.androzoo.malware.overlay_pin_stealer.0376,malware,1,1.0,1,malware
com.gamebook.baqijianghu,malware,1,0.9999999999999942,1,malware
ru.zebomba.find,benign,0,0.00043895001286492995,0,benign
assamboardbooks.com,benign,0,0.999999999997333,1,malware
edu.synthetic.androzoo.malware.banker_accessibility.1598,malware,1,0.9999998496147899,1,malware
com.pedidosya,benign,0,1.0,1,malware
com.zoho.mail,benign,0,0.999991623818532,1,malware
org.wikipedia.beta,benign,0,0.0008554757090738854,0,benign
air.com.beachbumgammon,benign,0,0.48772196247654004,0,benign
edu.synthetic.androzoo.malware.spyware_surveillance.1348,malware,1,0.9999999999999998,1,malware
org.benevity.app,benign,0,1.0,1,malware
edu.synthetic.androzoo.malware.wallet_stealer.1500,malware,1,0.9999993135038784,1,malware
bpresent.studio,benign,0,0.9994017904199187,1,malware
edu.synthetic.androzoo.malware.spyware_surveillance.0759,malware,1,0.9999996001585432,1,malware
com.crossfield.catroom,benign,0,0.9827537111201785,1,malware
com.geektheory.socratechai,benign,0,0.09074057145924472,0,benign
com.IcedropGames.LOK,benign,0,0.9539980916019828,1,malware
org.dignityhealth.healthelife.chw_ca.play,benign,0,0.9999999982989427,1,malware
com.myclassroom.digital,benign,0,0.01128646413260483,0,benign
edu.synthetic.androzoo.malware.overlay_pin_stealer.1368,malware,1,1.0,1,malware
edu.synthetic.androzoo.malware.dropper_loader.0193,malware,1,1.0,1,malware
com.touringplans.dlrlines.android,benign,0,0.9000960199553649,1,malware
edu.synthetic.androzoo.malware.ransomware_locker.0414,malware,1,1.0,1,malware
bali.gamelan.kantil,benign,0,1.0,1,malware
com.force.artifact,malware,1,0.9805359858598397,1,malware
com.oramdic.human.anatomy.dictionary,benign,0,0.8806183584743531,1,malware
io.lumat.pedregaldelamontana,benign,0,0.864110978338209,1,malware
com.puzzleiq.challenge.yyh,malware,1,1.0,1,malware
com.catail.beess,benign,0,0.9997290964450298,1,malware
com.innogames.riseofcultures,benign,0,0.8627552026692463,1,malware
edu.synthetic.androzoo.malware.spyware_surveillance.0621,malware,1,0.9999988658306032,1,malware
com.HittiteGames.CarCrashSimulator5,benign,0,0.3839820414697654,0,benign
com.lezhin.comics,benign,0,5.048202058711319e-05,0,benign
edu.synthetic.androzoo.malware.dropper_loader.0492,malware,1,1.0,1,malware
com.sinyee.babybus.hotel,malware,1,0.35317707814588045,0,benign
org.meraaj.yastashir,malware,1,0.8150898396193403,1,malware
edu.synthetic.androzoo.malware.spyware_surveillance.0408,malware,1,1.0,1,malware
edu.synthetic.androzoo.malware.banker_accessibility.0599,malware,1,1.0,1,malware
edu.synthetic.androzoo.malware.overlay_pin_stealer.0662,malware,1,1.0,1,malware
edu.synthetic.androzoo.malware.adware_clicker.0048,malware,1,0.9617802604814746,1,malware
com.itcode.reader,malware,1,0.6365779661199413,1,malware
com.totaltexto.bancamovil,benign,0,0.35676700326282146,0,benign
com.hititcs.silkavia,benign,0,0.9989534819203694,1,malware
com.customchurchapps.lafamiliaapp,benign,0,6.1261193525036806e-27,0,benign
edu.synthetic.androzoo.malware.banker_accessibility.0520,malware,1,0.9999998799643792,1,malware
com.LonerGames.RayOfHopeApocalypse,benign,0,0.9985159481484911,1,malware
com.wrx.wazirx,benign,0,0.0003114642261128937,0,benign
com.crescentmoongames.theramp,malware,1,0.1360126236237152,0,benign
com.thmclan.hud,benign,0,0.13897650063535008,0,benign
edu.synthetic.androzoo.malware.wallet_stealer.0389,malware,1,0.9999825013445954,1,malware
com.zjzk.auntserver,malware,1,0.9999576718613699,1,malware
com.runde.khs,malware,1,0.6294776410042189,1,malware
edu.synthetic.androzoo.malware.overlay_pin_stealer.1847,malware,1,1.0,1,malware
com.tmapmobility.drive.driver,benign,0,0.9800222574335674,1,malware
com.cosmicmobile.lw.ocean2,benign,0,1.0,1,malware
venkatesh.stotra,benign,0,0.5169804950170263,1,malware
com.founder.jjckb,malware,1,0.988574535650054,1,malware
edu.synthetic.androzoo.malware.ransomware_locker.0451,malware,1,1.0,1,malware
com.iglesia24h.redapostolica,benign,0,0.9684933892602476,1,malware
edu.synthetic.androzoo.malware.sms_otp_stealer.1224,malware,1,0.9950376024299566,1,malware
com.aynovel.landxs,benign,0,0.033325009654057935,0,benign
com.trainerize.kevinmorreyfitness,benign,0,0.6232280345976303,1,malware
org.ohdoki.onboarding,benign,0,0.18830562280562851,0,benign
sleep.app.relax.calm,benign,0,0.9999978861078421,1,malware
io.neuromobile.denia,benign,0,0.5686946881167724,1,malware
edu.synthetic.androzoo.malware.spyware_surveillance.0499,malware,1,0.9999999999995022,1,malware
com.dayoneapp.dayone,benign,0,2.185192664197895e-15,0,benign
ch.flatfox.android,benign,0,0.999999999976831,1,malware
com.CristobalApps.RadioTiempoCalienvivo,benign,0,0.707470087392554,1,malware
edu.synthetic.androzoo.malware.sms_otp_stealer.0747,malware,1,0.9999999999988651,1,malware
edu.synthetic.androzoo.malware.wallet_stealer.0175,malware,1,0.9999999999802907,1,malware
cz.seznam.mapy,benign,0,0.9922508629841659,1,malware
edu.synthetic.androzoo.malware.banker_accessibility.1721,malware,1,0.9999999999999998,1,malware
com.cityof.hernando,benign,0,0.9986131135185881,1,malware
edu.synthetic.androzoo.malware.wallet_stealer.1583,malware,1,0.9999999983625325,1,malware
org.tapaz.android,benign,0,0.28816566428872553,0,benign
edu.synthetic.androzoo.malware.banker_accessibility.1207,malware,1,0.9999999993521489,1,malware
com.eyecon.global,benign,0,4.466275510827706e-23,0,benign
com.peguin.pinsart,malware,1,0.9996559978778261,1,malware
edu.synthetic.androzoo.malware.adware_clicker.1760,malware,1,1.0,1,malware
com.permobil.sae.dockme,benign,0,0.7113482576582263,1,malware
com.cirici.metropolitan2,benign,0,0.9999867559093104,1,malware
com.xaebike.laosgo,benign,0,0.11129009309670138,0,benign
com.ten10code.consumerstudiesza,benign,0,0.22166723048188913,0,benign
com.CreaTeamMobile.StrayTheCatThief,malware,1,0.4351319346161919,0,benign
com.trenicom.padelmouv30,benign,0,0.9058738979612825,1,malware
com.bitmancoin.app,malware,1,0.9710795928401879,1,malware
com.GeorefSystems_TRPT,benign,0,0.9999996541201237,1,malware
edu.synthetic.androzoo.malware.spyware_surveillance.0526,malware,1,0.9999999976186489,1,malware
edu.synthetic.androzoo.malware.spyware_surveillance.0524,malware,1,0.9999600182743261,1,malware
com.artlessindie.tools.camera.dbzscouter,malware,1,0.11772541767478828,0,benign
com.cmcc.hbb.android.phone.parents,malware,1,0.9921686851471431,1,malware
air.ru.crazypanda.blitzpoker,benign,0,0.7322921321477942,1,malware
edu.synthetic.androzoo.malware.dropper_loader.1686,malware,1,1.0,1,malware
com.fitivity.krav_maga_moves,benign,0,0.9999999999479572,1,malware
com.voyagecontrol.android,benign,0,0.9998316248535821,1,malware
edu.synthetic.androzoo.malware.spyware_surveillance.1722,malware,1,0.9999982441114045,1,malware
be.standard.appsupporter,benign,0,0.9935168052491093,1,malware
com.sodetrel.mobile.wiiz,benign,0,0.9773170754706695,1,malware
com.subsplashconsulting.s_B9CSBN,benign,0,8.564806423919577e-30,0,benign
com.jiemo.kana,malware,1,0.22406337542370156,0,benign
design.codeux.hbh_app,benign,0,0.9965276742343187,1,malware
com.DigitalDreamDynamism.jumpingball,benign,0,0.453423253366591,0,benign
com.anatomyka.android,benign,0,0.9812512670518121,1,malware
com.yk.banan,malware,1,1.0,1,malware
com.polarix.prontopolarix,benign,0,0.9402795901500743,1,malware
com.tithely.app.c38461,benign,0,0.9997666843455927,1,malware
app.nauticap.it,benign,0,0.9999997482281963,1,malware
com.pushbinary.electric,benign,0,0.021245446640727552,0,benign
com.anglersatlas.catchlog,benign,0,0.9999696241681417,1,malware
edu.synthetic.androzoo.malware.spyware_surveillance.0917,malware,1,0.9999999999999982,1,malware
com.denniscode.shareit,benign,0,0.8245813481255975,1,malware
edu.synthetic.androzoo.malware.spyware_surveillance.1540,malware,1,0.9999999999999993,1,malware
edu.synthetic.androzoo.malware.ransomware_locker.1149,malware,1,1.0,1,malware
pro.rimipkjs.glkrkr.pj,malware,1,0.9853418550424397,1,malware
edu.synthetic.androzoo.malware.sms_otp_stealer.1053,malware,1,0.9999999999999423,1,malware
edu.synthetic.androzoo.malware.overlay_pin_stealer.1883,malware,1,1.0,1,malware
com.estenarh.app,benign,0,0.9916339731078055,1,malware
com.kp,benign,0,0.8561489733350053,1,malware
com.baiyi.shiti,malware,1,0.784929297286767,1,malware
edu.synthetic.androzoo.malware.overlay_pin_stealer.0570,malware,1,1.0,1,malware
edu.synthetic.androzoo.malware.dropper_loader.1805,malware,1,1.0,1,malware
com.winworks.winworksinspect,benign,0,0.0,0,benign
com.pi.rxfilesplus,benign,0,0.0562405455177485,0,benign
ch.local.android,benign,0,0.0007053339599189287,0,benign
jp.sugi_drug.smao,benign,0,0.9914996741857983,1,malware
com.shuqi.controller,malware,1,0.654593235424126,1,malware
turnariovf.giordanif,benign,0,0.9235773174851404,1,malware
edu.synthetic.androzoo.malware.dropper_loader.1763,malware,1,1.0,1,malware
leviusLLC.Afterlife,malware,1,0.9195882754304447,1,malware
edu.synthetic.androzoo.malware.wallet_stealer.0471,malware,1,0.9999999501344368,1,malware
edu.synthetic.androzoo.malware.banker_accessibility.1221,malware,1,0.9999999619425736,1,malware
edu.synthetic.androzoo.malware.banker_accessibility.1430,malware,1,0.9999999999999585,1,malware
com.almashines.bimtech,benign,0,0.9472192566262928,1,malware
ru.ivi.client,benign,0,0.4522406521950867,0,benign
com.exxonmobil.esso.hk,benign,0,0.9999997780895638,1,malware
com.leqi.ciweicuoti,malware,1,0.8388931229143471,1,malware
com.changdu.mobovideo,benign,0,0.977739743022024,1,malware
com.ebdaadt.rentelly,benign,0,0.9999998080417325,1,malware
com.dnschanger,benign,0,0.9909237868299469,1,malware
com.colorful.colors.wallPapers,benign,0,0.9731046095777051,1,malware
com.sbi.costco,malware,1,0.006927963496604764,0,benign
com.holoteq.moodgo,benign,0,0.999999997886206,1,malware
com.AJJ.Cyberpandemic_st2,malware,1,0.9277894292404468,1,malware
edu.synthetic.androzoo.malware.spyware_surveillance.1072,malware,1,0.999999999296038,1,malware
edu.synthetic.androzoo.malware.spyware_surveillance.0604,malware,1,1.0,1,malware
com.software.v.it.familytree,benign,0,0.9361960978874522,1,malware
com.subsplashconsulting.s_98GV3H,benign,0,1.6336914205825512e-24,0,benign
edu.synthetic.androzoo.malware.overlay_pin_stealer.0287,malware,1,1.0,1,malware
com.innovatise.burnleyleisure,benign,0,0.9443338630152336,1,malware
com.scoutium.app,benign,0,0.49984960729079403,0,benign
com.AiGen.textmaster,malware,1,0.10887847427904708,0,benign
com.igindis.asiaempire2027,benign,0,0.27076187077174585,0,benign
com.ptolemay.calculatorio.miscellaneous.tip,benign,0,0.0007711116589464754,0,benign
com.dictionary.englishtohinditranslator,malware,1,5.408669919290366e-10,0,benign
com.clowder.aot,benign,0,0.9900608034299201,1,malware
com.nopact.WetHoops,malware,1,0.9373383377372675,1,malware
com.smarthito.smartmixer,malware,1,0.8251187707609957,1,malware
com.trainerize.bentonbetter,benign,0,0.5068750994024065,1,malware
com.yesoulchina.international.bicycle,benign,0,0.9995967193418187,1,malware
com.rodocodo.game,benign,0,0.3970707368961095,0,benign
edu.synthetic.androzoo.malware.dropper_loader.0125,malware,1,1.0,1,malware
com.goldenpenguin.FriesMartTycoon,benign,0,0.9021369275580454,1,malware
edu.synthetic.androzoo.malware.dropper_loader.0503,malware,1,1.0,1,malware
com.crisisSupport.civilGuard,benign,0,1.0,1,malware
com.okcupid.okcupid,benign,0,0.696363595592626,1,malware
com.klefi.app,benign,0,0.9996860477540512,1,malware
com.ask.nelson.graduateapp,malware,1,0.9687463306002396,1,malware
edu.synthetic.androzoo.malware.wallet_stealer.0144,malware,1,0.9994991650062572,1,malware
edu.synthetic.androzoo.malware.spyware_surveillance.1435,malware,1,1.0,1,malware
linkdesks.tile.match.story,benign,0,0.9918038042983978,1,malware
com.unicostudio.braintest,benign,0,0.8544694712922997,1,malware
edu.synthetic.androzoo.malware.wallet_stealer.0204,malware,1,1.0,1,malware
edu.synthetic.androzoo.malware.banker_accessibility.0407,malware,1,1.0,1,malware
edu.synthetic.androzoo.malware.banker_accessibility.0320,malware,1,0.999999999477603,1,malware
com.happytools.learning.kids.games,benign,0,0.9476997213316463,1,malware
com.northtex.wl,benign,0,0.06263572303981346,0,benign
edu.synthetic.androzoo.malware.spyware_surveillance.1903,malware,1,1.0,1,malware
edu.synthetic.androzoo.malware.spyware_surveillance.1894,malware,1,0.9999999999995437,1,malware
edu.synthetic.androzoo.malware.banker_accessibility.0677,malware,1,0.9999999999987359,1,malware
edu.synthetic.androzoo.malware.spyware_surveillance.1786,malware,1,1.0,1,malware
edu.synthetic.androzoo.malware.ransomware_locker.0210,malware,1,1.0,1,malware
com.spoton.tablet.android,benign,0,0.5125227036927569,1,malware
edu.synthetic.androzoo.malware.spyware_surveillance.0199,malware,1,1.0,1,malware
com.paoword.www.paoword,malware,1,4.786759405713525e-135,0,benign
edu.synthetic.androzoo.malware.adware_clicker.1519,malware,1,1.0,1,malware
com.tocoding.neutral,benign,0,0.9960548995853549,1,malware
edu.synthetic.androzoo.malware.wallet_stealer.0609,malware,1,0.9999999999895692,1,malware
edu.synthetic.androzoo.malware.banker_accessibility.0667,malware,1,0.9999999999943185,1,malware
edu.synthetic.androzoo.malware.adware_clicker.0693,malware,1,1.0,1,malware
edu.synthetic.androzoo.malware.sms_otp_stealer.1205,malware,1,0.9999999071338821,1,malware
edu.synthetic.androzoo.malware.banker_accessibility.0149,malware,1,1.0,1,malware
cn.cetv.zgjy,malware,1,1.0,1,malware
edu.synthetic.androzoo.malware.sms_otp_stealer.1765,malware,1,1.0,1,malware
extension.app.ide,malware,1,0.8192989552541753,1,malware
edu.synthetic.androzoo.malware.dropper_loader.0555,malware,1,1.0,1,malware
yuanlai.com.masaike,malware,1,0.05567839130946877,0,benign
com.roster.axedo,benign,0,0.9520172087382285,1,malware
edu.synthetic.androzoo.malware.adware_clicker.1208,malware,1,1.0,1,malware
edu.synthetic.androzoo.malware.banker_accessibility.0494,malware,1,1.0,1,malware
com.appgame.tiles.ianLucspinilsmagc,benign,0,6.548818181103462e-16,0,benign
edu.synthetic.androzoo.malware.banker_accessibility.1715,malware,1,0.999999999999998,1,malware
com.impactguru.campaigner_app,benign,0,0.9888177268664792,1,malware
com.xtylus.remotesalestouch,benign,0,0.47804300436605823,0,benign
edu.synthetic.androzoo.malware.overlay_pin_stealer.1426,malware,1,1.0,1,malware
org.ccc.aa,malware,1,0.9895126060600524,1,malware
com.htmobileapps.DollarSquad,benign,0,0.162625850093308,0,benign
edu.synthetic.androzoo.malware.spyware_surveillance.1041,malware,1,0.9999907962243082,1,malware
com.avit.external.app,benign,0,0.9958254767943142,1,malware
com.erkc,benign,0,0.853507643882741,1,malware
edu.synthetic.androzoo.malware.overlay_pin_stealer.0308,malware,1,1.0,1,malware
com.funnycity.carsbattletwo.yyh,malware,1,1.0,1,malware
edu.synthetic.androzoo.malware.banker_accessibility.1462,malware,1,1.0,1,malware
com.trainerize.theaxleworkout,benign,0,0.9920407164083868,1,malware
edu.synthetic.androzoo.malware.spyware_surveillance.1238,malware,1,0.9999999818924888,1,malware
com.lxvll.ocr,benign,0,0.10884366129100449,0,benign
edu.synthetic.androzoo.malware.overlay_pin_stealer.1532,malware,1,1.0,1,malware
digifit.android.virtuagym.pro.platinumgym,benign,0,0.9925595265503937,1,malware
edu.synthetic.androzoo.malware.ransomware_locker.1605,malware,1,1.0,1,malware
edu.synthetic.androzoo.malware.banker_accessibility.0814,malware,1,0.9999999999999747,1,malware
com.ad.cargame.fly,benign,0,0.0024342499947439243,0,benign
edu.synthetic.androzoo.malware.sms_otp_stealer.1306,malware,1,0.9999999988084367,1,malware
io.openaccounting.oaApp,benign,0,0.9104238478916609,1,malware
edu.synthetic.androzoo.malware.dropper_loader.1618,malware,1,1.0,1,malware
edu.synthetic.androzoo.malware.spyware_surveillance.0257,malware,1,1.0,1,malware
com.montgomery.rideon,benign,0,0.32488628315669077,0,benign
com.realxworld.soccerjerseymaker,benign,0,0.019008049429978083,0,benign
com.sglabs.mysymptoms,benign,0,0.35780523341064197,0,benign
jp.ne.sk_mine.android.game.chronos_gem_stories,benign,0,5.8662489239122727e-05,0,benign
com.mytowntonight.aviationweather,benign,0,0.9999920097478093,1,malware
oasys.edocs.h2a2,benign,0,0.9229732030587996,1,malware
edu.synthetic.androzoo.malware.ransomware_locker.0209,malware,1,1.0,1,malware
musicplayer.hdvideoplayer.backgroundmusic,benign,0,4.927919888092579e-15,0,benign
jp.ne.cna.wificonnect,benign,0,0.005948772161260219,0,benign
edu.synthetic.androzoo.malware.sms_otp_stealer.1702,malware,1,1.0,1,malware
net.manoloworks.radio_nouvelle_aquitaine_bordeaux_france_gironde_limoges,benign,0,1.5900053957186512e-08,0,benign
edu.synthetic.androzoo.malware.dropper_loader.1866,malware,1,1.0,1,malware
edu.synthetic.androzoo.malware.spyware_surveillance.0786,malware,1,1.0,1,malware
com.pado.smartlock,malware,1,0.9999999999984668,1,malware
edu.synthetic.androzoo.malware.spyware_surveillance.1395,malware,1,0.9999987593981486,1,malware
com.withkim,benign,0,0.9419688332977612,1,malware
chatespana.es,malware,1,0.8838855308208899,1,malware
com.xapo.bank,benign,0,4.679850970602741e-15,0,benign
edu.synthetic.androzoo.malware.overlay_pin_stealer.0971,malware,1,1.0,1,malware
com.samuelunknown.proscons,benign,0,0.9999950257304066,1,malware
com.elan.ask,malware,1,0.9928929261155885,1,malware
com.ixyzh.question,malware,1,0.12761259776442654,0,benign
com.qatar.onlineshopping.onlinestoreqatar,benign,0,0.3796598730219566,0,benign
com.dmm.app.mvno,benign,0,0.04375092033855867,0,benign
jp.co.rarejob,benign,0,0.00016883865722449736,0,benign
edu.synthetic.androzoo.malware.banker_accessibility.0189,malware,1,1.0,1,malware
edu.synthetic.androzoo.malware.spyware_surveillance.1464,malware,1,0.9999999999961664,1,malware
it.fi.comune.ifmobilita,benign,0,0.9969132787214254,1,malware
com.onemt.and.shen,benign,0,0.052287432128761135,0,benign
edu.synthetic.androzoo.malware.dropper_loader.0375,malware,1,1.0,1,malware
com.mrc.ess.app,benign,0,0.989175917912101,1,malware
de.myfitcoach.tim.mfc,benign,0,0.603897787965778,1,malware
edu.synthetic.androzoo.malware.dropper_loader.0994,malware,1,1.0,1,malware
com.priotecs.MoneyControl,benign,0,0.7288124228740049,1,malware
com.silverbat.knightage,malware,1,0.9999240381594101,1,malware
com.rdiscovery,benign,0,0.9995924026108928,1,malware
com.SingaporeShopping.sgu,benign,0,0.6003741564635378,1,malware
com.empire.grow.rome.ly,malware,1,0.9588764014600615,1,malware
edu.synthetic.androzoo.malware.ransomware_locker.1044,malware,1,1.0,1,malware
com.att100.android,malware,1,0.919197528590277,1,malware
br.mobilibus.mobcampolargo,benign,0,0.9438856719936601,1,malware
com.sinyee.babybus.paintingII,malware,1,0.4621683811896068,0,benign
com.apps.clock.theclock,malware,1,1.2617924369187478e-05,0,benign
com.shark.assetmanager,malware,1,0.8569208718777841,1,malware
edu.synthetic.androzoo.malware.dropper_loader.0801,malware,1,1.0,1,malware
com.jewishoffice.tashma,malware,1,0.014738667347737332,0,benign
edu.synthetic.androzoo.malware.dropper_loader.0821,malware,1,1.0,1,malware
edu.synthetic.androzoo.malware.overlay_pin_stealer.1735,malware,1,1.0,1,malware
ru.waptaxi.taksolet,benign,0,0.9288159713881393,1,malware
edu.synthetic.androzoo.malware.sms_otp_stealer.0578,malware,1,1.0,1,malware
com.qiyue.trdog,benign,0,0.003709680089491845,0,benign
com.easysecure,benign,0,0.9618148559949221,1,malware
timetrax.com.pk,benign,0,0.999934464123862,1,malware
edu.synthetic.androzoo.malware.sms_otp_stealer.0673,malware,1,0.9999998209608497,1,malware
com.tsci.hmn,malware,1,0.9473063766111467,1,malware
com.xiaobanlong.main,malware,1,0.7923693704000279,1,malware
edu.synthetic.androzoo.malware.dropper_loader.0985,malware,1,1.0,1,malware
edu.synthetic.androzoo.malware.banker_accessibility.0626,malware,1,0.9999999999999993,1,malware
com.moyun365.android.zkgeography,malware,1,0.618338600951599,1,malware
edu.synthetic.androzoo.malware.dropper_loader.0036,malware,1,1.0,1,malware
edu.synthetic.androzoo.malware.spyware_surveillance.1342,malware,1,0.9999999999997757,1,malware
com.storytaco.p34client,benign,0,0.9511043052499667,1,malware
com.quraanpoint.azerbaijaniquran,benign,0,0.9940234511476391,1,malware
com.addimin,benign,0,0.13701436374077855,0,benign
com.nurun.edmontonsun,benign,0,0.9959437242214706,1,malware
jp.naver.linemanga.android,benign,0,0.9305339031858192,1,malware
edu.synthetic.androzoo.malware.dropper_loader.1099,malware,1,1.0,1,malware
edu.synthetic.androzoo.malware.dropper_loader.0440,malware,1,1.0,1,malware
br.com.cartago.gbapp.aluno,benign,0,0.9773261951395201,1,malware
edu.synthetic.androzoo.malware.overlay_pin_stealer.0236,malware,1,1.0,1,malware
com.xynderous.vatole.floattube,benign,0,0.999945346349317,1,malware
com.peyman.dateconvert,malware,1,0.9999693844709516,1,malware
com.eduven.ld.lang.thai,malware,1,1.0,1,malware
com.vinetree.gametalktalk2,benign,0,4.818338376092862e-16,0,benign
edu.synthetic.androzoo.malware.dropper_loader.0982,malware,1,1.0,1,malware
edu.synthetic.androzoo.malware.dropper_loader.0935,malware,1,1.0,1,malware
edu.synthetic.androzoo.malware.adware_clicker.1252,malware,1,1.0,1,malware
edu.synthetic.androzoo.malware.spyware_surveillance.0702,malware,1,1.0,1,malware
edu.synthetic.androzoo.malware.overlay_pin_stealer.1176,malware,1,1.0,1,malware
com.banhao.gfsdfwhx,malware,1,0.9751280623363251,1,malware
com.sicgamelab.vuurwerk,benign,0,0.7621871702241972,1,malware
com.pmdsoft.android,benign,0,4.5720788556846776e-05,0,benign
com.ape.games.impact,malware,1,0.999999999853078,1,malware
com.swcloud.game,malware,1,1.0,1,malware
tv.nexstar.id3552,benign,0,1.896320309165731e-20,0,benign
com.netotrade_bn.mobile,malware,1,0.00014524716506791115,0,benign
edu.synthetic.androzoo.malware.overlay_pin_stealer.0865,malware,1,1.0,1,malware
com.yathisha.learners,benign,0,0.9995605907771574,1,malware
com.bedishop.app,benign,0,0.9916436289571665,1,malware
com.iyuba.TEDVideo,malware,1,0.8682202092324208,1,malware
com.colorup.game,malware,1,0.9999999999998583,1,malware
edu.synthetic.androzoo.malware.banker_accessibility.0576,malware,1,0.9999999999999958,1,malware
com.goodinside.gimobile,benign,0,0.9969628455136306,1,malware
com.dgscan.app,benign,0,0.9932089052326443,1,malware
world.battle.army.power,benign,0,0.8737540375317937,1,malware
edu.synthetic.androzoo.malware.banker_accessibility.0415,malware,1,0.9999999998458369,1,malware
armaforte.mobile,benign,0,0.9999847258016143,1,malware
edu.synthetic.androzoo.malware.wallet_stealer.1596,malware,1,0.9999997390310297,1,malware
edu.synthetic.androzoo.malware.dropper_loader.1584,malware,1,1.0,1,malware
com.etips.cincinatti.travel.guide,benign,0,0.9316552991605567,1,malware
recipes.chocolate.maker,benign,0,5.915590018360769e-06,0,benign
edu.synthetic.androzoo.malware.banker_accessibility.0773,malware,1,0.9999999999999589,1,malware
edu.synthetic.androzoo.malware.spyware_surveillance.1681,malware,1,0.9997811340419583,1,malware
com.cordic.happicabsSWF,benign,0,0.7648200637171574,1,malware
pickup.ride.uk.driver,benign,0,1.7212943897248561e-07,0,benign
edu.synthetic.androzoo.malware.spyware_surveillance.1772,malware,1,1.0,1,malware
appinventor.ai_junipmalau.harvestmoonbtn,benign,0,0.9995451247263352,1,malware
com.blogspot.yazakikenji.panel,benign,0,0.05905566605657055,0,benign
edu.synthetic.androzoo.malware.spyware_surveillance.1232,malware,1,1.0,1,malware
intersign.learn.asl,benign,0,0.996542957963435,1,malware
net.controlbox.Uboxl.CasilleroLatino,benign,0,0.10346578168950989,0,benign
com.wepartytt,benign,0,1.1486634124526393e-08,0,benign
com.guoyuncm.rainbow,malware,1,0.9963206062457408,1,malware
com.tapclap.merge.mansiontale,benign,0,0.9997675415734114,1,malware
com.zoho.daybook,benign,0,0.9984297620149792,1,malware
in.ether.vivabeautyparlour,benign,0,0.24324683814606612,0,benign
edu.synthetic.androzoo.malware.ransomware_locker.0416,malware,1,1.0,1,malware
edu.synthetic.androzoo.malware.banker_accessibility.1156,malware,1,1.0,1,malware
com.coloringbookgames.ninjabikeColoring,benign,0,0.2977762641828886,0,benign
com.edurev.gst,benign,0,0.9999987729021144,1,malware
com.nekteck.medcursor,benign,0,1.9235172218584026e-12,0,benign
com.flickr.android,benign,0,0.41144854270581377,0,benign
com.ananinja.lava,benign,0,2.7628698639488534e-18,0,benign
com.cloudcc.mobile,malware,1,1.0,1,malware
com.panagola.app.om,benign,0,0.9843268172477645,1,malware
com.shiyoujiliang.weilaikeji,malware,1,0.7474032460176927,1,malware
edu.synthetic.androzoo.malware.sms_otp_stealer.0746,malware,1,0.9999999999578411,1,malware
edu.synthetic.androzoo.malware.overlay_pin_stealer.0767,malware,1,1.0,1,malware
radios.deparaguay3,benign,0,0.9999082448786782,1,malware
air.school,malware,1,0.9844880727176066,1,malware
com.automationexchange.openfiberusa,benign,0,0.9917309723631741,1,malware
edu.synthetic.androzoo.malware.spyware_surveillance.0686,malware,1,1.0,1,malware
com.lovewick.app,benign,0,0.997821768932487,1,malware
edu.synthetic.androzoo.malware.dropper_loader.1192,malware,1,1.0,1,malware
freeset.app,benign,0,0.9985494199663913,1,malware
ir.otaghak.app,malware,1,1.0,1,malware
com.anask.reem_name_images_wallpapers,benign,0,0.9999999934949975,1,malware
apparray.edison_android_renewal,benign,0,0.41121042358338766,0,benign
edu.synthetic.androzoo.malware.spyware_surveillance.0297,malware,1,1.0,1,malware
com.asmr.color.master,benign,0,0.9032490549340936,1,malware
com.keytom.app.twa,benign,0,0.9993926354703587,1,malware
com.aifa.lawyer.client,malware,1,0.9999999999871816,1,malware
com.aplikasisiasat.id,benign,0,0.001739541881089366,0,benign
no.vigga.push,benign,0,1.118104120856402e-06,0,benign
com.phorest.bmonroesalon,benign,0,0.1087166258476659,0,benign
com.eblock.auction,benign,0,0.9897883782103492,1,malware
edu.synthetic.androzoo.malware.banker_accessibility.1145,malware,1,1.0,1,malware
edu.synthetic.androzoo.malware.ransomware_locker.0603,malware,1,1.0,1,malware
edu.synthetic.androzoo.malware.ransomware_locker.1370,malware,1,1.0,1,malware
de.saas.timeclockv2,benign,0,8.68088564571232e-06,0,benign
edu.synthetic.androzoo.malware.banker_accessibility.0344,malware,1,0.9999979848446386,1,malware
edu.synthetic.androzoo.malware.dropper_loader.1020,malware,1,1.0,1,malware
com.cofox.kahunas.JACKOSONLINE,benign,0,0.9572829274775357,1,malware
app.ledscrolldisplay,benign,0,0.9987487358990156,1,malware
com.medpresso.Lonestar.vetanes,benign,0,0.9642669029046314,1,malware
com.dolilive,benign,0,0.8504850253572229,1,malware
com.ubestkid.beilehu.android,malware,1,0.99999636865561,1,malware
cn.smm.en,benign,0,0.3742239563467309,0,benign
com.apptegy.sundowntx,benign,0,0.9725800076125717,1,malware
edu.synthetic.androzoo.malware.overlay_pin_stealer.0933,malware,1,1.0,1,malware
com.gamefirst.savetheearth,malware,1,0.0745592605256117,0,benign
com.crazy.doctor.hospital,benign,0,0.9231676445384879,1,malware
edu.synthetic.androzoo.malware.wallet_stealer.1335,malware,1,0.999999579503812,1,malware
zombie.survival.craft.z,benign,0,0.9605106356215779,1,malware
edu.synthetic.androzoo.malware.dropper_loader.1738,malware,1,1.0,1,malware
edu.synthetic.androzoo.malware.banker_accessibility.1505,malware,1,0.9999999934633153,1,malware
org.ghfcu.mobile,benign,0,1.3259589385027206e-05,0,benign
com.cwgame.app.mahjong,benign,0,0.8984023571767377,1,malware
edu.synthetic.androzoo.malware.banker_accessibility.1414,malware,1,0.9999999999995581,1,malware
edu.synthetic.androzoo.malware.banker_accessibility.0314,malware,1,1.0,1,malware
com.appcursin.blogspot,malware,1,0.8544981522524772,1,malware
edu.synthetic.androzoo.malware.ransomware_locker.1423,malware,1,1.0,1,malware
com.cadenverse.beat.tiles.musicgame,benign,0,0.9894638045150926,1,malware
edu.synthetic.androzoo.malware.spyware_surveillance.0558,malware,1,0.999999999965796,1,malware
edu.synthetic.androzoo.malware.banker_accessibility.1043,malware,1,1.0,1,malware
com.shvagerfm.Abs,benign,0,0.9967790567272511,1,malware
com.escalationstudios.nuke.st,malware,1,0.9257699950085493,1,malware
edu.synthetic.androzoo.malware.spyware_surveillance.1216,malware,1,0.9999999906967288,1,malware
com.global.technolabs.jupitertouchlab,benign,0,0.01518073241591798,0,benign
edu.synthetic.androzoo.malware.dropper_loader.0934,malware,1,1.0,1,malware
com.yunosolutions.newzealandcalendar,benign,0,0.8647667954041957,1,malware
com.santech.beat.tiles,benign,0,0.9188722272550034,1,malware
com.trainerize.aspenfitness,benign,0,0.9945790545786416,1,malware
edu.synthetic.androzoo.malware.banker_accessibility.0015,malware,1,1.0,1,malware
edu.synthetic.androzoo.malware.spyware_surveillance.1130,malware,1,1.0,1,malware
com.giraffegames.realtennis,benign,0,0.5382758294433594,1,malware
co.madlife.stopmotion,malware,1,0.975101624812702,1,malware
com.Revamp.SteampunkPuzzle2,malware,1,0.9990846492329856,1,malware
com.ironappsdev.offroadincl,benign,0,0.9235833998845312,1,malware
edu.synthetic.androzoo.malware.ransomware_locker.1643,malware,1,1.0,1,malware
com.morbid_tech.morbid,benign,0,0.6555419822884606,1,malware
com.yilewan.ccmlh5,malware,1,0.03841184816283588,0,benign
com.yamystudio.dryCleaning,benign,0,0.9098085293310055,1,malware
cn.e23.weihai,malware,1,0.04152121151288587,0,benign
notes.notebook.todolist.notepad.checklist,benign,0,0.9883222791952442,1,malware
de.mobiletrend.lovidoo,benign,0,1.0,1,malware
de.esagu.app,benign,0,0.17943788975501845,0,benign
com.ubestkid.BeilehuTown.a,malware,1,0.9594986936938733,1,malware
edu.synthetic.androzoo.malware.ransomware_locker.1781,malware,1,1.0,1,malware
com.langya.lyt,malware,1,0.4810290167591544,0,benign
com.game.goolny.stickers,benign,0,0.6549202507830983,1,malware
edu.synthetic.androzoo.malware.ransomware_locker.1541,malware,1,1.0,1,malware
edu.synthetic.androzoo.malware.spyware_surveillance.0215,malware,1,1.0,1,malware
com.ErkinKarakoc.Frok,benign,0,0.9984969877776622,1,malware
com.pharmacity_extracare,benign,0,0.9910621918276438,1,malware
edu.synthetic.androzoo.malware.dropper_loader.0565,malware,1,1.0,1,malware
com.gf.highway.traffic.control.game.city.traffic,benign,0,0.9558105661853253,1,malware
edu.synthetic.androzoo.malware.ransomware_locker.1611,malware,1,1.0,1,malware
com.alarm.alarmmobile.android.securitas,benign,0,1.0,1,malware
com.zmlearn.lancher,malware,1,7.411992713247262e-06,0,benign
edu.synthetic.androzoo.malware.overlay_pin_stealer.0033,malware,1,1.0,1,malware
com.minikara.bubble.android,benign,0,0.9999925384428086,1,malware
com.roadhurryup.fireandrush.yyh,malware,1,1.0,1,malware
com.nt.pictionary,benign,0,0.9112740550110862,1,malware
com.es.civilization.rise.empire,benign,0,0.15559074781111287,0,benign
com.zoho.accounts.oneauth,benign,0,0.826426572645175,1,malware
com.stickman.warmblood.ly,malware,1,1.0,1,malware
com.ejk.Panda.Bubble.Shooter,benign,0,0.7258895300528212,1,malware
com.azazie.az,benign,0,0.9319175384570885,1,malware
sixpack.sixpackabs.absworkout,benign,0,4.2023640148683365e-26,0,benign
com.rv.gym,benign,0,0.5200300477772424,1,malware
edu.synthetic.androzoo.malware.overlay_pin_stealer.0529,malware,1,1.0,1,malware
com.tap4fun.reignofwar,benign,0,0.997111645213757,1,malware
am.ro.android,benign,0,0.4775071531194245,0,benign
edu.synthetic.androzoo.malware.banker_accessibility.1033,malware,1,0.9999999957363399,1,malware
com.brinks.twentyfourseven,benign,0,0.27534581086906446,0,benign
com.evilishgames.dashingheros,benign,0,0.4230461666717274,0,benign
com.trimble.d2link,benign,0,0.8191164244346603,1,malware
com.qysoft.zyhj,malware,1,0.9773415327145087,1,malware
com.qunhe.rendershow,malware,1,0.5717654703933042,1,malware
org.arkweb.arkweb,malware,1,0.15386601560147253,0,benign
edu.synthetic.androzoo.malware.spyware_surveillance.0659,malware,1,1.0,1,malware
com.spartannash.foresthillsfoods,benign,0,0.9999999355739356,1,malware
com.trainerize.dynamicfitnesshtx,benign,0,0.7344360419567666,1,malware
com.sitckmanr.kongfuliam,malware,1,0.9751360036797756,1,malware
edu.synthetic.androzoo.malware.ransomware_locker.0476,malware,1,1.0,1,malware
com.NamasteStudios.SkyStacker,benign,0,0.9997951964498814,1,malware
ru.tutu.etrains,benign,0,0.9994859272219934,1,malware
melstudio.mpilates,benign,0,3.564005297887598e-12,0,benign
edu.synthetic.androzoo.malware.spyware_surveillance.0990,malware,1,1.0,1,malware
com.nebulajoy.act.dmcpoc.asia,benign,0,0.9991961854465947,1,malware
edu.synthetic.androzoo.malware.overlay_pin_stealer.1303,malware,1,0.9999999999454188,1,malware
edu.synthetic.androzoo.malware.overlay_pin_stealer.1807,malware,1,1.0,1,malware
edu.synthetic.androzoo.malware.spyware_surveillance.0969,malware,1,1.0,1,malware
edu.synthetic.androzoo.malware.banker_accessibility.0332,malware,1,0.9999997387140697,1,malware
com.tapbee.lohas,benign,0,0.9423610271686907,1,malware
me.kch_app.kch,benign,0,0.9999999999999964,1,malware
com.ego.allfile.app,malware,1,0.9751382721811669,1,malware
edu.synthetic.androzoo.malware.dropper_loader.1796,malware,1,1.0,1,malware
edu.synthetic.androzoo.malware.overlay_pin_stealer.0585,malware,1,1.0,1,malware
com.jiecang.app.android.aidesks,malware,1,0.9999999851251267,1,malware
edu.synthetic.androzoo.malware.overlay_pin_stealer.0328,malware,1,1.0,1,malware
com.heshu.originofshanhai,malware,1,0.0,0,benign
edu.synthetic.androzoo.malware.banker_accessibility.1481,malware,1,0.9999999972380951,1,malware
edu.synthetic.androzoo.malware.sms_otp_stealer.1095,malware,1,0.9999999999225793,1,malware
edu.synthetic.androzoo.malware.overlay_pin_stealer.1573,malware,1,1.0,1,malware
com.qxdazhuzai.mzyw,malware,1,0.9999999662641177,1,malware
com.subsplashconsulting.s_V8XQ24,benign,0,8.283666370404811e-31,0,benign
hotsiberians.idle.anomalies.research.station.building.tycoon.simulator,benign,0,0.7280156914443563,1,malware
com.tracktime24.employee,benign,0,0.9979443289595741,1,malware
com.dicedom.dicemerge.puzzlegame,benign,0,1.0,1,malware
com.kahunas.io.CatalystFitnessCoaching,benign,0,2.2496240736400274e-06,0,benign
edu.synthetic.androzoo.malware.wallet_stealer.0187,malware,1,0.9999998433197778,1,malware
no.mellora.hseq.bms,malware,1,0.9999986011527674,1,malware
edu.synthetic.androzoo.malware.spyware_surveillance.1842,malware,1,1.0,1,malware
edu.synthetic.androzoo.malware.overlay_pin_stealer.0278,malware,1,1.0,1,malware
edu.synthetic.androzoo.malware.overlay_pin_stealer.1780,malware,1,1.0,1,malware
edu.synthetic.androzoo.malware.ransomware_locker.1438,malware,1,0.9999999999999953,1,malware
edu.synthetic.androzoo.malware.wallet_stealer.1588,malware,1,0.9999999913235654,1,malware
com.maddevices.combatsmobile,malware,1,0.9674980077629168,1,malware
edu.synthetic.androzoo.malware.banker_accessibility.0974,malware,1,0.999999326049659,1,malware
com.nt.games.tangledsnakes,benign,0,0.9999837211154247,1,malware
com.rvappstudios.shapes.colors.toddler,benign,0,0.9883768614100794,1,malware
com.fortinet.fvuc.app,benign,0,0.99999498197605,1,malware
edu.synthetic.androzoo.malware.ransomware_locker.1734,malware,1,1.0,1,malware
neo.bombrman.arcade.geo.games,benign,0,0.4778496924945984,0,benign
fakegps.fakelocation.mocklocation.gpsfaker,malware,1,1.0,1,malware
edu.synthetic.androzoo.malware.overlay_pin_stealer.1563,malware,1,1.0,1,malware
com.zomecorp.zome,benign,0,0.2868474153899377,0,benign
lu.bgl.spm.wm,benign,0,0.01236802443360964,0,benign
ir.t4f.master,benign,0,0.9999998574866199,1,malware
jp.sihdbk.opapp,benign,0,0.95069823745469,1,malware
edu.synthetic.androzoo.malware.adware_clicker.1901,malware,1,1.0,1,malware
com.caresca.enfermedadesinfantiles,malware,1,0.005861215488153495,0,benign
com.petgugu.android,benign,0,0.9972905491965216,1,malware
edu.synthetic.androzoo.malware.ransomware_locker.1799,malware,1,1.0,1,malware
es.tpc.matchpoint.appclient.goldenpoint,benign,0,0.9267246465083051,1,malware
com.hotpodyoga,benign,0,0.8557604870619152,1,malware
live.moreshort.app,benign,0,0.9694441628797832,1,malware
edu.synthetic.androzoo.malware.banker_accessibility.1913,malware,1,0.9999999999988578,1,malware
com.taptasty.puroveroapp,benign,0,0.003312057813806709,0,benign
com.eduven.cc.bruschettas,benign,0,0.03935429456671496,0,benign
edu.synthetic.androzoo.malware.sms_otp_stealer.0056,malware,1,1.0,1,malware
edu.synthetic.androzoo.malware.sms_otp_stealer.0809,malware,1,0.99999999993002,1,malware
edu.synthetic.androzoo.malware.sms_otp_stealer.1671,malware,1,0.9999999998472766,1,malware
com.oifcoman.khedmahmerchant,benign,0,0.9999950866299179,1,malware
edu.synthetic.androzoo.malware.dropper_loader.1886,malware,1,1.0,1,malware
com.kigle.seaanimals,benign,0,0.9919662837253631,1,malware
uug.game.paopao,malware,1,0.9975567766694966,1,malware
com.turner.fcallstars,malware,1,0.4017056567700602,0,benign
com.trainerize.fitnesstogether,benign,0,0.12375701401317155,0,benign
edu.synthetic.androzoo.malware.dropper_loader.0704,malware,1,1.0,1,malware
com.erra.social,benign,0,0.40778748439344115,0,benign
com.hp.impulse.panorama,benign,0,0.16621020880158371,0,benign
com.investors.leaderboard.android,benign,0,2.0341139457309862e-07,0,benign
edu.synthetic.androzoo.malware.ransomware_locker.0300,malware,1,1.0,1,malware
com.fruittime.weather,malware,1,0.686424615850435,1,malware
edu.synthetic.androzoo.malware.spyware_surveillance.1630,malware,1,0.9999999999992544,1,malware
com.angames.android.google.avatarbendingtheworld,benign,0,0.9580963974944287,1,malware
de.shugasu.itrtg,benign,0,0.3950249766209085,0,benign
edu.synthetic.androzoo.malware.adware_clicker.0642,malware,1,1.0,1,malware
com.nirmitaentertainment.golfshotopeninfinitecourse,benign,0,0.7902668504167235,1,malware
edu.synthetic.androzoo.malware.wallet_stealer.0227,malware,1,1.0,1,malware
edu.synthetic.androzoo.malware.wallet_stealer.1014,malware,1,0.9999998288846004,1,malware
edu.synthetic.androzoo.malware.overlay_pin_stealer.1422,malware,1,1.0,1,malware
com.myyounit.selfstoragedenhaag,benign,0,0.9969003533270034,1,malware
io.spaceos.scalingspaces,benign,0,0.9997821558264018,1,malware
edu.synthetic.androzoo.malware.banker_accessibility.0700,malware,1,0.9999999999912095,1,malware
com.cloudn.orientallounge,benign,0,0.16072148742282272,0,benign
jp.co.lawson.android,benign,0,0.984606059233909,1,malware
com.CSlillians.android,benign,0,0.8263370118799594,1,malware
com.haoyisheng.mobile.app,malware,1,0.9998699808121234,1,malware
wsh.chishenme.dpfh,malware,1,0.051899886254370524,0,benign
gm.passion.app,benign,0,0.9993224030348198,1,malware
com.sinyee.babybus.spell,malware,1,0.23511458270363403,0,benign
com.ihuman.jump,malware,1,0.06951616314159613,0,benign
com.ZWSoft.ZWCAD,malware,1,1.0,1,malware
com.xiudian_useraj_th.client,benign,0,0.3129509583233537,0,benign
com.kuailun.xfj,benign,0,0.9900545946375163,1,malware
in.healthflex.physioapp,benign,0,7.818353345911574e-05,0,benign
edu.synthetic.androzoo.malware.adware_clicker.1742,malware,1,1.0,1,malware
joybits.doodletankshd_free,benign,0,0.36075719402662765,0,benign
com.basenjiapps.breeze,benign,0,1.0,1,malware
edu.synthetic.androzoo.malware.spyware_surveillance.0089,malware,1,0.9999999999993905,1,malware
smile.com.telonium.mobile,benign,0,0.30783656761146155,0,benign
com.yclients.mobile.g73827,benign,0,0.761242061847666,1,malware
com.friendscube.somoim,benign,0,0.3501972163394794,0,benign
arl.terminal.reefercontainerpretripinspector,benign,0,0.505083873778315,1,malware
com.lixiangdong.idphotomaker,malware,1,0.005273383915438257,0,benign
com.imweb.appS20200605d0b93b390db0f_61d458797eeea,benign,0,0.9999999999999898,1,malware
edu.synthetic.androzoo.malware.banker_accessibility.1133,malware,1,1.0,1,malware
com.byairapp.android,benign,0,0.9219716640038229,1,malware
edu.synthetic.androzoo.malware.spyware_surveillance.0075,malware,1,0.9999999999514451,1,malware
eye.art.makeup.games,benign,0,2.1674946356350187e-07,0,benign
com.upboardclass10previousyearquestionpaper,benign,0,0.9999999999999984,1,malware
com.colyinc.mahoyaku,benign,0,0.8174252578368207,1,malware
com.mobincube.parabolas_de_jesus.sc_H7QXK9,malware,1,0.9738237889316439,1,malware
edu.synthetic.androzoo.malware.spyware_surveillance.1471,malware,1,0.9999999999999998,1,malware
edu.synthetic.androzoo.malware.overlay_pin_stealer.0140,malware,1,1.0,1,malware
com.herofang,malware,1,0.975242457601449,1,malware
com.threestonesoft.pigotd,malware,1,0.9999803259971191,1,malware
com.fast.free.folowvpn,malware,1,0.9945695791019314,1,malware
jp.co.a_tm.android.plus_strawberry_time,benign,0,0.7494349129521868,1,malware
edu.synthetic.androzoo.malware.banker_accessibility.1916,malware,1,0.9999999998596552,1,malware
edu.synthetic.androzoo.malware.spyware_surveillance.0029,malware,1,1.0,1,malware
unlsoc.seniordesign.huskerstemvr_mobile,benign,0,0.9212990524189392,1,malware
com.IronHorseGames.IdleMineRPG,benign,0,0.010810982723152507,0,benign
free.ocean.fish.solitaire.match,benign,0,0.9999969275353705,1,malware
edu.synthetic.androzoo.malware.banker_accessibility.1542,malware,1,0.9999892929242136,1,malware
edu.synthetic.androzoo.malware.dropper_loader.0931,malware,1,1.0,1,malware
com.avvaloffice.flutter_hbb,malware,1,0.013322812560312489,0,benign
com.rottzgames.mastermind,benign,0,0.9964358554806081,1,malware
edu.synthetic.androzoo.malware.dropper_loader.1700,malware,1,1.0,1,malware
jp.mana_tea,benign,0,0.9902498584970841,1,malware
edu.synthetic.androzoo.malware.ransomware_locker.0717,malware,1,1.0,1,malware
edu.synthetic.androzoo.malware.dropper_loader.1879,malware,1,1.0,1,malware
edu.synthetic.androzoo.malware.ransomware_locker.0181,malware,1,1.0,1,malware
com.phrasebook.lt,benign,0,0.999904719244831,1,malware
com.money.Mentorship,malware,1,0.21622991232201014,0,benign
edu.synthetic.androzoo.malware.adware_clicker.1529,malware,1,1.0,1,malware
kr.co.emeye.joinsautocom,benign,0,4.313353377807058e-07,0,benign
jp.co.comic.mangaone,benign,0,1.0,1,malware
edu.synthetic.androzoo.malware.spyware_surveillance.1287,malware,1,1.0,1,malware
com.mike.koutu,malware,1,0.08437845190110198,0,benign
edu.synthetic.androzoo.malware.spyware_surveillance.1801,malware,1,1.0,1,malware
edu.synthetic.androzoo.malware.dropper_loader.0326,malware,1,1.0,1,malware
com.radiosenpy.radioactivafm,benign,0,0.9215144642866531,1,malware
edu.synthetic.androzoo.malware.banker_accessibility.1021,malware,1,1.0,1,malware
edu.synthetic.androzoo.malware.overlay_pin_stealer.0194,malware,1,1.0,1,malware
edu.synthetic.androzoo.malware.spyware_surveillance.1376,malware,1,0.9999999746705042,1,malware
com.skyfun.loveandfashiongp,malware,1,0.8073672152243729,1,malware
com.sniper_games.silent.scope.sniper.games,benign,0,0.9892109816066599,1,malware
com.mres.schedule,benign,0,0.5056823670678051,1,malware
com.nu.production,benign,0,6.947468602307435e-21,0,benign
com.rsupport.remotemeeting.application.solution.kinfa,benign,0,0.012035929316253677,0,benign
ie.zappy.fennec.evansvilleyogaspace,benign,0,0.3974561079598637,0,benign
com.exploremetro.sh,benign,0,0.9999999099300655,1,malware
edu.synthetic.androzoo.malware.overlay_pin_stealer.0274,malware,1,1.0,1,malware
edu.synthetic.androzoo.malware.overlay_pin_stealer.0381,malware,1,1.0,1,malware
bin.mt.plus,malware,1,0.9999998867813961,1,malware
diy.soap.recipes,malware,1,0.6869213928902571,1,malware
com.wixot.merge,benign,0,0.9959554519378419,1,malware
com.Golden.Dinopaint,benign,0,0.985789619500117,1,malware
com.playhardlab.heroes,benign,0,0.9751344912334545,1,malware
edu.synthetic.androzoo.malware.spyware_surveillance.0487,malware,1,1.0,1,malware
jp.roundflat.takudrill_pt_app,benign,0,0.9422853235644623,1,malware
edu.synthetic.androzoo.malware.banker_accessibility.1779,malware,1,0.9999999999998981,1,malware
com.crisp.vertical,benign,0,0.5484333907503312,1,malware
com.advice.university.heysem99,benign,0,3.8462254828186593e-07,0,benign
com.gr.clean.dream.hotel,benign,0,0.8432761147749338,1,malware
edu.synthetic.androzoo.malware.dropper_loader.0156,malware,1,1.0,1,malware
net.staca,benign,0,0.9996128210871907,1,malware
com.monstro.mdungeons,malware,1,0.3123872567329349,0,benign
com.sayhi.app,benign,0,0.9174784651948047,1,malware
com.talb.blowery,malware,1,0.2887398328012557,0,benign
com.deltaepa.smarthome,benign,0,0.3621847605682465,0,benign
hk.com.ayers.wwind.token1,malware,1,0.9751348693534398,1,malware
net.jeu.solitaire,benign,0,0.947411993526262,1,malware
com.Moveware.Mobi,benign,0,0.9980835926461198,1,malware
de.twopeaches.babelli,benign,0,0.9909602900927627,1,malware
edu.synthetic.androzoo.malware.wallet_stealer.0869,malware,1,0.9999999997565496,1,malware
nz.co.trademe.trademe,benign,0,0.9999999999999925,1,malware
com.subsplashconsulting.s_J59FST,benign,0,2.436014942834819e-06,0,benign
com.ithinkers.abokado,benign,0,0.0003710181091753824,0,benign
edu.synthetic.androzoo.malware.spyware_surveillance.0584,malware,1,0.9999997757319944,1,malware
edu.synthetic.androzoo.malware.overlay_pin_stealer.1089,malware,1,1.0,1,malware
edu.synthetic.androzoo.malware.adware_clicker.0652,malware,1,1.0,1,malware
com.gameduell.tarot,benign,0,0.9411617386319808,1,malware
edu.synthetic.androzoo.malware.overlay_pin_stealer.0513,malware,1,1.0,1,malware
com.subsplashconsulting.s_BR2B97,benign,0,0.0012283952928665257,0,benign
edu.synthetic.androzoo.malware.dropper_loader.0870,malware,1,1.0,1,malware
com.cookingmouse.cheesefry,benign,0,1.0,1,malware
edu.synthetic.androzoo.malware.dropper_loader.0028,malware,1,1.0,1,malware
edu.synthetic.androzoo.malware.banker_accessibility.0738,malware,1,1.0,1,malware
com.mscz.yyn,malware,1,1.0,1,malware
edu.synthetic.androzoo.malware.overlay_pin_stealer.1791,malware,1,1.0,1,malware
com.clocknestgames.olimdal,malware,1,0.9641902663384035,1,malware
edu.synthetic.androzoo.malware.overlay_pin_stealer.0787,malware,1,1.0,1,malware
edu.synthetic.androzoo.malware.banker_accessibility.1828,malware,1,1.0,1,malware
edu.synthetic.androzoo.malware.wallet_stealer.0441,malware,1,0.999999999977736,1,malware
ru.astrostar.yakuba.android,benign,0,0.9975635889537594,1,malware
com.newssynergy.kxweatherapp,benign,0,9.34823245681884e-08,0,benign
com.subsplash.thechurchapp.truehopechurch,benign,0,2.3805041277605603e-29,0,benign
edu.synthetic.androzoo.malware.overlay_pin_stealer.0294,malware,1,1.0,1,malware
com.provakil.provakil,benign,0,1.0,1,malware
edu.synthetic.androzoo.malware.overlay_pin_stealer.0087,malware,1,1.0,1,malware
edu.synthetic.androzoo.malware.spyware_surveillance.0757,malware,1,0.9999999989725228,1,malware
skywave.draw.food,benign,0,0.9856951209249467,1,malware
com.jixing.shenqifangkuai,malware,1,0.9773178631838371,1,malware
com.geniustime.bbxdj.mi,malware,1,0.24754200289768452,0,benign
com.collect.letterlinkgame,malware,1,0.9999774468804172,1,malware
com.sword.camera.editor,malware,1,0.8269035002696974,1,malware
edu.synthetic.androzoo.malware.dropper_loader.0600,malware,1,0.9999999999999958,1,malware
product.clicklabs.jugnoo.driver,benign,0,0.9234364985157607,1,malware
com.drive2,benign,0,1.0025994473857199e-13,0,benign
net.grechu.gnetcctvsecond,malware,1,0.9999921100510614,1,malware
edu.synthetic.androzoo.malware.spyware_surveillance.0841,malware,1,0.9999999999998246,1,malware
co.ivyonline.app,benign,0,0.694991723253095,1,malware
com.uroad.zhgs,malware,1,1.0,1,malware
com.cb.cakebaker.bakinggames.makergames,benign,0,0.9999999993956001,1,malware
com.mds.tplus,benign,0,0.9999895623146209,1,malware
com.kasbcompany.android,benign,0,0.9189317927788574,1,malware
com.mobincube.diccionario_griego_biblico.sc_HP9E26,malware,1,0.9914205004008514,1,malware
edu.synthetic.androzoo.malware.overlay_pin_stealer.0072,malware,1,1.0,1,malware
edu.synthetic.androzoo.malware.dropper_loader.0292,malware,1,1.0,1,malware
com.foxsports.android,benign,0,0.8860874359122757,1,malware
jp.co.cyberagent.miami,benign,0,0.5079244569924122,1,malware
com.arclightCity.dexappstudio,benign,0,0.11563742315547024,0,benign
org.cocos2dx.lianliankan,malware,1,0.8859807590589267,1,malware
edu.synthetic.androzoo.malware.spyware_surveillance.1369,malware,1,1.0,1,malware
com.koinum.app,malware,1,0.3623724755561187,0,benign
edu.synthetic.androzoo.malware.spyware_surveillance.0882,malware,1,1.0,1,malware
edu.synthetic.androzoo.malware.adware_clicker.0170,malware,1,1.0,1,malware
edu.synthetic.androzoo.malware.sms_otp_stealer.1276,malware,1,1.0,1,malware
de.daedalic.deadsynchronicity.android_st,malware,1,0.9751337349766742,1,malware
edu.synthetic.androzoo.malware.adware_clicker.0334,malware,1,1.0,1,malware
com.mobikasaba.carlaandroid,benign,0,2.2857646466773623e-25,0,benign
com.et2t.xingbao,malware,1,0.7667418203102686,1,malware
com.dev.abcdapps.nearbymosque,benign,0,0.1343398865249434,0,benign
com.jacapps.wfed,benign,0,1.436914220173665e-17,0,benign
com.whj.app.stavemaster,malware,1,0.034731505896151836,0,benign
edu.synthetic.androzoo.malware.banker_accessibility.0484,malware,1,1.0,1,malware
com.kys,malware,1,0.6416163688602139,1,malware
edu.synthetic.androzoo.malware.banker_accessibility.1024,malware,1,1.0,1,malware
com.classlist.parent,benign,0,0.417622816131737,0,benign
com.DTDAGames.Chronc,benign,0,0.9505911166957953,1,malware
com.info_sync.infosync,benign,0,0.7569067899875962,1,malware
com.enjoygame.ttwyjp,malware,1,0.99999977457701,1,malware
edu.synthetic.androzoo.malware.banker_accessibility.1594,malware,1,1.0,1,malware
easy.smarttools.font.emoji.custom.keyboard.photokeyboard,benign,0,0.9998958119552969,1,malware
com.g5e.jewelsofmahjong.android,benign,0,0.996252423346747,1,malware
com.visionect.joan.desk,benign,0,1.1827775793949517e-05,0,benign
edu.synthetic.androzoo.malware.overlay_pin_stealer.0270,malware,1,1.0,1,malware
com.funbox.dailyenglishconversation,benign,0,0.02566143507808916,0,benign
com.ptminder.oryanfitness,benign,0,1.6891546816480638e-184,0,benign
com.koudai.zuhao,malware,1,1.0,1,malware
com.coljonesswim.icp,benign,0,0.9999999964717625,1,malware
de.hugendubel.app,benign,0,0.8916943016949781,1,malware
edu.synthetic.androzoo.malware.adware_clicker.0614,malware,1,0.9897695576075531,1,malware
com.ap.adval,benign,0,2.356539491997208e-21,0,benign
com.ModernPhilosophy.Fallen,benign,0,0.007279903900884317,0,benign
edu.synthetic.androzoo.malware.dropper_loader.1109,malware,1,1.0,1,malware
com.its.mobilebanking.ajf,benign,0,0.9886229538700876,1,malware
com.synx.fleetmanager,benign,0,0.8814889617560172,1,malware
it.iridi.dalgrano,benign,0,0.006652805616816471,0,benign
health.step.walk,malware,1,0.06501536041052365,0,benign
com.overnight.oats.recipe.app,benign,0,2.21561957018368e-06,0,benign
edu.synthetic.androzoo.malware.spyware_surveillance.1706,malware,1,1.0,1,malware
com.subsplashconsulting.s_CRB6RK,benign,0,2.1019783655917548e-19,0,benign
edu.synthetic.androzoo.malware.overlay_pin_stealer.1884,malware,1,1.0,1,malware
com.watercountry.mobile,benign,0,0.9999999999999662,1,malware
com.refixprotect.zpsjhfu,malware,1,0.29091290777778833,0,benign
com.apaman.android,benign,0,0.8470204463850876,1,malware
com.yelp.android,benign,0,0.01893922167787642,0,benign
edu.synthetic.androzoo.malware.spyware_surveillance.1724,malware,1,0.9999972620087014,1,malware
com.chippercash,benign,0,0.014295262496661562,0,benign
com.posteitaliane.spim,benign,0,1.0,1,malware
com.caltopo.android,benign,0,0.9999976571259409,1,malware
mtcperu.simulacromtc.examenmtc,benign,0,0.6765682616505804,1,malware
edu.synthetic.androzoo.malware.spyware_surveillance.0291,malware,1,0.9999999999999714,1,malware
ar.lifemart.android,benign,0,0.9995156526218683,1,malware
com.nosuke.yomoo,benign,0,0.8270018706153267,1,malware
com.zhaot.zhigj,malware,1,0.06609227527905075,0,benign
com.qiyang.yueyu,malware,1,0.9993092385779756,1,malware
komandco.matete,benign,0,0.9842188539004157,1,malware
edu.synthetic.androzoo.malware.spyware_surveillance.0732,malware,1,0.9999999874076543,1,malware
edu.synthetic.androzoo.malware.spyware_surveillance.1888,malware,1,1.0,1,malware
zahleb.me,benign,0,4.44226359403635e-20,0,benign
my.hotel.design,benign,0,0.9123987839265444,1,malware
com.aospstudio.quicksearch,benign,0,0.49985967256421926,0,benign
com.AresGames.SwordSorceryAC,benign,0,0.07557615764218499,0,benign
com.mango.sanguo15.plsz,malware,1,0.26779743988138366,0,benign
com.dongqiudi.news,malware,1,0.998769821177546,1,malware
com.realbyteapps.moneymanagerfree,benign,0,0.9961956901419401,1,malware
com.audiosdroid.speech2text,malware,1,0.008273838776713784,0,benign
com.memoriki.fullhousecasino,benign,0,0.9061225561373573,1,malware
edu.synthetic.androzoo.malware.overlay_pin_stealer.0910,malware,1,1.0,1,malware
heybarber.app,benign,0,0.9998454969955807,1,malware
com.beartool.girfriendvalue,malware,1,0.9999998849022801,1,malware
edu.synthetic.androzoo.malware.wallet_stealer.0566,malware,1,0.9999999977449885,1,malware
edu.synthetic.androzoo.malware.overlay_pin_stealer.1086,malware,1,1.0,1,malware
com.hltcorp.footcare,benign,0,4.709117187826379e-19,0,benign
edu.synthetic.androzoo.malware.banker_accessibility.0290,malware,1,1.0,1,malware
com.precisebytes.flashlightdualmode.free.release,benign,0,0.003955532476911638,0,benign
jp.co.gemdrops.lbca,malware,1,0.9999964367658367,1,malware
com.buzzato.s24p,benign,0,0.029585417408008158,0,benign
jp.fourm.ragdollbowling,benign,0,0.9608919388048471,1,malware
com.ac.englishtokhmertranslator,benign,0,0.27589685028957506,0,benign
com.tube.play.music.downloader.mp3.musica.sound.descargar.freeapp,benign,0,1.0,1,malware
com.flower.advisor,benign,0,0.9916748548211008,1,malware
com.doapps.android.mln.MLN_90d668b2ee3a0975df39f54a3f466090,benign,0,4.629244384827782e-13,0,benign
com.nbs.StudentStore,benign,0,0.6845168028539497,1,malware
dk.fdmmotor.reader,benign,0,0.9997344267544537,1,malware
com.akashlilhare.homeworkout,benign,0,0.3655572588497517,0,benign
net.everdo.everdo,benign,0,0.9999999090748877,1,malware
com.pineapple.woody.block.color.blast,benign,0,0.9691704262651474,1,malware
jp.co.x_bit.rakushifu,benign,0,0.9976974206429629,1,malware
rams.proyect.afiliadorams.com.appafiliado,benign,0,0.07776152955102224,0,benign
edu.synthetic.androzoo.malware.dropper_loader.0661,malware,1,1.0,1,malware
edu.synthetic.androzoo.malware.adware_clicker.0698,malware,1,1.0,1,malware
com.cinkate.rmd,malware,1,0.80189065554411,1,malware
nl.wienelware.calligraphydesignideas.app,benign,0,0.8829714488108554,1,malware
com.cgff.moutned.horseback.police.chase,benign,0,0.9325502343124734,1,malware
com.playcurio.safariar,benign,0,0.1285351080906934,0,benign
com.mini.mixed.color,malware,1,0.739548845039608,1,malware
com.wyt.iexuetang.hd.xxwkt,malware,1,0.9999999997200186,1,malware
hivebrite.gabv_community.app,benign,0,0.02529555958024674,0,benign
com.dnm.radioeuskirchen,benign,0,0.4208324886753756,0,benign
com.subsplashconsulting.s_V97894,benign,0,0.001847449839959795,0,benign
com.boomradio.player,benign,0,0.9890096797574137,1,malware
com.brilian.studyx.student,benign,0,0.44672064302821873,0,benign
edu.synthetic.androzoo.malware.adware_clicker.1022,malware,1,1.0,1,malware
es.odilo.capodilo,benign,0,0.3901598084884801,0,benign
com.flexaspect.android.everycallcontrol,benign,0,0.9700064478778203,1,malware
edu.synthetic.androzoo.malware.wallet_stealer.1383,malware,1,0.9999999971415194,1,malware
edu.eduhk.emobileapp,benign,0,0.9999698968785228,1,malware
com.dav_vizag.school,benign,0,0.4196428840162238,0,benign
com.mintgames.matchfind3d,benign,0,0.9999949141390986,1,malware
edu.synthetic.androzoo.malware.ransomware_locker.1364,malware,1,1.0,1,malware
jp.jmty.app2,benign,0,0.011381514713873619,0,benign
com.t2s.spicegarden792960,benign,0,0.029142693287561278,0,benign
com.looped.pos.looped_pos_new,benign,0,0.9786252019954735,1,malware
net.xinhuamm.d3074,malware,1,1.0,1,malware
edu.synthetic.androzoo.malware.wallet_stealer.0454,malware,1,0.9999995156590956,1,malware
edu.synthetic.androzoo.malware.banker_accessibility.1845,malware,1,1.0,1,malware
edu.synthetic.androzoo.malware.spyware_surveillance.0648,malware,1,1.0,1,malware
pf.isi.TiareFM,benign,0,0.9995135414646542,1,malware
edu.synthetic.androzoo.malware.banker_accessibility.0271,malware,1,0.999999999999986,1,malware
net.freshgogo.android,malware,1,0.9999999999785407,1,malware
io.voodoo.paper2,benign,0,0.41149691170657016,0,benign
com.sinyee.babybus.numberwriter,benign,0,2.0165933499278825e-08,0,benign
com.sybogames.subway.surfers.game,benign,0,0.9993296522284884,1,malware
edu.synthetic.androzoo.malware.banker_accessibility.1353,malware,1,0.9999999999977096,1,malware
bibogames.fill.oneline,benign,0,0.39093718017992696,0,benign
edu.synthetic.androzoo.malware.spyware_surveillance.0890,malware,1,0.999999985317396,1,malware
com.pujiagames.ennichi,malware,1,0.998375081462998,1,malware
com.zsjoinblob.sfclash.yyh,malware,1,0.9999999994697824,1,malware
mf.myeg.com.eservicemobile,benign,0,0.924209859289271,1,malware
com.fissa.scan,benign,0,0.8713055939040107,1,malware
edu.synthetic.androzoo.malware.wallet_stealer.0277,malware,1,1.0,1,malware
com.iq.brain.out.ly,malware,1,0.9999951442237056,1,malware
edu.synthetic.androzoo.malware.wallet_stealer.1648,malware,1,0.9999999999999993,1,malware
com.modeleon.northernlightsalert,benign,0,0.5730557609312252,1,malware
com.etips.tatemodern.travel.guide,benign,0,0.9966944475942914,1,malware
academy.gocrypto.trading,benign,0,0.9938273282573338,1,malware
edu.synthetic.androzoo.malware.ransomware_locker.0306,malware,1,1.0,1,malware
edu.synthetic.androzoo.malware.ransomware_locker.1572,malware,1,1.0,1,malware
edu.synthetic.androzoo.malware.ransomware_locker.1857,malware,1,1.0,1,malware
com.efun.cnbh.android,malware,1,0.8784012723616278,1,malware
com.wink.android.weather,benign,0,6.953977868565717e-05,0,benign
com.bootmod3.mobile,benign,0,0.9967086026111921,1,malware
jp.co.imagineer.sumikkogurashi.kids,benign,0,0.00339043994123878,0,benign
com.rhmsoft.edit,benign,0,9.765039312942433e-05,0,benign
edu.synthetic.androzoo.malware.banker_accessibility.0079,malware,1,0.9999999999931823,1,malware
net.wordbit.itpt,benign,0,1.0,1,malware
dev.langhoangal.mindfulness_bell,benign,0,0.9964637267095203,1,malware
edu.synthetic.androzoo.malware.banker_accessibility.1186,malware,1,1.0,1,malware
edu.synthetic.androzoo.malware.wallet_stealer.0159,malware,1,1.0,1,malware
com.chirayusoft.thashnabullion,benign,0,0.29247233685692,0,benign
com.xd.impostor.alphabet,benign,0,0.9000770585220572,1,malware
com.india.manomay,benign,0,0.9024709093304631,1,malware
digifit.android.virtuagym.pro.personaltrainingastensomeren,benign,0,0.0003931471561729359,0,benign
com.funstay.android.global.idlerpgv1,benign,0,0.02729044107709785,0,benign
com.maxtoolbox.rot,malware,1,0.6551556187262494,1,malware
com.mspy.lite,malware,1,0.987565363253708,1,malware
com.darkwind.nucarnival,benign,0,0.9299260892796288,1,malware
jp.stageinc.app.blue,benign,0,0.8522412127848775,1,malware
edu.synthetic.androzoo.malware.banker_accessibility.1644,malware,1,1.0,1,malware
com.cashaa.app,benign,0,0.9734660562286698,1,malware
jp.factoryjapan.fjg,benign,0,0.07206903105951146,0,benign
com.marinahome,benign,0,0.5297366729889732,1,malware
com.hqgames.pencil.sketch.photo,benign,0,0.4217266235543279,0,benign
edu.synthetic.androzoo.malware.spyware_surveillance.1241,malware,1,0.9999999991048254,1,malware
com.soap.awaygo.yyh,malware,1,0.9999999999999547,1,malware
jp.co.techmatrix.tsumugino,benign,0,0.9968283377858207,1,malware
com.inyad.store,benign,0,6.056085747720013e-21,0,benign
edu.synthetic.androzoo.malware.spyware_surveillance.1113,malware,1,0.9999999999991598,1,malware
com.is.vitllinkSOS,malware,1,0.9270743112028507,1,malware
io.plagap.com,benign,0,0.08993920430530376,0,benign
com.cafe24.ec.plustitad,benign,0,0.9975558869899537,1,malware
com.gds.tennis.master.clash.mini.games.offline,benign,0,0.8712795932499672,1,malware
com.wnqncivu.renpeo,malware,1,0.9800858798513551,1,malware
edu.synthetic.androzoo.malware.adware_clicker.1247,malware,1,1.0,1,malware
edu.synthetic.androzoo.malware.overlay_pin_stealer.0696,malware,1,1.0,1,malware
com.ht96.trongdaotran.dongyapplication,benign,0,0.9525443156056591,1,malware
com.careem.acma,benign,0,0.99999899447518,1,malware
com.dragon.coloring.Coloringbook,benign,0,0.1742585498482604,0,benign
com.pulu.popforest,benign,0,0.888750722971002,1,malware
com.chat.dominicano,malware,1,0.9456070454960286,1,malware
edu.synthetic.androzoo.malware.ransomware_locker.1693,malware,1,1.0,1,malware
com.ordogames.anomalydayzero,benign,0,0.8735070874424852,1,malware
a882902.mcn,benign,0,1.0,1,malware
com.tellurionmobile.aliencraftpro,malware,1,0.8820828224964307,1,malware
online.wsticker,benign,0,0.16919675987132538,0,benign
com.drbrosdev.qrscannerfromlib,benign,0,0.8898279275740513,1,malware
edu.synthetic.androzoo.malware.wallet_stealer.1198,malware,1,0.9659498921555786,1,malware
edu.synthetic.androzoo.malware.spyware_surveillance.1820,malware,1,0.999999999977927,1,malware
edu.synthetic.androzoo.malware.ransomware_locker.1155,malware,1,1.0,1,malware
com.litegames.farkle,benign,0,0.4460507291832843,0,benign
edu.synthetic.androzoo.malware.wallet_stealer.1406,malware,1,0.9999999999059637,1,malware
cc.rs.gc,malware,1,0.9999999953248293,1,malware
com.grokker,benign,0,0.8961634199450761,1,malware
com.MiniCo.UltraFarmingTractorTrucks,benign,0,0.1795567469696594,0,benign
fr.ina.madelen,benign,0,0.23747629158841824,0,benign
com.asobimo.avars,benign,0,0.8536450856058637,1,malware
com.ionic.enginehire,benign,0,0.8467505493056713,1,malware
com.ultrahuman.android,benign,0,0.7665414696805591,1,malware
com.erow.stickman.dismount,malware,1,0.7981719667609745,1,malware
com.keeson.hotelmanagement,malware,1,0.00455412770007225,0,benign
edu.synthetic.androzoo.malware.wallet_stealer.0302,malware,1,0.9999999999293174,1,malware
edu.synthetic.androzoo.malware.sms_otp_stealer.0847,malware,1,1.0,1,malware
com.travellink,benign,0,0.8029666444201489,1,malware
webviewgold.sole,benign,0,0.8367934862974493,1,malware
com.fruit.hexa.sort,benign,0,0.8739404519577786,1,malware
com.desirepk.mountain.hitman.project.assasin.apps,malware,1,0.8654629963536233,1,malware
edu.synthetic.androzoo.malware.overlay_pin_stealer.0588,malware,1,1.0,1,malware
edu.synthetic.androzoo.malware.dropper_loader.0399,malware,1,1.0,1,malware
com.meemcolart.dumptruck.passenger,benign,0,0.9997360050892105,1,malware
com.mmis.Envi,benign,0,0.9871745259212347,1,malware
com.ellabook,malware,1,2.7728271344195744e-09,0,benign
com.coyoapp.comtsnet.engage.android,benign,0,0.8895880158383499,1,malware
tv.uscreen.thewkout,benign,0,0.9773355650161565,1,malware
at.csd.emurmuru,benign,0,0.8699827252995902,1,malware
com.kk.xx.sleepnoise,malware,1,1.0,1,malware
edu.synthetic.androzoo.malware.dropper_loader.1539,malware,1,1.0,1,malware
com.good.xuanyuan.appchina,malware,1,0.9997964974295246,1,malware
com.sankuai.sailor.afooddelivery,benign,0,1.0,1,malware
edu.synthetic.androzoo.malware.overlay_pin_stealer.0559,malware,1,1.0,1,malware
edu.synthetic.androzoo.malware.banker_accessibility.1266,malware,1,0.9999999999999996,1,malware
edu.synthetic.androzoo.malware.dropper_loader.1102,malware,1,1.0,1,malware
com.nobrainstate.city.construction.building.game,benign,0,0.976466896612742,1,malware
edu.synthetic.androzoo.malware.spyware_surveillance.0788,malware,1,1.0,1,malware
edu.synthetic.androzoo.malware.ransomware_locker.1836,malware,1,1.0,1,malware
com.theblackbit.animemania.android,benign,0,0.9713874900225422,1,malware
edu.synthetic.androzoo.malware.dropper_loader.0480,malware,1,1.0,1,malware
com.pdfeditor.pdfeditorandriod,benign,0,0.9962989644628854,1,malware
com.knew.feed,malware,1,0.8677962186490994,1,malware
edu.synthetic.androzoo.malware.ransomware_locker.1859,malware,1,1.0,1,malware
com.onefitstop.kettlefit,benign,0,0.9993325361367266,1,malware
edu.synthetic.androzoo.malware.dropper_loader.1463,malware,1,1.0,1,malware
edu.synthetic.androzoo.malware.banker_accessibility.1890,malware,1,0.9999999999996068,1,malware
com.gamaxgamesidc.clashofcrimemafiagang,malware,1,0.7902115698815758,1,malware
edu.synthetic.androzoo.malware.adware_clicker.0960,malware,1,1.0,1,malware
edu.synthetic.androzoo.malware.ransomware_locker.1217,malware,1,1.0,1,malware
com.RBHAccess.Integra32AxiomLiteMobile,benign,0,0.16555222692676871,0,benign
edu.synthetic.androzoo.malware.spyware_surveillance.0726,malware,1,1.0,1,malware
kvp.jjy.smartSafePayment,benign,0,0.8800680253368999,1,malware
digifit.android.virtuagym.pro.fundacionriasdosur,benign,0,0.22757184379459888,0,benign
tech.foys.ska,benign,0,0.9999950861960514,1,malware
com.sdf.untitled,benign,0,0.9977683047004606,1,malware
com.greenapes.horizontalandroid,benign,0,0.9999560445882834,1,malware
com.apptegy.conawayar,benign,0,1.3526848880138617e-05,0,benign
com.project43.isei,benign,0,0.25601743772211577,0,benign
com.lutech.applock,malware,1,1.0,1,malware
edu.synthetic.androzoo.malware.banker_accessibility.0532,malware,1,0.9999999999977869,1,malware
edu.synthetic.androzoo.malware.ransomware_locker.0530,malware,1,1.0,1,malware
edu.synthetic.androzoo.malware.overlay_pin_stealer.0776,malware,1,1.0,1,malware
com.anacity,benign,0,0.3691961009620542,0,benign
com.seacloud.bc,benign,0,0.03833215995362843,0,benign
edu.synthetic.androzoo.malware.ransomware_locker.1388,malware,1,1.0,1,malware
io.ionic.kuentro,benign,0,0.9338009166349117,1,malware
com.allup.ufc,benign,0,0.37489731641152296,0,benign
com.fronius.solarweb,benign,0,1.0,1,malware
cn.museedu.iden,benign,0,0.5362349987281195,1,malware
edu.synthetic.androzoo.malware.adware_clicker.0234,malware,1,1.0,1,malware
com.bartering.forsa,benign,0,0.9999970163432903,1,malware
edu.synthetic.androzoo.malware.banker_accessibility.0981,malware,1,0.9999999814139587,1,malware
app.louga.vocabulary,benign,0,0.9999948027339483,1,malware
com.umeox.qibla,malware,1,8.524799222337227e-08,0,benign
com.KLP.RZG,benign,0,0.9896852095942518,1,malware
mobi.easyorderapp.keurslagerclaudeisabelle,benign,0,0.9999950604923998,1,malware
edu.synthetic.androzoo.malware.spyware_surveillance.0460,malware,1,0.9999999999999987,1,malware
edu.synthetic.androzoo.malware.banker_accessibility.0606,malware,1,0.9999999426420607,1,malware
eka.care.doctor,benign,0,0.9990460742657234,1,malware
edu.synthetic.androzoo.malware.wallet_stealer.0397,malware,1,0.9999999666857442,1,malware
com.foodient.whisk,benign,0,1.9036801845539894e-29,0,benign
com.lijianqiang12.silent,malware,1,0.07947384320091525,0,benign
edu.synthetic.androzoo.malware.ransomware_locker.0202,malware,1,1.0,1,malware
com.aichess.ball,malware,1,0.9295361293329368,1,malware
com.scloud.scloud.mobile,benign,0,0.9999999996445594,1,malware
com.spond.spond,benign,0,0.999998652271689,1,malware
edu.synthetic.androzoo.malware.ransomware_locker.1121,malware,1,1.0,1,malware
edu.synthetic.androzoo.malware.overlay_pin_stealer.0372,malware,1,1.0,1,malware
com.upjers.molehillempire2,benign,0,0.9993524920254506,1,malware
edu.synthetic.androzoo.malware.banker_accessibility.1274,malware,1,1.0,1,malware
edu.synthetic.androzoo.malware.banker_accessibility.0083,malware,1,0.9999999999998352,1,malware
com.rytong.hnair,malware,1,0.9999999988838792,1,malware
edu.synthetic.androzoo.malware.banker_accessibility.0047,malware,1,1.0,1,malware
com.suchgamesmuchwow.readysetcat,malware,1,0.9982756480402291,1,malware
com.asgarvpn.asgar2023,malware,1,4.347401463834181e-05,0,benign
com.cafe24.ec.pluspmkcrew,benign,0,0.9966322358125543,1,malware
com.mventus.selfcare.activity,benign,0,0.908989261583443,1,malware
edu.synthetic.androzoo.malware.spyware_surveillance.1371,malware,1,0.9999999999746672,1,malware
com.vicsothemes.hebrewforbeginners,benign,0,0.9701191851652187,1,malware
by.gov.mns.mobile.selfemployed,benign,0,0.9697231495630051,1,malware
edu.synthetic.androzoo.malware.sms_otp_stealer.0092,malware,1,0.999999915272397,1,malware
edu.synthetic.androzoo.malware.wallet_stealer.0534,malware,1,0.9999995535006634,1,malware
net.nightdevsolutions.easy_catalog,benign,0,0.33924738650339287,0,benign
com.prashantsj.apps.movietitlegame,benign,0,0.9206575372837815,1,malware
com.mazidashi.cs,malware,1,0.7714002562144329,1,malware
edu.synthetic.androzoo.malware.wallet_stealer.0064,malware,1,0.9999999999447844,1,malware
edu.synthetic.androzoo.malware.adware_clicker.0754,malware,1,1.0,1,malware
com.linecorp.b612.android,malware,1,9.948122998046377e-13,0,benign
jp.co.mixi.karasta,benign,0,0.9965671804849311,1,malware
com.edanadservicecooperativebank.mobileapplcation,benign,0,0.9984084527864028,1,malware
edu.synthetic.androzoo.malware.ransomware_locker.1472,malware,1,1.0,1,malware
edu.synthetic.androzoo.malware.dropper_loader.1509,malware,1,1.0,1,malware
edu.synthetic.androzoo.malware.banker_accessibility.1887,malware,1,1.0,1,malware
com.ideas.guide.diy.origami.stepbystep3,malware,1,0.3715624660170199,0,benign
com.hero.legend.mmo,benign,0,0.9999999999999281,1,malware
com.motorbike.driving.simulator,malware,1,0.9936808181717932,1,malware
com.trainerize.fitlifeparenting,benign,0,0.421297183259023,0,benign
com.mixgo.PropertySEO,benign,0,1.0,1,malware
com.mobincube.promesas_biblicas.sc_HYL5R8,malware,1,0.9999999999902573,1,malware
edu.synthetic.androzoo.malware.ransomware_locker.1651,malware,1,1.0,1,malware
com.publink.shb.app,benign,0,0.9999959168321139,1,malware
pl.fitollo,benign,0,0.9722087907004108,1,malware
edu.synthetic.androzoo.malware.overlay_pin_stealer.1919,malware,1,1.0,1,malware
net.playtouch.myponymlr,benign,0,0.9884991917155006,1,malware
digifit.android.virtuagym.pro.nul40fitbv,benign,0,0.9990853263758097,1,malware
com.my.browserplus,malware,1,0.9727463064423629,1,malware
edu.synthetic.androzoo.malware.ransomware_locker.1151,malware,1,1.0,1,malware
edu.synthetic.androzoo.malware.dropper_loader.1523,malware,1,1.0,1,malware
com.hanbiro.groupware.android.tablet,benign,0,0.9964681286981734,1,malware
com.appcano.catchphrase,benign,0,0.022665145870507147,0,benign
edu.synthetic.androzoo.malware.banker_accessibility.0305,malware,1,1.0,1,malware
com.alaeat.customer.android.fujigongcha,benign,0,0.9963882370030963,1,malware
com.karim.timerunner,benign,0,0.08797161362956527,0,benign
com.lypro.motto,malware,1,0.9996925855422228,1,malware
com.lovebeat.v2.name,benign,0,0.13573804836710712,0,benign
com.genesys.purecloud.collaborate,benign,0,0.7224120300727862,1,malware
gtpay.gtronicspay.com,benign,0,0.9697119419309564,1,malware
net.lionbird.google.holyChristmasEvolutionTale,malware,1,0.9996024018142075,1,malware
edu.synthetic.androzoo.malware.sms_otp_stealer.0012,malware,1,1.0,1,malware
edu.synthetic.androzoo.malware.dropper_loader.0852,malware,1,1.0,1,malware
com.haunted.silentinvade,malware,1,0.8709864173921131,1,malware
cashcow.app,benign,0,0.9941673079584251,1,malware
com.subsplash.thechurchapp.fellowshipbiblechurchtopeka,benign,0,0.9999970293549463,1,malware
com.canine.flash.flicker,malware,1,0.37873014972640967,0,benign
com.intuiface.playernextgen,benign,0,0.3478905686754702,0,benign
com.vplus.learnoldnorsefree,benign,0,0.03417763027100249,0,benign
edu.synthetic.androzoo.malware.dropper_loader.0474,malware,1,1.0,1,malware
com.trainerize.harrythorncoachingapp,benign,0,0.9942389690443572,1,malware
edu.synthetic.androzoo.malware.overlay_pin_stealer.1660,malware,1,1.0,1,malware
nl.serviceapotheek.serviceapotheek_app,benign,0,0.9710484838499093,1,malware
com.mgsstudio.ownteleportpe,malware,1,0.9984251389854182,1,malware
com.ArtSoft.EscapeofHorror,benign,0,0.9326308522956729,1,malware
edu.synthetic.androzoo.malware.banker_accessibility.0705,malware,1,0.9983557401402212,1,malware
ch.ultrastark.leuk,benign,0,0.13191718567896712,0,benign
cn.jiedh.app.jiedaihui,malware,1,0.9999999980514787,1,malware
com.smg.snow.blower.truck.simulator,benign,0,0.8542090199231607,1,malware
com.christmas.funny.happy.festival.paint.coloring.game,benign,0,0.9947473358352867,1,malware
com.cabtime.android.customerApp,benign,0,0.22638742588796562,0,benign
com.pro.viatime,benign,0,0.9999943330653436,1,malware
edu.synthetic.androzoo.malware.dropper_loader.0902,malware,1,1.0,1,malware
edu.synthetic.androzoo.malware.dropper_loader.1310,malware,1,1.0,1,malware
edu.synthetic.androzoo.malware.wallet_stealer.0950,malware,1,0.9999999999305471,1,malware
edu.synthetic.androzoo.malware.overlay_pin_stealer.1512,malware,1,1.0,1,malware
gallery.hidepictures.photovault.lockgallery,benign,0,1.0,1,malware
edu.synthetic.androzoo.malware.spyware_surveillance.0437,malware,1,0.9999999991911985,1,malware
picedit.traslatekeyboard.manglishkeyboard,benign,0,0.6293664771547399,1,malware
edu.synthetic.androzoo.malware.dropper_loader.1813,malware,1,1.0,1,malware
edu.synthetic.androzoo.malware.dropper_loader.1448,malware,1,0.9999999994677511,1,malware
org.xbasoft.master_mind,benign,0,0.996496846410402,1,malware
edu.synthetic.androzoo.malware.spyware_surveillance.1090,malware,1,0.9999978568331118,1,malware
com.eetop.bewt.liveapp,malware,1,0.9788793016723863,1,malware
com.CSfroufrou.android,benign,0,0.8427071384215934,1,malware
edu.synthetic.androzoo.malware.dropper_loader.0130,malware,1,1.0,1,malware
fr.koust.applicationkoust,benign,0,0.9648990838243511,1,malware
com.touchnote.android,benign,0,2.13893434626957e-35,0,benign
de.steinborn_online.apps.envelopepunchboard,malware,1,0.04355106452811953,0,benign
edu.synthetic.androzoo.malware.wallet_stealer.0095,malware,1,0.9999999999997087,1,malware
com.iem.sem.webview,benign,0,0.05113398915304902,0,benign
mobi.shoumeng.smtank,malware,1,0.7433365621776056,1,malware
com.sinyee.babybus.number,malware,1,0.4840133507816439,0,benign
com.houyikj.appocr,malware,1,0.6302009189981502,1,malware
edu.synthetic.androzoo.malware.sms_otp_stealer.1092,malware,1,0.9999999959054211,1,malware
de.keleya.app,benign,0,7.507886630701049e-06,0,benign
edu.synthetic.androzoo.malware.wallet_stealer.0651,malware,1,1.0,1,malware
edu.synthetic.androzoo.malware.overlay_pin_stealer.1716,malware,1,1.0,1,malware
app.dls.go,benign,0,0.9943771108033773,1,malware
com.neat.escapegallery,malware,1,0.9999999990824404,1,malware
rocks.konzertmeister.Production,benign,0,0.9963739762311158,1,malware
su.prtv.tvapp,benign,0,1.0,1,malware
com.mirmeapp,benign,0,0.005204655810955344,0,benign
edu.synthetic.androzoo.malware.ransomware_locker.0327,malware,1,1.0,1,malware
com.zyberchief.mindfuel.danmark,benign,0,0.9368500159184436,1,malware
com.dengtadoctor.bjyuyue,malware,1,0.18568161068879102,0,benign
edu.synthetic.androzoo.malware.spyware_surveillance.0201,malware,1,0.9999999999904157,1,malware
com.subsplashconsulting.s_RQ4SNH,benign,0,0.09506380989093256,0,benign
cn.weposter,malware,1,0.06375511401783929,0,benign
com.sugamobile.santapocket,benign,0,0.9983486394636676,1,malware
com.nhl.gc1112.free,benign,0,0.9999436796558421,1,malware
org.wycliffe.zapotecoistmo.zai,benign,0,0.9754640664476628,1,malware
com.qilu.studio.CrystalGuard,benign,0,0.9999999990528443,1,malware
edu.synthetic.androzoo.malware.sms_otp_stealer.1833,malware,1,1.0,1,malware
cn.tsign.esign,malware,1,0.9537340088206544,1,malware
com.puzzle.find.differences,benign,0,0.5297249106271607,1,malware
edu.synthetic.androzoo.malware.spyware_surveillance.1401,malware,1,1.0,1,malware
com.henteri.addressfinder,benign,0,0.2962405016659896,0,benign
com.demaecan.shop.manager,benign,0,0.3035331962664776,0,benign
com.infomat.starter,benign,0,0.6857373160285126,1,malware
com.igindis.latinamericaempire2027,benign,0,0.9989578976042232,1,malware
com.mindverse.mebot,benign,0,0.9300425197834756,1,malware
com.enovation.greentinsolutions,benign,0,1.0,1,malware
conversor.conversaotaxasbasico.clptop,benign,0,0.7749995265129977,1,malware
edu.synthetic.androzoo.malware.spyware_surveillance.0970,malware,1,1.0,1,malware
edu.synthetic.androzoo.malware.banker_accessibility.1283,malware,1,0.9999178357530967,1,malware
com.appsmart.delivery.restaurantgrillzumhollander15810,benign,0,0.7687640483524427,1,malware
edu.synthetic.androzoo.malware.dropper_loader.0718,malware,1,1.0,1,malware
edu.synthetic.androzoo.malware.overlay_pin_stealer.1391,malware,1,1.0,1,malware
com.MonsterPlanet.MrHero,benign,0,0.9751110368478452,1,malware
edu.synthetic.androzoo.malware.ransomware_locker.0906,malware,1,1.0,1,malware
com.yayskool.yayconnect,benign,0,0.16384628075346128,0,benign
edu.synthetic.androzoo.malware.dropper_loader.1260,malware,1,1.0,1,malware
edu.synthetic.androzoo.malware.overlay_pin_stealer.1794,malware,1,1.0,1,malware
com.lambtongames.pokerjumble,benign,0,0.004711399307875236,0,benign
com.cf_holding.mint.app,benign,0,0.9999899176283867,1,malware
com.ycay,malware,1,0.972743412323303,1,malware
edu.synthetic.androzoo.malware.sms_otp_stealer.1097,malware,1,0.9999982131317239,1,malware
edu.synthetic.androzoo.malware.banker_accessibility.1070,malware,1,1.0,1,malware
ai.chat.gpt.bot,malware,1,6.022863278533896e-05,0,benign
club.betnow.coral,benign,0,0.5420906523592506,1,malware
appinventor.ai_darkvid3r.fiducia,benign,0,0.2641396261714601,0,benign
com.fahrtenbuch.carlogbook,benign,0,0.9395083083866239,1,malware
archer.defender.bow,benign,0,0.07519911601585173,0,benign
edu.synthetic.androzoo.malware.adware_clicker.0710,malware,1,1.0,1,malware
com.greenrevolution.ivelo,benign,0,4.6371571616029006e-20,0,benign
com.lishi.shengyu,malware,1,0.020371715305978914,0,benign
com.vgrstudios.Birdphotoeditor,benign,0,0.6082883817513491,1,malware
com.phorest.harperandstrand,benign,0,1.5516481319022958e-12,0,benign
com.pen.paper.note,benign,0,0.09441872558200522,0,benign
com.bimiboo.drawing,benign,0,0.890908271933958,1,malware
com.qubits.fw3.tb,benign,0,0.9977174595754329,1,malware
edu.synthetic.androzoo.malware.dropper_loader.0938,malware,1,1.0,1,malware
com.guusto.guusto,benign,0,0.2205232789532767,0,benign
edu.synthetic.androzoo.malware.ransomware_locker.1028,malware,1,1.0,1,malware
com.shiyoujiliangdj.weilaikeji,malware,1,0.9965869546545715,1,malware
com.nupuit.qRegisteredDietitian,benign,0,0.9999903816618538,1,malware
edu.synthetic.androzoo.malware.wallet_stealer.0752,malware,1,0.999999999848874,1,malware
com.skyblue.pra.wrkf,benign,0,0.0007999215863825999,0,benign
com.alreef.app,benign,0,0.9991508313478905,1,malware
kr.co.nhcapital,benign,0,1.0,1,malware
studio.biom.app,benign,0,0.8336920524180227,1,malware
edu.synthetic.androzoo.malware.overlay_pin_stealer.0317,malware,1,1.0,1,malware
com.nodemerger.class9thengbook,benign,0,0.25203125448205943,0,benign
edu.synthetic.androzoo.malware.overlay_pin_stealer.0690,malware,1,0.9999999924524366,1,malware
air.EscapeBackyardNow,malware,1,0.005355299954225381,0,benign
com.i89trillion.animal.land,benign,0,4.170162645875106e-22,0,benign
wap.ccw.shuxue,malware,1,0.9982834878934299,1,malware
edu.synthetic.androzoo.malware.banker_accessibility.0248,malware,1,1.0,1,malware
edu.synthetic.androzoo.malware.overlay_pin_stealer.0076,malware,1,1.0,1,malware
edu.synthetic.androzoo.malware.dropper_loader.0996,malware,1,0.999999999999188,1,malware
edu.synthetic.androzoo.malware.sms_otp_stealer.0762,malware,1,1.0,1,malware
com.trackingtopia.seoulairportguide,benign,0,0.9999999999971083,1,malware
com.siyangxunfei.chenyang.sharetrack,benign,0,0.6413477572633117,1,malware
edu.synthetic.androzoo.malware.spyware_surveillance.1592,malware,1,1.0,1,malware
edu.synthetic.androzoo.malware.spyware_surveillance.0749,malware,1,1.0,1,malware
com.zyxr.home.toulfhome,malware,1,0.999713938148567,1,malware
edu.synthetic.androzoo.malware.spyware_surveillance.1640,malware,1,0.9999999998848583,1,malware
edu.synthetic.androzoo.malware.banker_accessibility.1709,malware,1,0.9999999999995406,1,malware
com.alexandrefreitas.flutterProfile,benign,0,0.9933343864213546,1,malware
com.subsplash.thechurchapp.worship,benign,0,0.4392797156559894,0,benign
edu.synthetic.androzoo.malware.spyware_surveillance.1399,malware,1,1.0,1,malware
com.barringtontv.android.wach,benign,0,1.0,1,malware
com.gaminations.murlan,benign,0,0.8949615618638591,1,malware
com.cargo.gel,benign,0,0.5881823295342982,1,malware
net.ays.PROD558317,benign,0,0.9087854858689297,1,malware
az.foodsoul.c82,benign,0,0.1379784517540709,0,benign
com.hitachi.netcs.sh,benign,0,0.997323984165297,1,malware
edu.synthetic.androzoo.malware.overlay_pin_stealer.0505,malware,1,1.0,1,malware
edu.synthetic.androzoo.malware.overlay_pin_stealer.1487,malware,1,1.0,1,malware
org.me.mobiexpensifyg,benign,0,0.24053991090977814,0,benign
com.leqi.ProfessionalIDPhoto,malware,1,0.8505157344485839,1,malware
com.xingluo.allcolor,malware,1,0.46494074244494954,0,benign
com.kk.game.bubble,malware,1,0.9999999956854639,1,malware
com.asmr.doctor.diy.makeup.salon.games,benign,0,0.9722137832547886,1,malware
edu.synthetic.androzoo.malware.banker_accessibility.0681,malware,1,0.9999999996464555,1,malware
com.youth4work.BHU_TEST,benign,0,0.34947364310055345,0,benign
edu.synthetic.androzoo.malware.ransomware_locker.0303,malware,1,1.0,1,malware
com.genie9.intelli,malware,1,0.9999670003470204,1,malware
edu.synthetic.androzoo.malware.overlay_pin_stealer.0840,malware,1,1.0,1,malware
com.titanarrow.idle.farm.tycoon.farming.empire,benign,0,1.0,1,malware
com.passionair.biletsatis,benign,0,0.9894786767814974,1,malware
edu.synthetic.androzoo.malware.banker_accessibility.0748,malware,1,0.9999998352571813,1,malware
com.subsplash.thechurchapp.s_CTCWBD,benign,0,1.3473762417272093e-07,0,benign
com.m360.android.elsiesante,benign,0,0.8777915036587736,1,malware
edu.synthetic.androzoo.malware.banker_accessibility.0579,malware,1,0.999697489360534,1,malware
edu.synthetic.androzoo.malware.ransomware_locker.1589,malware,1,1.0,1,malware
com.jai.connect,benign,0,0.07717662282943387,0,benign
com.creativefungames.crashdummy3d,benign,0,0.3691667100420559,0,benign
com.rg.stickman.escape.thief.puzzle,benign,0,0.8995250300449482,1,malware
com.keyautomation.kubeuf.key,benign,0,0.9717552543271489,1,malware
edu.synthetic.androzoo.malware.banker_accessibility.0122,malware,1,1.0,1,malware
com.apptegy.peoriail,benign,0,0.9506469497787613,1,malware
com.transsion.healthlife,benign,0,0.990131001532528,1,malware
edu.synthetic.androzoo.malware.dropper_loader.0942,malware,1,1.0,1,malware
com.sbi.cariloha,malware,1,0.214424160931798,0,benign
com.example.bt.xiaowu,malware,1,0.07211091768341882,0,benign
jp.co.jreast.jrepoint,benign,0,0.743955733285947,1,malware
edu.synthetic.androzoo.malware.spyware_surveillance.0325,malware,1,1.0,1,malware
com.pacific.hometeam,benign,0,0.9999810153498913,1,malware
org.wikipedia,benign,0,1.7066485013492414e-05,0,benign
edu.synthetic.androzoo.malware.wallet_stealer.1312,malware,1,0.9999997846512712,1,malware
edu.synthetic.androzoo.malware.overlay_pin_stealer.0366,malware,1,1.0,1,malware
edu.synthetic.androzoo.malware.banker_accessibility.0282,malware,1,1.0,1,malware
com.meishe.videoshow,malware,1,0.9994101243527882,1,malware
com.zeptolab.myomnom.free.google,malware,1,0.9999999978369178,1,malware
edu.synthetic.androzoo.malware.overlay_pin_stealer.0512,malware,1,1.0,1,malware
embroidery.design.app.tutorial,benign,0,0.0010497806688690582,0,benign
com.hccp.studygateway,benign,0,0.6085536229628032,1,malware
com.outloudapps.kuulorata,benign,0,0.9846520378467581,1,malware
com.bettertomorrowapps.camerablockfree,benign,0,1.0,1,malware
com.magzter.agridoctor,benign,0,1.939805058483165e-06,0,benign
com.hotelscombined.mobile,benign,0,0.0025314237457438877,0,benign
edu.synthetic.androzoo.malware.dropper_loader.0523,malware,1,1.0,1,malware
com.ThreeCatGames.HamsterAttack,malware,1,0.9997507275960025,1,malware
be.persgroep.red.mobile.android.daz,benign,0,0.5492559766693107,1,malware
edu.synthetic.androzoo.malware.overlay_pin_stealer.0919,malware,1,1.0,1,malware
edu.synthetic.androzoo.malware.sms_otp_stealer.1182,malware,1,1.0,1,malware
edu.synthetic.androzoo.malware.spyware_surveillance.0275,malware,1,0.9999999532352728,1,malware
com.faneganr.waygo.yyh,malware,1,0.7721765282952696,1,malware
edu.synthetic.androzoo.malware.spyware_surveillance.0422,malware,1,0.9999644153252256,1,malware
com.iappsbeats.bbuilder,benign,0,0.6573735571429196,1,malware
com.valentinewatchface.valentinesday.watchface,benign,0,1.0,1,malware
srl.kyas.fixbean,benign,0,2.338865279362462e-18,0,benign
en.mk.bestdict,benign,0,0.9999999983433734,1,malware
edu.synthetic.androzoo.malware.adware_clicker.1199,malware,1,0.9572446172112332,1,malware
edu.synthetic.androzoo.malware.sms_otp_stealer.1570,malware,1,0.9999999998310987,1,malware
edu.synthetic.androzoo.malware.ransomware_locker.0034,malware,1,1.0,1,malware
com.wbr.worldofbattleship.ly,malware,1,0.08556987553646038,0,benign
com.ibuild.isaving,benign,0,0.27809809559603216,0,benign
com.subsplashconsulting.s_5PXTR6,benign,0,4.7693071747751605e-29,0,benign
com.sagi.barrett,benign,0,0.9997606889366587,1,malware
com.abi.royalcarcustom,benign,0,0.999652749805907,1,malware
edu.synthetic.androzoo.malware.dropper_loader.0310,malware,1,1.0,1,malware
com.huaien.LiftCommemorate,malware,1,0.08052552542255575,0,benign
cn.wsds.gamemaster,malware,1,0.4643290469164015,0,benign
com.orange.pop,benign,0,0.8824002768953563,1,malware
com.sn1.TheAncientBookOfJudith,benign,0,0.987920833598883,1,malware
edu.synthetic.androzoo.malware.ransomware_locker.1075,malware,1,1.0,1,malware
com.webedge,benign,0,0.26382758932359157,0,benign
edu.synthetic.androzoo.malware.banker_accessibility.0602,malware,1,0.9999999999999907,1,malware
edu.synthetic.androzoo.malware.banker_accessibility.1212,malware,1,1.0,1,malware
edu.synthetic.androzoo.malware.banker_accessibility.1930,malware,1,0.9999336281410517,1,malware
com.drillingfluidsoftware.speedometer,benign,0,2.270837699762224e-05,0,benign
edu.synthetic.androzoo.malware.dropper_loader.0342,malware,1,1.0,1,malware
com.sinyee.babybus.babydrawing,malware,1,0.480641749123648,0,benign
com.ig.tastyworks.app,benign,0,0.8683128563196294,1,malware
net.sharetrip,benign,0,0.996720205131462,1,malware
edu.synthetic.androzoo.malware.spyware_surveillance.0610,malware,1,0.9999999972692011,1,malware
com.img.barber.shop.hair.salon.game,benign,0,0.06980745966744457,0,benign
com.axondevstudio.RobberyClashThiefPranksGame,benign,0,0.47855251416854644,0,benign
com.globalgarner,benign,0,0.9749114216231645,1,malware
co.tapcart.app.id_lQ39VhjG8V,benign,0,0.9944268536148505,1,malware
com.bnt.torfx,benign,0,0.40801217918771493,0,benign
net.laureate.gd.waldenuniversity,benign,0,1.0,1,malware
com.playhome,malware,1,0.48941195694613043,0,benign
com.bubblestudio.crazyguess,malware,1,0.4529778962822019,0,benign
edu.synthetic.androzoo.malware.dropper_loader.1262,malware,1,1.0,1,malware
com.playrix.gardenscapes,benign,0,0.9992202520954493,1,malware
com.alphazeedevs.quotifyy,benign,0,1.0,1,malware
guangzhou.com.cn,malware,1,0.49771752686428217,0,benign
com.jeindevica.origamiairplanes,benign,0,0.9999970255076398,1,malware
com.alphabeat.cacitizenship,benign,0,0.832746867859247,1,malware
edu.synthetic.androzoo.malware.spyware_surveillance.0473,malware,1,0.9999999992382747,1,malware
edu.synthetic.androzoo.malware.dropper_loader.0630,malware,1,1.0,1,malware
chalyaara.com,benign,0,0.9911392539887987,1,malware
edu.synthetic.androzoo.malware.overlay_pin_stealer.0928,malware,1,1.0,1,malware
com.ionicframework.posistlite,benign,0,7.641173080406466e-06,0,benign
com.trainerize.mybod,benign,0,0.9788599928753456,1,malware
com.gamepie.airpolice,benign,0,0.44240697937821216,0,benign
edu.synthetic.androzoo.malware.ransomware_locker.1032,malware,1,1.0,1,malware
edu.synthetic.androzoo.malware.sms_otp_stealer.0060,malware,1,0.9999999999926088,1,malware
ru.uralsib.business,benign,0,0.9986860650159514,1,malware
ar.com.redlink.custom,benign,0,0.997799901413455,1,malware
com.loja.ddown,malware,1,0.735518586412248,1,malware
edu.synthetic.androzoo.malware.banker_accessibility.0764,malware,1,0.9999999992174644,1,malware
com.niceflower.massegaty2020,benign,0,0.7850644745604355,1,malware
com.papoworld.apps.papotownfarm,benign,0,0.8903067453912562,1,malware
edu.synthetic.androzoo.malware.spyware_surveillance.1764,malware,1,0.9999999999694138,1,malware
edu.synthetic.androzoo.malware.ransomware_locker.1209,malware,1,1.0,1,malware
com.bjtpartners.ringover.app,benign,0,0.9956440097840571,1,malware
edu.synthetic.androzoo.malware.banker_accessibility.0945,malware,1,1.0,1,malware
com.nt.games.busjam,benign,0,0.8944439817917754,1,malware
com.kui.fruitpuzzle,malware,1,0.9521948306870524,1,malware
tw.net.ebc.fncyoutube,benign,0,0.8993735704804582,1,malware
com.trainerize.mikegrimmfitness,benign,0,0.9912335162032241,1,malware
com.egitimyazilimlari.smartboard,benign,0,0.908266318636817,1,malware
com.combine.loss,benign,0,0.7254798321427435,1,malware
com.drcom.DuoDian,malware,1,0.047786943928353295,0,benign
com.marryshare,malware,1,0.04090453778724081,0,benign
edu.synthetic.androzoo.malware.dropper_loader.0920,malware,1,1.0,1,malware
com.playagames.mobile.dungeon.team.battle.rpg,benign,0,0.7696753473985587,1,malware
com.ahuxueshu,malware,1,0.9999747213074485,1,malware
com.chd.investnaija.invest_naija,benign,0,0.9962800860298462,1,malware
edu.synthetic.androzoo.malware.spyware_surveillance.1071,malware,1,0.9999999999999778,1,malware
com.inputmethod.bambara.bamana.bamanankan.keyboard.bambarakeyboard.infra,benign,0,1.0,1,malware
in.closecall,malware,1,0.9932631763816843,1,malware
edu.synthetic.androzoo.malware.adware_clicker.1761,malware,1,1.0,1,malware
com.subsplashconsulting.s_BHDNZ2,benign,0,3.1913010000031028e-28,0,benign
nz.co.solus.Kotui.Selwyn,benign,0,0.9999935979128813,1,malware
net.nymtech.nymvpn,benign,0,0.26818009329543974,0,benign
edu.synthetic.androzoo.malware.ransomware_locker.1822,malware,1,1.0,1,malware
edu.synthetic.androzoo.malware.sms_otp_stealer.0418,malware,1,0.9999999999598146,1,malware
ovh.sauzanaprod.meteovenezuela,benign,0,0.9999951197605567,1,malware
com.cars.laosticket,malware,1,0.9963860290955031,1,malware
com.august.bennu,benign,0,0.05467029512052974,0,benign
com.desn.ffb.lihangzhixing,malware,1,0.07023167586773217,0,benign
com.abanca.bancamovil.particulares,benign,0,4.0460112808704165e-11,0,benign
edu.synthetic.androzoo.malware.wallet_stealer.0972,malware,1,1.0,1,malware
com.martian.RoomEscape21.yyh,malware,1,0.7438503200872391,1,malware
com.subsplashconsulting.s_XMCCSF,benign,0,2.511737529915906e-32,0,benign
edu.synthetic.androzoo.malware.dropper_loader.0779,malware,1,1.0,1,malware
com.shivakushwaha.class10thsciencenotes,benign,0,0.9503372242982502,1,malware
com.gestionpos.app,benign,0,0.17289480440083646,0,benign
org.toshi,benign,0,0.9797061737131714,1,malware
edu.synthetic.androzoo.malware.spyware_surveillance.0283,malware,1,0.9999999999999996,1,malware
com.math.hydraulique.dz.univ,malware,1,0.08765193455066186,0,benign
edu.synthetic.androzoo.malware.banker_accessibility.1615,malware,1,1.0,1,malware
edu.synthetic.androzoo.malware.sms_otp_stealer.1774,malware,1,1.0,1,malware
com.bgg.jump,benign,0,0.39896419005576905,0,benign
com.gutrendvision.robot,benign,0,0.9999409563877427,1,malware
edu.synthetic.androzoo.malware.overlay_pin_stealer.1550,malware,1,1.0,1,malware
com.arianee.forge,benign,0,0.17815477617579395,0,benign
com.lq.speedracingGP,malware,1,0.5393870527648909,1,malware
com.ffsvideogames.btaw8,benign,0,0.9953340409012083,1,malware
edu.synthetic.androzoo.malware.overlay_pin_stealer.1929,malware,1,1.0,1,malware
de.sgunterrath.app,benign,0,0.9935615804875627,1,malware
com.NekoniiiStudio.TapDuelPokerDeck,benign,0,0.927908920755191,1,malware
edu.synthetic.androzoo.malware.ransomware_locker.0627,malware,1,1.0,1,malware
edu.synthetic.androzoo.malware.overlay_pin_stealer.1333,malware,1,1.0,1,malware
com.airkast.tunekast1825_165,benign,0,0.02246902114460817,0,benign
edu.synthetic.androzoo.malware.overlay_pin_stealer.0936,malware,1,1.0,1,malware
com.kigle.cocobi.littlepolice,benign,0,0.8564865025679296,1,malware
edu.synthetic.androzoo.malware.overlay_pin_stealer.0992,malware,1,1.0,1,malware
com.stbfmc.app,benign,0,0.21441725711992807,0,benign
edu.synthetic.androzoo.malware.banker_accessibility.1235,malware,1,0.9999999999999998,1,malware
com.arketa.herehotyoga,benign,0,0.8965995237201995,1,malware
com.woqu.fruit.yyh,malware,1,0.13791990040671534,0,benign
edu.synthetic.androzoo.malware.overlay_pin_stealer.0777,malware,1,1.0,1,malware
com.czy.guandeng,malware,1,1.0,1,malware
com.chelsea.sailing,benign,0,0.9653156180706775,1,malware
edu.synthetic.androzoo.malware.spyware_surveillance.1834,malware,1,1.0,1,malware
ru.thenewschool.trainer.math,benign,0,1.0,1,malware
edu.synthetic.androzoo.malware.spyware_surveillance.1220,malware,1,1.0,1,malware
edu.synthetic.androzoo.malware.overlay_pin_stealer.0447,malware,1,1.0,1,malware
edu.synthetic.androzoo.malware.dropper_loader.1552,malware,1,1.0,1,malware
com.voice.changer.today,malware,1,4.304655490602884e-10,0,benign
com.blackatomgames.cutegirlunicorntoyphonedaycaredressup,benign,0,0.9964581191289289,1,malware
com.frisbee.schoolvankampen,benign,0,0.9517174877541555,1,malware
com.cmstop.yangzhounews,malware,1,0.9989369566084625,1,malware
edu.synthetic.androzoo.malware.ransomware_locker.0088,malware,1,1.0,1,malware
dngsoftware.acerfid,benign,0,0.5607796159982646,1,malware
com.tamilessays,benign,0,0.4611076210388061,0,benign
com.tls.maker.ice.cream.cake,malware,1,0.024388899015746427,0,benign
net.appdevs.adfund,benign,0,0.00256834554649316,0,benign
edu.synthetic.androzoo.malware.banker_accessibility.0856,malware,1,1.0,1,malware
com.podddddd.planesedition1111,malware,1,0.9648426780559887,1,malware
com.smarttech.smartmirrorapp,benign,0,0.9981197657837537,1,malware
com.picturest.my,malware,1,0.9728260408283769,1,malware
edu.synthetic.androzoo.malware.banker_accessibility.1595,malware,1,0.9999998917380426,1,malware
com.pachagame.FlatEarth,malware,1,0.9992841191670996,1,malware
com.apptegy.ithacaps,benign,0,0.0005471962532333246,0,benign
edu.synthetic.androzoo.malware.banker_accessibility.1837,malware,1,0.9999999999999718,1,malware
com.yanka.mc,benign,0,5.073142153987981e-06,0,benign
com.outfit7.mytalkingtom2,benign,0,0.00029026923043438236,0,benign
nz.co.nbs.app,benign,0,0.00012425807778810173,0,benign
w3bminds.engVarta.app,benign,0,0.34683646021427955,0,benign
com.game.mobi.recover.photo.files,malware,1,0.002774359396836836,0,benign
com.kreggscode.sigmundfreudquotes,malware,1,0.5109728040956881,1,malware
com.shiyi.toolbox,malware,1,0.31501527446455185,0,benign
com.apptegy.frankfort168,benign,0,0.8922230084919407,1,malware
net.manoloworks.radio_kiev_kyiv_kiyev_dnieper_ukraine,benign,0,0.028167557452524385,0,benign
br.com.mytrace.stark,benign,0,0.554618712503305,1,malware
edu.synthetic.androzoo.malware.overlay_pin_stealer.1154,malware,1,1.0,1,malware
edu.synthetic.androzoo.malware.banker_accessibility.1775,malware,1,1.0,1,malware
edu.synthetic.androzoo.malware.spyware_surveillance.0978,malware,1,0.9999999999999525,1,malware
com.gemdale.client,malware,1,0.15101439289439916,0,benign
apprendre.francais.rapidement.facilement,benign,0,0.1536289260006069,0,benign
cn.pinming.bim360,malware,1,0.042323944538827846,0,benign
edu.synthetic.androzoo.malware.ransomware_locker.1219,malware,1,1.0,1,malware
com.technource.equipt,benign,0,0.9805566665484449,1,malware
jp.boi.mementomori.android,benign,0,0.8585031563621472,1,malware
com.instalaxmi.omsairam,benign,0,0.2725910979430231,0,benign
com.bhima.nameonpics,benign,0,0.9945482291623374,1,malware
edu.synthetic.androzoo.malware.spyware_surveillance.1456,malware,1,1.0,1,malware
com.stromsholmen.hysonsafetyapp,benign,0,0.295420545277627,0,benign
com.soulgame.garfield,malware,1,0.9996047023485707,1,malware
com.mcpe.skins.barbie,benign,0,0.9756754690994801,1,malware
com.ricoh.pfu.scansnaphome,benign,0,0.010694891133630998,0,benign
edu.synthetic.androzoo.malware.overlay_pin_stealer.0860,malware,1,1.0,1,malware
edu.synthetic.androzoo.malware.banker_accessibility.0816,malware,1,0.9999999999849214,1,malware
com.clarkdistributors.clarkdistributorsapp,benign,0,0.6068108862271593,1,malware
edu.synthetic.androzoo.malware.sms_otp_stealer.1289,malware,1,0.9989727932648408,1,malware
edu.synthetic.androzoo.malware.spyware_surveillance.1038,malware,1,1.0,1,malware
com.ninehundredapps.daralfaqih,benign,0,0.5843417153966575,1,malware
jp.nexyz.aimed,benign,0,0.23951167424103512,0,benign
pyramid.solitaire.mermaid,benign,0,0.9999981681604347,1,malware
com.abenity.justia,benign,0,0.9916644282733197,1,malware
com.dgt.hairstyleforshorthairgirls,benign,0,0.8578150794287873,1,malware
edu.synthetic.androzoo.malware.ransomware_locker.1904,malware,1,1.0,1,malware
edu.synthetic.androzoo.malware.spyware_surveillance.0824,malware,1,0.9986079420262876,1,malware
com.paymentus.client.cncw,benign,0,7.08854182188125e-05,0,benign
net.wordbit.enru,benign,0,3.178842967909172e-08,0,benign
com.istar.rclient,benign,0,5.112652851414285e-05,0,benign
edu.synthetic.androzoo.malware.overlay_pin_stealer.1004,malware,1,0.9899455188913376,1,malware
com.ring.fantasy.today,malware,1,0.5885918971062042,1,malware
com.viva.vivamax,benign,0,9.487113569896838e-07,0,benign
edu.synthetic.androzoo.malware.spyware_surveillance.1726,malware,1,0.9999999999949523,1,malware
com.medlang.medicalenglish,benign,0,0.9997652953822971,1,malware
in.mohalla.video,benign,0,1.0,1,malware
com.AppSociety.ISEPS,benign,0,0.5759739834798038,1,malware
com.nummagames.VikingWars,benign,0,0.28004345489439414,0,benign
com.linecorp.linemanth,benign,0,0.4160493708205644,0,benign
com.brief_schreiben_deutsch.a005brief_schreiben_deutsch_a1_a2,benign,0,0.8485474478905052,1,malware
ru.medsoftpro.medcalc,benign,0,0.9981472610646831,1,malware
com.great.forecast.weatherinfomation,benign,0,0.9295969766153535,1,malware
com.tap4fun.reignofwar.androidme,benign,0,0.9930969185564444,1,malware
ru.ikey.express,benign,0,0.9840347999535255,1,malware
com.threew.wordgame,benign,0,0.999561159749732,1,malware
edu.synthetic.androzoo.malware.sms_otp_stealer.1902,malware,1,0.999999999892953,1,malware
th.co.the1.the1app,benign,0,0.9693243311245257,1,malware
com.bca,benign,0,1.0,1,malware
net.manoloworks.Mecklenburg_Vorpommern_radiosender,benign,0,0.12558235390372707,0,benign
edu.synthetic.androzoo.malware.adware_clicker.1530,malware,1,1.0,1,malware
com.smart.eraser.app,malware,1,1.0,1,malware
jp.niben.miniben,benign,0,0.7922424090580883,1,malware
edu.synthetic.androzoo.malware.ransomware_locker.1215,malware,1,1.0,1,malware
com.apptegy.pilotgrove,benign,0,0.9999995134882467,1,malware
com.edgetechapps.crypto_khabar,benign,0,0.9999981222443562,1,malware
com.modhaus.cosmo,benign,0,1.4730378909730185e-14,0,benign
com.iwangzhe.app,malware,1,0.5384010165786624,1,malware
edu.synthetic.androzoo.malware.overlay_pin_stealer.0639,malware,1,1.0,1,malware
com.evrika.math.club,benign,0,0.9077944108716162,1,malware
games.grouper.checkmatewildwest,benign,0,0.9071469481991342,1,malware
edu.synthetic.androzoo.malware.sms_otp_stealer.0243,malware,1,0.9999999999992699,1,malware
edu.synthetic.androzoo.malware.spyware_surveillance.0522,malware,1,1.0,1,malware
air.com.tutotoons.app.sweetbabygirlchristmas2.free,benign,0,0.8736857126831425,1,malware
com.udemy.android.ufb,benign,0,0.9840676173653048,1,malware
com.ihuman.yuwen,malware,1,0.24403231705837192,0,benign
neat.viewpdf.com,benign,0,1.0,1,malware
vip.mytokenpocket,malware,1,0.999999980914508,1,malware
com.coppercod.classicWhist,benign,0,0.9944728377999223,1,malware
com.IllusionsGames.PoppyAndGlamrock,benign,0,0.9006929391877992,1,malware
edu.synthetic.androzoo.malware.dropper_loader.0663,malware,1,1.0,1,malware
com.ptanktechnology.tipitaka,benign,0,0.6155363315189954,1,malware
edu.synthetic.androzoo.malware.sms_otp_stealer.1025,malware,1,0.9999999999999987,1,malware
edu.synthetic.androzoo.malware.overlay_pin_stealer.0973,malware,1,1.0,1,malware
edu.synthetic.androzoo.malware.adware_clicker.0647,malware,1,1.0,1,malware
edu.synthetic.androzoo.malware.banker_accessibility.0741,malware,1,0.9999999998519182,1,malware
com.darkurio.tastytipcalculator,benign,0,0.3307844034103933,0,benign
com.cruisetraka.amacruiser,benign,0,0.9999995022505055,1,malware
edu.synthetic.androzoo.malware.ransomware_locker.0830,malware,1,1.0,1,malware
edu.synthetic.androzoo.malware.wallet_stealer.1767,malware,1,0.99999999999974,1,malware
edu.synthetic.androzoo.malware.banker_accessibility.1740,malware,1,0.9999999999081235,1,malware
br.com.zeroeum.biblia,benign,0,0.7586699852609983,1,malware
vp.com.vit80,benign,0,0.9985836987215426,1,malware
com.findhelp.android.lpca,benign,0,0.6927730223725208,1,malware
edu.synthetic.androzoo.malware.ransomware_locker.1138,malware,1,1.0,1,malware
com.toptrendin.gingerbreadmanrun,benign,0,0.9815227799750054,1,malware
com.qalbvn.ave.filemanager,malware,1,0.9992193223880023,1,malware
com.da.advanced_geocamera,benign,0,1.6451629739894504e-71,0,benign
edu.synthetic.androzoo.malware.overlay_pin_stealer.1206,malware,1,1.0,1,malware
com.fancystudiomods.mobmods,benign,0,0.9968840614252574,1,malware
edu.synthetic.androzoo.malware.spyware_surveillance.0975,malware,1,0.9999999661623513,1,malware
edu.synthetic.androzoo.malware.dropper_loader.0629,malware,1,1.0,1,malware
com.makeshop.powerapp.modooin,benign,0,0.9153181458255394,1,malware
edu.synthetic.androzoo.malware.overlay_pin_stealer.1100,malware,1,1.0,1,malware
com.gizmodus.myswimcoach,benign,0,0.8326990120563049,1,malware
com.pickle.HelicopterFlightPilotSimulator,benign,0,0.49345674218585167,0,benign
com.rubikscube.freesolve,benign,0,0.9998961234727093,1,malware
edu.synthetic.androzoo.malware.adware_clicker.0678,malware,1,1.0,1,malware
iclass.mathflat.parent.student,benign,0,3.197561822085398e-05,0,benign
com.phyla.phyla,benign,0,0.9868145851833674,1,malware
solitaire.card.games.solitaire.newyear.free,benign,0,0.9999772168065474,1,malware
com.justco.justco,benign,0,0.12968488787952745,0,benign
edu.synthetic.androzoo.malware.ransomware_locker.0511,malware,1,1.0,1,malware
com.hayl,benign,0,0.006248049772461005,0,benign
edu.synthetic.androzoo.malware.wallet_stealer.0844,malware,1,0.9999999956055949,1,malware
net.dzyga.android.fishing,benign,0,0.9998260180730448,1,malware
jp.co.revorn.iinioidevices.android,benign,0,0.8909030197351329,1,malware
com.IllusionsGames.BrainWorkout,benign,0,0.9718764808564523,1,malware
e.moob.app,benign,0,0.9999878776233926,1,malware
edu.synthetic.androzoo.malware.sms_otp_stealer.1009,malware,1,0.9999999999999996,1,malware
edu.synthetic.androzoo.malware.dropper_loader.0688,malware,1,1.0,1,malware
edu.synthetic.androzoo.malware.wallet_stealer.0054,malware,1,0.9999999999999294,1,malware
zhiyuan.net.pdf2,malware,1,0.7447270698671654,1,malware
com.drum.muse.pad.bit,malware,1,0.9474321518432651,1,malware
edu.synthetic.androzoo.malware.adware_clicker.0349,malware,1,1.0,1,malware
com.wangzhi.microlife,malware,1,0.9971841199693177,1,malware
edu.synthetic.androzoo.malware.overlay_pin_stealer.1934,malware,1,1.0,1,malware
br.com.sistemaprover.pibbh,benign,0,0.11201198195787161,0,benign
com.NekoFurryStudios.Coramine,benign,0,0.05959214490783528,0,benign
edu.synthetic.androzoo.malware.ransomware_locker.0329,malware,1,1.0,1,malware
com.migastone.appthree.android62c4276994784,benign,0,0.5595316116996578,1,malware
com.example.kuban24,benign,0,0.00556163915583545,0,benign
com.ata.games.spacecat,benign,0,0.9999999972469757,1,malware
com.constantcontact.toolkit,benign,0,0.0001828569756719947,0,benign
edu.synthetic.androzoo.malware.wallet_stealer.0948,malware,1,0.9999999967327555,1,malware
com.mmikdev.gorskieszczyty,benign,0,0.9031067653044892,1,malware
edu.synthetic.androzoo.malware.banker_accessibility.1120,malware,1,1.0,1,malware
pl.bsgrudusk.naszbank,benign,0,0.6729216221578787,1,malware
com.app.kitaabattawheed,malware,1,0.21669387878529597,0,benign
edu.synthetic.androzoo.malware.wallet_stealer.1741,malware,1,0.9999999999452551,1,malware
com.hungama.myplay.activity,malware,1,1.0,1,malware
com.nickpapanik.strommate,benign,0,0.2112093947445167,0,benign
ridewithvia.tra.treviso,benign,0,0.9999999999999918,1,malware
edu.synthetic.androzoo.malware.spyware_surveillance.0345,malware,1,0.9999999999488283,1,malware
com.malvo.frisbee,benign,0,0.8556953430325415,1,malware
doctorjob.com.cn,malware,1,0.8946990488161742,1,malware
com.raysharp.bolidenew,benign,0,0.9999437032310208,1,malware
edu.synthetic.androzoo.malware.sms_otp_stealer.0638,malware,1,0.9999999013155174,1,malware
gazpacho.strawberries.vova_adidas,benign,0,0.10206372401807032,0,benign
com.couplower.qin,malware,1,0.9999958515933072,1,malware
com.aemobile.games.tycoon.capitalist.idle,benign,0,0.994901305108754,1,malware
com.withbuddies.dice.free,benign,0,0.5265590043020684,1,malware
com.vool.app,benign,0,0.4951831547787503,0,benign
edu.synthetic.androzoo.malware.overlay_pin_stealer.1624,malware,1,1.0,1,malware
edu.synthetic.androzoo.malware.dropper_loader.0020,malware,1,0.9999999999802247,1,malware
com.fitivity.rehab_ankle,benign,0,0.9999999999999949,1,malware
com.stolenpad.barrelmaker,benign,0,0.9642356869151149,1,malware
br.tv.horizonte.android.premierefc,benign,0,0.9787099574018542,1,malware
com.kuaiyou.loveplatform,malware,1,0.9984205107997707,1,malware
jp.bizstation.drgps,benign,0,0.9853600344621012,1,malware
jp.qvc,benign,0,3.4095383403847584e-28,0,benign
com.baucuanb1.baucua20212022,benign,0,0.9527987249171087,1,malware
co.hellocode.exist,benign,0,0.4257983666218888,0,benign
edu.synthetic.androzoo.malware.dropper_loader.0889,malware,1,1.0,1,malware
re.leaderprice.comptefidelite,benign,0,0.9999983667615555,1,malware
edu.synthetic.androzoo.malware.wallet_stealer.1065,malware,1,1.0,1,malware
com.joincarbon.nutrition,benign,0,0.9736575457910439,1,malware
com.onvirtualgym.ffitness,benign,0,0.03141963697001439,0,benign
edu.synthetic.androzoo.malware.sms_otp_stealer.1162,malware,1,0.9980923147001362,1,malware
funtaptic.thegrugs.runner.hector,benign,0,0.8436805685481925,1,malware
edu.synthetic.androzoo.malware.spyware_surveillance.0967,malware,1,0.9999999999998419,1,malware
amobi.weather.forecast.storm.radar,benign,0,5.71109150821758e-10,0,benign
com.apps.amit.lawofattraction,benign,0,0.9966729512595778,1,malware
edu.synthetic.androzoo.malware.spyware_surveillance.0898,malware,1,0.9999999922800579,1,malware
edu.synthetic.androzoo.malware.dropper_loader.0412,malware,1,1.0,1,malware
com.cielo.app.cielohome,benign,0,0.3395750735588371,0,benign
com.edurev.mpsc,benign,0,0.9959702327687724,1,malware
edu.synthetic.androzoo.malware.spyware_surveillance.0082,malware,1,1.0,1,malware
com.postulate.postulate_erp,benign,0,0.8202002847450354,1,malware
eu.movepayment.customer,benign,0,0.997798087842304,1,malware
edu.synthetic.androzoo.malware.ransomware_locker.0489,malware,1,1.0,1,malware
com.jushine.cdiary,benign,0,0.4642324073248818,0,benign
edu.synthetic.androzoo.malware.banker_accessibility.1850,malware,1,1.0,1,malware
tw.com.skywatch.view,benign,0,0.025657957838784957,0,benign
au.com.solus.MoretonBayLibraries,benign,0,0.9003750784381894,1,malware
com.otek.bigalati,benign,0,0.9866861308650463,1,malware
com.prisaradio.replicapp.caracolradio,benign,0,4.347624684348582e-09,0,benign
com.habapp,benign,0,0.33682633897097186,0,benign
edu.synthetic.androzoo.malware.dropper_loader.1304,malware,1,1.0,1,malware
edu.synthetic.androzoo.malware.dropper_loader.1745,malware,1,1.0,1,malware
edu.synthetic.androzoo.malware.wallet_stealer.0724,malware,1,0.9999999999808917,1,malware
edu.synthetic.androzoo.malware.wallet_stealer.0580,malware,1,0.9999999999969889,1,malware
com.kopca.goldengoal,benign,0,0.9999934716116352,1,malware
com.examgoal.android.app,benign,0,0.9999999999999603,1,malware
com.hsv.privatebrowser,malware,1,0.9999999999999998,1,malware
edu.synthetic.androzoo.malware.spyware_surveillance.0550,malware,1,1.0,1,malware
edu.synthetic.androzoo.malware.sms_otp_stealer.1453,malware,1,0.9999971003633639,1,malware
com.gy.amobile.company,malware,1,0.999999969977327,1,malware
edu.synthetic.androzoo.malware.banker_accessibility.1233,malware,1,1.0,1,malware
edu.synthetic.androzoo.malware.ransomware_locker.1248,malware,1,1.0,1,malware
edu.synthetic.androzoo.malware.dropper_loader.1839,malware,1,1.0,1,malware
com.ma.ld.dict.idioms,malware,1,0.9998924501365156,1,malware
edu.synthetic.androzoo.malware.ransomware_locker.1658,malware,1,1.0,1,malware
com.howtopraythescriptures.dailyverses,benign,0,0.3089908114154067,0,benign
edu.synthetic.androzoo.malware.banker_accessibility.1689,malware,1,1.0,1,malware
com.roababusinessdirectory.roaba,benign,0,0.998882813301031,1,malware
com.bnesim.android,benign,0,0.9910515088684742,1,malware
com.messi.languagehelper,malware,1,0.20270092470188011,0,benign
edu.synthetic.androzoo.malware.overlay_pin_stealer.0237,malware,1,1.0,1,malware
com.tech.bazaar.easykhata,benign,0,0.9948829090819685,1,malware
com.patanjali.bulk,benign,0,0.9967642488704451,1,malware
edu.synthetic.androzoo.malware.ransomware_locker.0628,malware,1,1.0,1,malware
com.wearlynx.slandroidjacksonhole,malware,1,0.00020047014020222657,0,benign
sisters.usa.shuttle.taxi.passenger,benign,0,4.4099016437172376e-05,0,benign
edu.synthetic.androzoo.malware.overlay_pin_stealer.1012,malware,1,1.0,1,malware
com.gangdong.AndroidDisplay,benign,0,0.21365358496580514,0,benign
com.dangerb.pedometer,malware,1,0.9989537342183553,1,malware
edu.synthetic.androzoo.malware.spyware_surveillance.0183,malware,1,0.9999996936491539,1,malware
com.oi.handtevy,benign,0,0.8998532650892731,1,malware
tech.arcent,benign,0,0.9988250631092116,1,malware
no.faebrik.app,benign,0,7.25203097042841e-21,0,benign
edu.synthetic.androzoo.malware.overlay_pin_stealer.1520,malware,1,1.0,1,malware
com.hw22pro.smartwatch.guidetaha,benign,0,1.0,1,malware
edu.synthetic.androzoo.malware.spyware_surveillance.1058,malware,1,1.0,1,malware
edu.synthetic.androzoo.malware.dropper_loader.0417,malware,1,1.0,1,malware
com.cirkwi.pit,benign,0,0.5781465532695481,1,malware
com.franceair.appc4,benign,0,0.8954411207013198,1,malware
com.skymobi.battletowers,malware,1,0.9455570177826051,1,malware
com.magicalstory.cleaner,malware,1,0.31291478872829914,0,benign
uk.co.gonortheast.android,benign,0,0.7493530743986366,1,malware
com.njh.biubiu,malware,1,0.061899568517642375,0,benign
edu.synthetic.androzoo.malware.banker_accessibility.1810,malware,1,0.9999999999992781,1,malware
edu.synthetic.androzoo.malware.overlay_pin_stealer.0391,malware,1,1.0,1,malware
edu.synthetic.androzoo.malware.adware_clicker.0475,malware,1,1.0,1,malware
edu.synthetic.androzoo.malware.dropper_loader.1703,malware,1,1.0,1,malware
au.com.avsoft.avplanefb,benign,0,0.9999999908006924,1,malware
edu.synthetic.androzoo.malware.sms_otp_stealer.1000,malware,1,1.0,1,malware
edu.synthetic.androzoo.malware.spyware_surveillance.0452,malware,1,1.0,1,malware
edu.synthetic.androzoo.malware.wallet_stealer.0097,malware,1,0.9999999806816721,1,malware
com.bubadu.duddu,benign,0,0.9962013539080984,1,malware
com.gurtam.local_logistics,benign,0,0.6508952816395653,1,malware
com.communi.christuskirche,benign,0,0.0009927565678138988,0,benign
edu.synthetic.androzoo.malware.overlay_pin_stealer.0244,malware,1,1.0,1,malware
com.appslitedesarrolladores.bibliadejerusalen,malware,1,0.9048374320988145,1,malware
edu.synthetic.androzoo.malware.sms_otp_stealer.1005,malware,1,0.9999999999773761,1,malware
com.newoffroadgames.cargotruck.driver3d.offroad.truck.simulator.free,benign,0,0.8142695512884868,1,malware
appinventor.ai_izzybella419.AmateurRadioQCodeQuiz,malware,1,0.9999999963405377,1,malware
edu.synthetic.androzoo.malware.spyware_surveillance.0450,malware,1,0.999999476213924,1,malware
com.llj.qq,malware,1,1.0,1,malware
edu.synthetic.androzoo.malware.overlay_pin_stealer.1300,malware,1,1.0,1,malware
com.yottagames.gameofmafia,benign,0,0.9924601565936229,1,malware
edu.synthetic.androzoo.malware.dropper_loader.1132,malware,1,1.0,1,malware
se.avida.cards.sdk,benign,0,0.9878646528367647,1,malware
be.persgroep.android.news.mobilema,benign,0,1.0,1,malware
edu.synthetic.androzoo.malware.overlay_pin_stealer.0613,malware,1,1.0,1,malware
com.supperapps.transp,benign,0,0.1288959290814007,0,benign
ca.lapresse.android.lapressemobile,benign,0,1.8322334221929152e-10,0,benign
edu.synthetic.androzoo.malware.banker_accessibility.1094,malware,1,1.0,1,malware
edu.synthetic.androzoo.malware.spyware_surveillance.0117,malware,1,1.0,1,malware
com.apptegy.citydesarc,benign,0,0.9982493261109872,1,malware
com.infolink.limeiptv,benign,0,0.045505777873227946,0,benign
com.neema.android,benign,0,1.0,1,malware
edu.synthetic.androzoo.malware.dropper_loader.1787,malware,1,1.0,1,malware
com.ostar.iheartspo2.vip,benign,0,0.15360823452131803,0,benign
edu.synthetic.androzoo.malware.dropper_loader.1917,malware,1,1.0,1,malware
com.BraDev.CherryBlossom45,benign,0,0.004673886663564758,0,benign
edu.synthetic.androzoo.malware.banker_accessibility.1436,malware,1,0.9999999999962299,1,malware
jp.moneyeasy.combank,benign,0,0.14107936489889306,0,benign
com.squarespace.android.squarespaceapp,benign,0,0.8370613565916947,1,malware
edu.synthetic.androzoo.malware.sms_otp_stealer.1483,malware,1,0.9999999999999933,1,malware
com.oldmutual.myoldmutual,benign,0,0.8288301771543389,1,malware
com.buwizz.buwizz2,benign,0,0.01989692417763852,0,benign
edu.synthetic.androzoo.malware.banker_accessibility.1400,malware,1,1.0,1,malware
edu.synthetic.androzoo.malware.overlay_pin_stealer.0540,malware,1,1.0,1,malware
cloud.blynk,benign,0,0.7120889101709262,1,malware
jp.dle.gyakuten,malware,1,0.8928772597409602,1,malware
com.deval.fiskalizimi,benign,0,0.9977361316211258,1,malware
com.avena.avenafit,benign,0,0.9997580461703828,1,malware
edu.synthetic.androzoo.malware.banker_accessibility.0011,malware,1,1.0,1,malware
air.conditioner.calculator,benign,0,0.0399635625774967,0,benign
com.alaeat.customer.android.bnsandwiches,benign,0,0.9945876758431503,1,malware
com.tsm.altmissoula,benign,0,0.0804988016543648,0,benign
com.xiachufang,malware,1,0.16330473961851025,0,benign
edu.synthetic.androzoo.malware.banker_accessibility.1428,malware,1,1.0,1,malware
com.subsplash.thechurchapp.s_5DSKHR,benign,0,1.0726530132499601e-24,0,benign
edu.synthetic.androzoo.malware.overlay_pin_stealer.1015,malware,1,1.0,1,malware
com.fcy.wordgame,benign,0,0.821070641622216,1,malware
app.donkeymobile.renswoudehervormd,benign,0,0.02381564410777343,0,benign
edu.synthetic.androzoo.malware.ransomware_locker.0685,malware,1,1.0,1,malware
edu.synthetic.androzoo.malware.spyware_surveillance.0785,malware,1,1.0,1,malware
fr.nartex.navette,benign,0,0.7092888818534846,1,malware
com.mhl.pathworks2,benign,0,0.9763036220333454,1,malware
edu.synthetic.androzoo.malware.banker_accessibility.0104,malware,1,1.0,1,malware
edu.synthetic.androzoo.malware.wallet_stealer.0611,malware,1,0.9999999999832165,1,malware
edu.synthetic.androzoo.malware.sms_otp_stealer.1244,malware,1,1.0,1,malware
edu.synthetic.androzoo.malware.dropper_loader.0208,malware,1,1.0,1,malware
com.insac.can.pinthatpoint,benign,0,0.9951317395556762,1,malware
com.modeshift.jsp,benign,0,0.40920468473413835,0,benign
edu.synthetic.androzoo.malware.wallet_stealer.0263,malware,1,0.9999984901552034,1,malware
ru.iamtagir.tla4.ly,malware,1,0.12978669264276768,0,benign
com.project.oneplace.beninrestoo,benign,0,0.9969281802972948,1,malware
com.everywear.game5,benign,0,0.9999999977578553,1,malware
com.klickl4u.apps,benign,0,0.349925481183987,0,benign
alldictdict.alldict.arhi,benign,0,0.9809859706263246,1,malware
com.harsh.dhillon.colorbinder,benign,0,0.9818954019549307,1,malware
com.maxitime22.createmusic.frequencygenerator.portretversion,benign,0,0.06152081560273363,0,benign
com.apgaragedealer,benign,0,8.272924799608436e-21,0,benign
edu.synthetic.androzoo.malware.sms_otp_stealer.0010,malware,1,0.9999999999999993,1,malware
com.cuddlynest,benign,0,0.9990263732735309,1,malware
com.t2s.fantastico794475,benign,0,0.9188691376846165,1,malware
com.notificationcenter.iphone.controlcenter.alarm,benign,0,0.003145397551134842,0,benign
com.lyricfluent.app,benign,0,0.4775812753136838,0,benign
com.einnovation.temu,benign,0,1.7146648672299345e-12,0,benign
com.zellamsee.summercard,benign,0,0.6251652927818662,1,malware
orangekik.app,benign,0,0.999986973650938,1,malware
com.game.zombiosio,malware,1,0.790382625262016,1,malware
tv.uscreen.defy,benign,0,0.9773372997633847,1,malware
com.hanweb.ganfutong,malware,1,0.9921399888944181,1,malware
edu.synthetic.androzoo.malware.wallet_stealer.0956,malware,1,0.9999999959727686,1,malware
com.tgh.us.army.oil.tanker.truck.driving.games,benign,0,0.8777437957746785,1,malware
edu.synthetic.androzoo.malware.adware_clicker.0249,malware,1,1.0,1,malware
com.ubestkid.phonics.a,malware,1,0.7842856871776647,1,malware
edu.synthetic.androzoo.malware.dropper_loader.0554,malware,1,1.0,1,malware
com.skyphone.app,benign,0,0.9958238422547353,1,malware
com.cyberlink.powerdirector.DRA140225_01,benign,0,0.12435611212455569,0,benign
edu.synthetic.androzoo.malware.spyware_surveillance.0316,malware,1,1.0,1,malware
com.cronostechnologies.skiplan,benign,0,0.44233929920457127,0,benign
com.multibrains.taxi.driver.ridepassengeret,benign,0,0.003672566483210951,0,benign
edu.synthetic.androzoo.malware.spyware_surveillance.0488,malware,1,1.0,1,malware
edu.synthetic.androzoo.malware.banker_accessibility.0730,malware,1,0.9948535794793263,1,malware
two.factor.authenticator.generator.code,benign,0,0.0003311279676245761,0,benign
com.xiaoshi.toupiao,malware,1,0.951749682230477,1,malware
com.puzzle1studio.go.wordsearchinspiration,benign,0,9.797144969760557e-07,0,benign
com.meest.ua,benign,0,2.751812009489027e-06,0,benign
com.stamfordfgkebab,benign,0,0.9982315491416868,1,malware
com.xeno.investment,benign,0,0.4822671094831056,0,benign
ru.yandex.key,benign,0,0.20127854060614997,0,benign
edu.synthetic.androzoo.malware.spyware_surveillance.0254,malware,1,0.9999999999984361,1,malware
com.cambodianinvestorscorporation,benign,0,0.9951850668968764,1,malware
org.lateral.app,benign,0,0.18259925603086657,0,benign
com.kindae.lephysicien,malware,1,0.9494775692019509,1,malware
co.northplay.ConductTHIS,benign,0,0.8551080620652829,1,malware
com.huashi6.hst,malware,1,1.0,1,malware
air.com.eni.FashionJudy038,malware,1,0.9999694313927598,1,malware
edu.synthetic.androzoo.malware.ransomware_locker.1641,malware,1,1.0,1,malware
com.derayah,benign,0,0.9995274579407885,1,malware
edu.synthetic.androzoo.malware.overlay_pin_stealer.0133,malware,1,1.0,1,malware
edu.synthetic.androzoo.malware.sms_otp_stealer.0101,malware,1,1.0,1,malware
edu.synthetic.androzoo.malware.adware_clicker.1285,malware,1,1.0,1,malware
edu.synthetic.androzoo.malware.ransomware_locker.1816,malware,1,1.0,1,malware
edu.synthetic.androzoo.malware.ransomware_locker.0521,malware,1,1.0,1,malware
edu.synthetic.androzoo.malware.overlay_pin_stealer.1259,malware,1,1.0,1,malware
com.whalejoy.living,benign,0,0.9999787490049491,1,malware
edu.synthetic.androzoo.malware.banker_accessibility.0925,malware,1,0.9999999999997675,1,malware
com.taza,benign,0,0.8101514627659586,1,malware
com.chordu.chorduapp,benign,0,0.011648858489130153,0,benign
edu.synthetic.androzoo.malware.ransomware_locker.1680,malware,1,1.0,1,malware
com.chownow.bagelpub,benign,0,1.0,1,malware
edu.synthetic.androzoo.malware.dropper_loader.0007,malware,1,1.0,1,malware
edu.synthetic.androzoo.malware.wallet_stealer.0293,malware,1,0.9999682051390533,1,malware
jp.co.tekutekulife.tekutekulife,benign,0,0.8976461363973157,1,malware
com.lixiangdong.LCDWatch.Pro,malware,1,0.9778450701197021,1,malware
com.studio27.MelonPlayground,benign,0,0.4546192116837894,0,benign
edu.synthetic.androzoo.malware.sms_otp_stealer.0458,malware,1,0.9999999999067108,1,malware
vn.qsoft.chinhxac,benign,0,0.9905063344168561,1,malware
edu.synthetic.androzoo.malware.banker_accessibility.1251,malware,1,0.9999999999999998,1,malware
com.smartforu,benign,0,0.8613968697054065,1,malware
com.ax003d.sichu,malware,1,0.9695583906715728,1,malware
radio.szent.istvan,benign,0,0.5630673405568356,1,malware
br.com.alon,benign,0,0.9984955652313566,1,malware
edu.synthetic.androzoo.malware.ransomware_locker.1668,malware,1,1.0,1,malware
naveen.duplicatefile.fixerfinder,benign,0,0.9004054325012404,1,malware
com.appsmart.delivery.pizzeriaalbertomarl12997,benign,0,4.9609218968677e-11,0,benign
com.Manababa.RandomSpinDEF,benign,0,0.07906970128000962,0,benign
com.meta.boom,malware,1,0.9999997620380341,1,malware
com.nwagu.chai,benign,0,0.990322867420184,1,malware
edu.synthetic.androzoo.malware.overlay_pin_stealer.1925,malware,1,1.0,1,malware
cc.flydemo.erge2,malware,1,0.06689856563741607,0,benign
cs.cover.strike.gun.shooting.games.offline,benign,0,0.7036802728052715,1,malware
net.infojobs.mobile.android,benign,0,0.961418804786164,1,malware
com.ywx.qhyx.yyh,malware,1,1.0,1,malware
com.cat.kitten.wallpapers,benign,0,0.9625677719980343,1,malware
com.readygo.dark.gp,benign,0,0.016001944111472103,0,benign
fi.upsi,benign,0,0.7007470313102443,1,malware
edu.synthetic.androzoo.malware.adware_clicker.1204,malware,1,1.0,1,malware
com.cooking.world.chef.craze.restaurant.fever.free,benign,0,0.046097938661340966,0,benign
edu.synthetic.androzoo.malware.adware_clicker.0142,malware,1,0.9878769884319791,1,malware
se.langia.fishpoc,benign,0,1.0,1,malware
com.tanwan.mobile.zhengtu,malware,1,0.8520151258682411,1,malware
com.insideoutside.ihunternb,benign,0,0.9838491854188373,1,malware
edu.synthetic.androzoo.malware.wallet_stealer.1867,malware,1,0.9999999999992597,1,malware
com.claranet.mfa,benign,0,0.5532918028660945,1,malware
edu.synthetic.androzoo.malware.dropper_loader.1617,malware,1,1.0,1,malware
com.zenlabs.challenge.squats,benign,0,0.016419642036177153,0,benign
com.manle.phone.android.tumor,malware,1,0.5853742020063066,1,malware
com.yusi.chongchong,malware,1,0.05587221221143119,0,benign
com.bravolang.thai,malware,1,0.4726160060086134,0,benign
com.bo.fotoo,malware,1,3.2161771170842414e-05,0,benign
net.wordbit.enes,benign,0,1.0,1,malware
link.mikan.mikanandroid,benign,0,0.99808450747496,1,malware
com.trainerize.topnotchfitness,benign,0,0.9731181034171436,1,malware
com.mydroid.svg.print.craft.design.graphic.sticker,benign,0,0.00022587780830190504,0,benign
edu.synthetic.androzoo.malware.banker_accessibility.1922,malware,1,0.9999999999619034,1,malware
aplus.europeworldhistorycourse,benign,0,0.028991647136480992,0,benign
ru.sotnik.areacalc,malware,1,0.4007776001600836,0,benign
edu.synthetic.androzoo.malware.overlay_pin_stealer.1846,malware,1,1.0,1,malware
de.thomann,benign,0,0.9993009496488277,1,malware
co.hotfollower.app,benign,0,0.9958203136915502,1,malware
moe.quickscreentrading.android,benign,0,0.9983038377075195,1,malware
com.zltx.sgame.yyh,malware,1,0.4906741636925518,0,benign
com.bandindustries.roadie,benign,0,1.0,1,malware
edu.synthetic.androzoo.malware.overlay_pin_stealer.0352,malware,1,1.0,1,malware
vt.android.ilearn,benign,0,0.9044520008378879,1,malware
com.holyblade.cloud.platform,malware,1,0.23395170221856607,0,benign
com.VForVictory.ExtremeBallStrikerGoalBlast,benign,0,0.07522677623247687,0,benign
com.simcoeit.searchopal,benign,0,0.9962544322227096,1,malware
com.bankscene.bes.welllinkbank,benign,0,0.26510595856053404,0,benign
bloodpressure.bloodpressureapp.bloodpressuretracker,benign,0,0.05325740970151221,0,benign
com.djremix.djmusicplayers,malware,1,0.004182630184494675,0,benign
edu.synthetic.androzoo.malware.adware_clicker.1055,malware,1,1.0,1,malware
com.elephantgames.hstndhiddenobjects.googpremium,benign,0,0.9908928896393139,1,malware
com.profittrading.forkucoin,benign,0,1.0,1,malware
com.ahboutique.android,benign,0,0.999998261313234,1,malware
com.goodwallpapers.coffe_hd,benign,0,0.9999851994952084,1,malware
com.hippo.lighthouse,benign,0,0.9128933286052011,1,malware
edu.synthetic.androzoo.malware.overlay_pin_stealer.0057,malware,1,1.0,1,malware
ddidev94.fishingweather,benign,0,0.9999999923706778,1,malware
edu.synthetic.androzoo.malware.overlay_pin_stealer.1321,malware,1,1.0,1,malware
edu.synthetic.androzoo.malware.spyware_surveillance.1891,malware,1,0.9999999999999682,1,malware
com.cleverapps.magicwords,benign,0,0.9939288669834961,1,malware
edu.synthetic.androzoo.malware.spyware_surveillance.1253,malware,1,1.0,1,malware
com.ngc.fora,benign,0,0.9999999999974345,1,malware
edu.synthetic.androzoo.malware.spyware_surveillance.1533,malware,1,0.9999992957677021,1,malware
ridewithvia.sncfyriex,benign,0,1.4188436415167558e-13,0,benign
com.smilion.CaboclinhoDoReMi,benign,0,0.3893082199945235,0,benign
com.cloudmobile.einvoice,benign,0,1.0,1,malware
edu.synthetic.androzoo.malware.wallet_stealer.0241,malware,1,0.9999999631732055,1,malware
de.jentsch.floatingstopwatch,malware,1,0.05984781904728728,0,benign
com.madness.man.whirl,malware,1,1.0,1,malware
com.cellsavers.savers,benign,0,1.4505351349413838e-07,0,benign
com.ibm.lava.hot.volcano.car.games,malware,1,0.9351137805808051,1,malware
com.alaeat.customer.android.cheflee,benign,0,0.9097056462247358,1,malware
ch.beekeeper.beekeeper,benign,0,0.008411490666224451,0,benign
com.elian.lambabible,benign,0,0.9999998462059193,1,malware
edu.synthetic.androzoo.malware.spyware_surveillance.0848,malware,1,1.0,1,malware
edu.synthetic.androzoo.malware.banker_accessibility.1418,malware,1,1.0,1,malware
com.swaas.hidoctor,benign,0,0.9183541352045687,1,malware
edu.synthetic.androzoo.malware.overlay_pin_stealer.1821,malware,1,1.0,1,malware
de.randstad.meinrandstad,benign,0,0.9996183320490536,1,malware
com.fpt.fci.aimentor,benign,0,0.9963721413068997,1,malware
com.neopons.Talkytalky,benign,0,0.8887769194972343,1,malware
edu.synthetic.androzoo.malware.spyware_surveillance.0040,malware,1,0.9999999868592011,1,malware
com.nekki.shadowfight3,malware,1,0.8429653848024652,1,malware
edu.synthetic.androzoo.malware.banker_accessibility.1347,malware,1,1.0,1,malware
net.zdsoft.zerobook_android,malware,1,0.449388872376432,0,benign
com.zigis.paleontologas,benign,0,0.5315562247978418,1,malware
de.dimock.shallowchess,benign,0,0.18346624663599542,0,benign
edu.synthetic.androzoo.malware.sms_otp_stealer.1046,malware,1,0.9999999860985205,1,malware
edu.synthetic.androzoo.malware.sms_otp_stealer.0100,malware,1,0.9999999999602116,1,malware
com.overworld.app,benign,0,4.248805398869302e-07,0,benign
com.lgufstore_rn,benign,0,0.9995990610053992,1,malware
edu.synthetic.androzoo.malware.spyware_surveillance.0582,malware,1,0.9999999999982447,1,malware
com.aapmobile,benign,0,0.00020411427563587817,0,benign
com.crosoften.adjuve,benign,0,0.2926676377094305,0,benign
vn.cimbbank.octo,benign,0,0.9689746035972816,1,malware
edu.synthetic.androzoo.malware.wallet_stealer.0301,malware,1,1.0,1,malware
com.appss.wallpaperaestetic2026,benign,0,0.9979217698520515,1,malware
com.wjbk.android.weather,benign,0,1.0,1,malware
com.unitel.mocha.app,benign,0,0.7855929445278484,1,malware
com.shixian.kaihua,malware,1,0.9402947912261167,1,malware
com.yunmi.water,malware,1,0.9999999954647389,1,malware
com.tytops.ocarinalite,benign,0,0.513151550103363,1,malware
wheelzgh.app,benign,0,0.9999884093152925,1,malware
com.inso.app,malware,1,0.8997380628201037,1,malware
edu.synthetic.androzoo.malware.spyware_surveillance.0269,malware,1,0.9999999999999998,1,malware
com.nabe.es4efyq,benign,0,0.9741326193369054,1,malware
com.compareinsurance.carinsurancecheckapp,malware,1,0.9017485866591162,1,malware
com.allied.helicopter.commando.air.strike,malware,1,0.9773057070539833,1,malware
com.clicklabs.flyingfun,malware,1,0.6352810623084295,1,malware
edu.synthetic.androzoo.malware.sms_otp_stealer.0023,malware,1,0.9999999999855356,1,malware
edu.synthetic.androzoo.malware.dropper_loader.0768,malware,1,1.0,1,malware
word.riddles.guess.brain.test.tricky.puzzle.quiz.game.free,benign,0,0.9937990016886988,1,malware
com.coinex.trade.play,benign,0,0.9967892762386635,1,malware
edu.synthetic.androzoo.malware.dropper_loader.0857,malware,1,1.0,1,malware
eu.rc.electronics,benign,0,0.01338492229709093,0,benign
jp.co.hotelnewgrand.app.newgrandclub,benign,0,0.6417455811390324,1,malware
edu.synthetic.androzoo.malware.overlay_pin_stealer.0701,malware,1,1.0,1,malware
edu.synthetic.androzoo.malware.overlay_pin_stealer.0111,malware,1,1.0,1,malware
in.bluapps.webapp,malware,1,0.2809608126137785,0,benign
com.memopad.for_.writing.babylon,benign,0,5.608210968867006e-11,0,benign
com.tygame.game33,malware,1,0.9997812053329981,1,malware
de.metro.alex.customer.digitalcard.makro,benign,0,0.9444064216041461,1,malware
pl.biokod.goodcoach,benign,0,1.0,1,malware
edu.synthetic.androzoo.malware.adware_clicker.0923,malware,1,1.0,1,malware
edu.synthetic.androzoo.malware.sms_otp_stealer.0861,malware,1,0.999999999998803,1,malware
com.gil.nxtdigital.mynxt,benign,0,0.06563072852743072,0,benign
br.com.tkrastreadores.mobile,benign,0,0.9999960736384925,1,malware
com.alexto.radio.cambodia,benign,0,6.777496799113236e-05,0,benign
bass.booster,malware,1,0.3325605996446698,0,benign
com.neusoft.app.beijingdaily.phone,malware,1,0.8501101693304273,1,malware
ruler.bubblelevel,benign,0,0.9546110707564811,1,malware
com.easysay.korean,malware,1,0.991572525413804,1,malware
edu.synthetic.androzoo.malware.dropper_loader.0019,malware,1,1.0,1,malware
edu.synthetic.androzoo.malware.wallet_stealer.0644,malware,1,0.9999999995792972,1,malware
com.gidetechs.myhourofgrace,benign,0,1.0,1,malware
edu.synthetic.androzoo.malware.spyware_surveillance.0575,malware,1,1.0,1,malware
com.t2s.mospalace793657,benign,0,0.006035145916978421,0,benign
com.chris.hyperrace,malware,1,1.0,1,malware
edu.synthetic.androzoo.malware.ransomware_locker.1798,malware,1,1.0,1,malware
edu.synthetic.androzoo.malware.spyware_surveillance.0560,malware,1,1.0,1,malware
com.zepni.hamster,benign,0,0.19950239827749797,0,benign
com.euvic.fpowner,benign,0,0.9688192080732997,1,malware
edu.synthetic.androzoo.malware.dropper_loader.1657,malware,1,1.0,1,malware
edu.synthetic.androzoo.malware.ransomware_locker.1035,malware,1,1.0,1,malware
se.selfmadeacademy,benign,0,0.991860757979629,1,malware
com.igen.solarmanbusiness,benign,0,0.9966463315140925,1,malware
edu.synthetic.androzoo.malware.wallet_stealer.0333,malware,1,0.9999976494835967,1,malware
edu.synthetic.androzoo.malware.wallet_stealer.1701,malware,1,0.9999999999999989,1,malware
com.devjah.plants,benign,0,0.03713254762160898,0,benign
com.yc.dayband,malware,1,0.9981818481958276,1,malware
com.azyouxi.quanwangqw,malware,1,0.9999999996730871,1,malware
com.istsoft.dipteal1,benign,0,0.9488248699871316,1,malware
edu.synthetic.androzoo.malware.ransomware_locker.1049,malware,1,1.0,1,malware
edu.synthetic.androzoo.malware.overlay_pin_stealer.1484,malware,1,1.0,1,malware
edu.synthetic.androzoo.malware.dropper_loader.0136,malware,1,1.0,1,malware
edu.synthetic.androzoo.malware.banker_accessibility.0502,malware,1,1.0,1,malware
com.sector.sectoralarm,benign,0,0.5951571004994268,1,malware
com.amutcomi.acty.client,benign,0,0.891848023998476,1,malware
edu.synthetic.androzoo.malware.spyware_surveillance.1397,malware,1,1.0,1,malware
com.minikara.crossword.android,benign,0,0.7107654632003519,1,malware
com.golfapp.gcgiez,benign,0,0.9981513428937521,1,malware
tv.uscreen.sarahbethyoga,benign,0,0.9999997800012492,1,malware
com.jizhi.jlongg,malware,1,0.9751110368478452,1,malware
com.pdmi.chongxin.media,malware,1,0.7375478728753,1,malware
com.tataera.lazylisten,malware,1,0.04553153636075372,0,benign
edu.synthetic.androzoo.malware.dropper_loader.0171,malware,1,1.0,1,malware
com.tjnit.gonghui,malware,1,0.06719812208485988,0,benign
edu.synthetic.androzoo.malware.wallet_stealer.0758,malware,1,0.9999999998983173,1,malware
com.blockcitywars.thugcity,malware,1,0.02565622005384247,0,benign
io.everfit.wlreform,benign,0,0.005634670030711604,0,benign
com.subsplashconsulting.s_RKDTCB,benign,0,6.097871598977412e-31,0,benign
edu.synthetic.androzoo.malware.adware_clicker.0926,malware,1,1.0,1,malware
edu.synthetic.androzoo.malware.sms_otp_stealer.0635,malware,1,0.9999999999527369,1,malware
edu.synthetic.androzoo.malware.spyware_surveillance.0135,malware,1,0.999999999999829,1,malware
edu.synthetic.androzoo.malware.wallet_stealer.0800,malware,1,0.9999960134365108,1,malware
edu.synthetic.androzoo.malware.dropper_loader.1855,malware,1,1.0,1,malware
com.overlay.pokeratlasmobile,benign,0,0.7237768683295266,1,malware
com.easy.all.today.translator,malware,1,0.9999916893873847,1,malware
com.sonica.IbizaSonicaRadio,benign,0,0.010202643868910077,0,benign
edu.synthetic.androzoo.malware.adware_clicker.0253,malware,1,1.0,1,malware
com.szckhd.jwgly.azyw,benign,0,0.4016735798144972,0,benign
edu.synthetic.androzoo.malware.adware_clicker.1536,malware,1,1.0,1,malware
com.ouimoveup,benign,0,0.1088137743932728,0,benign
com.gww.km,benign,0,0.8630338823637171,1,malware
aurorafirst.app.com,benign,0,0.8399406399440448,1,malware
com.ruk.usastudio.mosshotassistant,benign,0,1.0,1,malware
be.lgc.wep.herve,benign,0,0.8614035325774354,1,malware
com.mwrlife,benign,0,0.8885558637222073,1,malware
com.subsplashconsulting.s_FT5NQC,benign,0,1.0,1,malware
com.ab.vectronix,benign,0,0.8821425067011535,1,malware
bfac.android.ngmdapp,benign,0,0.9759157777401134,1,malware
edu.synthetic.androzoo.malware.banker_accessibility.0129,malware,1,0.9999999852528243,1,malware
nz.co.snapper.mobile,benign,0,0.0004229130972649823,0,benign
edu.synthetic.androzoo.malware.banker_accessibility.1656,malware,1,0.9999999999998856,1,malware
com.constanttherapy.android.main,benign,0,0.9999972039072402,1,malware
edu.synthetic.androzoo.malware.wallet_stealer.0109,malware,1,0.9999999999996785,1,malware
edu.synthetic.androzoo.malware.ransomware_locker.0782,malware,1,1.0,1,malware
edu.synthetic.androzoo.malware.dropper_loader.0374,malware,1,1.0,1,malware
com.elephantgames.parfilthetall,benign,0,0.9899219773633214,1,malware
com.regnumwealthmanagementpvtltd,benign,0,0.999965335096118,1,malware
edu.synthetic.androzoo.malware.spyware_surveillance.1778,malware,1,1.0,1,malware
com.rega.regaapp,benign,0,0.9997197117260217,1,malware
com.singxie.olarticle,malware,1,0.6576153358502569,1,malware
com.temporary.email.pro,benign,0,0.9999042399435475,1,malware
edu.synthetic.androzoo.malware.spyware_surveillance.1502,malware,1,1.0,1,malware
edu.synthetic.androzoo.malware.ransomware_locker.1078,malware,1,0.9999999999999083,1,malware
linkdesks.jigsaw.puzzle.classic,benign,0,1.0,1,malware
com.witmob.newsdigest,malware,1,0.9999999999999987,1,malware
com.fairtiq.android.ftqlab,benign,0,0.9999999647513861,1,malware
it.redbitgames.stonesandsails,benign,0,0.9965861370133361,1,malware
ru.frolovvv.lightlamp,benign,0,0.07409043643842443,0,benign
com.smartworld.photoframe,benign,0,1.0,1,malware
com.dawa.mobile,benign,0,0.9999770287442086,1,malware
com.esi.kbbio,benign,0,0.049964784437119554,0,benign
edu.synthetic.androzoo.malware.ransomware_locker.0322,malware,1,1.0,1,malware
com.iyaltamizh.app.btprinter,benign,0,0.9970971706273387,1,malware
edu.synthetic.androzoo.malware.dropper_loader.0952,malware,1,1.0,1,malware
edu.synthetic.androzoo.malware.spyware_surveillance.1002,malware,1,0.9999999967030229,1,malware
com.funnygames.game.smania,benign,0,0.9959591998130112,1,malware
edu.synthetic.androzoo.malware.spyware_surveillance.1256,malware,1,0.9980128644824375,1,malware
edu.synthetic.androzoo.malware.overlay_pin_stealer.0963,malware,1,1.0,1,malware
com.pujiagames.Grandmother,malware,1,0.9824023463145348,1,malware
com.wintertales.moonwalkersimulatorvr,malware,1,0.4878703751503652,0,benign
com.xinan.motorgps,malware,1,0.09118324055996362,0,benign
edu.synthetic.androzoo.malware.banker_accessibility.0563,malware,1,0.9999999999999951,1,malware
com.owlogue.mandrakeboys.kor,benign,0,0.9648112804697403,1,malware
com.vedicrishiastro.kundli,benign,0,0.8530311418495404,1,malware
com.pocketpiano.mobile,malware,1,1.0,1,malware
com.kabbalah.calendar,benign,0,1.0,1,malware
edu.synthetic.androzoo.malware.wallet_stealer.1829,malware,1,1.0,1,malware
de.ck1981.android.blockstopper,benign,0,0.12991504895607225,0,benign
app.upvpn.upvpn,benign,0,0.9246397675764267,1,malware
edu.synthetic.androzoo.malware.overlay_pin_stealer.0455,malware,1,1.0,1,malware
edu.synthetic.androzoo.malware.dropper_loader.0820,malware,1,1.0,1,malware
com.carlosv.menulateral,benign,0,0.029575970923860936,0,benign
edu.synthetic.androzoo.malware.dropper_loader.0448,malware,1,1.0,1,malware
edu.synthetic.androzoo.malware.banker_accessibility.0833,malware,1,0.9999995119677966,1,malware
com.gethabitcoach.android2,benign,0,1.7991287058459397e-11,0,benign
edu.synthetic.androzoo.malware.wallet_stealer.0001,malware,1,0.999999997778118,1,malware
com.luckystargame.texaspoker,malware,1,0.9785585491867406,1,malware
com.threed.spider.hero.flying.bike.city.battle,malware,1,0.9860177420696847,1,malware
edu.synthetic.androzoo.malware.overlay_pin_stealer.1654,malware,1,1.0,1,malware
com.zakinn.app,benign,0,0.9981483651116414,1,malware
com.subsplash.thechurchapp.s_TTF4T8,benign,0,0.9999999999993345,1,malware
edu.synthetic.androzoo.malware.spyware_surveillance.0531,malware,1,0.9999999999999671,1,malware
com.taprun.fruit.candy.candymonsterline,malware,1,1.0,1,malware
com.seigneurin.carspotclient,benign,0,0.923110029060315,1,malware
com.apptegy.villageforsyth,benign,0,3.797229304766925e-12,0,benign
edu.synthetic.androzoo.malware.dropper_loader.0172,malware,1,1.0,1,malware
org.getcompliant.getcompliantapp,benign,0,0.2561988391191272,0,benign
edu.synthetic.androzoo.malware.dropper_loader.1363,malware,1,1.0,1,malware
com.mobincube.estudios_biblicos.sc_HNPIES,malware,1,0.8128519477018765,1,malware
edu.synthetic.androzoo.malware.spyware_surveillance.1101,malware,1,0.9999999999999962,1,malware
com.panagola.game.arrangefree,benign,0,0.890885450690867,1,malware
edu.synthetic.androzoo.malware.dropper_loader.0637,malware,1,1.0,1,malware
com.example.administrator.picturetransliteration,malware,1,0.19163831606372275,0,benign
com.nword.std8maharashtra,benign,0,0.08272657829078485,0,benign
edu.synthetic.androzoo.malware.overlay_pin_stealer.1191,malware,1,1.0,1,malware
edu.synthetic.androzoo.malware.overlay_pin_stealer.1190,malware,1,1.0,1,malware
com.boyzum.motoboy,benign,0,0.9999986065383495,1,malware
edu.synthetic.androzoo.malware.banker_accessibility.0771,malware,1,0.9999999999739035,1,malware
edu.synthetic.androzoo.malware.banker_accessibility.0466,malware,1,1.0,1,malware
com.launcher.light.theme3d,malware,1,0.09260711091182895,0,benign
com.teamlinkt.sportTeamApp,benign,0,0.9966371446568859,1,malware
com.xiyue.drama,benign,0,0.9966341933882265,1,malware
com.qingyuegames.petmatch,benign,0,0.6852035107452056,1,malware
com.grwth.ai,benign,0,0.9999997481428776,1,malware
com.moyun365.android.gkhistorytong,malware,1,0.6464217671142345,1,malware
edu.synthetic.androzoo.malware.banker_accessibility.1455,malware,1,1.0,1,malware
edu.synthetic.androzoo.malware.dropper_loader.1578,malware,1,1.0,1,malware
edu.synthetic.androzoo.malware.banker_accessibility.0537,malware,1,0.999999999999998,1,malware
com.roughcode.parboti,benign,0,0.17235456815437508,0,benign
edu.synthetic.androzoo.malware.dropper_loader.0595,malware,1,1.0,1,malware
edu.synthetic.androzoo.malware.sms_otp_stealer.1451,malware,1,0.9999999988512578,1,malware
com.jmfleet.android,benign,0,0.9991046590699039,1,malware
com.boatip.browser,malware,1,0.9773331361521242,1,malware
com.apptegy.conradpa,benign,0,4.604169255770645e-08,0,benign
com.codeEscape.codeescape,benign,0,0.9996501376343415,1,malware
edu.synthetic.androzoo.malware.ransomware_locker.0384,malware,1,1.0,1,malware
com.tanzam,benign,0,0.996995562147698,1,malware
com.inmovation.newspaper,malware,1,0.9999999997329425,1,malware
tk.climbzilla,benign,0,0.10578086795822841,0,benign
edu.synthetic.androzoo.malware.overlay_pin_stealer.1170,malware,1,1.0,1,malware
edu.synthetic.androzoo.malware.dropper_loader.0205,malware,1,1.0,1,malware
com.telstra.nrl.dragons,benign,0,3.673063487011093e-16,0,benign
com.kratosle.unlim,benign,0,0.1843996007327136,0,benign
com.jobsdb,benign,0,9.958879111654337e-22,0,benign
ru.lptracker.app,benign,0,0.9928330911861648,1,malware
com.tempstick,benign,0,0.9811949565612378,1,malware
edu.synthetic.androzoo.malware.overlay_pin_stealer.0624,malware,1,1.0,1,malware
edu.synthetic.androzoo.malware.wallet_stealer.1365,malware,1,1.0,1,malware
com.cleanmate.abroad,malware,1,0.9999999999999991,1,malware
com.aMo.gdlFax,malware,1,0.9999999994420901,1,malware
com.antescofo.metronaut,benign,0,0.9999999999924738,1,malware
edu.synthetic.androzoo.malware.banker_accessibility.1497,malware,1,0.9999999999999851,1,malware
com.oq.store,benign,0,8.958175835052957e-08,0,benign
com.chownow.riardosbargrill,benign,0,1.0,1,malware
com.ebcard.cashbee.hce.jeonju,benign,0,0.7251737924619671,1,malware
edu.synthetic.androzoo.malware.overlay_pin_stealer.0496,malware,1,1.0,1,malware
edu.synthetic.androzoo.malware.spyware_surveillance.1750,malware,1,0.9999999999999813,1,malware
edu.synthetic.androzoo.malware.dropper_loader.1324,malware,1,1.0,1,malware
com.plazz,benign,0,0.17305983673754988,0,benign
edu.synthetic.androzoo.malware.dropper_loader.0013,malware,1,1.0,1,malware
com.trainerize.lisaelliottonlinecoaching,benign,0,0.4141373935385394,0,benign
com.phorest.finandco,benign,0,2.0080599492849146e-17,0,benign
com.enoiu.scorepdf,benign,0,0.9955632753981826,1,malware
edu.synthetic.androzoo.malware.overlay_pin_stealer.1052,malware,1,1.0,1,malware
br.com.abril.comerebeber,benign,0,0.9999998104338197,1,malware
com.reliancegames.wwemayhem,benign,0,0.9993510905605043,1,malware
com.iz.timpy.ice.cream.cone.bar.maker.shop.truck.game,benign,0,0.11423159756910588,0,benign
com.subsplash.thechurchapp.s_W89C49,benign,0,1.0,1,malware
cn.trinea.android.developertools,malware,1,1.0,1,malware
com.magzter.bikeindia,benign,0,1.8828932064174468e-05,0,benign
com.elderribador,benign,0,0.06654566938197388,0,benign
edu.synthetic.androzoo.malware.wallet_stealer.1180,malware,1,0.9999965841615437,1,malware
com.tradeindia.apps.timessenger,benign,0,1.0,1,malware
au.com.allhomes,malware,1,0.9894972346127875,1,malware
com.mercadolibre,benign,0,0.031785421316450874,0,benign
com.comichub,benign,0,0.986767288098031,1,malware
com.doggymakers.tuckerattack,benign,0,0.8562474015860366,1,malware
edu.synthetic.androzoo.malware.banker_accessibility.0463,malware,1,1.0,1,malware
edu.synthetic.androzoo.malware.overlay_pin_stealer.0887,malware,1,1.0,1,malware
com.b01t.touchphotolock,benign,0,0.9743378068802274,1,malware
fr.morvan.morvanurbasee,benign,0,0.8607747135955595,1,malware
edu.synthetic.androzoo.malware.adware_clicker.0839,malware,1,1.0,1,malware
edu.synthetic.androzoo.malware.overlay_pin_stealer.0258,malware,1,1.0,1,malware
com.languagedrops.drops.learn.learning.speak.language.dutch.words,benign,0,0.9967425770718873,1,malware
com.feelcrafters.buspuzzle,benign,0,0.14828460462010754,0,benign
com.jura.formula.race.master,benign,0,0.0015144558227323272,0,benign
com.mindioaitherapy.app,benign,0,0.9965982365676787,1,malware
swipestox.mobile,benign,0,0.32907651644615604,0,benign
com.hy.csj,malware,1,1.0,1,malware
com.play.tube.adsblock.video.vanceded.free,malware,1,0.9659135161119801,1,malware
com.sonkins.tbass,benign,0,0.9999961279787982,1,malware
usa.radio.hishop,benign,0,0.4221444380552469,0,benign
com.heyholi.holi,benign,0,0.7363001157680994,1,malware
edu.synthetic.androzoo.malware.banker_accessibility.0146,malware,1,1.0,1,malware
edu.synthetic.androzoo.malware.dropper_loader.0676,malware,1,1.0,1,malware
edu.synthetic.androzoo.malware.banker_accessibility.0086,malware,1,0.9999999999999998,1,malware
edu.synthetic.androzoo.malware.dropper_loader.0098,malware,1,1.0,1,malware
edu.synthetic.androzoo.malware.sms_otp_stealer.0802,malware,1,0.999999999773501,1,malware
edu.synthetic.androzoo.malware.ransomware_locker.1225,malware,1,1.0,1,malware
com.plus.ai,malware,1,0.9947227423198991,1,malware
jp.co.c2inc.deepsleep.pokemedi,benign,0,1.0,1,malware
be.rentio.app,benign,0,0.003174485013309436,0,benign
edu.synthetic.androzoo.malware.dropper_loader.0514,malware,1,0.999986896420969,1,malware
br.com.dod.msx2cas,benign,0,0.9155625806152136,1,malware
de.web.mobile.android.mail,benign,0,0.030006103885329663,0,benign
br.org.iecsiderlandia.appEK1975,benign,0,0.05650667888063917,0,benign
com.huaien.genealogy,malware,1,0.14945949823597704,0,benign
edu.synthetic.androzoo.malware.overlay_pin_stealer.0354,malware,1,1.0,1,malware
edu.synthetic.androzoo.malware.ransomware_locker.0378,malware,1,1.0,1,malware
edu.synthetic.androzoo.malware.dropper_loader.1932,malware,1,1.0,1,malware
edu.synthetic.androzoo.malware.wallet_stealer.0027,malware,1,1.0,1,malware
org.nationalregistry.android.production,benign,0,0.0016479402224643274,0,benign
app.mynetvpnvip.build,malware,1,0.9565246864552789,1,malware
com.arksur.navol,malware,1,0.998587443640992,1,malware
com.jasp.rosarioVirgenMaria,benign,0,0.44495502934537107,0,benign
musica.musicfree.snaptube.weezer.mp3app,malware,1,0.9999909706345277,1,malware
edu.synthetic.androzoo.malware.banker_accessibility.0335,malware,1,0.9999999999999993,1,malware
com.mxtech.videoplayer.ad,benign,0,0.9999704235738376,1,malware
com.centris_mobile,benign,0,0.9971006208441363,1,malware
com.appical.io,benign,0,3.778750092829138e-18,0,benign
com.softmaker.cowkisan,benign,0,0.07725572728711831,0,benign
edu.synthetic.androzoo.malware.banker_accessibility.1511,malware,1,1.0,1,malware
edu.synthetic.androzoo.malware.ransomware_locker.0707,malware,1,1.0,1,malware
com.ujigu.tcyuying,malware,1,0.6496063083215555,1,malware
jp.Yokeijyo.YummyBar,benign,0,0.6584133922332969,1,malware
edu.synthetic.androzoo.malware.dropper_loader.0442,malware,1,1.0,1,malware
com.jiaming.qiming,malware,1,0.9901370018375352,1,malware
digifit.android.virtuagym.pro.capitanemo,benign,0,0.9932980153626834,1,malware
com.g5e.nineclues2.android,malware,1,0.9825365521659374,1,malware
edu.synthetic.androzoo.malware.dropper_loader.0284,malware,1,1.0,1,malware
com.joinknack.knack,benign,0,0.028547356155798752,0,benign
com.goose.snake,benign,0,0.9953396801477143,1,malware
edu.synthetic.androzoo.malware.adware_clicker.0665,malware,1,1.0,1,malware
com.techvariable.networktravels,benign,0,0.00724105578130392,0,benign
com.ca.ppm.intune.mobile.v2,benign,0,0.8551458626540795,1,malware
edu.synthetic.androzoo.malware.dropper_loader.0993,malware,1,1.0,1,malware
edu.synthetic.androzoo.malware.spyware_surveillance.1756,malware,1,1.0,1,malware
cn.com.chinagrain,malware,1,0.04754317489460621,0,benign
edu.synthetic.androzoo.malware.banker_accessibility.0470,malware,1,0.9999999990716022,1,malware
edu.synthetic.androzoo.malware.dropper_loader.1079,malware,1,1.0,1,malware
edu.synthetic.androzoo.malware.sms_otp_stealer.1106,malware,1,0.9999999999999998,1,malware
edu.synthetic.androzoo.malware.ransomware_locker.0330,malware,1,1.0,1,malware
edu.synthetic.androzoo.malware.banker_accessibility.0090,malware,1,0.9999999595146353,1,malware
com.newellmediallc.live.hippo,malware,1,0.9938663252703148,1,malware
edu.synthetic.androzoo.malware.sms_otp_stealer.0666,malware,1,0.9999999675219995,1,malware
edu.synthetic.androzoo.malware.overlay_pin_stealer.1272,malware,1,1.0,1,malware
com.selogerplus.android,benign,0,0.02323470345549522,0,benign
com.schoolpointe.oh_mississinawavalleyschs,benign,0,0.14141603334672828,0,benign
com.boursorama.android.clients,benign,0,0.993053436126225,1,malware
com.ultralpower.roamwifi_international,malware,1,0.9997813774582104,1,malware
com.mycasavi.ottoimmo,benign,0,0.9999999275845303,1,malware
cc.flydemo.math2,malware,1,0.06627685691888381,0,benign
com.martian.yly.yyh,malware,1,0.887947595544874,1,malware
gazpacho.strawberries.stones,benign,0,0.10219190662448212,0,benign
com.immediatemedia.historyextrarn,benign,0,4.3382430184804904e-13,0,benign
edu.synthetic.androzoo.malware.banker_accessibility.0228,malware,1,0.9999999999894458,1,malware
com.mjcsoft.stream.fmforres,benign,0,0.9999266024891734,1,malware
edu.synthetic.androzoo.malware.overlay_pin_stealer.0341,malware,1,1.0,1,malware
edu.synthetic.androzoo.malware.sms_otp_stealer.1569,malware,1,1.0,1,malware
com.simyasolutions.ling.bn,benign,0,0.9953283063938599,1,malware
edu.synthetic.androzoo.malware.adware_clicker.0954,malware,1,1.0,1,malware
edu.synthetic.androzoo.malware.wallet_stealer.1549,malware,1,0.999999994214235,1,malware
edu.synthetic.androzoo.malware.sms_otp_stealer.0062,malware,1,1.0,1,malware
com.easternpromiseonline,benign,0,0.0003085287820749655,0,benign
edu.synthetic.androzoo.malware.banker_accessibility.0519,malware,1,0.9999999997548208,1,malware
io.github.fate_grand_automata,benign,0,0.5073265222036397,1,malware
com.lemellabs.differences,benign,0,0.9097289943236004,1,malware
edu.synthetic.androzoo.malware.overlay_pin_stealer.0398,malware,1,1.0,1,malware
com.immusician.musiclass,malware,1,0.7769813647548123,1,malware
org.alias,benign,0,0.9899858444732477,1,malware
edu.synthetic.androzoo.malware.banker_accessibility.1441,malware,1,1.0,1,malware
com.WildcoreGames.RockKommander,benign,0,0.5524986025670031,1,malware
edu.synthetic.androzoo.malware.dropper_loader.0517,malware,1,1.0,1,malware
com.MojikenStudio.WhenPastWasAround,malware,1,0.07172777415888704,0,benign
com.reportallusa.landglide,benign,0,0.9916314117644541,1,malware
com.tpwar,benign,0,0.99217819466299,1,malware
edu.synthetic.androzoo.malware.dropper_loader.1486,malware,1,1.0,1,malware
linkdesks.screw.bolts.nuts.story,benign,0,0.575894469038747,1,malware
edu.synthetic.androzoo.malware.banker_accessibility.0805,malware,1,1.0,1,malware
edu.synthetic.androzoo.malware.dropper_loader.1295,malware,1,1.0,1,malware
inc.ambit.client,benign,0,0.46655425325894534,0,benign
in.mohalla.sharechat,benign,0,9.108879185191011e-05,0,benign
com.overplaygames,benign,0,1.0,1,malware
com.visma.hryou,benign,0,0.9891853332879498,1,malware
com.neb.app.nebsl,benign,0,0.8987366183738199,1,malware
de.beetsandroots.android,benign,0,0.9957678573989465,1,malware
com.heavy.truck.driver.simulator.offroad.game,benign,0,0.6882804109466671,1,malware
com.signnow.android,benign,0,0.995883199004553,1,malware
com.mirai.cat.prank.simulator.granny,benign,0,0.9940571420343368,1,malware
edu.synthetic.androzoo.malware.spyware_surveillance.1140,malware,1,0.9999999996195381,1,malware
ru.shtrafy_gibdd.nalogi,benign,0,6.095995653934865e-13,0,benign
edu.synthetic.androzoo.malware.overlay_pin_stealer.1876,malware,1,1.0,1,malware
com.ingrails.motherland,benign,0,0.7531240873772216,1,malware
com.greenvalleyenglishschool,benign,0,0.9999999970880029,1,malware
mkisly.backgammon.tawla,benign,0,0.9999999999850679,1,malware
edu.synthetic.androzoo.malware.sms_otp_stealer.1290,malware,1,0.9999999999999989,1,malware
com.sinyee.babybus.garbage,malware,1,0.398310930302588,0,benign
com.beijzc.skits,malware,1,0.8574534897755838,1,malware
com.sched.hosastateleadershiptwofour,benign,0,0.9644263932146628,1,malware
com.tianqiyubao2345,malware,1,0.9351930599842772,1,malware
edu.synthetic.androzoo.malware.banker_accessibility.0214,malware,1,1.0,1,malware
com.simpler.dialer,benign,0,0.9994447390726092,1,malware
edu.synthetic.androzoo.malware.sms_otp_stealer.0154,malware,1,0.9999999999986218,1,malware
com.apptegy.eastpalestine,benign,0,1.626261572063316e-05,0,benign
com.trendyweb.lukkyapp,benign,0,0.9915201529808348,1,malware
com.educonnect.totvs.unisal,benign,0,0.991121455173753,1,malware
edu.synthetic.androzoo.malware.ransomware_locker.0346,malware,1,1.0,1,malware
cn.com.ethank.mobilehotel,malware,1,0.9999999965217605,1,malware
com.yunzyo.mow,benign,0,0.7865233668175177,1,malware
edu.synthetic.androzoo.malware.overlay_pin_stealer.1613,malware,1,0.9999999962410397,1,malware
com.overlapapp,benign,0,0.870382539152521,1,malware
com.codeflies.supertravelUser,benign,0,0.8311524192112483,1,malware
com.fanimalapp.organizer,benign,0,0.003813605897385056,0,benign
com.agile.community,malware,1,0.8868931816442271,1,malware
com.notartel.esignotp,benign,0,0.49665098690187454,0,benign
com.mudgames.snakesandladders3d,benign,0,0.3605960993263278,0,benign
edu.synthetic.androzoo.malware.wallet_stealer.0657,malware,1,0.9999999989120021,1,malware
com.customchurchapps.appvxkjg2z3,benign,0,1.1548805929803414e-32,0,benign
com.zlapcreator.blockor,malware,1,1.0,1,malware
edu.synthetic.androzoo.malware.ransomware_locker.0096,malware,1,1.0,1,malware
io.flexprotect.mobile,benign,0,0.9996823589606929,1,malware
com.sharkgame.Memory,malware,1,0.045937810499144575,0,benign
edu.synthetic.androzoo.malware.banker_accessibility.1695,malware,1,1.0,1,malware
penguin.solitaire.match,benign,0,0.9999963769235093,1,malware
edu.synthetic.androzoo.malware.overlay_pin_stealer.0108,malware,1,1.0,1,malware
edu.synthetic.androzoo.malware.spyware_surveillance.1443,malware,1,0.9999999999999993,1,malware
com.menny.android.anysoftkeyboard,benign,0,0.9560753864707225,1,malware
com.civicapps.hendersonnv,benign,0,0.01194740854477467,0,benign
cn.bkw,malware,1,0.7032329956265551,1,malware
edu.synthetic.androzoo.malware.wallet_stealer.1868,malware,1,0.9999960920699875,1,malware
com.androtv.fvm,benign,0,0.004245449472871325,0,benign
com.PeskyMaple.Set,malware,1,0.5376359206191108,1,malware
edu.synthetic.androzoo.malware.ransomware_locker.0837,malware,1,1.0,1,malware
edu.synthetic.androzoo.malware.dropper_loader.0924,malware,1,1.0,1,malware
com.kaixin.duomaomao,malware,1,0.9751053591616564,1,malware
edu.synthetic.androzoo.malware.spyware_surveillance.1457,malware,1,1.0,1,malware
com.ske6bento.kotodama,benign,0,0.8876363773834873,1,malware
edu.synthetic.androzoo.malware.overlay_pin_stealer.1597,malware,1,1.0,1,malware
com.permadi.hexagonCrushGame,benign,0,0.12730365269066402,0,benign
perfectly.imperfect.yoga,benign,0,0.838734958925258,1,malware
edu.synthetic.androzoo.malware.dropper_loader.0164,malware,1,1.0,1,malware
com.laraun.plantapp,benign,0,0.9229323939137923,1,malware
com.sn1.TheImitationofChrist,benign,0,0.9865266919363457,1,malware
edu.synthetic.androzoo.malware.dropper_loader.1119,malware,1,1.0,1,malware
com.sinyee.babybus.wobunanguo,malware,1,0.3883521163814344,0,benign
com.damidev.ipoolremote,benign,0,0.9110549762570492,1,malware
edu.synthetic.androzoo.malware.wallet_stealer.0017,malware,1,0.9999999999653495,1,malware
edu.synthetic.androzoo.malware.overlay_pin_stealer.0772,malware,1,1.0,1,malware
com.asus.rog.roggamingcenter3,benign,0,0.0004073319647683439,0,benign
edu.synthetic.androzoo.malware.sms_otp_stealer.1714,malware,1,1.0,1,malware
edu.synthetic.androzoo.malware.banker_accessibility.0660,malware,1,1.0,1,malware
com.kongsolo.jsmap,benign,0,0.003463697871442474,0,benign
jp.co.dtpnet.user86.lc2,benign,0,0.7826435165336981,1,malware
com.accor.appli.hybrid,benign,0,0.9591952213620544,1,malware
edu.synthetic.androzoo.malware.spyware_surveillance.0946,malware,1,0.9999999947054166,1,malware
com.subsplashconsulting.s_49ZKSJ,benign,0,1.4342716295829349e-30,0,benign
edu.synthetic.androzoo.malware.dropper_loader.0311,malware,1,1.0,1,malware
com.gcap.jumbleword,benign,0,0.14243042014539833,0,benign
com.ultra.gfx.tool.pro,malware,1,0.6435214551462362,1,malware
com.windcloud.recorder,malware,1,1.0,1,malware
com.riu,benign,0,1.0,1,malware
com.linkdokter.halodoc.android,benign,0,1.0,1,malware
edu.synthetic.androzoo.malware.banker_accessibility.1278,malware,1,0.9999999999998985,1,malware
edu.synthetic.androzoo.malware.ransomware_locker.1386,malware,1,1.0,1,malware
edu.synthetic.androzoo.malware.banker_accessibility.0369,malware,1,0.9999999999999996,1,malware
com.nstudio.weatherhere.free,benign,0,0.9981109776697701,1,malware
ai.atheneum,benign,0,0.9999901769544813,1,malware
com.ecoleplus.app,benign,0,0.5878863955215263,1,malware
edu.synthetic.androzoo.malware.overlay_pin_stealer.1074,malware,1,1.0,1,malware
com.sinyee.babybus.musicparty,malware,1,0.38509277170139583,0,benign
com.domicilien.aase,benign,0,0.00016306587316402738,0,benign
kr.ac.hufs.mobilecampus,benign,0,0.05100829252227539,0,benign
edu.synthetic.androzoo.malware.ransomware_locker.1670,malware,1,1.0,1,malware
com.DevDragon.QuebraCabecasBenzemaPuzzles,benign,0,0.9838426686683159,1,malware
com.productmadness.fafafagold,benign,0,0.9151506945758398,1,malware
com.intermaps.iskirussia,benign,0,0.03256085954383571,0,benign
com.wgt.android.golf,benign,0,0.9175244727819301,1,malware
edu.synthetic.androzoo.malware.banker_accessibility.1354,malware,1,0.9999999416131043,1,malware
com.windyty.android,benign,0,0.9992681595378126,1,malware
com.curefun,malware,1,1.0,1,malware
com.video.videodownloader_appdl,malware,1,0.9966945059101531,1,malware
edu.synthetic.androzoo.malware.ransomware_locker.0728,malware,1,1.0,1,malware
edu.synthetic.androzoo.malware.ransomware_locker.0464,malware,1,1.0,1,malware
edu.synthetic.androzoo.malware.overlay_pin_stealer.1568,malware,1,1.0,1,malware
edu.synthetic.androzoo.malware.overlay_pin_stealer.1449,malware,1,1.0,1,malware
cash.selene.app,benign,0,0.26780648240564087,0,benign
com.maxedadiygroup.brico,benign,0,0.8756967277297458,1,malware
edu.synthetic.androzoo.malware.banker_accessibility.1124,malware,1,1.0,1,malware
com.square_enix.android_googleplay.mangaup_jp,benign,0,0.0009610365526234374,0,benign
edu.synthetic.androzoo.malware.dropper_loader.1374,malware,1,1.0,1,malware
com.bim.osus,benign,0,0.9986080472421519,1,malware
edu.synthetic.androzoo.malware.sms_otp_stealer.0186,malware,1,0.999999999999738,1,malware
sk.antik.antikgo,benign,0,0.9999999999965337,1,malware
edu.synthetic.androzoo.malware.banker_accessibility.0371,malware,1,1.0,1,malware
com.ygtech.ddyx,benign,0,0.5434727484637514,1,malware
com.somfy.homeapp,benign,0,0.9952225248303236,1,malware
radio.tacana,benign,0,0.9999993779681217,1,malware
com.wifi.reader.lite,malware,1,0.9999983604057856,1,malware
com.visiblemobile.flagship,benign,0,1.0,1,malware
edu.synthetic.androzoo.malware.ransomware_locker.0884,malware,1,1.0,1,malware
com.centra.livekirtan,benign,0,0.8380562863436841,1,malware
cl.coopeuch.pass,malware,1,0.13859267093817557,0,benign
com.medevio.gateway,benign,0,1.0,1,malware
edu.synthetic.androzoo.malware.spyware_surveillance.0596,malware,1,0.9999767526438126,1,malware
edu.synthetic.androzoo.malware.ransomware_locker.1817,malware,1,1.0,1,malware
maa.standby_ios.widgets.lock_screen,benign,0,0.9938876765094433,1,malware
edu.synthetic.androzoo.malware.ransomware_locker.1275,malware,1,1.0,1,malware
br.com.bb.android,benign,0,0.6714679615619347,1,malware
asia.coins.mobile,benign,0,0.9412651452638304,1,malware
edu.synthetic.androzoo.malware.dropper_loader.1380,malware,1,1.0,1,malware
com.CSbossbabeboutiquellc.android,benign,0,3.758112253515738e-76,0,benign
com.xizi.quan,malware,1,0.9940407580233704,1,malware
br.com.raise.app10239,benign,0,0.5126369104567192,1,malware
com.permadi.basketball,benign,0,0.06984089820477303,0,benign
au.com.mentoracademy.app,benign,0,0.10223594326028065,0,benign
com.storytoys.lego.duplo.disney.mickey.and.friends.googleplay,benign,0,0.9157621473928979,1,malware
io.voodoo.holeio,malware,1,1.0,1,malware
edu.synthetic.androzoo.malware.sms_otp_stealer.1115,malware,1,0.9999999999924696,1,malware
com.gruntify.app,benign,0,0.999459806642723,1,malware
xw.givee.re4,malware,1,0.02651295529642456,0,benign
com.resdiary.androidapp,benign,0,4.658189433112811e-26,0,benign
edu.synthetic.androzoo.malware.adware_clicker.1341,malware,1,1.0,1,malware
edu.synthetic.androzoo.malware.dropper_loader.1227,malware,1,0.9999999999999885,1,malware
edu.synthetic.androzoo.malware.overlay_pin_stealer.0709,malware,1,1.0,1,malware
com.animocabrands.google.hoverrider,malware,1,0.9972379747190239,1,malware
com.yandex.yango,benign,0,0.0002804347643839988,0,benign
com.developer.appRadioBucuresti,benign,0,0.09551122698928113,0,benign
com.sauer.unity.griddefender,benign,0,0.05411709382792416,0,benign
edu.synthetic.androzoo.malware.banker_accessibility.1727,malware,1,0.9999999997988509,1,malware
mkisly.american.checkers,benign,0,0.6921369543245574,1,malware
edu.synthetic.androzoo.malware.spyware_surveillance.1001,malware,1,1.0,1,malware
com.kbpro.Fixiclicker,malware,1,1.0,1,malware
net.absoluta.brpostefacil,benign,0,1.0,1,malware
mk.functionalplanet.app,benign,0,0.1752960265591253,0,benign
edu.synthetic.androzoo.malware.wallet_stealer.0061,malware,1,0.9999999935034654,1,malware
edu.synthetic.androzoo.malware.wallet_stealer.1294,malware,1,1.0,1,malware
com.cn.yikaosouti,malware,1,0.7519706831580599,1,malware
biz.kajiken.app,benign,0,0.4843197385174901,0,benign
com.SereDim.OneDChess,benign,0,0.9245478955360432,1,malware
plus.H5A84F959,malware,1,0.6830936958753364,1,malware
com.thinkwu.live,malware,1,0.28596550975759394,0,benign
com.foodbooking.kebapnovelda,benign,0,0.9961721058559295,1,malware
edu.synthetic.androzoo.malware.ransomware_locker.1754,malware,1,1.0,1,malware
com.berhanbanksc.mobiruby,benign,0,0.659148334508576,1,malware
com.moneybookers.skrillpayments,benign,0,1.0,1,malware
edu.synthetic.androzoo.malware.dropper_loader.1006,malware,1,1.0,1,malware
com.nexon.bluearchive,benign,0,0.37779172386154347,0,benign
org.NSAA.BOU,benign,0,0.8793649197418932,1,malware
com.kahunas.io.DifferentBreedCoaching,benign,0,0.4794773513503311,0,benign
com.tianwen.jjrb,malware,1,0.8344118942694521,1,malware
edu.synthetic.androzoo.malware.ransomware_locker.0591,malware,1,1.0,1,malware
com.volkswagen.vwnavarra2,benign,0,0.9740532183566704,1,malware
app.haoce.com,malware,1,0.7811509859424375,1,malware
com.sinyee.babybus.food,malware,1,0.6273191926483391,1,malware
edu.synthetic.androzoo.malware.banker_accessibility.1379,malware,1,0.9999999953535395,1,malware
com.perception.soc.en,malware,1,0.3132736075558096,0,benign
edu.synthetic.androzoo.malware.ransomware_locker.0385,malware,1,1.0,1,malware
edu.synthetic.androzoo.malware.dropper_loader.0632,malware,1,1.0,1,malware
edu.synthetic.androzoo.malware.spyware_surveillance.1848,malware,1,0.999999999047362,1,malware
in.playsimple.cryptogram,benign,0,0.9988608049309123,1,malware
com.anchornode.rabbitcafe,benign,0,0.9934349928687883,1,malware
edu.synthetic.androzoo.malware.dropper_loader.0699,malware,1,1.0,1,malware
edu.synthetic.androzoo.malware.spyware_surveillance.1723,malware,1,1.0,1,malware
edu.synthetic.androzoo.malware.overlay_pin_stealer.1528,malware,1,1.0,1,malware
com.KrakerStudio.IHeelGood,benign,0,0.8841493249385934,1,malware
edu.synthetic.androzoo.malware.overlay_pin_stealer.1581,malware,1,1.0,1,malware
edu.synthetic.androzoo.malware.overlay_pin_stealer.1134,malware,1,1.0,1,malware
com.mf.xjafx.mi,malware,1,0.9999976279184455,1,malware
com.insthub.voguemini,malware,1,0.997265538940133,1,malware
edu.synthetic.androzoo.malware.spyware_surveillance.0949,malware,1,1.0,1,malware
com.myspa.lima,benign,0,0.9478678492861413,1,malware
edu.synthetic.androzoo.malware.wallet_stealer.1213,malware,1,0.9999999999359208,1,malware
com.douguo.yummydiary,malware,1,0.9999999666491557,1,malware
com.gearandroid.phoneleashfree,malware,1,0.03301952536922305,0,benign
edu.synthetic.androzoo.malware.sms_otp_stealer.1661,malware,1,1.0,1,malware
com.garhijp.docchigaooikana,benign,0,0.8199413310359962,1,malware
cn.eakay,malware,1,0.8710360745552401,1,malware
com.jxdmxxw.gnq,malware,1,0.04249571969694083,0,benign
edu.synthetic.androzoo.malware.banker_accessibility.1393,malware,1,0.9999999999738136,1,malware
com.lianaibiji.dev,malware,1,0.9399429694735237,1,malware
edu.synthetic.androzoo.malware.overlay_pin_stealer.0231,malware,1,1.0,1,malware
com.iyuba.englishfm,malware,1,0.07817259394819344,0,benign
com.ultragames.ArmWrestler3D,benign,0,1.0,1,malware
edu.synthetic.androzoo.malware.wallet_stealer.0485,malware,1,0.9999968660087182,1,malware
edu.synthetic.androzoo.malware.wallet_stealer.0392,malware,1,0.999999991666986,1,malware
edu.synthetic.androzoo.malware.sms_otp_stealer.0817,malware,1,1.0,1,malware
com.quiply.leimerkg,benign,0,0.6008868813322048,1,malware
conversor.conversaotaxasbasico.gbpsdg,benign,0,1.0929816140880204e-14,0,benign
com.u8.pblast,benign,0,0.8690530897531753,1,malware
com.easilydo.mail,benign,0,0.9999999761872277,1,malware
com.easyhome.fucai,malware,1,0.11706279064589081,0,benign
br.com.mestria.mx100TF,benign,0,0.9940054553578366,1,malware
jp.nakano.tokyo.rsa,benign,0,0.25980288239659743,0,benign
edu.synthetic.androzoo.malware.banker_accessibility.0155,malware,1,1.0,1,malware
edu.synthetic.androzoo.malware.banker_accessibility.1638,malware,1,0.9999999999999778,1,malware
it.xmenu.mandarinosushi,benign,0,0.27434622680789483,0,benign
com.transcore.android.commuterLink,benign,0,1.0,1,malware
air.android.evolutionalpaca,malware,1,0.3845809088497712,0,benign
dk.tactile.lilysgarden,benign,0,0.9170714215880378,1,malware
com.watchface.heartratetracker.heartratemonitor,benign,0,0.5162308651847046,1,malware
com.ccspltms,benign,0,0.8585864482216001,1,malware
edu.synthetic.androzoo.malware.sms_otp_stealer.1771,malware,1,0.999999999999801,1,malware
com.crescentmoongames.hammerbomb_st,malware,1,0.8339129044564274,1,malware
vn.icheck.android,benign,0,0.38049018619280756,0,benign
com.laoniao.leaperkim,malware,1,0.08054861032050228,0,benign
com.padu.paduapp,benign,0,0.6946180116448692,1,malware
in.tradebulls.trading,benign,0,0.002468241830773527,0,benign
edu.synthetic.androzoo.malware.spyware_surveillance.0191,malware,1,1.0,1,malware
com.tallurigames.nurserykids,benign,0,0.9902066165571135,1,malware
edu.synthetic.androzoo.malware.overlay_pin_stealer.0331,malware,1,1.0,1,malware
com.app4joy.world_flags_free,benign,0,0.3608967846305319,0,benign
edu.synthetic.androzoo.malware.ransomware_locker.0853,malware,1,1.0,1,malware
edu.synthetic.androzoo.malware.banker_accessibility.1707,malware,1,1.0,1,malware
edu.synthetic.androzoo.malware.overlay_pin_stealer.0435,malware,1,1.0,1,malware
com.trainerize.fitnesswithfranapp,benign,0,0.9993944671891648,1,malware
vn.payoo,benign,0,0.999998393876422,1,malware
edu.synthetic.androzoo.malware.sms_otp_stealer.1007,malware,1,0.9999955953893032,1,malware
com.ayome.sg,benign,0,1.0,1,malware
com.dreamo.xxsf,benign,0,0.6641094587365154,1,malware
com.julyz.babyenglish,malware,1,0.5021722377422425,1,malware
edu.synthetic.androzoo.malware.banker_accessibility.1173,malware,1,1.0,1,malware
com.lomolsoft.language.learnslovak,benign,0,0.9999999871026727,1,malware
air.nn.VEhFUEFQQVNIT1RET0dHRVJJQQ.ThePapasHotDoggeria,malware,1,0.7385569282286192,1,malware
app.jkmichaelspm.com,benign,0,0.06845127015777396,0,benign
au.com.solus.GlenEiraLibraries,benign,0,0.9976008338370155,1,malware
edu.synthetic.androzoo.malware.ransomware_locker.1580,malware,1,1.0,1,malware
com.HardcoreGamesStudio.DoomZDay,benign,0,0.004890304798418007,0,benign
biblia.reina.valera.virtual,malware,1,0.99997513920851,1,malware
us.game.a5,malware,1,0.8775533070643882,1,malware
com.KurikulumMerdeka.BukuGuruMatematikaKelas7L,benign,0,0.9986351285349118,1,malware
edu.synthetic.androzoo.malware.banker_accessibility.1687,malware,1,0.9999999999658296,1,malware
com.airkast.tunekast1613_132,benign,0,1.0,1,malware
no.compilo.civis,benign,0,5.02734692922079e-10,0,benign
com.apptegy.balticsd,benign,0,0.06536363705833684,0,benign
com.programmisty.emiasapp,benign,0,0.003781420988090324,0,benign
com.lstapps.batterywidget,malware,1,0.9229230734007046,1,malware
net.megastudy.qube,benign,0,0.9998776801646676,1,malware
com.perfectdraft,benign,0,0.9999950270201574,1,malware
com.rise.mobile,benign,0,0.9999065883401209,1,malware
au.com.nrl.tipping,benign,0,8.431362627590722e-05,0,benign
com.craftgames.plntcrft,benign,0,0.9990744517505002,1,malware
edu.synthetic.androzoo.malware.adware_clicker.0336,malware,1,1.0,1,malware
edu.synthetic.androzoo.malware.wallet_stealer.1019,malware,1,0.9999999997493998,1,malware
net.fmstudio.forgottenhillfirststeps,malware,1,0.07616468559397983,0,benign
com.temobi.zhibojiangmen,malware,1,0.5791842500226624,1,malware
mn.ard.android,benign,0,0.5708761704495897,1,malware
com.expoplatform.beauty.app1,benign,0,2.733593586918405e-07,0,benign
com.orientapps.idlecitymafiaclicker,malware,1,0.9999557127718495,1,malware
com.oclocher.mobileApp,benign,0,0.9999957753446654,1,malware
com.runawayplay.birdgame,benign,0,0.8992701822794528,1,malware
orphy.orphyDrive,benign,0,0.9980287721786257,1,malware
com.mais.smairtherov2,benign,0,0.018571847548770042,0,benign
barbeariaolympia.bestbarbers.app,benign,0,0.999807009083276,1,malware
com.BERLITZDC.DprincessHDWallpaper2019,benign,0,0.2938197841631393,0,benign
com.gps.gpskids,benign,0,0.4671366481707907,0,benign
com.grmrk.dressupgames,malware,1,0.7889175219160183,1,malware
hr.app.n207002376,benign,0,0.16244433780088652,0,benign
com.innovatise.coastalmovement,benign,0,0.9445780389635877,1,malware
com.praharaj_sqlite.app,benign,0,0.9958940781264766,1,malware
edu.synthetic.androzoo.malware.spyware_surveillance.1013,malware,1,1.0,1,malware
edu.synthetic.androzoo.malware.ransomware_locker.0319,malware,1,1.0,1,malware
edu.synthetic.androzoo.malware.dropper_loader.0250,malware,1,1.0,1,malware
edu.synthetic.androzoo.malware.banker_accessibility.1202,malware,1,0.9999999999991456,1,malware
com.schooleye.tps,benign,0,0.9960293760719535,1,malware
io.ionic.indichords,benign,0,0.38731671985293287,0,benign
cn.com.vau,benign,0,1.262319925493144e-24,0,benign
cz.fio.sb2,benign,0,0.9821447459163246,1,malware
com.eea.android,benign,0,0.12256215391770191,0,benign
pi.browser,benign,0,0.5537286957175794,1,malware
com.sinyee.babybus.foodcity,benign,0,2.6185462316641838e-08,0,benign
com.appsmart.delivery.pizzeriacaravellaa5272,benign,0,2.042979045018481e-10,0,benign
com.realvisiontv,benign,0,0.986412981180272,1,malware
dbzzz.dragon.ssj.battle,malware,1,0.9799246594057469,1,malware
com.yuwanxiong.yzddtwo,malware,1,1.0,1,malware
com.humor.talking.archaeopteryx,benign,0,0.48257263970066944,0,benign
ch.ceres24.app2,benign,0,0.01723225704159779,0,benign
com.lunarway.app,benign,0,0.9999934161027975,1,malware
edu.synthetic.androzoo.malware.ransomware_locker.0188,malware,1,1.0,1,malware
com.h4lsoft.scandroid,benign,0,0.756688096360855,1,malware
com.pregnancyapp.babyinside,benign,0,0.00013021350421513292,0,benign
com.zl.hlvideo,malware,1,0.19062061450458942,0,benign
edu.synthetic.androzoo.malware.spyware_surveillance.1281,malware,1,0.9999999996451947,1,malware
com.flaregames.rrtournament,benign,0,1.0,1,malware
com.wLeOInsights_12057002,malware,1,0.2953233743446227,0,benign
conversor.conversaotaxasbasico.jpygyd,benign,0,3.27165694413405e-11,0,benign
com.sebferrer.life_notes,benign,0,0.3917725396096661,0,benign
edu.synthetic.androzoo.malware.wallet_stealer.1762,malware,1,0.9999999393211217,1,malware
com.phonelocator.mobile.number.locationfinder.callerid,benign,0,0.9999999999998224,1,malware
org.smap.smapTask.android,benign,0,0.9858994803939124,1,malware
edu.synthetic.androzoo.malware.adware_clicker.0356,malware,1,1.0,1,malware
com.azgame.app.poolcity,benign,0,0.11415342761324404,0,benign
global.untolddubai,benign,0,0.9927020586691249,1,malware
edu.synthetic.androzoo.malware.overlay_pin_stealer.1792,malware,1,1.0,1,malware
edu.synthetic.androzoo.malware.overlay_pin_stealer.1103,malware,1,0.9999999991431527,1,malware
etg.extranet,benign,0,0.00012613104141758844,0,benign
com.projectx.mripl,malware,1,0.056696733429862145,0,benign
com.edxavier.wheels_equivalent,benign,0,0.065596461072034,0,benign
edu.synthetic.androzoo.malware.banker_accessibility.1557,malware,1,1.0,1,malware
edu.synthetic.androzoo.malware.adware_clicker.1063,malware,1,1.0,1,malware
com.lumilabs.LingoLooper,benign,0,0.6523346991342146,1,malware
com.laixue.lxagent,malware,1,0.670968636193827,1,malware
vk.chungju,benign,0,0.09889592963933176,0,benign
edu.synthetic.androzoo.malware.dropper_loader.0796,malware,1,1.0,1,malware
edu.synthetic.androzoo.malware.dropper_loader.0999,malware,1,1.0,1,malware
com.microfund.app,malware,1,0.9999999999999984,1,malware
edu.synthetic.androzoo.malware.overlay_pin_stealer.0901,malware,1,1.0,1,malware
com.apazine.floral,benign,0,0.9662218818261876,1,malware
com.singlife.mobile,benign,0,0.0180437565232461,0,benign
cz.hipercalc,benign,0,1.3638216532648308e-06,0,benign
com.pizzanova.ui,benign,0,0.770520307632885,1,malware
com.gameme5.FTHDHD,malware,1,0.9474086362842457,1,malware
net.ethervision.noworriesclub,benign,0,0.9997589603655158,1,malware
com.lifree1.agent,benign,0,0.9999984715679155,1,malware
com.tentech.remote,benign,0,0.033141957089808285,0,benign
edu.synthetic.androzoo.malware.banker_accessibility.0612,malware,1,1.0,1,malware
com.smartlife.nebula,benign,0,1.5839520729230074e-24,0,benign
com.subsplashconsulting.s_XNK3P6,benign,0,8.663635675562023e-30,0,benign
com.kenangan.my,benign,0,0.44401134456169733,0,benign
com.DigitalOxygen.FireFly,benign,0,0.029536714715643633,0,benign
edu.synthetic.androzoo.malware.dropper_loader.0863,malware,1,1.0,1,malware
virtue.android.ddp,malware,1,0.16989248114714145,0,benign
edu.synthetic.androzoo.malware.dropper_loader.0355,malware,1,1.0,1,malware
dev.Frases.deAmor.jado,benign,0,0.15351083377798094,0,benign
com.mu.mmo.rpg.game,benign,0,0.9948397963863465,1,malware
com.sinyee.babybus.song,malware,1,0.1834225437401162,0,benign
edu.synthetic.androzoo.malware.spyware_surveillance.0481,malware,1,0.9999999999999827,1,malware
edu.synthetic.androzoo.malware.banker_accessibility.0706,malware,1,0.9999999999999991,1,malware
cc.septnet.student,malware,1,0.4708956587193222,0,benign
com.audaxis.nordlittoral,benign,0,0.9999896761140191,1,malware
com.uncleroccos,benign,0,7.673221394305603e-11,0,benign
edu.synthetic.androzoo.malware.wallet_stealer.1210,malware,1,1.0,1,malware
jp.co.obunsha.dic.browser,benign,0,1.0,1,malware
com.OMCDev.Mockup3D,benign,0,0.09852876325792803,0,benign
abs.homeworkout.fit.packs.healthy,benign,0,0.8428020884059442,1,malware
edu.synthetic.androzoo.malware.banker_accessibility.0456,malware,1,0.9999999999930869,1,malware
cn.hundun.app.data,malware,1,0.8395679397618971,1,malware
com.gangguwang.yewugo,malware,1,0.8588537023248932,1,malware
edu.synthetic.androzoo.malware.wallet_stealer.1800,malware,1,0.9999999996393552,1,malware
com.inovcares.patient,benign,0,0.9720126123523569,1,malware
com.aizu.lite,malware,1,0.9487533101862653,1,malware
com.biz.android.mbanking,benign,0,0.18116170369412185,0,benign
edu.synthetic.androzoo.malware.overlay_pin_stealer.0909,malware,1,1.0,1,malware
com.benqu.wuta,malware,1,0.9767110560211798,1,malware
com.tanggo.frogjump,malware,1,0.9997577809592127,1,malware
com.songkick,benign,0,0.8941444055701291,1,malware
com.kaneep.dmang,malware,1,1.0,1,malware
edu.synthetic.androzoo.malware.adware_clicker.1562,malware,1,1.0,1,malware
edu.synthetic.androzoo.malware.ransomware_locker.0267,malware,1,1.0,1,malware
com.szmg.zhinews,malware,1,1.0,1,malware
jp.co.excite.radiotalk,benign,0,0.05522922782996045,0,benign
edu.synthetic.androzoo.malware.ransomware_locker.0351,malware,1,1.0,1,malware
com.hqyl.freebot,benign,0,0.9989908587062275,1,malware
com.lemon.play.linecolor,malware,1,0.17903174539914207,0,benign
com.hulldailymail,benign,0,0.8501415496615397,1,malware
games.syrupy.sandwichshop,benign,0,0.1708457262346843,0,benign
com.prospre,benign,0,0.15285525959890833,0,benign
com.nrpriore.TT2RaidOptimizer,benign,0,0.8442383535148917,1,malware
com.rd.huatest,malware,1,0.04262142978631709,0,benign
edu.synthetic.androzoo.malware.ransomware_locker.0166,malware,1,1.0,1,malware
edu.synthetic.androzoo.malware.banker_accessibility.1139,malware,1,0.995183366204009,1,malware
edu.synthetic.androzoo.malware.banker_accessibility.1105,malware,1,0.9999999999999656,1,malware
edu.synthetic.androzoo.malware.adware_clicker.1892,malware,1,1.0,1,malware
com.bayasaver.baya,benign,0,0.9966640839224722,1,malware
edu.synthetic.androzoo.malware.wallet_stealer.0619,malware,1,1.0,1,malware
de.tutao.tutanota,benign,0,0.6668109210270671,1,malware
edu.synthetic.androzoo.malware.wallet_stealer.1088,malware,1,0.9999999997118052,1,malware
com.revolve,benign,0,0.9999999999999711,1,malware
com.abacuschampsacademy.abacusChamp,benign,0,0.22276259046859234,0,benign
edu.synthetic.androzoo.malware.dropper_loader.1437,malware,1,1.0,1,malware
edu.synthetic.androzoo.malware.wallet_stealer.1338,malware,1,0.9999999994642268,1,malware
edu.synthetic.androzoo.malware.ransomware_locker.0783,malware,1,1.0,1,malware
com.IVR.horoscopocancer,benign,0,3.6151613065783984e-07,0,benign
edu.synthetic.androzoo.malware.spyware_surveillance.1909,malware,1,1.0,1,malware
edu.synthetic.androzoo.malware.banker_accessibility.1746,malware,1,0.9999999557163461,1,malware
com.englishkeyboard.voicetyping.speaktotype.translator,benign,0,0.9237092642095369,1,malware
com.happy.box.draw.shapes.game.cn,malware,1,0.14265320401681594,0,benign
com.dictionary.englishtoswahilidic,malware,1,0.999999999999998,1,malware
com.pgc.propertygaincalculator,benign,0,0.18007317667573777,0,benign
com.healthfitnessnordic.gxbooking,benign,0,0.022580437932637167,0,benign
edu.synthetic.androzoo.malware.banker_accessibility.1315,malware,1,0.9999999999985669,1,malware
shamimsoft.sahar,malware,1,0.17091468823107933,0,benign
edu.synthetic.androzoo.malware.banker_accessibility.1748,malware,1,1.0,1,malware
edu.synthetic.androzoo.malware.overlay_pin_stealer.1642,malware,1,1.0,1,malware
channelmentor.travelgrid.nh,benign,0,0.9633572267002491,1,malware
net.usb.usby4,benign,0,0.10734981030956121,0,benign
com.vamoos.apps.tourcompass,benign,0,0.9965939879362589,1,malware
tictactoe.game.imagebutton_group,benign,0,0.3896997878097283,0,benign
com.ddfkgab.bhuva,malware,1,0.9999999999930771,1,malware
edu.synthetic.androzoo.malware.wallet_stealer.1125,malware,1,0.9999999999883389,1,malware
en.murmli.espressotrackster,benign,0,0.15126537960774392,0,benign
com.ydsrsssl,malware,1,0.6402713979134022,1,malware
io.breezeway.Breezeway,benign,0,0.9275126529592054,1,malware
edu.synthetic.androzoo.malware.sms_otp_stealer.0163,malware,1,1.0,1,malware
com.iwanzbiz.megacarp,benign,0,0.9968863490216171,1,malware
core.writer,benign,0,0.11108565345913798,0,benign
io.bravon.pureliink,benign,0,0.9973709854272754,1,malware
giraffic.traffic,benign,0,0.9988327834838573,1,malware
com.makeshop.podbbang,benign,0,0.9955354252573047,1,malware
br.com.guiasos.app53on,benign,0,0.00031967759377198116,0,benign
edu.synthetic.androzoo.malware.overlay_pin_stealer.0179,malware,1,1.0,1,malware
jp.co.inte.miidas,benign,0,0.9962639076024138,1,malware
com.southradios,benign,0,0.9999986993565916,1,malware
edu.synthetic.androzoo.malware.sms_otp_stealer.0239,malware,1,0.9999999999999709,1,malware
com.degoo.android.hsclinic,malware,1,0.999999999573572,1,malware
edu.synthetic.androzoo.malware.spyware_surveillance.1323,malware,1,1.0,1,malware
com.frolicfoxstudio.bssd,malware,1,1.0,1,malware
com.trainerize.gentrygym,benign,0,0.9923521640820538,1,malware
com.inscore.inscore,benign,0,2.0161665260479683e-07,0,benign
com.subsplashconsulting.s_VTHQCQ,benign,0,8.07846213949749e-26,0,benign
com.mwaa.digital.signage.tc.iad,benign,0,0.26541535472405187,0,benign
edu.synthetic.androzoo.malware.overlay_pin_stealer.1297,malware,1,1.0,1,malware
com.e.fratebookingapp,benign,0,0.9096217803462658,1,malware
edu.synthetic.androzoo.malware.spyware_surveillance.0806,malware,1,0.9999999999979028,1,malware
edu.synthetic.androzoo.malware.ransomware_locker.1384,malware,1,1.0,1,malware
edu.synthetic.androzoo.malware.spyware_surveillance.0983,malware,1,1.0,1,malware
com.dada.songshu,malware,1,0.980579982756098,1,malware
edu.synthetic.androzoo.malware.ransomware_locker.1744,malware,1,1.0,1,malware
edu.synthetic.androzoo.malware.ransomware_locker.1637,malware,1,1.0,1,malware
edu.synthetic.androzoo.malware.sms_otp_stealer.0825,malware,1,0.9999999937323198,1,malware
eu.mobile_alerts.thermoconnect,benign,0,0.00158458773097198,0,benign
com.jewel.drop.slide.block.puzzlegame,benign,0,0.999979939782072,1,malware
com.hkaa.carshare,benign,0,0.9999998165868925,1,malware
edu.synthetic.androzoo.malware.overlay_pin_stealer.1440,malware,1,1.0,1,malware
com.kigle.cocobi.hospital,benign,0,0.890276863763893,1,malware
edu.synthetic.androzoo.malware.banker_accessibility.1042,malware,1,0.9999999999997597,1,malware
com.vanniktech.meditationtimer,benign,0,0.00015873251430113849,0,benign
edu.synthetic.androzoo.malware.banker_accessibility.1797,malware,1,1.0,1,malware
com.ridetaskapp.store,benign,0,0.008885250001916159,0,benign
edu.synthetic.androzoo.malware.sms_otp_stealer.0834,malware,1,0.9999999999944273,1,malware
edu.synthetic.androzoo.malware.overlay_pin_stealer.0439,malware,1,1.0,1,malware
com.urbandroid.lux,benign,0,0.00830306180517271,0,benign
edu.synthetic.androzoo.malware.overlay_pin_stealer.0103,malware,1,1.0,1,malware
com.yuanlue.chongwu,malware,1,0.9977676610630329,1,malware
com.gomemyc.mylc.android,malware,1,1.0,1,malware
com.cjump.clothing.store.sim.game,benign,0,0.20506980735574465,0,benign
edu.synthetic.androzoo.malware.banker_accessibility.1454,malware,1,1.0,1,malware
com.gabama.monopostolite,benign,0,0.7737164045323551,1,malware
com.EdicionesAlborada.PiensaMateALM2AR2023,benign,0,0.6551831473198253,1,malware
com.threeminutegames.lifelinehalftoinfinitygoog.st,malware,1,0.38571092548784114,0,benign
com.webbergate.chs,benign,0,0.9954294271965549,1,malware
com.despdev.silver_and_gold_price_calc,benign,0,0.1173236646737402,0,benign
com.steinberg.cubasisle3,benign,0,0.9870789399484566,1,malware
com.EvolutionOfGames.EvolutionOfSpecies2,benign,0,0.9032458178161124,1,malware
com.dyg.presstheodds,benign,0,0.052656869102216466,0,benign
io.shiftee.app,benign,0,0.5183858399510813,1,malware
com.restaumatic.sivas_kebab_production,benign,0,0.09627824407675295,0,benign
com.tuboapps.vmate,benign,0,5.0849569758052194e-05,0,benign
com.bible.dailyprayer.verse.devotion.guide,benign,0,0.010854826033451916,0,benign
com.vanilatechmta.fgv,benign,0,0.4359368750372484,0,benign
com.shelvz.fieldForce,benign,0,0.10976466106588759,0,benign
com.telematicssdk.zenroad,benign,0,0.39489762355734886,0,benign
edu.synthetic.androzoo.malware.ransomware_locker.1699,malware,1,1.0,1,malware
jp.studysapurienglish.student,benign,0,0.05831409617508955,0,benign
edu.synthetic.androzoo.malware.spyware_surveillance.1143,malware,1,0.9999999990977053,1,malware
edu.synthetic.androzoo.malware.overlay_pin_stealer.0510,malware,1,1.0,1,malware
edu.synthetic.androzoo.malware.dropper_loader.1425,malware,1,1.0,1,malware
edu.synthetic.androzoo.malware.overlay_pin_stealer.1893,malware,1,1.0,1,malware
com.bushiroad.BushiroadFightersNavigator,benign,0,0.7560706979293734,1,malware
ua.com.etnocode.minecraftpacks,benign,0,1.0,1,malware
com.Alaa.Akl.App.Quran.Karime,benign,0,0.949395167238643,1,malware
edu.synthetic.androzoo.malware.adware_clicker.0703,malware,1,1.0,1,malware
com.startsecurityapptool.scanner,malware,1,0.9999980629998163,1,malware
edu.synthetic.androzoo.malware.ransomware_locker.1084,malware,1,1.0,1,malware
jp.co.sony.hes.home,benign,0,0.9956911264612107,1,malware
edu.synthetic.androzoo.malware.dropper_loader.1036,malware,1,1.0,1,malware
app.nepaliapp.successbusiness,malware,1,0.005967313050985407,0,benign
com.jygame.qqtyt.kbls3d.yyh,malware,1,0.9999980789570779,1,malware
com.tpltrakker.main,benign,0,0.4279928220700298,0,benign
com.visma.ruby,benign,0,0.00527011655216378,0,benign
edu.synthetic.androzoo.malware.spyware_surveillance.1698,malware,1,0.9999999929977972,1,malware
jp.co.fukuibank.bankingappli,benign,0,0.2677811066211994,0,benign
edu.synthetic.androzoo.malware.sms_otp_stealer.0922,malware,1,0.9999517937903201,1,malware
edu.synthetic.androzoo.malware.ransomware_locker.0819,malware,1,1.0,1,malware
edu.synthetic.androzoo.malware.overlay_pin_stealer.1634,malware,1,1.0,1,malware
com.sei.sevencharge.ca,benign,0,0.7735189451992759,1,malware
edu.synthetic.androzoo.malware.dropper_loader.1387,malware,1,1.0,1,malware
com.radefffactory.simplelauncher,benign,0,0.4446405110703044,0,benign
stock.xiaomi.mi.mix.fold.poco.redmi.k50.launcher.wallpaper,benign,0,0.9431540618277051,1,malware
com.deere.myoperations,benign,0,0.8969300753818008,1,malware
com.fantasticostudio.cuccchi,malware,1,0.05919919172311593,0,benign
com.bigduckgames.flowshapes,benign,0,0.9971379629991443,1,malware
com.tourradar.traveller.app,benign,0,0.9920575475246772,1,malware
edu.synthetic.androzoo.malware.overlay_pin_stealer.1543,malware,1,1.0,1,malware
no.ibooking.membroapp,benign,0,0.991359540600615,1,malware
edu.synthetic.androzoo.malware.overlay_pin_stealer.1504,malware,1,1.0,1,malware
edu.synthetic.androzoo.malware.spyware_surveillance.1056,malware,1,0.9999999999974154,1,malware
com.tahara.tahara_app,benign,0,0.9860071250892728,1,malware
com.cslm.abc,malware,1,0.07347773699800224,0,benign
edu.synthetic.androzoo.malware.banker_accessibility.0444,malware,1,0.9999999986880064,1,malware
edu.synthetic.androzoo.malware.banker_accessibility.0021,malware,1,1.0,1,malware
nl.negentwee,benign,0,0.2891435836183953,0,benign
com.alhuda.learnquran,benign,0,9.335748076771545e-12,0,benign
edu.synthetic.androzoo.malware.spyware_surveillance.0543,malware,1,1.0,1,malware
edu.synthetic.androzoo.malware.dropper_loader.1737,malware,1,1.0,1,malware
com.znam_majstora.android,benign,0,0.8194502380029022,1,malware
lv.bite.manabite,benign,0,1.0,1,malware
in.indwealth,benign,0,0.9998715170871176,1,malware
com.leltek.leltekultrasound,benign,0,0.9847099508460885,1,malware
ru.biletpdd,benign,0,0.999999999960113,1,malware
com.howtobiz.innoutm,benign,0,0.8845608137171262,1,malware
jp.arrano.dogyearscalc,benign,0,0.17303234980076007,0,benign
com.famobi.neontower,benign,0,0.9998927785124042,1,malware
edu.synthetic.androzoo.malware.banker_accessibility.1751,malware,1,0.9999999999986948,1,malware
edu.synthetic.androzoo.malware.adware_clicker.1862,malware,1,1.0,1,malware
com.onevision.workspace.workstations,benign,0,0.9762896542662955,1,malware
edu.synthetic.androzoo.malware.spyware_surveillance.1908,malware,1,0.9999999992937703,1,malware
com.angry.brei,benign,0,0.8820160069672929,1,malware
com.solucionesandinas.depositoon_line,benign,0,0.526015458870533,1,malware
com.sinyee.babybus.angie,malware,1,0.4726442409993618,0,benign
edu.synthetic.androzoo.malware.ransomware_locker.0018,malware,1,1.0,1,malware
com.innobe.apps.farmdiary.vnext,benign,0,0.5717028859169925,1,malware
com.icbc.wapc,malware,1,0.6495195497750773,1,malware
edu.synthetic.androzoo.malware.overlay_pin_stealer.1858,malware,1,1.0,1,malware
com.asfcraftsmansupercraftingcraft.asfcraft,malware,1,5.9652058262494944e-05,0,benign
com.WriterInformation.dharana,benign,0,0.9865775516225032,1,malware
edu.synthetic.androzoo.malware.banker_accessibility.1931,malware,1,0.9999553191677121,1,malware
edu.synthetic.androzoo.malware.spyware_surveillance.1591,malware,1,1.0,1,malware
com.apptegy.wheelertx,benign,0,0.9975724317272039,1,malware
edu.synthetic.androzoo.malware.banker_accessibility.0467,malware,1,1.0,1,malware
edu.synthetic.androzoo.malware.sms_otp_stealer.1766,malware,1,0.9999999968401643,1,malware
edu.synthetic.androzoo.malware.overlay_pin_stealer.0207,malware,1,1.0,1,malware
edu.synthetic.androzoo.malware.sms_otp_stealer.0218,malware,1,0.9999999999949061,1,malware
edu.synthetic.androzoo.malware.wallet_stealer.1034,malware,1,0.9999993628832191,1,malware
com.eonsoft.MultiTimer,benign,0,0.8982004017101798,1,malware
edu.synthetic.androzoo.malware.spyware_surveillance.0736,malware,1,0.9999999998789086,1,malware
com.tap_to_translate.snap_translate,malware,1,0.030632709715077682,0,benign
com.dcngame.yasuo,malware,1,1.0,1,malware
uk.takeaway.android,benign,0,8.594319281306682e-15,0,benign
com.dreamcast.junglee,benign,0,0.9997460481714947,1,malware
com.provigil.vgs,benign,0,0.3714338024263012,0,benign
in.odiaportal.odiajataka,malware,1,0.9449460659244737,1,malware
edu.synthetic.androzoo.malware.spyware_surveillance.1548,malware,1,0.9999999954751813,1,malware
com.business.vidcomapp,benign,0,0.13841134189091006,0,benign
dev.SellAnnuityPayment.WaterDropLiveWallpaper,benign,0,0.9976638854907615,1,malware
com.woycnl.cxdyxhk,malware,1,0.9751322223958699,1,malware
edu.synthetic.androzoo.malware.ransomware_locker.1803,malware,1,1.0,1,malware
de.bild.MeinKlub,benign,0,0.8151536139075329,1,malware
com.wyj.snake,malware,1,0.9968276818486852,1,malware
cat.bcn.llumbcn,benign,0,1.0,1,malware
edu.synthetic.androzoo.malware.adware_clicker.0536,malware,1,1.0,1,malware
com.dazheng,malware,1,1.0,1,malware
com.docterz.connect.velocity,benign,0,0.0016052927134324348,0,benign
je.fit,benign,0,2.2747902131212006e-10,0,benign
com.hstech.cretamaris,benign,0,1.0,1,malware
in.org.vaishnaviconsultancy,benign,0,0.30481280859638643,0,benign
edu.synthetic.androzoo.malware.spyware_surveillance.0150,malware,1,0.9999997915347921,1,malware
edu.synthetic.androzoo.malware.sms_otp_stealer.1317,malware,1,0.9999999999170592,1,malware
no.aftenbladet,benign,0,0.7659023009880201,1,malware
uk.co.solus.WindsorMaidenheadLibraries,benign,0,0.9999999791395173,1,malware
com.zivanafa.PirateWallpaperShip,benign,0,0.2747050649927766,0,benign
fi.eventbrokers.sporttipassimobile,benign,0,0.8204912352881997,1,malware
com.mogo.DropBubble,malware,1,0.9999980134922923,1,malware
com.akd.luxurycars,malware,1,1.0,1,malware
edu.synthetic.androzoo.malware.sms_otp_stealer.0045,malware,1,1.0,1,malware
com.subsplashconsulting.s_H9CPMS,benign,0,3.852515083958564e-18,0,benign
com.appernewsr.zambiaradiostations,benign,0,0.9999999999999989,1,malware
com.pixticle.bokuboku.yg,malware,1,0.9999227021389608,1,malware
com.tengniu.p2p.tnp2p,malware,1,0.9677555117108758,1,malware
com.redroserestaurantonlineee,benign,0,4.5316571958039775e-10,0,benign
edu.synthetic.androzoo.malware.overlay_pin_stealer.0929,malware,1,1.0,1,malware
stoameditation.stoa,benign,0,0.8179618898693082,1,malware
com.yingedu.ppst,malware,1,0.9999882198582989,1,malware
edu.synthetic.androzoo.malware.banker_accessibility.1864,malware,1,1.0,1,malware
com.whalo.games.fishoffortune,benign,0,0.8565189731041895,1,malware
fr.mutlab.lmp,benign,0,0.5040723879839966,1,malware
fr.geev.application,benign,0,2.3178023831722614e-07,0,benign
com.wholesale7.yxm,malware,1,0.9962478392256308,1,malware
edu.synthetic.androzoo.malware.spyware_surveillance.0222,malware,1,0.9999999999977118,1,malware
com.openlms.myccmoodle,benign,0,0.28399528240474264,0,benign
com.tikalk.worktracker,benign,0,0.9999975933053123,1,malware
com.hrblock.AtHome,benign,0,2.957634933717377e-19,0,benign
com.james.SmartCalculator,benign,0,0.9736139656573536,1,malware
com.clanified.virtual.rent.family.sim,benign,0,0.32590918100982474,0,benign
com.cqaizhe.cassette,malware,1,1.0,1,malware
edu.synthetic.androzoo.malware.sms_otp_stealer.0916,malware,1,1.0,1,malware
app.pod1um.coach,benign,0,0.985315306145502,1,malware
edu.synthetic.androzoo.malware.dropper_loader.0197,malware,1,1.0,1,malware
com.hinews,malware,1,0.6713894664631789,1,malware
speaker.cleaner.remove.water.cleanspkrwater.speakerdustremover,malware,1,0.9916547706200951,1,malware
edu.synthetic.androzoo.malware.sms_otp_stealer.1280,malware,1,0.9999999632564853,1,malware
com.kyzook.travelx,benign,0,0.0016791468505440547,0,benign
com.clickastro.freehoroscope.astrology,benign,0,0.9487021428365302,1,malware
edu.synthetic.androzoo.malware.ransomware_locker.1164,malware,1,0.9999999999999174,1,malware
edu.synthetic.androzoo.malware.banker_accessibility.0424,malware,1,0.999999999986926,1,malware
com.classpro.enquiry,benign,0,1.0,1,malware
com.xemplar.drive,malware,1,0.856838425573193,1,malware
com.princeappstudio.ptu_cgpa_tracker,benign,0,0.012850959262851345,0,benign
com.magmalearning.magma,benign,0,0.8687036179618186,1,malware
com.yiqun.antmayi,malware,1,0.975125414672615,1,malware
com.hb.xiaobien,malware,1,0.7672445938524256,1,malware
edu.synthetic.androzoo.malware.banker_accessibility.1895,malware,1,0.9999999999999578,1,malware
com.g5e.ghoststories.android,malware,1,1.0,1,malware
fenshu.jisuanqi.yuyin,malware,1,0.12420895153757501,0,benign
com.endalia.mobile.hr,benign,0,0.9595672097627361,1,malware
com.tinytouchtales.cardthief,benign,0,0.9678649191670501,1,malware
com.webuildgroup.approve,benign,0,0.9998819963698725,1,malware
edu.synthetic.androzoo.malware.dropper_loader.0765,malware,1,1.0,1,malware
com.myguitarchord.app,malware,1,0.4979654970788783,0,benign
edu.synthetic.androzoo.malware.dropper_loader.1752,malware,1,0.9999999999999944,1,malware
com.happigo.activity,malware,1,0.9518667770993648,1,malware
com.specialy.app,benign,0,0.4292797189636341,0,benign
com.chronogolf.booking.batchwood,benign,0,0.7245354641068874,1,malware
Uxpp.UC,benign,0,0.20903180259316853,0,benign
uk.co.redchillieskincardinee,benign,0,0.27078181736385465,0,benign
com.customchurchappsmtlassencommunitychurch,benign,0,2.474588847147277e-20,0,benign
com.rumble.denver_post_sports,benign,0,8.629084607855499e-08,0,benign
com.livextra.bible.awadhi,benign,0,1.0,1,malware
com.wishsoft.yyj.phone,malware,1,0.9999990254331531,1,malware
edu.synthetic.androzoo.malware.dropper_loader.0266,malware,1,1.0,1,malware
com.coachcatalyst.covalcoaching,benign,0,0.0788102899271101,0,benign
edu.synthetic.androzoo.malware.wallet_stealer.1179,malware,1,1.0,1,malware
edu.synthetic.androzoo.malware.adware_clicker.0807,malware,1,1.0,1,malware
am.studio.poison.habit.of.force,benign,0,0.0002072279243892418,0,benign
sk.mildev84.agendareminder,benign,0,0.0014280042776724307,0,benign
com.plussmilea.lamhaa,benign,0,0.02798170028438133,0,benign
com.opogo,benign,0,6.715001592476284e-07,0,benign
no.fishbuddy_playground.app,benign,0,1.3968812367566099e-06,0,benign
bhakti.sagar.mahamrityunjaya.mantra,benign,0,0.6835518608416639,1,malware
com.Fivestones.Alter,malware,1,0.9999999959729837,1,malware
com.vergolansw.vergola,benign,0,0.2599382613132772,0,benign
org.chromium.webapk.a7b2684bdfb8a73b6_v2,benign,0,0.9398069475932409,1,malware
tiger.free.wild.wallpapers,benign,0,0.00037025074073199053,0,benign
info.oturizme.shashki,benign,0,0.8895656948644961,1,malware
com.communi.app,benign,0,1.389345745483203e-14,0,benign
edu.synthetic.androzoo.malware.sms_otp_stealer.0226,malware,1,0.9999999999999998,1,malware
com.distiller.distiller,benign,0,0.14683925959288052,0,benign
com.pumptrip.pumptrip,benign,0,0.26550653397769874,0,benign
com.wetu.android.wetuandroid,benign,0,0.9964888721385782,1,malware
com.GraubaumgameStudio.RennumdeinLeben,benign,0,0.7917145020719321,1,malware
com.hipu.yidian,malware,1,0.7960517530929639,1,malware
com.letsgetdigital.app3685x,benign,0,5.57022233479845e-16,0,benign
edu.synthetic.androzoo.malware.banker_accessibility.1230,malware,1,1.0,1,malware
com.bizico.socar,benign,0,0.9488260674525258,1,malware
edu.synthetic.androzoo.malware.dropper_loader.1809,malware,1,1.0,1,malware
eu.duong.imagedatefixer,benign,0,0.9773213351954284,1,malware
com.cofox.kahunas.CameronLeemingFitness,benign,0,0.19765615262529634,0,benign
edu.synthetic.androzoo.malware.dropper_loader.1889,malware,1,1.0,1,malware
com.jernung.infinite.deu,benign,0,0.06170632968133255,0,benign
com.gamenug.hotdonutlite,malware,1,0.9929105595763816,1,malware
edu.synthetic.androzoo.malware.wallet_stealer.1590,malware,1,1.0,1,malware
edu.synthetic.androzoo.malware.overlay_pin_stealer.0255,malware,1,1.0,1,malware
com.coolcollege.kxy,malware,1,0.8498511323953689,1,malware
edu.synthetic.androzoo.malware.ransomware_locker.1408,malware,1,1.0,1,malware
com.grunkr.facelock,malware,1,0.46245411982038853,0,benign
com.telek.smarthome.android,malware,1,0.9999999999999722,1,malware
au.gov.nsw.service,benign,0,0.9034628622603248,1,malware
edu.synthetic.androzoo.malware.dropper_loader.1268,malware,1,1.0,1,malware
f.info.actualites.france.infos.direct,benign,0,0.9999999960513846,1,malware
com.ds.mf.dhansampan,benign,0,0.6720308140181712,1,malware
edu.synthetic.androzoo.malware.spyware_surveillance.1633,malware,1,1.0,1,malware
edu.synthetic.androzoo.malware.banker_accessibility.0553,malware,1,1.0,1,malware
edu.synthetic.androzoo.malware.banker_accessibility.1711,malware,1,1.0,1,malware
edu.synthetic.androzoo.malware.ransomware_locker.1585,malware,1,1.0,1,malware
edu.synthetic.androzoo.malware.overlay_pin_stealer.1718,malware,1,1.0,1,malware
edu.synthetic.androzoo.malware.dropper_loader.1731,malware,1,0.9999366632321396,1,malware
com.newclassic.doublerich,benign,0,0.03514060740001325,0,benign
org.kalvari.ignite,malware,1,0.2163391898874318,0,benign
edu.synthetic.androzoo.malware.spyware_surveillance.0636,malware,1,0.9999337641483481,1,malware
com.baijiayun.hanfeng,malware,1,0.9433759735473585,1,malware
com.ggstudio.yeloli,benign,0,0.15432623106628726,0,benign
edu.synthetic.androzoo.malware.ransomware_locker.0238,malware,1,1.0,1,malware
edu.synthetic.androzoo.malware.sms_otp_stealer.0573,malware,1,1.0,1,malware
org.mobilegpstracker.client,benign,0,0.9971369851293653,1,malware
com.ysg.ejt,malware,1,0.6380741102458249,1,malware
com.androidwasabi.wallpaper.cosmic,benign,0,0.026813421457184676,0,benign
com.doc360.client,malware,1,0.8500941640304414,1,malware
com.onewaycab,benign,0,0.9550498406679472,1,malware
com.infiniplay.merge.fashion.romance.story,benign,0,0.458349048425695,0,benign
de.crysxd.octoapp,benign,0,0.25270141714627226,0,benign
com.washify,benign,0,0.9682132906962145,1,malware
com.colobu.flyrunner,malware,1,0.32196640536433363,0,benign
edu.synthetic.androzoo.malware.banker_accessibility.0309,malware,1,0.9999999999982789,1,malware
com.fiya.android,benign,0,0.9901691266619336,1,malware
ott.buildandburn,benign,0,1.072001494080924e-06,0,benign
app.call.com,benign,0,0.9947895629329596,1,malware
free_translator.mnzh,benign,0,0.9981243764942874,1,malware
com.genji.zimiscq,malware,1,1.0,1,malware
com.microsoft.planner,benign,0,0.99999999994254,1,malware
edu.synthetic.androzoo.malware.sms_otp_stealer.0615,malware,1,0.9999977766302581,1,malware
edu.synthetic.androzoo.malware.banker_accessibility.0761,malware,1,1.0,1,malware
com.fiveloyalty.nutbutter,benign,0,0.4328221667839595,0,benign
io.expopass.expo,benign,0,1.0,1,malware
edu.synthetic.androzoo.malware.banker_accessibility.0453,malware,1,0.9999999999998066,1,malware
com.SunnyMoonProject.SweetStacksV2,benign,0,0.9954500392006682,1,malware
edu.synthetic.androzoo.malware.spyware_surveillance.0622,malware,1,0.9999999996064171,1,malware
ld.learn.acupressure.points.acupuncture.tips,malware,1,0.13371739526195173,0,benign
com.subsplashconsulting.s_83272W,benign,0,1.0,1,malware
com.funlabs.ironRangerMarvelPacificman2,benign,0,0.15963427575209846,0,benign
com.fairfaxmedia.ink.metro.smh,benign,0,0.6481531951663065,1,malware
com.sstech.suh.dic.hau,malware,1,0.20095463068349115,0,benign
org.wycliffe.mixtecosurpuebla.mit,benign,0,0.7858183840114527,1,malware
com.rubeacon.niceandjoy,benign,0,0.9649841348226391,1,malware
edu.synthetic.androzoo.malware.banker_accessibility.1169,malware,1,0.999999998088569,1,malware
com.mod.downloader.menu,malware,1,7.745687895643891e-18,0,benign
com.pregnant.bestpregnancytime,benign,0,0.18719460673674507,0,benign
com.chariloto.cla,benign,0,0.997706436174174,1,malware
com.bis.bisapp,benign,0,0.08221083785508286,0,benign
ireport.liberia.mobile,benign,0,0.9484401019070171,1,malware
edu.synthetic.androzoo.malware.spyware_surveillance.0493,malware,1,0.9999999477601439,1,malware
com.eventodivertido.eventodivertido,benign,0,0.9906140361118875,1,malware
br.com.wiki4fit.marcusvinicius,benign,0,0.3375497296086485,0,benign
edu.synthetic.androzoo.malware.banker_accessibility.0230,malware,1,1.0,1,malware
edu.synthetic.androzoo.malware.dropper_loader.1316,malware,1,1.0,1,malware
com.simyasolutions.ling.lv,benign,0,0.06137407900760061,0,benign
edu.synthetic.androzoo.malware.ransomware_locker.1332,malware,1,1.0,1,malware
com.funny.voicechanger.free.voiceeditor.voiceeffects.soundeffects,benign,0,0.9933062900031334,1,malware
edu.synthetic.androzoo.malware.banker_accessibility.1564,malware,1,1.0,1,malware
edu.synthetic.androzoo.malware.banker_accessibility.0498,malware,1,1.0,1,malware
com.bxsoftx.spxdatareover,malware,1,0.03683782348576934,0,benign
com.beliapp.myapp,benign,0,0.9999999999557996,1,malware
kr.railnetwork.app.railnetwork,benign,0,0.9966558104909664,1,malware
com.baole.blap,malware,1,0.9616279031566219,1,malware
edu.synthetic.androzoo.malware.overlay_pin_stealer.1018,malware,1,1.0,1,malware
com.williamsinteractive.goldfish,benign,0,0.11936444083730245,0,benign
edu.synthetic.androzoo.malware.dropper_loader.1514,malware,1,1.0,1,malware
edu.synthetic.androzoo.malware.dropper_loader.1254,malware,1,1.0,1,malware
nz.school.npbhstraining.train.own,benign,0,0.996984888342912,1,malware
lingauto.gczx.shop4s.wsjb,malware,1,0.6317644187239037,1,malware
com.dungmori.dungmoriapp,benign,0,0.43337850470709405,0,benign
com.mobincube.homiletica.sc_HU3B1K,malware,1,0.803998396149589,1,malware
com.prepaid.inncableguy,benign,0,0.29059173341217975,0,benign
edu.synthetic.androzoo.malware.wallet_stealer.1031,malware,1,0.9999999930990255,1,malware
com.wenext.wayak,benign,0,0.5745616653356407,1,malware
com.intermaps.iskituerkiye,benign,0,5.014355937835567e-08,0,benign
edu.synthetic.androzoo.malware.wallet_stealer.1447,malware,1,0.9999999999892915,1,malware
com.netease.too.netease,malware,1,0.26633739107200066,0,benign
edu.synthetic.androzoo.malware.wallet_stealer.1614,malware,1,1.0,1,malware
com.kahunas.io.LEANERSTRONGERFASTER,benign,0,0.0014949061797379848,0,benign
edu.synthetic.androzoo.malware.dropper_loader.1416,malware,1,1.0,1,malware
com.hishabee.business,benign,0,0.01036620905846402,0,benign
com.MapsAndVirtualCompass,benign,0,0.21381789797049136,0,benign
edu.synthetic.androzoo.malware.banker_accessibility.1135,malware,1,1.0,1,malware
za.co.discovery.consumer.remedi,benign,0,0.11593948609673282,0,benign
cc.meowssage.astroweather,benign,0,0.18264864935954744,0,benign
com.anji.plus.crm,malware,1,0.09416281702660861,0,benign
ai.hyke.dealer,benign,0,1.0,1,malware
edu.synthetic.androzoo.malware.overlay_pin_stealer.0443,malware,1,1.0,1,malware
jp.co.bronco.app.bronco,benign,0,0.6844592075502182,1,malware
edu.synthetic.androzoo.malware.banker_accessibility.1037,malware,1,0.9998323917161037,1,malware
es.duocom.reloj_laboral,benign,0,0.9962407956827394,1,malware
edu.synthetic.androzoo.malware.spyware_surveillance.1201,malware,1,1.0,1,malware
com.lotus.lianliankan,malware,1,1.0,1,malware
com.sinyee.babybus.stroke,malware,1,0.9815468873883263,1,malware
com.pdit.sausagelady,malware,1,0.9999820076861429,1,malware
com.magzter.architectureplusdesign,benign,0,3.172895734053265e-10,0,benign
edu.synthetic.androzoo.malware.wallet_stealer.1473,malware,1,1.0,1,malware
com.hf.findmaster,malware,1,0.3263083081786752,0,benign
com.yesihome.smartlife,benign,0,0.999996915007869,1,malware
com.color.busfrenzy,benign,0,0.9958242222434183,1,malware
com.zuzuChe.wz.sh,malware,1,0.4149141717160272,0,benign
com.heitao.mhj.appchina,malware,1,0.9993361044809251,1,malware
com.app.tpvpak,benign,0,0.8616445136313463,1,malware
gen.tech.keiki.world.learning,benign,0,0.9044679165539213,1,malware
com.kiarygames.tinyroom,malware,1,1.0,1,malware
edu.synthetic.androzoo.malware.banker_accessibility.0264,malware,1,1.0,1,malware
com.zhiliaoxl.lingyun,malware,1,0.9327920919101887,1,malware
com.tt.customer.us,benign,0,0.9926288601501114,1,malware
edu.synthetic.androzoo.malware.sms_otp_stealer.0285,malware,1,1.0,1,malware
com.expert.eplive,benign,0,0.13115302134467058,0,benign
com.deadwarfare.gungames,malware,1,1.0,1,malware
edu.synthetic.androzoo.malware.overlay_pin_stealer.1239,malware,1,1.0,1,malware
com.reliantparking.resident,benign,0,0.07395446281236706,0,benign
mobilesoftgame.grandwarssa,malware,1,0.7250991923787095,1,malware
com.asobimo.alchemiastory,benign,0,1.0,1,malware
com.suppapp,benign,0,0.9475915420305673,1,malware
com.apptegy.michael,benign,0,0.6461028198636208,1,malware
com.meiya.airprice,malware,1,0.000125659807698407,0,benign
edu.synthetic.androzoo.malware.banker_accessibility.1410,malware,1,0.9999999942848148,1,malware
edu.synthetic.androzoo.malware.spyware_surveillance.1450,malware,1,0.9999998720505016,1,malware
com.coastonemortgage,benign,0,0.8920456109199975,1,malware
edu.synthetic.androzoo.malware.overlay_pin_stealer.0631,malware,1,0.9999999999924711,1,malware
com.ffreward.namit,malware,1,0.1477340483502046,0,benign
co.strongteam.gwapovpn,benign,0,0.9999947050972783,1,malware
com.Emozzes.TheEmozzes,benign,0,0.48930637187496984,0,benign
com.wallpaper.express.daily,malware,1,0.019574133949601214,0,benign
edu.synthetic.androzoo.malware.wallet_stealer.0182,malware,1,0.9999999999999996,1,malware
edu.synthetic.androzoo.malware.sms_otp_stealer.0912,malware,1,0.9999999999999944,1,malware
edu.synthetic.androzoo.malware.adware_clicker.0708,malware,1,1.0,1,malware
edu.synthetic.androzoo.malware.sms_otp_stealer.0421,malware,1,1.0,1,malware
edu.synthetic.androzoo.malware.spyware_surveillance.0895,malware,1,0.9999999999999987,1,malware
net.tonysoft.bookmory,benign,0,0.9999954913557259,1,malware
eu.bookrepublic_webnovels.narae.production,benign,0,0.9962975799264588,1,malware
com.ujobsdriver.provider,benign,0,1.0,1,malware
edu.synthetic.androzoo.malware.overlay_pin_stealer.1825,malware,1,1.0,1,malware
edu.synthetic.androzoo.malware.dropper_loader.1600,malware,1,1.0,1,malware
app.itera,benign,0,0.9970032640778411,1,malware
nl.aareon.mybricr,benign,0,0.5279498518529523,1,malware
com.cookapps.catshinobi,benign,0,0.9751360036797756,1,malware
edu.synthetic.androzoo.malware.banker_accessibility.1420,malware,1,1.0,1,malware
edu.synthetic.androzoo.malware.dropper_loader.0958,malware,1,1.0,1,malware
appinventor.ai_jhugo_meraka.Mon4x4,benign,0,0.7565250445021711,1,malware
com.niuwa.zsmz.yyh,malware,1,0.999999838786968,1,malware
cn.com.dareway.mhsc_binzhou,malware,1,0.9965253383375674,1,malware
co.diy17.jnbvs,benign,0,0.018900821787204956,0,benign
com.bloodsugartrak.one,benign,0,1.0,1,malware
com.jumpgames.rswrb,benign,0,0.37027539648316793,0,benign
net.xinhuamm.d0537,malware,1,0.9999999999999998,1,malware
edu.synthetic.androzoo.malware.ransomware_locker.1417,malware,1,1.0,1,malware
com.sinyee.babybus.papermaking,malware,1,0.5339107509273667,1,malware
edu.synthetic.androzoo.malware.banker_accessibility.1676,malware,1,0.9997622660350692,1,malware
com.homeprotech.homeproalarm,benign,0,0.9999999999998963,1,malware
edu.synthetic.androzoo.malware.ransomware_locker.0574,malware,1,1.0,1,malware
com.digeam.a.mhgl,benign,0,0.5243403663934701,1,malware
edu.synthetic.androzoo.malware.overlay_pin_stealer.1647,malware,1,1.0,1,malware
edu.synthetic.androzoo.malware.banker_accessibility.0607,malware,1,1.0,1,malware
jp.co.yupiteru.nobmaru,benign,0,0.02169258760613729,0,benign
com.appseed.famipoi,benign,0,0.8562113377318167,1,malware
com.subsplashconsulting.s_RT2T5K,benign,0,5.3952685671377254e-27,0,benign
in.co.woco,benign,0,0.6169962526020853,1,malware
com.scoolinary.app,benign,0,0.991542000066666,1,malware
com.orbit.cooking.carnival.restro.game,benign,0,0.5509689825708185,1,malware
edu.synthetic.androzoo.malware.banker_accessibility.1165,malware,1,1.0,1,malware
fr.rainetcom.indoorcenter,benign,0,0.07022300372414542,0,benign
edu.synthetic.androzoo.malware.spyware_surveillance.0598,malware,1,1.0,1,malware
com.miragine.MiragineWar,benign,0,0.3689900788281975,0,benign
com.tianxiang.skputonghua,malware,1,1.0,1,malware
edu.synthetic.androzoo.malware.dropper_loader.1118,malware,1,1.0,1,malware
com.bullb.austin,benign,0,4.728544039353165e-07,0,benign
com.ulster.clearspend,benign,0,1.0,1,malware
edu.synthetic.androzoo.malware.banker_accessibility.1685,malware,1,0.9999999999008822,1,malware
edu.synthetic.androzoo.malware.sms_otp_stealer.1273,malware,1,1.0,1,malware
com.mgif.ball.v,benign,0,0.04501657804828084,0,benign
edu.synthetic.androzoo.malware.spyware_surveillance.1882,malware,1,0.9999999999974738,1,malware
dk.bitlizard.ultimatelive,benign,0,0.9999957863523843,1,malware
com.salicru.equinox,benign,0,0.5317797621679153,1,malware
com.pokulan.thehobo.st,malware,1,0.917039091320885,1,malware
com.englishbay.App,benign,0,0.9876874968264772,1,malware
com.pushpress.chopshopphysiques,benign,0,0.29613874411210545,0,benign
com.click_sec.gmoclickcfd,benign,0,0.996279131801818,1,malware
com.icck.Elespectador,benign,0,0.8856135769401369,1,malware
ayulearn.adxx,malware,1,0.0018650853566055164,0,benign
com.CarWallpapers.Ferrari,benign,0,0.6349899225187278,1,malware
edu.synthetic.androzoo.malware.overlay_pin_stealer.1567,malware,1,1.0,1,malware
com.edujia.ime,malware,1,0.7240091227011378,1,malware
com.leighton.kbrf,benign,0,0.9999999999999998,1,malware
com.balimedia.ramalan,benign,0,0.09556610913476159,0,benign
com.crossfit05.kevinboirel.strivee,benign,0,0.46418005768971315,0,benign
com.tinmanarts.TwoGoodFriendsPhone,malware,1,0.9981794596333692,1,malware
edu.synthetic.androzoo.malware.wallet_stealer.0832,malware,1,0.9999999995788222,1,malware
com.ongreen,benign,0,0.09008731637030719,0,benign
com.gallerypro.photosgalleryalbum,benign,0,0.30663300139139194,0,benign
edu.synthetic.androzoo.malware.overlay_pin_stealer.1223,malware,1,0.9830696790284631,1,malware
com.ylogame.kghj,malware,1,0.9958539629325517,1,malware
net.xinhuamm.d3049,malware,1,0.9999999219112538,1,malware
edu.synthetic.androzoo.malware.spyware_surveillance.1366,malware,1,0.9999999999333222,1,malware
com.habby.archero,benign,0,0.7544337362695883,1,malware
com.huge.betting.tips,malware,1,0.99426605705451,1,malware
edu.synthetic.androzoo.malware.ransomware_locker.0457,malware,1,1.0,1,malware
com.funeasylearn.english.american,benign,0,0.00039844170913304257,0,benign
com.harri.employer,benign,0,0.9999999999998477,1,malware
heart.rate.monitor.tracker,malware,1,1.0,1,malware
com.zinio.mobile.android.reader,benign,0,0.6214576401238854,1,malware
com.vero.neomiAR,benign,0,0.9932546311463918,1,malware
edu.synthetic.androzoo.malware.ransomware_locker.1815,malware,1,1.0,1,malware
com.ftnetid.dogeminerlite,malware,1,0.9849655673972554,1,malware
org.osmosis.med,benign,0,0.9941113837115215,1,malware
com.canlang.weixiaojizhang,malware,1,0.4355292930163788,0,benign
edu.synthetic.androzoo.malware.banker_accessibility.1768,malware,1,0.9999999986761279,1,malware
fr.djma.app,benign,0,0.49358023462420375,0,benign
com.macroscop.mobile,benign,0,1.0,1,malware
edu.synthetic.androzoo.malware.banker_accessibility.1359,malware,1,0.9999997895202061,1,malware
com.ujigu.ytb,malware,1,0.7385680386455548,1,malware
com.yunuo.zsxt,malware,1,1.0,1,malware
com.jcdecaux.vls.maribor,benign,0,0.9999975934774392,1,malware
com.bestfuncoolapps.TakeYourPills,benign,0,0.16130393756092282,0,benign
se.appcorn.Blocket,benign,0,2.9118648568284403e-09,0,benign
com.skoda.skoda_inspection_android_app,benign,0,0.7979519720722562,1,malware
edu.synthetic.androzoo.malware.wallet_stealer.0979,malware,1,0.999999999977919,1,malware
com.innosoftfusion.play,benign,0,0.989020520555181,1,malware
com.kktcell.onlineservices2,benign,0,0.9751132660683623,1,malware
com.smartup.veedz,benign,0,0.9999935530180966,1,malware
com.bulkypix.calimero,malware,1,0.9999999987427919,1,malware
edu.synthetic.androzoo.malware.adware_clicker.1705,malware,1,1.0,1,malware
edu.synthetic.androzoo.malware.spyware_surveillance.1271,malware,1,0.9999999998801807,1,malware
indian.army.photo.suit,benign,0,0.9979503572175986,1,malware
com.logisk.chronos,malware,1,0.04604760023830656,0,benign
com.moseiki.moseiki,benign,0,0.8827329958276597,1,malware
com.apptegy.norputnam,benign,0,1.062282033552147e-08,0,benign
com.estoty.riverjump,malware,1,0.9999999999999984,1,malware
edu.synthetic.androzoo.malware.banker_accessibility.1899,malware,1,1.0,1,malware
es.iberdrola.ibdistrconsumidores,benign,0,0.9996411694691346,1,malware
com.VideoEditor.videomakerpro,benign,0,0.048427576316977645,0,benign
com.moyun365.android.zkenglish,malware,1,0.84554697904128,1,malware
edu.synthetic.androzoo.malware.ransomware_locker.1390,malware,1,1.0,1,malware
com.roadside.drive,benign,0,0.8292983785615814,1,malware
br.com.gomesmartins.gomesmartins,benign,0,0.0018507749485016751,0,benign
com.frugalflyer.airport.bgy,benign,0,0.9425814461701938,1,malware
com.Kidoverse.HairSalon,benign,0,0.9512269964330345,1,malware
app.hallow.android,benign,0,0.00199107164924036,0,benign
com.plndr.activity,benign,0,0.07962791442187094,0,benign
edu.synthetic.androzoo.malware.overlay_pin_stealer.1093,malware,1,1.0,1,malware
com.tutotoons.app.fluvsies.free,benign,0,0.9216498320070533,1,malware
com.newgenerationhub.speedtest.meter.wifi.coverage.speed.test,benign,0,0.9941425509733346,1,malware
com.shortbox.drama,benign,0,1.0,1,malware
com.ulab.treasurehunter,benign,0,0.8932517871101423,1,malware
com.polypal.app,benign,0,0.9999070570830758,1,malware
uz.yubor.app,benign,0,0.999995441172887,1,malware
co.ninj.bikinihd,malware,1,0.7666241180871101,1,malware
com.cheche365.cheche.android,malware,1,0.7878523021755851,1,malware
secret.hide.calculator,malware,1,0.0026324289705193372,0,benign
com.biemore.android.ExploreSupermarket,malware,1,0.5810493482778536,1,malware
edu.synthetic.androzoo.malware.dropper_loader.0735,malware,1,1.0,1,malware
com.translator.morse_code,benign,0,0.4507469017358167,0,benign
com.wellspring.main,benign,0,0.1823030067574162,0,benign
edu.synthetic.androzoo.malware.wallet_stealer.0383,malware,1,0.9999451605315763,1,malware
edu.synthetic.androzoo.malware.spyware_surveillance.1649,malware,1,0.9999997032569071,1,malware
edu.synthetic.androzoo.malware.sms_otp_stealer.0053,malware,1,0.9999999999995841,1,malware
com.pupilleader.android.apps.stfrancis,benign,0,0.9492381699334459,1,malware
edu.synthetic.androzoo.malware.wallet_stealer.0445,malware,1,0.9999972555828066,1,malware
com.appsolutionslab.discoverusa,benign,0,1.0,1,malware
alldictdict.alldict.fizh,benign,0,0.798505508320561,1,malware
com.qconline.android,benign,0,0.10597716365666733,0,benign
com.CanttGames.GoldenEggCatcher,malware,1,0.9789016387737113,1,malware
edu.synthetic.androzoo.malware.banker_accessibility.1730,malware,1,1.0,1,malware
cn.zhui.client827935,malware,1,1.0,1,malware
org.impactindia.llemeddocket,benign,0,0.2984763977889093,0,benign
uk.bitlands.mobonovels,benign,0,0.9964339854676757,1,malware
com.bulkypix.orborun,malware,1,0.34045480227927366,0,benign
jp.co.nomura.onestock,benign,0,0.00013244701590410754,0,benign
taptap.twoaccounts.dual.space,malware,1,2.1607744107737233e-07,0,benign
edu.synthetic.androzoo.malware.overlay_pin_stealer.1576,malware,1,1.0,1,malware
com.wtjwrpk.yx.yyk,malware,1,0.9751170916556052,1,malware
com.LuB.RoyalRealms,benign,0,0.9956452697509924,1,malware
com.zy.feiji2014,malware,1,0.3223314200632386,0,benign
com.vandersw.wenderlogbook,malware,1,0.6776008022482312,1,malware
syj.youngfhsher,malware,1,0.03853962880632811,0,benign
edu.synthetic.androzoo.malware.overlay_pin_stealer.0835,malware,1,1.0,1,malware
edu.synthetic.androzoo.malware.ransomware_locker.0039,malware,1,1.0,1,malware
edu.synthetic.androzoo.malware.banker_accessibility.0557,malware,1,1.0,1,malware
com.shenqi.app.vvlive,benign,0,0.996374833610955,1,malware
io.refold.ghostsandapples,malware,1,0.0672626343912398,0,benign
jp.co.skyperfectv.baseball.android,benign,0,0.3579129318732195,0,benign
edu.synthetic.androzoo.malware.adware_clicker.0043,malware,1,1.0,1,malware
ru.ftc.faktura.kbhmb,benign,0,0.7497751091041185,1,malware
com.audiobooks.androidapp,benign,0,0.49151580265126654,0,benign
hr.asseco.android.jimba.cecro,benign,0,0.98179806818771,1,malware
com.evolution.hyper,benign,0,0.9983375084198906,1,malware
com.fourth.marketplace,benign,0,0.9951927259245327,1,malware
edu.synthetic.androzoo.malware.overlay_pin_stealer.0347,malware,1,1.0,1,malware
edu.synthetic.androzoo.malware.spyware_surveillance.0838,malware,1,0.9999999998751989,1,malware
com.bananaapps.kidappgames.pets.cartoon.sounds.free,malware,1,1.0,1,malware
com.worldwidetranscriptss.client,benign,0,0.8394300513028348,1,malware
edu.synthetic.androzoo.malware.banker_accessibility.0084,malware,1,0.9999999999999998,1,malware
edu.synthetic.androzoo.malware.dropper_loader.0792,malware,1,1.0,1,malware
com.inpeaceapp.quadrangularavareregionalieq.sp,benign,0,0.6565080005306676,1,malware
org.nativescript.bmicalculator,benign,0,0.23172476286867053,0,benign
com.azena.gemini,benign,0,0.34497606437743106,0,benign
edu.synthetic.androzoo.malware.banker_accessibility.0893,malware,1,0.9999999785207236,1,malware
com.brc.keyline,benign,0,0.0001524221545217747,0,benign
edu.synthetic.androzoo.malware.ransomware_locker.0462,malware,1,1.0,1,malware
edu.synthetic.androzoo.malware.spyware_surveillance.1639,malware,1,0.9999999763465562,1,malware
edu.synthetic.androzoo.malware.spyware_surveillance.1582,malware,1,0.9999999995790778,1,malware
edu.synthetic.androzoo.malware.sms_otp_stealer.0363,malware,1,0.9999999998049065,1,malware
edu.synthetic.androzoo.malware.banker_accessibility.0433,malware,1,1.0,1,malware
edu.synthetic.androzoo.malware.sms_otp_stealer.0261,malware,1,0.9999999999991982,1,malware
ridewithvia.bra.branttransit,benign,0,2.882193041310026e-20,0,benign
com.delightgames.medievalfantasy,benign,0,3.8048422395520585e-05,0,benign
cutanddry.acmesteak.mobile.android,benign,0,0.01789409736185119,0,benign
air.jp.globalgear.shere.pj,malware,1,0.6539151910869211,1,malware
edu.synthetic.androzoo.malware.banker_accessibility.1544,malware,1,0.9999999294108529,1,malware
com.maketore.kintorememo,benign,0,0.9443458165186975,1,malware
edu.synthetic.androzoo.malware.overlay_pin_stealer.0195,malware,1,1.0,1,malware
com.the.std7englishexams,benign,0,1.5299447877053316e-06,0,benign
edu.synthetic.androzoo.malware.spyware_surveillance.0225,malware,1,1.0,1,malware
edu.synthetic.androzoo.malware.adware_clicker.1432,malware,1,1.0,1,malware
com.weetechmarcosfishandchips,benign,0,1.0,1,malware
com.gurwi,benign,0,0.9911998557823997,1,malware
com.moyun365.android.gkchemistrytong,malware,1,0.6308457240401335,1,malware
edu.synthetic.androzoo.malware.banker_accessibility.0940,malware,1,0.9999998034097304,1,malware
com.MPProductions.GalacticSparkMission,benign,0,0.09803414160706152,0,benign
com.mogo.dongmanpuzzle,malware,1,0.9999999938469621,1,malware
com.snapbreak.doors,malware,1,0.9812566528964198,1,malware
edu.synthetic.androzoo.malware.spyware_surveillance.1282,malware,1,0.9999999999884,1,malware
edu.synthetic.androzoo.malware.banker_accessibility.0858,malware,1,1.0,1,malware
edu.synthetic.androzoo.malware.overlay_pin_stealer.1508,malware,1,0.9938961261460084,1,malware
edu.synthetic.androzoo.malware.wallet_stealer.1083,malware,1,0.9999990693293725,1,malware
com.couplower.jing,malware,1,0.9737468526117834,1,malware
com.crescentmoongames.mazeman,malware,1,0.07147366125257953,0,benign
com.stilog.VPGOU,benign,0,0.9995180710601459,1,malware
com.riftergames.ovi.android,benign,0,0.9968612715770797,1,malware
com.ShahPTPIS,benign,0,0.014846966446014864,0,benign
com.chitralekha.evolution,benign,0,0.938326049844852,1,malware
psychiatrie.pro,benign,0,0.017405304594263853,0,benign
edu.synthetic.androzoo.malware.ransomware_locker.0766,malware,1,1.0,1,malware
edu.synthetic.androzoo.malware.dropper_loader.1085,malware,1,1.0,1,malware
com.communi.fegmuehlacker,benign,0,0.00033384053294728566,0,benign
com.arizonasunrays.icp,benign,0,2.685795530062615e-05,0,benign
com.ubestkid.jigsawpuzzle.a,malware,1,0.792161816543271,1,malware
au.com.jll.tqt.member.app,benign,0,0.48144692069646366,0,benign
jyeoo.app.ystudy,malware,1,0.3579306473302238,0,benign
edu.synthetic.androzoo.malware.banker_accessibility.1924,malware,1,0.9999999951914023,1,malware
com.xtrend.app,benign,0,1.0,1,malware
it.tecnoconference.MITO,benign,0,0.02905568362744871,0,benign
chat.delta,benign,0,0.17229430560368078,0,benign
com.anexat.realCarRace,malware,1,0.9844353504393866,1,malware
com.liubowang.drawingboard,malware,1,0.999999968537601,1,malware
edu.synthetic.androzoo.malware.banker_accessibility.1403,malware,1,0.9999999999644211,1,malware
com.moimob.drinkable,benign,0,0.27628095071807185,0,benign
com.souche.apps.destiny,malware,1,0.9999586374749209,1,malware
com.indiandevelopershailendra.tailorbookpro,benign,0,6.184042356640674e-05,0,benign
com.indiggcommunity,benign,0,0.1315115848260903,0,benign
com.TironiumTech.IdlePlanetMiner,benign,0,0.8474573566076415,1,malware
net.slions.fulguris.full.playstore,benign,0,0.8940625860277878,1,malware
com.gallagher.am.mobile.android.eshepherd,benign,0,0.999999956085517,1,malware
com.jfox.huntersss.tw,malware,1,0.7253600768676466,1,malware
edu.synthetic.androzoo.malware.banker_accessibility.0446,malware,1,0.9999652406572817,1,malware
com.BraDev.RedPanda102,benign,0,0.004668048629713032,0,benign
com.iproyal.android,malware,1,0.9999998179349116,1,malware
com.beyondthewhiteboard.johnnyutah,benign,0,0.9109958667042498,1,malware
edu.synthetic.androzoo.malware.dropper_loader.0107,malware,1,1.0,1,malware
com.flipkart.seller,benign,0,1.0,1,malware
uk.co.olsonapps.fiveMinPilates,benign,0,0.5723594405315612,1,malware
edu.synthetic.androzoo.malware.wallet_stealer.1302,malware,1,0.9999999971993732,1,malware
edu.synthetic.androzoo.malware.ransomware_locker.1694,malware,1,1.0,1,malware
com.funeasylearn.danish,benign,0,0.6727577715989349,1,malware
com.starom1.ome222,malware,1,0.9794607341768844,1,malware
edu.synthetic.androzoo.malware.overlay_pin_stealer.1840,malware,1,1.0,1,malware
com.digidust.leucate.infotravaux,benign,0,0.09372472681026087,0,benign
com.shionplus_android,benign,0,0.9996680585835229,1,malware
com.coopresapps.free.antivirus,malware,1,0.9999999999974105,1,malware
edu.synthetic.androzoo.malware.spyware_surveillance.0402,malware,1,0.9999523581188503,1,malware
edu.synthetic.androzoo.malware.banker_accessibility.1255,malware,1,0.9999999506361554,1,malware
edu.synthetic.androzoo.malware.spyware_surveillance.1495,malware,1,1.0,1,malware
edu.synthetic.androzoo.malware.overlay_pin_stealer.1579,malware,1,1.0,1,malware
air.com.vikrams.telugucalendar2014,benign,0,0.40314656368548973,0,benign
com.pronunciatorllc.bluebird.persian,benign,0,0.3981929531942855,0,benign
edu.synthetic.androzoo.malware.adware_clicker.1298,malware,1,1.0,1,malware
co.wesper.sleep,malware,1,0.861712631248294,1,malware
com.rift.no.wifi.offline.puzzles.offline.games,benign,0,0.9968451494575729,1,malware
edu.synthetic.androzoo.malware.wallet_stealer.0008,malware,1,0.9999999999530635,1,malware
edu.synthetic.androzoo.malware.sms_otp_stealer.0674,malware,1,1.0,1,malware
edu.synthetic.androzoo.malware.sms_otp_stealer.0790,malware,1,0.9999999999796054,1,malware
com.kamoer.x1dosingpump,malware,1,0.021219939686017916,0,benign
edu.synthetic.androzoo.malware.overlay_pin_stealer.1545,malware,1,1.0,1,malware
com.myworkoutplan.myworkoutplan,benign,0,0.9970765931799083,1,malware
com.boxwiki.app,benign,0,0.9999333457913953,1,malware
mohot.fit.booking,benign,0,0.00028121452602155716,0,benign
edu.synthetic.androzoo.malware.spyware_surveillance.1329,malware,1,0.9999923622458444,1,malware
edu.synthetic.androzoo.malware.sms_otp_stealer.0180,malware,1,1.0,1,malware
edu.synthetic.androzoo.malware.overlay_pin_stealer.1558,malware,1,1.0,1,malware
edu.synthetic.androzoo.malware.dropper_loader.0892,malware,1,1.0,1,malware
com.trainerize.lift4life,benign,0,0.8082683106617349,1,malware
secolink.manager,malware,1,0.09729457725575157,0,benign
edu.synthetic.androzoo.malware.sms_otp_stealer.1830,malware,1,0.9999999999999978,1,malware
com.ciyun.oneshop,malware,1,0.45409386193396845,0,benign
edu.synthetic.androzoo.malware.spyware_surveillance.1653,malware,1,0.9999998282718285,1,malware
com.lycamobile.no,benign,0,0.9998795087485927,1,malware
com.dalongtech.cloud,malware,1,0.9792386524235238,1,malware
edu.synthetic.androzoo.malware.adware_clicker.0115,malware,1,1.0,1,malware
edu.synthetic.androzoo.malware.overlay_pin_stealer.1433,malware,1,1.0,1,malware
com.rz.caller.name.announcer,benign,0,6.5997235820669535e-37,0,benign
com.hachette.hereaderepubv2,benign,0,0.9130761016240873,1,malware
boxnmove.mover.driver,malware,1,0.005750677215653493,0,benign
edu.synthetic.androzoo.malware.adware_clicker.1459,malware,1,1.0,1,malware
com.amila.parenting,benign,0,7.798765067339405e-06,0,benign
com.udemy.android,benign,0,0.6845217158596266,1,malware
edu.synthetic.androzoo.malware.banker_accessibility.0795,malware,1,0.999999999998229,1,malware
com.qupil,benign,0,0.3880543146350642,0,benign
com.google.android.apps.tachyon,benign,0,0.9999991006326034,1,malware
edu.synthetic.androzoo.malware.spyware_surveillance.0273,malware,1,0.9999999997644848,1,malware
edu.synthetic.androzoo.malware.wallet_stealer.1603,malware,1,0.9999970598617689,1,malware
edu.synthetic.androzoo.malware.dropper_loader.0338,malware,1,1.0,1,malware
edu.synthetic.androzoo.malware.overlay_pin_stealer.1475,malware,1,1.0,1,malware
com.task.calendar,benign,0,1.5808098250183945e-11,0,benign
per.zhj.seefunc,malware,1,0.10349358112532205,0,benign
edu.synthetic.androzoo.malware.banker_accessibility.0528,malware,1,0.999999982380492,1,malware
com.spiritapps.thethoroughbred,benign,0,0.11103482853765878,0,benign
com.xiangha.homecoke,malware,1,0.04202581492114437,0,benign
com.cinemaxx.activity,benign,0,1.0,1,malware
imagine.ai.art.photo.image.generator,malware,1,0.9994166922130462,1,malware
mycity.popstar.pt,malware,1,0.9027968088362706,1,malware
edu.synthetic.androzoo.malware.overlay_pin_stealer.1340,malware,1,1.0,1,malware
ly.omegle.android,benign,0,0.9999999999899816,1,malware
com.fastgame.p001012,benign,0,0.985930217569495,1,malware
com.easy_wallpapers.plants,benign,0,0.001104191816396827,0,benign
com.maxart.crazy_bricks,benign,0,0.14354223271747626,0,benign
com.sssfight.shiba,malware,1,0.03730859176789316,0,benign
com.dhadbadati.apps.ram_katha_hindi,benign,0,0.9999877648244833,1,malware
com.trainerize.fibrofitwarriors,benign,0,0.5954975124942953,1,malware
jp.co.a_tm.android.plus_umito_kaigarato_shinju,benign,0,0.9468935702071962,1,malware
edu.synthetic.androzoo.malware.overlay_pin_stealer.1635,malware,1,1.0,1,malware
edu.synthetic.androzoo.malware.dropper_loader.1413,malware,1,1.0,1,malware
com.cgs.FruitGemsClassicMatch3,benign,0,0.9974795538796806,1,malware
com.biemore.android.kidsFireman,malware,1,0.9891381337221323,1,malware
edu.synthetic.androzoo.malware.spyware_surveillance.0695,malware,1,0.9992764824112704,1,malware
edu.synthetic.androzoo.malware.sms_otp_stealer.1261,malware,1,0.9999999955087191,1,malware
com.swapcard.apps.android.irmeet,benign,0,0.9862060661344909,1,malware
edu.synthetic.androzoo.malware.sms_otp_stealer.1517,malware,1,0.9999999995814461,1,malware
moneytracker.expensetracker.budgetplanner.spendingtracker,malware,1,0.9999999997805558,1,malware
com.droidcorp.magicaljigsawpuzzles,malware,1,0.8274922061548659,1,malware
edu.synthetic.androzoo.malware.wallet_stealer.1114,malware,1,0.9999999999999996,1,malware
edu.synthetic.androzoo.malware.wallet_stealer.1869,malware,1,1.0,1,malware
co.langlang.translator_for_wsp,benign,0,0.9399751503299814,1,malware
edu.synthetic.androzoo.malware.spyware_surveillance.1336,malware,1,0.9999999546474464,1,malware
ai.mybuddy.talkingflashcards_new,benign,0,0.846066109667723,1,malware
com.natewren.lightvoidfree,benign,0,1.0,1,malware
com.impp.forklift.driver.games,benign,0,0.924978143278585,1,malware
edu.synthetic.androzoo.malware.spyware_surveillance.0035,malware,1,1.0,1,malware
com.sg.free.prado.car.parking.games,benign,0,0.8613919459410465,1,malware
com.appazur.chss,benign,0,0.9966429091217979,1,malware
edu.synthetic.androzoo.malware.overlay_pin_stealer.0229,malware,1,1.0,1,malware
edu.synthetic.androzoo.malware.sms_otp_stealer.0984,malware,1,0.9999950838938971,1,malware
edu.synthetic.androzoo.malware.banker_accessibility.0074,malware,1,1.0,1,malware
com.milleniumfmelectrodj.radio,benign,0,0.9970275826934536,1,malware
edu.synthetic.androzoo.malware.banker_accessibility.1790,malware,1,1.0,1,malware
com.curatedplanet.client.ophorus.release,benign,0,0.4554024296525061,0,benign
com.ripstone.flyhunter,malware,1,0.9999899402804909,1,malware
edu.synthetic.androzoo.malware.overlay_pin_stealer.1489,malware,1,1.0,1,malware
com.enupgames.qp,benign,0,0.9962801852475648,1,malware
edu.synthetic.androzoo.malware.spyware_surveillance.0509,malware,1,0.9999999999742439,1,malware
com.wildlife.games.battle.royale.free.zooba,benign,0,0.9431383321877501,1,malware
edu.synthetic.androzoo.malware.spyware_surveillance.1832,malware,1,0.99999999976531,1,malware
com.bladexdesigns.helpdesk,benign,0,0.9059570587701041,1,malware
io.stockapp.starter,benign,0,0.13887238253744374,0,benign
edu.synthetic.androzoo.malware.ransomware_locker.0373,malware,1,1.0,1,malware
edu.synthetic.androzoo.malware.banker_accessibility.0240,malware,1,0.9999999999999654,1,malware
com.kidzian.binaryconverter,benign,0,0.2079208585274947,0,benign
com.codebug.hindi.physics1,benign,0,0.073241813357762,0,benign
edu.synthetic.androzoo.malware.spyware_surveillance.0009,malware,1,0.9999999999999998,1,malware
com.showclix.crowd,benign,0,0.0020951166469773204,0,benign
com.gigabyte.e7linecloud,benign,0,0.3084977502583958,0,benign
com.webook.android,benign,0,0.9999999684785231,1,malware
edu.synthetic.androzoo.malware.adware_clicker.0251,malware,1,1.0,1,malware
com.ea.emiratesauction,benign,0,0.004706854168069246,0,benign
app.habitedge.chrono_cat,benign,0,0.29580404308143715,0,benign
com.activtrades.app,benign,0,0.00040414485496393797,0,benign
com.hexin.plat.android.ZhongyuanSecurity,malware,1,0.9751008161039894,1,malware
edu.synthetic.androzoo.malware.overlay_pin_stealer.1307,malware,1,1.0,1,malware
edu.synthetic.androzoo.malware.overlay_pin_stealer.0879,malware,1,1.0,1,malware
edu.synthetic.androzoo.malware.spyware_surveillance.1586,malware,1,0.999999963520235,1,malware
com.speed.svpn,malware,1,1.2775152301429463e-08,0,benign
app.rosario.it,benign,0,0.6870551184226743,1,malware
edu.synthetic.androzoo.malware.spyware_surveillance.0396,malware,1,1.0,1,malware
com.alight.motion.preset,malware,1,0.4512508330552205,0,benign
com.tempgame.mysteryexit,malware,1,0.6276778556496805,1,malware
com.easi.customer,benign,0,0.48149256468094664,0,benign
edu.synthetic.androzoo.malware.spyware_surveillance.1129,malware,1,0.9999999999957032,1,malware
com.garhijp.Yokero,benign,0,0.9759731964652223,1,malware
com.gears42.surelock,malware,1,0.013137269100384085,0,benign
com.sanmao.threeupenglishpro,malware,1,0.9750553410706627,1,malware
com.BloompixStudios.HouseOfTerrorVRFree,malware,1,0.5343394200078446,1,malware
edu.synthetic.androzoo.malware.overlay_pin_stealer.1677,malware,1,1.0,1,malware
com.garda.gardaadc,benign,0,0.9279828924412102,1,malware
com.app.punctualiti,benign,0,0.7576275589960395,1,malware
edu.synthetic.androzoo.malware.wallet_stealer.1918,malware,1,0.9999999998776357,1,malware
edu.synthetic.androzoo.malware.spyware_surveillance.1081,malware,1,1.0,1,malware
edu.synthetic.androzoo.malware.sms_otp_stealer.0886,malware,1,0.9999999999948501,1,malware
org.stocktwits.android.activity,benign,0,0.9999999999895246,1,malware
edu.synthetic.androzoo.malware.dropper_loader.1875,malware,1,1.0,1,malware
com.mcleansmartialarts.mcleans,benign,0,0.19934844041303754,0,benign
br.com.inchurch.gochurch,benign,0,0.9887297025520256,1,malware
edu.synthetic.androzoo.malware.spyware_surveillance.0152,malware,1,1.0,1,malware
com.greattimemusic.starmusic,benign,0,0.41579199096792424,0,benign
mm.pndaza.atthakathanissaya,benign,0,0.9880513648043362,1,malware
com.racing.racer.ly,malware,1,1.0,1,malware
edu.synthetic.androzoo.malware.ransomware_locker.0425,malware,1,1.0,1,malware
edu.synthetic.androzoo.malware.overlay_pin_stealer.0491,malware,1,1.0,1,malware
edu.synthetic.androzoo.malware.spyware_surveillance.0508,malware,1,0.9999233441996286,1,malware
edu.synthetic.androzoo.malware.ransomware_locker.0080,malware,1,1.0,1,malware
com.mustafayigit.tabula,benign,0,0.7857308607790677,1,malware
com.beautiful.wallpaper.backgrounds.interesting,malware,1,0.9999996901437337,1,malware
edu.synthetic.androzoo.malware.spyware_surveillance.1319,malware,1,1.0,1,malware
edu.synthetic.androzoo.malware.overlay_pin_stealer.0625,malware,1,0.9999999999997722,1,malware
free.Gps_Maps,benign,0,1.0,1,malware
com.bhadartech.saint_rita_novena,benign,0,0.8151239353638013,1,malware
co.ninetynine.android,benign,0,0.9999980581527417,1,malware
edu.synthetic.androzoo.malware.spyware_surveillance.0022,malware,1,1.0,1,malware
it.eolo.appeolo,benign,0,0.9999983147021844,1,malware
com.softwareillusions.cashblaster,benign,0,0.9770617463903062,1,malware
edu.synthetic.androzoo.malware.ransomware_locker.0168,malware,1,1.0,1,malware
edu.synthetic.androzoo.malware.spyware_surveillance.1478,malware,1,1.0,1,malware
edu.synthetic.androzoo.malware.dropper_loader.0139,malware,1,1.0,1,malware
com.trainerize.stephenholtfitness,benign,0,0.997536017202978,1,malware
com.writer.xzj,malware,1,0.7328449367256494,1,malware
edu.synthetic.androzoo.malware.ransomware_locker.0405,malware,1,1.0,1,malware
edu.synthetic.androzoo.malware.banker_accessibility.0745,malware,1,0.9999559789075828,1,malware
edu.synthetic.androzoo.malware.ransomware_locker.0545,malware,1,1.0,1,malware
edu.synthetic.androzoo.malware.spyware_surveillance.1907,malware,1,1.0,1,malware
com.my.xwenar1,malware,1,0.699533576224255,1,malware
com.pip.yxppp.yyh,malware,1,0.0028879361357294353,0,benign
com.aaron.grabredpacket,malware,1,0.9996082304963227,1,malware
com.iok.childwordhan,malware,1,0.9999919958909542,1,malware
com.responsivedata.anoviteprospector,benign,0,0.3543481133304779,0,benign
edu.synthetic.androzoo.malware.wallet_stealer.1345,malware,1,0.9999999999999998,1,malware
io.axip.inneralchemy,benign,0,0.05310100705162213,0,benign
edu.synthetic.androzoo.malware.dropper_loader.1060,malware,1,1.0,1,malware
edu.synthetic.androzoo.malware.sms_otp_stealer.0151,malware,1,1.0,1,malware
neronovs.urlplayer,benign,0,1.0,1,malware
com.linj,malware,1,0.05218856616477172,0,benign
de.ndr.app.ndrhh,benign,0,0.22879557193020722,0,benign
com.fireworkcreator,benign,0,0.4084358543753681,0,benign
com.theheyyapp,benign,0,0.9997517404240163,1,malware
com.nuqiapp.mayzallari,benign,0,0.7881616999393551,1,malware
edu.synthetic.androzoo.malware.spyware_surveillance.1783,malware,1,1.0,1,malware
kr.neolab.edu.collector,benign,0,0.4175594604489691,0,benign
com.sigmasport.ebikeapp,benign,0,0.9965669726162764,1,malware
com.fromsolvers.r10,benign,0,0.8181014698991449,1,malware
edu.synthetic.androzoo.malware.ransomware_locker.1461,malware,1,1.0,1,malware
edu.synthetic.androzoo.malware.banker_accessibility.0989,malware,1,1.0,1,malware
edu.synthetic.androzoo.malware.wallet_stealer.1900,malware,1,0.999999998801224,1,malware
edu.synthetic.androzoo.malware.overlay_pin_stealer.0339,malware,1,1.0,1,malware
com.bravolang.portuguese,malware,1,0.9242573393049396,1,malware
com.sino_net.cits,malware,1,0.9227849201699759,1,malware
edu.synthetic.androzoo.malware.overlay_pin_stealer.1301,malware,1,1.0,1,malware
edu.synthetic.androzoo.malware.overlay_pin_stealer.1812,malware,1,1.0,1,malware
edu.synthetic.androzoo.malware.dropper_loader.1632,malware,1,1.0,1,malware
com.guazi.android.chesupai,malware,1,0.11836919119082774,0,benign
com.missu.bill,malware,1,0.9999999999192926,1,malware
gta.grandtheftauto.five.crime,benign,0,0.060782312097163484,0,benign
edu.synthetic.androzoo.malware.wallet_stealer.0875,malware,1,1.0,1,malware
edu.synthetic.androzoo.malware.ransomware_locker.0192,malware,1,1.0,1,malware
com.workvivo.android,benign,0,1.545355398513874e-13,0,benign
jp.foresta.dojo.math.pro,benign,0,0.5732076210938738,1,malware
edu.synthetic.androzoo.malware.banker_accessibility.1506,malware,1,1.0,1,malware
fr.coopcycle.lcr,benign,0,0.9920379288774781,1,malware
jp.co.lavan7.gakupuri_android,benign,0,0.7574503318790402,1,malware
en.lt.bestdict,benign,0,1.0,1,malware
com.Upperpik.HairChallenge,benign,0,0.9239907003605283,1,malware
com.GoblinStudio.L4KApp,benign,0,0.9284462216187452,1,malware
com.homeMenu,malware,1,0.9999933141941092,1,malware
com.microsoft.windowsintune.companyportal,benign,0,0.9882613228860694,1,malware
edu.synthetic.androzoo.malware.banker_accessibility.1153,malware,1,1.0,1,malware
dto.ee.barprephero.genius,benign,0,0.9963388838587653,1,malware
edu.synthetic.androzoo.malware.spyware_surveillance.0799,malware,1,1.0,1,malware
no.nettavisen.phonegap.na,benign,0,1.0772611153083307e-09,0,benign
com.mobilepcmonitor,benign,0,1.0,1,malware
edu.synthetic.androzoo.malware.spyware_surveillance.1291,malware,1,0.9999999999999998,1,malware
com.tyou.daizhu,malware,1,1.0,1,malware
ch.ringier.beobachter,benign,0,0.9959664124503723,1,malware
com.simlabstudio.thief.simulator,malware,1,0.5026365218021046,1,malware
com.haichuan.wjzb.yyh,malware,1,0.34608763273869864,0,benign
com.wireguard.android,benign,0,0.15251894587891734,0,benign
edu.synthetic.androzoo.malware.dropper_loader.0262,malware,1,0.9999999999952403,1,malware
edu.synthetic.androzoo.malware.overlay_pin_stealer.1067,malware,1,1.0,1,malware
io.liaopin.NI2DD730B,malware,1,0.6831564754638525,1,malware
com.ludoy.colorhole,malware,1,0.7207358235880806,1,malware
com.thumbtel.anothernumber,malware,1,0.15354018656543952,0,benign
nl.trackitt.app,benign,0,0.9885249744470113,1,malware
edu.synthetic.androzoo.malware.ransomware_locker.0380,malware,1,1.0,1,malware
com.awcc.asan,benign,0,0.8932241787555706,1,malware
com.gff.car.transport.cargo.plane,malware,1,0.9894152568073934,1,malware
com.efulife.customer,benign,0,0.9998881462189612,1,malware
com.hubby.esim,benign,0,0.642195410896937,1,malware
com.fungames.flightpilot,benign,0,0.9983389625697937,1,malware
com.uniriho.szt,malware,1,1.0,1,malware
com.sg.spinner.merge.fight,benign,0,0.8824408194986086,1,malware
edu.synthetic.androzoo.malware.overlay_pin_stealer.1367,malware,1,1.0,1,malware
com.uniforest.connect,benign,0,0.6717935657263219,1,malware
edu.synthetic.androzoo.malware.overlay_pin_stealer.0359,malware,1,1.0,1,malware
edu.synthetic.androzoo.malware.wallet_stealer.0711,malware,1,0.9877858171174989,1,malware
com.kddglm.xjl,malware,1,0.11279095908107675,0,benign
com.exeysoft.mathcalculator,benign,0,0.9999997142092341,1,malware
edu.synthetic.androzoo.malware.dropper_loader.0539,malware,1,1.0,1,malware
sudoku.puzzle.free.game.brain,benign,0,0.38932191562712865,0,benign
edu.synthetic.androzoo.malware.banker_accessibility.1525,malware,1,0.9999999999935039,1,malware
hr.hac.enc_mobile,benign,0,0.9912520752989789,1,malware
com.sinyee.babybus.foodstuff,malware,1,0.6080105011061301,1,malware
edu.synthetic.androzoo.malware.sms_otp_stealer.1334,malware,1,0.9999999992977893,1,malware
edu.synthetic.androzoo.malware.overlay_pin_stealer.0124,malware,1,1.0,1,malware
co.davos.mathme,benign,0,1.0,1,malware
com.fornetjob.neonballs,benign,0,0.8744779128611041,1,malware
com.relax.wordsearch,benign,0,0.9999999466726164,1,malware
com.nexmachina.grupsoletict,benign,0,0.703789067742249,1,malware
com.aduro.amp,benign,0,0.9913114776369787,1,malware
com.examin8.exam,benign,0,0.6132176780397679,1,malware
edu.synthetic.androzoo.malware.sms_otp_stealer.0753,malware,1,1.0,1,malware
webviewgold.iTipFooty,benign,0,0.9998103589720215,1,malware
ru.simple.wine,benign,0,0.9988661348729254,1,malware
com.nsd.mysteryOfFortune,malware,1,0.8603746129274846,1,malware
com.utec.utec,malware,1,0.05706239371689442,0,benign
com.tidemedia.bozhou,malware,1,0.9727380367382205,1,malware
com.ledpixelart.piledriver,benign,0,0.18628516221717256,0,benign
com.hazratferozmemon,benign,0,1.0,1,malware
com.kahunas.io.OsborneCoaching,benign,0,0.3519916134254266,0,benign
com.pdf.reader.pdfviewer.pdfeditor.forandroid,benign,0,1.0,1,malware
com.Edugamus.CityPatrol,benign,0,0.9941742493003294,1,malware
com.fywork.ballwa,malware,1,0.9997864665489937,1,malware
com.iphigenie,benign,0,0.9832511083242786,1,malware
com.happybirthdaysms.happybirthdaysms,malware,1,0.12494528944884,0,benign
com.app.mycatholiclifeinc,benign,0,0.9344057714406044,1,malware
com.coolandroidappzfree.freesudoku,benign,0,0.1948920582299527,0,benign
li.mmc.app,benign,0,0.46546204485190534,0,benign
com.ggxfj.frog,malware,1,5.788757964607209e-05,0,benign
com.boltrend.castleburn.nesh,malware,1,0.9999942259729251,1,malware
edu.synthetic.androzoo.malware.wallet_stealer.0165,malware,1,0.9999999999859275,1,malware
com.jeffreytht.gobblet,benign,0,0.9781428067020929,1,malware
com.studdywise,benign,0,0.1859376906948218,0,benign
jp.digitallab.kawachi,benign,0,0.000376959368983025,0,benign
com.youdao.translator,malware,1,0.6868212041557282,1,malware
com.pvp_online.naval.warship.tactics,benign,0,0.9960403782602228,1,malware
edu.synthetic.androzoo.malware.banker_accessibility.0937,malware,1,0.9999999999999998,1,malware
edu.synthetic.androzoo.malware.wallet_stealer.0024,malware,1,1.0,1,malware
edu.synthetic.androzoo.malware.banker_accessibility.1476,malware,1,0.999999999999901,1,malware
edu.synthetic.androzoo.malware.ransomware_locker.0620,malware,1,0.9999999999999905,1,malware
com.activecampaign.androidcrm,benign,0,0.0017242308987334696,0,benign
ai.plaud.android.plaud,benign,0,0.9943457014264333,1,malware
edu.synthetic.androzoo.malware.banker_accessibility.1604,malware,1,0.999999820518211,1,malware
com.flighthub.app,benign,0,0.9949128841269629,1,malware
nc.zygo.taxi.passenger,benign,0,1.275557713764832e-06,0,benign
com.youvisit.hybridvr59971,malware,1,0.0032103798790829256,0,benign
edu.synthetic.androzoo.malware.spyware_surveillance.1933,malware,1,0.9999999999997597,1,malware
com.stb.v2,benign,0,0.9880750005471726,1,malware
com.entrolabs.ncdap,benign,0,0.9999996532892802,1,malware
edu.synthetic.androzoo.malware.adware_clicker.0587,malware,1,1.0,1,malware
edu.synthetic.androzoo.malware.banker_accessibility.0049,malware,1,1.0,1,malware
com.PAglosario,benign,0,0.9998898487009062,1,malware
com.eni.communication,benign,0,9.053269528121625e-05,0,benign
com.sportq.fit,malware,1,0.9569562623315928,1,malware
edu.synthetic.androzoo.malware.dropper_loader.0495,malware,1,1.0,1,malware
io.flic.app,benign,0,0.77391205012778,1,malware
edu.synthetic.androzoo.malware.banker_accessibility.1655,malware,1,0.999999979144448,1,malware
com.aura.suite,malware,1,0.03802970519741935,0,benign
edu.synthetic.androzoo.malware.adware_clicker.0145,malware,1,1.0,1,malware
edu.synthetic.androzoo.malware.sms_otp_stealer.0541,malware,1,1.0,1,malware
com.longkoo.fighter,malware,1,0.9999933594874857,1,malware
edu.synthetic.androzoo.malware.dropper_loader.0836,malware,1,1.0,1,malware
com.next.nlp.stemfield,benign,0,0.9960290269111647,1,malware
edu.synthetic.androzoo.malware.banker_accessibility.0716,malware,1,0.9999999999998812,1,malware
com.grunkr.gravitylockscreen,malware,1,0.9149078984659897,1,malware
com.zamplus.marathonsh,malware,1,8.717017446580268e-12,0,benign
jp.go.kunaicho.iha,benign,0,0.9289741384321452,1,malware
com.sega.ColorfulStage.en,benign,0,0.05749120509578991,0,benign
edu.synthetic.androzoo.malware.spyware_surveillance.1521,malware,1,1.0,1,malware
edu.synthetic.androzoo.malware.ransomware_locker.1631,malware,1,1.0,1,malware
edu.synthetic.androzoo.malware.banker_accessibility.0943,malware,1,1.0,1,malware
com.styleseat.promobile,benign,0,0.9999916642481779,1,malware
edu.synthetic.androzoo.malware.sms_otp_stealer.1375,malware,1,1.0,1,malware
edu.synthetic.androzoo.malware.banker_accessibility.1091,malware,1,1.0,1,malware
edu.synthetic.androzoo.malware.ransomware_locker.1242,malware,1,1.0,1,malware
com.ai.womendrag,malware,1,0.130715398031361,0,benign
com.card.carddiary,malware,1,0.10226457273165941,0,benign
com.simpfect.mrsilver.easyklassmember,benign,0,0.4005699627370004,0,benign
com.ubestkid.collection.a,malware,1,0.99999999521344,1,malware
digifit.android.virtuagym.pro.ywcaofasheville,benign,0,0.9900083517356145,1,malware
edu.synthetic.androzoo.malware.spyware_surveillance.0116,malware,1,1.0,1,malware
com.appeasybuild.apps6093bab1a04b5,benign,0,0.8919149202350926,1,malware
uk.co.newsquest.dorsetecho,benign,0,0.9724770039124965,1,malware
com.subsplashconsulting.s_S9QW82,benign,0,3.2749719748154863e-19,0,benign
com.grandgames.carmatch,benign,0,0.8689407616039619,1,malware
com.mnightt.slices,benign,0,0.9274579661437953,1,malware
edu.synthetic.androzoo.malware.overlay_pin_stealer.1442,malware,1,1.0,1,malware
com.myunitel.activities,benign,0,0.22542269116819197,0,benign
com.guidebook.apps.IES.android,benign,0,0.999996201486775,1,malware
edu.synthetic.androzoo.malware.overlay_pin_stealer.0968,malware,1,1.0,1,malware
edu.synthetic.androzoo.malware.spyware_surveillance.1650,malware,1,1.0,1,malware
edu.synthetic.androzoo.malware.overlay_pin_stealer.1076,malware,1,1.0,1,malware
com.yizhilu.caidiantong,malware,1,0.3250897291858184,0,benign
com.pheaa.mobile.aspire,benign,0,0.9999999999999998,1,malware
org.pattersonclippers.pattersonapp,malware,1,0.048916120116954634,0,benign
com.eztcn.user,malware,1,0.9827874126134354,1,malware
edu.synthetic.androzoo.malware.spyware_surveillance.1064,malware,1,0.9999985602508087,1,malware
goldensoft.com.goldenpedidos,benign,0,0.9281094858624823,1,malware
com.expertsuggestion.percentagecalculator,benign,0,0.12282798058449822,0,benign
jp.pya.tenten.app.minuterogue,benign,0,0.0263742419152162,0,benign
sharedesk.net.optixapp.launchcowork,benign,0,0.0005050620119334602,0,benign
com.TarterStudio.MRIProtocolosdeResonancia,benign,0,0.7491957928924253,1,malware
com.rajgrowup.djmusicmixer,benign,0,3.0975934674785456e-11,0,benign
com.mysticmobileapps.terrain.radar,benign,0,1.0,1,malware
com.free.ttdj,malware,1,0.25248683195515154,0,benign
com.CSswankychicboutique.android,benign,0,0.05223835826696763,0,benign
com.eduven.cc.italian,benign,0,0.9999754725942543,1,malware
edu.synthetic.androzoo.malware.dropper_loader.1452,malware,1,1.0,1,malware
fr.gestionsports.dijonpadel,benign,0,0.00010880743805492604,0,benign
com.thepattern.app,benign,0,0.7592872097972103,1,malware
com.sobrr.agnes,benign,0,0.36615638452533505,0,benign
com.coeursoft.bbdeathpitch,benign,0,0.3486443991200325,0,benign
com.champapps.gtp,benign,0,0.997387815971368,1,malware
edu.synthetic.androzoo.malware.adware_clicker.0722,malware,1,0.8906940026113336,1,malware
nl.speakap.linda,benign,0,0.3095365313245113,0,benign
edu.synthetic.androzoo.malware.sms_otp_stealer.1136,malware,1,0.9999999828384641,1,malware
com.groupebayard.prionseneglise.iphone,benign,0,1.0,1,malware
com.aljazeera.mobile,benign,0,0.9916837577020777,1,malware
edu.synthetic.androzoo.malware.banker_accessibility.0289,malware,1,1.0,1,malware
com.dailyworkhoroscopes.net,benign,0,0.9958817887060587,1,malware
br.com.controlezootecnico.lactalis,benign,0,0.3076627637233902,0,benign
edu.synthetic.androzoo.malware.wallet_stealer.0815,malware,1,0.9999999994294322,1,malware
com.play.merge.restyle,benign,0,1.0,1,malware
com.rainbow.shreecarpenter,benign,0,0.7639783197548289,1,malware
com.saubcy.games.puzzle.Palm,malware,1,0.12494395777463058,0,benign
com.moov.jets.sharingapp2,benign,0,0.9996317318853989,1,malware
com.easytor.ohadshemesh,benign,0,0.999778152830924,1,malware
edu.synthetic.androzoo.malware.wallet_stealer.1898,malware,1,1.0,1,malware
com.sug3rs.manypaper,malware,1,0.9999999554132806,1,malware
com.huaban.android,malware,1,0.6346034081535161,1,malware
com.google.android.youtube,benign,0,8.957961896069455e-07,0,benign
com.apptegy.centralca,benign,0,0.49194927393905435,0,benign
com.hiwell,benign,0,2.802831293043156e-18,0,benign
com.swissborg.android,benign,0,0.9951966665762072,1,malware
edu.synthetic.androzoo.malware.banker_accessibility.0812,malware,1,0.999999999659368,1,malware
edu.synthetic.androzoo.malware.dropper_loader.0896,malware,1,1.0,1,malware
com.nznlabs.litpro_mx,benign,0,0.8671633944723093,1,malware
com.melodygames.royaldreamindianwedding,benign,0,0.9906631268498239,1,malware
de.geos.app,benign,0,0.08806076632312568,0,benign
com.app.goldnlilies,benign,0,0.7634000275004648,1,malware
edu.synthetic.androzoo.malware.spyware_surveillance.0379,malware,1,0.9999999999999758,1,malware
ak.christmasshooter,malware,1,0.24379205172811091,0,benign
com.playspare.pizzarestaurant,malware,1,0.821247790359693,1,malware
edu.synthetic.androzoo.malware.overlay_pin_stealer.1168,malware,1,1.0,1,malware
it.bigstudio.bigstudio3,malware,1,0.9759581513864717,1,malware
com.trexit.trexedia,benign,0,0.9999999999825329,1,malware
edu.synthetic.androzoo.malware.adware_clicker.0645,malware,1,1.0,1,malware
com.chief.mobile,benign,0,0.9480257031150301,1,malware
com.vs.mena,benign,0,0.9527191893305356,1,malware
com.berrycomm.smarthome,benign,0,2.3458966476208293e-08,0,benign
com.tocaboca.tocamini,malware,1,1.0,1,malware
edu.synthetic.androzoo.malware.wallet_stealer.1356,malware,1,1.0,1,malware
com.gotoup.amenhelper,malware,1,0.9569859958935797,1,malware
com.dongbao.ygzj,malware,1,0.5491776383529431,1,malware
com.subsplashconsulting.s_G5V9SS,benign,0,2.1504982432900126e-27,0,benign
edu.synthetic.androzoo.malware.sms_otp_stealer.0382,malware,1,0.9999999999999991,1,malware
edu.synthetic.androzoo.malware.overlay_pin_stealer.1823,malware,1,1.0,1,malware
com.sybirex.wingoplan,benign,0,0.4660188190537719,0,benign
edu.synthetic.androzoo.malware.dropper_loader.1077,malware,1,1.0,1,malware
jp.co.machicomi,benign,0,0.9727253030665296,1,malware
com.upperpik.beadtoyasmr,benign,0,0.9047234052444615,1,malware
com.ebsig.shop,malware,1,0.9751125506843707,1,malware
com.sxb.answer.activity,malware,1,1.0,1,malware
com.twitter.videodownload.videodownloaderfortwitter,benign,0,0.9837167117394033,1,malware
com.motionmetrics.carv,benign,0,0.9989107944095303,1,malware
edu.synthetic.androzoo.malware.banker_accessibility.0307,malware,1,0.9999999999504852,1,malware
edu.synthetic.androzoo.malware.banker_accessibility.1087,malware,1,1.0,1,malware
com.ghs.sortpuz.bottle.game,benign,0,0.14843249498821762,0,benign
edu.synthetic.androzoo.malware.ransomware_locker.1679,malware,1,1.0,1,malware
com.trainerize.noahlyftsfitness,benign,0,0.9670553009833552,1,malware
com.hexun.caidaopro,malware,1,0.5858381081824611,1,malware
edu.synthetic.androzoo.malware.ransomware_locker.1378,malware,1,1.0,1,malware
edu.synthetic.androzoo.malware.wallet_stealer.0976,malware,1,0.9999153015900767,1,malware
zeljkoa.games.planetdrop,malware,1,0.9994564372844142,1,malware
com.padeldev.stat,benign,0,0.8045532327101316,1,malware
com.phone.contact.call.phonecontact,malware,1,0.007734845016248121,0,benign
kr.ninth.sol2,benign,0,1.0,1,malware
edu.synthetic.androzoo.malware.adware_clicker.0216,malware,1,1.0,1,malware
com.cosentino.cconnect,benign,0,3.4933676393859317e-07,0,benign
com.pixplus.ali,malware,1,0.9999999999834177,1,malware
com.equipmentgroup.AlignerSX1,benign,0,0.0,0,benign
com.fubar.mobile,benign,0,0.9999914882210968,1,malware
com.silky.apps.gold.lock,benign,0,0.3029113064394381,0,benign
edu.synthetic.androzoo.malware.adware_clicker.1231,malware,1,1.0,1,malware
edu.synthetic.androzoo.malware.dropper_loader.1784,malware,1,1.0,1,malware
org.cocos2dx.LittleBattle,malware,1,0.9920687876605908,1,malware
com.anbe.app,benign,0,0.7741310430012447,1,malware
com.garantiemeklilik.cepsube,benign,0,1.0,1,malware
com.nampadesign.train,benign,0,0.79052975914592,1,malware
edu.synthetic.androzoo.malware.overlay_pin_stealer.0377,malware,1,1.0,1,malware
edu.synthetic.androzoo.malware.spyware_surveillance.0729,malware,1,0.9999999999996316,1,malware
edu.synthetic.androzoo.malware.sms_otp_stealer.1311,malware,1,0.999999999999988,1,malware
com.onaliro.mpa,benign,0,0.4811023886866993,0,benign
teletalk.teletalkcustomerapp,benign,0,0.13315923011380892,0,benign
edu.synthetic.androzoo.malware.dropper_loader.1636,malware,1,1.0,1,malware
au.com.cheq,benign,0,0.9999993810133986,1,malware
com.zanaxu.wordcounter,benign,0,0.9921474499473872,1,malware
com.mogo.shuiguollk,malware,1,0.9995622843750657,1,malware
jp.co.iyobank.dhdl.safety.playstore,benign,0,0.9752587714662775,1,malware
ae.silal.fms,benign,0,0.9965334331346525,1,malware
edu.synthetic.androzoo.malware.overlay_pin_stealer.0065,malware,1,1.0,1,malware
com.apptegy.ocostawa,benign,0,1.917286180284699e-12,0,benign
jp.co.welpjob,benign,0,0.03033851428322437,0,benign
edu.synthetic.androzoo.malware.sms_otp_stealer.1905,malware,1,0.9999999999790568,1,malware
com.funiza.poolstrikeoffline,benign,0,0.9965248912927036,1,malware
com.citizenobserver.wildtipnc,benign,0,0.0034361105221050983,0,benign
com.game168.gameofmafia,benign,0,0.9966353776877491,1,malware
com.vanceandhines.fp4,benign,0,9.457298241545219e-06,0,benign
com.shubhlaxmi.option.stoploss.target,malware,1,0.9999999999998312,1,malware
com.epay.wallet.epmm,benign,0,0.9913462713980137,1,malware
gr.delhaize,benign,0,0.8462909079840041,1,malware
com.brewgames.coinmatch,benign,0,0.9986615881152846,1,malware
bd.com.upay.customer,malware,1,0.8948317632731136,1,malware
com.qiuwen.android,malware,1,0.01930773871910918,0,benign
com.getgarner.app,benign,0,0.6538298223966796,1,malware
com.goodapp.camera,malware,1,0.9999995014392068,1,malware
com.resetfitness.tribe,benign,0,0.08086469465658847,0,benign
com.huazhenginfo.HZDailyqd,malware,1,0.021638347621637327,0,benign
edu.synthetic.androzoo.malware.dropper_loader.1178,malware,1,1.0,1,malware
com.subsplashconsulting.s_859K4B,benign,0,1.4631939490706794e-28,0,benign
edu.synthetic.androzoo.malware.overlay_pin_stealer.1852,malware,1,1.0,1,malware
edu.synthetic.androzoo.malware.spyware_surveillance.1234,malware,1,1.0,1,malware
com.attack.longlegs.yyh,malware,1,1.0,1,malware
com.venusjewel,benign,0,0.49893297842115586,0,benign
edu.synthetic.androzoo.malware.banker_accessibility.0044,malware,1,0.9999999999999991,1,malware
com.chillnstudy.enhu,benign,0,0.2193570640500865,0,benign
edu.synthetic.androzoo.malware.spyware_surveillance.1296,malware,1,0.9999984629520458,1,malware
projet824.menorah,benign,0,0.5261866669637806,1,malware
edu.synthetic.androzoo.malware.overlay_pin_stealer.0410,malware,1,1.0,1,malware
edu.synthetic.androzoo.malware.banker_accessibility.1910,malware,1,0.9999981157581023,1,malware
edu.synthetic.androzoo.malware.banker_accessibility.1865,malware,1,0.9999999999999536,1,malware
edu.synthetic.androzoo.malware.overlay_pin_stealer.1128,malware,1,1.0,1,malware
mn.zerotech.boostibev1,benign,0,0.9966517270148973,1,malware
com.cyta.selfcare,benign,0,0.34666164685819423,0,benign
com.scsoft.maldivesrtl,benign,0,0.992923113989018,1,malware
com.quitoque,benign,0,0.9952458591904858,1,malware
com.Prompt.MuApp,benign,0,0.9377587367248547,1,malware
edu.synthetic.androzoo.malware.ransomware_locker.1054,malware,1,1.0,1,malware
keikyu.kq_app,benign,0,0.6245135471234261,1,malware
edu.synthetic.androzoo.malware.sms_otp_stealer.0797,malware,1,1.0,1,malware
com.sibisoft.lakemoni,benign,0,0.5882955969101781,1,malware
com.tinmanarts.IWantToWatchTVPhone,malware,1,0.9999195054442727,1,malware
net.meshkorea.vroongfriends,benign,0,0.9999999999999996,1,malware
au.com.digivista.wordpipes,benign,0,0.17735347516032698,0,benign
com.csasecurity.app,benign,0,0.9964900191211054,1,malware
com.Radyoye.Kurdi,benign,0,0.9977810971536815,1,malware
com.hrs.decibelmobilesolution,malware,1,1.0,1,malware
edu.synthetic.androzoo.malware.ransomware_locker.1678,malware,1,1.0,1,malware
com.openworld.carsimulatorct,benign,0,2.5549883290943912e-05,0,benign
com.simyasolutions.ling,benign,0,0.019610076376749625,0,benign
cc.sidi.SigmaScript,benign,0,0.6071619642511984,1,malware
edu.synthetic.androzoo.malware.overlay_pin_stealer.1571,malware,1,0.9999999999999103,1,malware
com.canva.editor,benign,0,7.634900272755406e-10,0,benign
edu.synthetic.androzoo.malware.ransomware_locker.0388,malware,1,1.0,1,malware
linguado.com.linguado,benign,0,0.37144027824617,0,benign
lsh.nzcp4,malware,1,0.9999983543559136,1,malware
edu.synthetic.androzoo.malware.dropper_loader.0173,malware,1,1.0,1,malware
com.autobid.val,benign,0,0.9901575991125227,1,malware
com.gps.routefinder.livetraffic.map,benign,0,0.772648169438471,1,malware
com.razzlepuzzles.dotconnect,benign,0,1.0,1,malware
io.mediaworks.android.dnevnohr,benign,0,0.9956636105534246,1,malware
com.luckystargame.funbigtwo,malware,1,0.8756120195132228,1,malware
edu.synthetic.androzoo.malware.banker_accessibility.0413,malware,1,1.0,1,malware
com.bridgebase.BridgeBase,benign,0,1.1416574850566325e-06,0,benign
com.shuiyinbao.android,malware,1,0.9968734348419461,1,malware
com.BloonClicker.playgameservices,benign,0,0.9874815244374996,1,malware
com.eflasoft.fradeufree,benign,0,0.09861695318958001,0,benign
edu.synthetic.androzoo.malware.overlay_pin_stealer.0272,malware,1,1.0,1,malware
com.zonedeliveryservicerider,benign,0,0.5103629214475285,1,malware
edu.synthetic.androzoo.malware.sms_otp_stealer.1068,malware,1,0.9999999941928563,1,malware
com.babe.bliss.studio.Kids.Fun.Car.Repair.Race.Game,benign,0,0.3964012832104629,0,benign
water.drink.reminder.tracker,benign,0,0.46457020738458676,0,benign
edu.synthetic.androzoo.malware.dropper_loader.0843,malware,1,1.0,1,malware
net.hanulsoft.nenc,benign,0,0.8625754945853719,1,malware
com.mywidz.mwp.hb.app.di.android,benign,0,0.9999999999999991,1,malware
com.cleverapps.adventure,benign,0,0.1306671077704495,0,benign
edu.synthetic.androzoo.malware.spyware_surveillance.0939,malware,1,0.9999958475164824,1,malware
fi.digilehdet,benign,0,0.9999999999146827,1,malware
com.recode.pregis,benign,0,0.9897439706175809,1,malware
com.bongopharma.bd,malware,1,0.4516243879729629,0,benign
edu.synthetic.androzoo.malware.banker_accessibility.0640,malware,1,0.9999999999999936,1,malware
com.bookmyartist.app,benign,0,0.9999942123667408,1,malware
edu.synthetic.androzoo.malware.overlay_pin_stealer.1373,malware,1,1.0,1,malware
com.ovuline.fertility,benign,0,0.8947734988591136,1,malware
appsolutions.HMT,benign,0,0.9915483134020003,1,malware
com.fibrum.froggyvr,malware,1,0.991271848303832,1,malware
edu.synthetic.androzoo.malware.overlay_pin_stealer.0525,malware,1,1.0,1,malware
com.yango.driver.beta,benign,0,0.9947132602165544,1,malware
com.dii.demosphere.prod,benign,0,0.023078044497217974,0,benign
com.economicview.jingwei,malware,1,0.999318300779914,1,malware
edu.synthetic.androzoo.malware.adware_clicker.0102,malware,1,1.0,1,malware
edu.synthetic.androzoo.malware.spyware_surveillance.0723,malware,1,1.0,1,malware
com.asngames.basketballdunkgame,malware,1,0.7617211189503178,1,malware
com.everysing.lysn,benign,0,0.975136381777348,1,malware
com.bol.shop,benign,0,0.9807184758575255,1,malware
edu.synthetic.androzoo.malware.overlay_pin_stealer.1915,malware,1,0.9999999999999989,1,malware
edu.synthetic.androzoo.malware.dropper_loader.1499,malware,1,1.0,1,malware
edu.synthetic.androzoo.malware.dropper_loader.1675,malware,1,1.0,1,malware
tr.turkgram.messenger,benign,0,0.4651330282884768,0,benign
com.ca.ppm.mobile.v1,benign,0,0.9978246799304771,1,malware
tv.uscreen.haumyoga,benign,0,0.9992370572916246,1,malware
com.bulkypix.wiredefuser,malware,1,0.9219526463029588,1,malware
com.ogemary.smarthome,malware,1,0.9984677998200098,1,malware
com.aimo.quin.colibri,benign,0,0.9152246625808164,1,malware
com.bardovpn,malware,1,0.8423555867405718,1,malware
game.brain.games.iq.test.brain.test.teasers,benign,0,0.9644745465120593,1,malware
com.tree.dayleft,benign,0,1.0,1,malware
com.wyt.iexuetang.hd.gs,malware,1,0.9999999999623339,1,malware
com.nexudusspaces.theshop,benign,0,0.8503279625492328,1,malware
edu.synthetic.androzoo.malware.dropper_loader.1609,malware,1,0.9999999999995555,1,malware
com.es.mengmobile.yyh,malware,1,0.9380924278453373,1,malware
com.getnotion.android,benign,0,0.996805259210615,1,malware
ie.uniquepublishing.limericketss,benign,0,0.9999999999429396,1,malware
org.lestuck.mobile,benign,0,0.8059168802870854,1,malware
com.cjol,malware,1,0.08238028183718998,0,benign
com.star.laogh.qiuqian,malware,1,0.9999972061209565,1,malware
edu.synthetic.androzoo.malware.spyware_surveillance.0872,malware,1,0.9999999999999996,1,malware
website.lookandfindapp.app,benign,0,0.9873575134482265,1,malware
com.zhihui.chinese,malware,1,0.022204594939056767,0,benign
edu.synthetic.androzoo.malware.banker_accessibility.1747,malware,1,0.999999999998342,1,malware
com.melesta.coffeeshop,benign,0,0.08368527116801448,0,benign
com.risingapps.photoenhancer,benign,0,0.999999999155943,1,malware
io.sequr,benign,0,0.9964486360160587,1,malware
edu.synthetic.androzoo.malware.overlay_pin_stealer.0862,malware,1,1.0,1,malware
com.subsplashconsulting.s_7BFPKG,benign,0,1.0,1,malware
apps.muslim_musafir_khana,benign,0,0.9521919488357199,1,malware
feather.notes,malware,1,0.2262876840636618,0,benign
com.wzhx.mobile.sgbxdw,malware,1,0.9945204912967289,1,malware
app.outsystems.ipppooling.PalletHero,benign,0,0.004229939940449336,0,benign
com.toccata.games.cannonman,malware,1,0.9838321692584387,1,malware
edu.synthetic.androzoo.malware.spyware_surveillance.1507,malware,1,0.9999999999879285,1,malware
edu.synthetic.androzoo.malware.banker_accessibility.0114,malware,1,0.9999999999999716,1,malware
cn.com.drivedu.chexuetang,malware,1,0.8761228287478444,1,malware
edu.synthetic.androzoo.malware.wallet_stealer.0051,malware,1,0.999999999999847,1,malware
ru.frolovvv.asd,benign,0,0.052827168857302924,0,benign
edu.synthetic.androzoo.malware.spyware_surveillance.0561,malware,1,1.0,1,malware
com.esiwei.yyasianshop,malware,1,0.5533775418724106,1,malware
edu.synthetic.androzoo.malware.overlay_pin_stealer.1412,malware,1,1.0,1,malware
com.magicapp.keepclean.phonebooster,malware,1,1.0,1,malware
edu.synthetic.androzoo.malware.spyware_surveillance.1284,malware,1,1.0,1,malware
com.clowngames.mobgio.st,malware,1,0.7874214403001197,1,malware
com.colanotes.android,malware,1,0.14927133474857016,0,benign
com.bananaapps.kidapps.cowboys.contourdots.free,malware,1,0.999999999997742,1,malware
edu.synthetic.androzoo.malware.spyware_surveillance.0774,malware,1,0.9999169226172501,1,malware
com.appslab.blackgospelradio,benign,0,0.08685911745260017,0,benign
edu.synthetic.androzoo.malware.banker_accessibility.0914,malware,1,0.9999999983073351,1,malware
com.babbel.mobile.android.en,benign,0,0.010877528751644747,0,benign
pro.bacca.uralairlines,benign,0,0.001784099745788279,0,benign
edu.synthetic.androzoo.malware.spyware_surveillance.1853,malware,1,1.0,1,malware
edu.synthetic.androzoo.malware.overlay_pin_stealer.0586,malware,1,1.0,1,malware
com.style_7.lightanalogclocklw_7,benign,0,0.9738019503071883,1,malware
edu.synthetic.androzoo.malware.overlay_pin_stealer.1719,malware,1,1.0,1,malware
com.rym.door,benign,0,0.9963451718913156,1,malware
com.poetry.fk.cm,malware,1,0.9992983332780784,1,malware
com.zjlandm.indkuang,malware,1,0.9751280623363251,1,malware
ru.nexttehnika.sos112ru.wrtc,benign,0,0.43183943654618856,0,benign
com.nelliemaevip.android,benign,0,0.14263319625876436,0,benign
com.bithack.apparatus.st,malware,1,0.9997743437721117,1,malware
edu.synthetic.androzoo.malware.spyware_surveillance.1623,malware,1,1.0,1,malware
com.pfhcard.production,benign,0,0.8719352492368382,1,malware
kr.co.smartskin.sseoqkr7,benign,0,0.8027080041238319,1,malware
com.napoleon.bookoffate,benign,0,1.0,1,malware
com.antpool.app.android,benign,0,0.3750881986140908,0,benign
com.topnewgames.car.parking.game.free,benign,0,0.8328221956997721,1,malware
com.kick.wild.lion.attack,malware,1,0.9984080923485807,1,malware
com.tappocket.dragonvillage,benign,0,0.38074927837141875,0,benign
com.thefishing.hawaii,benign,0,0.20901894779938698,0,benign
com.tippingcanoe.pepperpl,benign,0,1.0,1,malware
edu.synthetic.androzoo.malware.dropper_loader.0760,malware,1,1.0,1,malware
tech.jm,benign,0,1.7117312775052106e-09,0,benign
com.florasense,benign,0,1.0,1,malware
com.mse.monumentalnetworks,benign,0,3.67983010797436e-15,0,benign
com.isharing.isharing,benign,0,0.0019750851769448296,0,benign
br.com.inchurch.pazchurchguaratuba,benign,0,0.7176715678968233,1,malware
dk.klaravik.app,benign,0,0.45932858901258183,0,benign
edu.synthetic.androzoo.malware.adware_clicker.1122,malware,1,1.0,1,malware
com.rvappstudios.tile.connect.link.puzzle.game,benign,0,1.0,1,malware
com.moblin.israeltrain,benign,0,0.07231289226184393,0,benign
com.emcan.emarat,benign,0,0.9993970252712165,1,malware
se.svd.start,benign,0,1.497886205501316e-17,0,benign
com.tplink.omada,benign,0,0.9999999982642964,1,malware
com.bssys.mbcphone.akbars,benign,0,0.8408327683801295,1,malware
com.morega.ldsg,malware,1,0.8746948872748268,1,malware
com.guidebook.apps.uos.android,benign,0,0.9884039200408145,1,malware
ru.DmitryLomakin.ReanimationInc.yg,malware,1,0.9999799917937912,1,malware
com.renderedideas.idlefarmingtycoon,benign,0,1.0,1,malware
com.walainteractive.roshambodash,benign,0,0.5780176176247916,1,malware
edu.synthetic.androzoo.malware.dropper_loader.1127,malware,1,1.0,1,malware
com.subsplashconsulting.s_983JH4,benign,0,3.0326570249129984e-32,0,benign
edu.synthetic.androzoo.malware.spyware_surveillance.1683,malware,1,0.9999986858652105,1,malware
com.infra.jkgb,benign,0,0.22208247176728965,0,benign
edu.synthetic.androzoo.malware.adware_clicker.1524,malware,1,1.0,1,malware
com.qumu.viewer,benign,0,0.9999999581816084,1,malware
com.mobirix.jp.bubblebobble1,benign,0,0.9058548422974805,1,malware
com.neighbors.darkriddle,benign,0,0.9999999222456004,1,malware
com.subsplashconsulting.s_HBP7KC,benign,0,7.083406204836515e-06,0,benign
com.wave.lalkar,benign,0,0.9090101120007553,1,malware
com.helplove.shbf,malware,1,0.6193725939155312,1,malware
net.nijigen_chat,benign,0,0.9963982487243516,1,malware
com.estgames.cm.jp,benign,0,0.4728389001758151,0,benign
io.iftech.android.box,malware,1,0.6183249319933418,1,malware
edu.synthetic.androzoo.malware.ransomware_locker.1185,malware,1,1.0,1,malware
com.wanmeizhensuo.zhensuo,malware,1,0.7476042299556943,1,malware
com.yulin.VertexVerveInc.Games,malware,1,1.0,1,malware
org.fcbh.xalibt.n2.n,benign,0,0.9907828431327295,1,malware
edu.synthetic.androzoo.malware.overlay_pin_stealer.1396,malware,1,0.999999999996197,1,malware
edu.synthetic.androzoo.malware.overlay_pin_stealer.1402,malware,1,1.0,1,malware
com.my6.android,benign,0,1.0,1,malware
com.mike.gifmaker,benign,0,0.6192942930732156,1,malware
com.shici,malware,1,0.4692017979568591,0,benign
edu.synthetic.androzoo.malware.overlay_pin_stealer.0221,malware,1,1.0,1,malware
edu.synthetic.androzoo.malware.dropper_loader.0867,malware,1,1.0,1,malware
com.thuanlumi.gentlesunny,benign,0,0.9011075555222828,1,malware
pl.netigen.perfect.bouzouki.tuner,benign,0,0.9999999363297031,1,malware
edu.synthetic.androzoo.malware.wallet_stealer.0878,malware,1,0.9999999996156774,1,malware
py.com.sudameris,benign,0,0.5530237938239555,1,malware
com.sice_app,benign,0,3.2864397374907614e-12,0,benign
com.cloudtech.weatherradar,malware,1,0.7178751610943603,1,malware
com.nikinorm.gus,benign,0,0.30749135831818314,0,benign
edu.synthetic.androzoo.malware.spyware_surveillance.0246,malware,1,0.999999998920331,1,malware
jp.app.flipit,benign,0,0.22461308153979886,0,benign
edu.synthetic.androzoo.malware.banker_accessibility.1040,malware,1,0.9999999842483489,1,malware
edu.synthetic.androzoo.malware.overlay_pin_stealer.1292,malware,1,1.0,1,malware
com.loopdfs.consumer,malware,1,0.9999986020356358,1,malware
edu.synthetic.androzoo.malware.wallet_stealer.0472,malware,1,0.9999999999999989,1,malware
com.cellit.cellitnews.wset,benign,0,8.034797697231819e-14,0,benign
edu.synthetic.androzoo.malware.overlay_pin_stealer.1245,malware,1,1.0,1,malware
com.nahdi.main,benign,0,0.2837290881230069,0,benign
com.xd_geospatial.andorra,benign,0,2.0110313605980715e-05,0,benign
com.wishfinityinc.wishfinity,benign,0,0.014941415063973127,0,benign
edu.synthetic.androzoo.malware.spyware_surveillance.1318,malware,1,0.9999980532687825,1,malware
com.inforcrom.android.avfarena,malware,1,0.9999999999989104,1,malware
HitTheBottle.com,malware,1,0.8261206861748142,1,malware
uk.co.stefsquared.vanguard,benign,0,0.214962759800335,0,benign
com.kingsoft.mobile3d.iloli91,malware,1,0.09730808632667268,0,benign
com.LDRLY.budmatch,benign,0,0.2367564850789687,0,benign
com.h8games.helixjump,malware,1,0.9989708035917181,1,malware
com.repsly.android.feed,benign,0,1.0,1,malware
com.coachcare.lifetimehnmhj,benign,0,0.9104768445916204,1,malware
com.wizeyes.colorcapture,malware,1,0.49768825847767456,0,benign
edu.synthetic.androzoo.malware.wallet_stealer.0068,malware,1,1.0,1,malware
com.sixfootthreefoot.elevensup,benign,0,0.8851350481560771,1,malware
com.global.pnck,benign,0,1.0,1,malware
edu.synthetic.androzoo.malware.sms_otp_stealer.1144,malware,1,0.9999999999999789,1,malware
no.nyby,benign,0,1.0,1,malware
com.blaszmo.bthere,benign,0,0.9999865296221728,1,malware
edu.synthetic.androzoo.malware.wallet_stealer.0070,malware,1,0.9995111285491904,1,malware
edu.synthetic.androzoo.malware.spyware_surveillance.0200,malware,1,0.9999794692465701,1,malware
digifit.android.virtuagym.pro.eindhovengym,benign,0,0.19437628067994459,0,benign
edu.synthetic.androzoo.malware.banker_accessibility.1626,malware,1,1.0,1,malware
games.doro.busstation,benign,0,0.9999673226461051,1,malware
com.ddsafricaltd.fieldmetrics,benign,0,6.811896838521748e-07,0,benign
com.exys2008.over,benign,0,0.813070355773554,1,malware
com.prvidr.paas.coles.prod,benign,0,1.5484810448965521e-06,0,benign
shamimsoft.vares,malware,1,0.22845571821799276,0,benign
co.com.hgi.hginetmovil,benign,0,0.050515882136106346,0,benign
com.mojobybobo.komunitikita,benign,0,0.9830327785041278,1,malware
edu.synthetic.androzoo.malware.sms_otp_stealer.0980,malware,1,0.9999999999945142,1,malware
com.yimishiji.app,malware,1,0.18299448707431068,0,benign
app.streetracefury,benign,0,0.9998123572514647,1,malware
com.communi.agl,benign,0,9.897537262626232e-17,0,benign
edu.synthetic.androzoo.malware.ransomware_locker.0004,malware,1,1.0,1,malware
edu.synthetic.androzoo.malware.ransomware_locker.0190,malware,1,1.0,1,malware
com.lge.laundryinstaller,benign,0,0.9996036899295516,1,malware
aexyn.stereogramviewer,benign,0,1.3771845573156557e-05,0,benign
com.unitybars.corplight.oschadbank,benign,0,0.011928256144186074,0,benign
guide.portugal.lisbon.prod,benign,0,0.5502600265296316,1,malware
jp.co.masa21.app.masa21scapp,benign,0,0.06616407976828349,0,benign
com.apptegy.dawson,benign,0,0.9350386722700009,1,malware
tv.sensical.android,benign,0,1.0,1,malware
com.wnapp.id1717297840426,benign,0,0.3086771003503272,0,benign
edu.synthetic.androzoo.malware.dropper_loader.1587,malware,1,1.0,1,malware
com.pivotcreates.universalchurchdirectory,benign,0,0.9997148739470789,1,malware
app.donkeymobile.interkerkelijkdovenpastoraat,benign,0,0.9970800764105502,1,malware
com.holucent.grammarde,benign,0,0.005483879136789523,0,benign
com.comptoirdespecheurs.app.dkt,benign,0,0.9002573958071668,1,malware
com.kiloo.subwaysurf,malware,1,1.0,1,malware
com.arryved,benign,0,0.8402482607821468,1,malware
brazil.chatsansar.com,benign,0,0.30178537207805484,0,benign
com.recode.aerodyneapex,benign,0,0.352613502282651,0,benign
edu.synthetic.androzoo.malware.dropper_loader.0876,malware,1,1.0,1,malware
events.seminairepartenaires.iwi,benign,0,0.006120920284968274,0,benign
edu.synthetic.androzoo.malware.sms_otp_stealer.0256,malware,1,0.9999999999999993,1,malware
com.ttk.hdl,malware,1,0.9999721890920156,1,malware
com.horizonfitnessexperience.programs,benign,0,7.620841043632345e-06,0,benign
com.sinyee.babybus.share,malware,1,0.583069450192299,1,malware
com.ionicframework.cs0786,benign,0,0.06410492882977953,0,benign
com.subsplashconsulting.s_W98M7N,benign,0,1.0,1,malware
coza.globalchoices.infinitiassist,benign,0,0.5609344615237004,1,malware
com.gmfr.heavy.excavator.simulator2,malware,1,0.9999999999998903,1,malware
com.mitsu.ColorNo33_autumn,benign,0,0.9909046133038588,1,malware
com.arbella.myarbella,benign,0,0.4212408867277932,0,benign
edu.synthetic.androzoo.malware.wallet_stealer.0650,malware,1,0.9997165302432018,1,malware
edu.synthetic.androzoo.malware.ransomware_locker.0003,malware,1,1.0,1,malware
com.bmac.usbsnc,benign,0,4.4409491161551684e-09,0,benign
edu.synthetic.androzoo.malware.sms_otp_stealer.0997,malware,1,1.0,1,malware
edu.synthetic.androzoo.malware.banker_accessibility.1881,malware,1,0.9999999999835434,1,malware
com.onetake,benign,0,0.05452305208942007,0,benign
com.blackthorn.clipmaker,benign,0,0.8707499167633368,1,malware
edu.synthetic.androzoo.malware.spyware_surveillance.0429,malware,1,1.0,1,malware
com.ritzdeligames.eraserblast,benign,0,0.913635300552575,1,malware
com.subsplashconsulting.s_5MFNFH,benign,0,3.676590220667395e-24,0,benign
io.pushpay.hcnazarene,benign,0,2.599962586803778e-16,0,benign
edu.synthetic.androzoo.malware.banker_accessibility.0323,malware,1,1.0,1,malware
com.vacationtracker.app,benign,0,0.9942553896676884,1,malware
com.grocerkey.frontendapp.woodmans,benign,0,5.246685038576974e-17,0,benign
edu.synthetic.androzoo.malware.adware_clicker.0965,malware,1,1.0,1,malware
com.ssgz.pica,benign,0,0.3417656178614071,0,benign
com.linker.scyt,malware,1,0.2991319345559822,0,benign
com.bitmango.go.unblockcasual,benign,0,0.008357260014958371,0,benign
com.capitalairlines.dingpiao,malware,1,1.0,1,malware
jp.co.a_tm.android.plus_kawaii_hamster,benign,0,0.010563367339717007,0,benign
edu.synthetic.androzoo.malware.banker_accessibility.0419,malware,1,0.9999999996996167,1,malware
edu.synthetic.androzoo.malware.sms_otp_stealer.0370,malware,1,0.9999999999999782,1,malware
edu.synthetic.androzoo.malware.sms_otp_stealer.0713,malware,1,1.0,1,malware
edu.synthetic.androzoo.malware.sms_otp_stealer.0583,malware,1,0.9992907340292151,1,malware
edu.synthetic.androzoo.malware.ransomware_locker.0296,malware,1,1.0,1,malware
com.Sunscool.Sunscool,benign,0,0.9814141035404869,1,malware
it.gasparilab.myroverchiara,benign,0,0.977537563765939,1,malware
com.rescue.machine,benign,0,0.8432618787891091,1,malware
com.filerecoverypro.master.frp,malware,1,0.9999999999996407,1,malware
com.lduboscq.goodvibesdaily,benign,0,0.4047628481575413,0,benign
com.newindiadevs.weedseed,benign,0,0.1199901524222466,0,benign
edu.synthetic.androzoo.malware.overlay_pin_stealer.1755,malware,1,1.0,1,malware
edu.synthetic.androzoo.malware.banker_accessibility.0507,malware,1,1.0,1,malware
com.wonderfulgames.princesscatlearun,benign,0,0.5604169912016944,1,malware
edu.synthetic.androzoo.malware.dropper_loader.0675,malware,1,1.0,1,malware
com.MyCollege.app,benign,0,0.005939858297473283,0,benign
me.hxyfj.rk,malware,1,0.9993554314280413,1,malware
edu.synthetic.androzoo.malware.banker_accessibility.0803,malware,1,1.0,1,malware
com.trainerize.unconventionaltrainingapp,benign,0,0.7630422049385848,1,malware
edu.synthetic.androzoo.malware.overlay_pin_stealer.0281,malware,1,1.0,1,malware
uk.co.storlann.faclanfalaichte.faclan_falaichte,benign,0,0.9428092185186618,1,malware
com.mavi.kartus,benign,0,0.9999999997480891,1,malware
com.team17.escapists,malware,1,0.9997101438507172,1,malware
uk.co.aifactory.sudokufree,benign,0,0.418371632905317,0,benign
com.my.jump.lab,benign,0,0.3458353798827446,0,benign
com.ayibang.ayb,malware,1,0.9343783524496755,1,malware
co.hopon.client,benign,0,0.30857884127117874,0,benign
edu.synthetic.androzoo.malware.overlay_pin_stealer.1841,malware,1,1.0,1,malware
edu.synthetic.androzoo.malware.banker_accessibility.0046,malware,1,0.9999999993552342,1,malware
com.noqta.noqtadispetchdriver,benign,0,0.04855412925000872,0,benign
com.subsplashconsulting.s_VM45B6,benign,0,3.804864123596462e-13,0,benign
com.soft.ware.lock.hd,malware,1,3.5981309170332984e-08,0,benign
com.scg.anime.family.simulator,malware,1,0.9995060518248201,1,malware
com.facilitygrid.mobile,benign,0,0.23556342221576865,0,benign
edu.synthetic.androzoo.malware.spyware_surveillance.0394,malware,1,1.0,1,malware
edu.synthetic.androzoo.malware.dropper_loader.0213,malware,1,1.0,1,malware
com.sabe.brevet,benign,0,0.07604415408558868,0,benign
edu.synthetic.androzoo.malware.overlay_pin_stealer.1920,malware,1,1.0,1,malware
com.adventure.streamwalkertribes,benign,0,0.853969652321657,1,malware
com.yong.bible_plus,malware,1,1.9592073588897666e-05,0,benign
art.teamlab.exhibitions.app,benign,0,0.9818415244000783,1,malware
com.isl.sifootball,benign,0,0.05510798654990797,0,benign
edu.synthetic.androzoo.malware.banker_accessibility.1824,malware,1,0.9999999999988067,1,malware
com.hungrypanda.waimai,benign,0,0.9994721718005335,1,malware
edu.synthetic.androzoo.malware.overlay_pin_stealer.0432,malware,1,1.0,1,malware
com.best.quick.browser,malware,1,1.4793071795136912e-15,0,benign
com.momsitter.android.hybridapp,benign,0,0.9913126174526025,1,malware
get.lokal.localjobs,benign,0,0.5809272174927047,1,malware
edu.synthetic.androzoo.malware.dropper_loader.1346,malware,1,1.0,1,malware
edu.synthetic.androzoo.malware.banker_accessibility.0791,malware,1,1.0,1,malware
com.citizenobserver.dodgecitypd,benign,0,0.0002456407853981163,0,benign
ca.craver.aptthreeespbar,benign,0,1.0,1,malware
com.lungtransplant,benign,0,0.44783473327193796,0,benign
edu.synthetic.androzoo.malware.overlay_pin_stealer.0167,malware,1,1.0,1,malware
com.sibisoft.leisure,benign,0,0.9999999999997806,1,malware
edu.synthetic.androzoo.malware.dropper_loader.0365,malware,1,1.0,1,malware
com.sh.tlzgh,malware,1,1.0,1,malware
com.hs.leadi,benign,0,0.846794995454363,1,malware
edu.synthetic.androzoo.malware.banker_accessibility.0280,malware,1,1.0,1,malware
edu.synthetic.androzoo.malware.dropper_loader.1785,malware,1,1.0,1,malware
jp.gr.java_conf.koni.warasibe.pj,malware,1,0.13034721306308705,0,benign
me.magicgirl.magicgirl,benign,0,0.00044013765674814404,0,benign
com.bravolang.dutch,malware,1,0.9986997757646208,1,malware
br.com.sistemaprover.pibvidacrista,benign,0,0.21618098977635522,0,benign
edu.synthetic.androzoo.malware.sms_otp_stealer.1688,malware,1,0.9999999998811662,1,malware
edu.synthetic.androzoo.malware.sms_otp_stealer.1844,malware,1,1.0,1,malware
com.luyun.diary,malware,1,0.9999999999552773,1,malware
com.corridor.rots,malware,1,0.9181651850938827,1,malware
edu.synthetic.androzoo.malware.dropper_loader.1759,malware,1,1.0,1,malware
words.puzzle.wordgame.free.connect,benign,0,0.899962413610225,1,malware
com.subsplash.thechurchapp.s_2KTBXN,benign,0,3.575084694805439e-15,0,benign
edu.synthetic.androzoo.malware.banker_accessibility.1733,malware,1,0.9963350371001927,1,malware
edu.synthetic.androzoo.malware.wallet_stealer.0842,malware,1,1.0,1,malware
com.ustcsoft.zshl.app,malware,1,0.7512679798320316,1,malware
de.appack.project.tv_bruckhausen,benign,0,0.9999992277903614,1,malware
com.YsoCorp.Bacteria,benign,0,0.9899095485635383,1,malware
com.scenix.mlearning,malware,1,0.49370539098087474,0,benign
com.octotelematics.creditras,benign,0,1.0,1,malware
edu.synthetic.androzoo.malware.sms_otp_stealer.1419,malware,1,0.9999999999997538,1,malware
com.loner.fruitclear,malware,1,0.9848575027270164,1,malware
com.moyun365.android.zkhistory,malware,1,0.6550713778596833,1,malware
com.mta.videotube.playtube,benign,0,0.9999999999943876,1,malware
jp.co.muse.matsuro,malware,1,0.9258748465374308,1,malware
edu.synthetic.androzoo.malware.dropper_loader.1666,malware,1,1.0,1,malware
com.dwwang.staff,malware,1,0.7370211707868101,1,malware
edu.synthetic.androzoo.malware.banker_accessibility.1736,malware,1,1.0,1,malware
com.communi.stamiapp,benign,0,0.9999175538875263,1,malware
edu.synthetic.androzoo.malware.dropper_loader.0132,malware,1,0.9999999999999996,1,malware
com.vip.bet.predict,malware,1,0.9999999997793487,1,malware
com.ptwired.betapt,benign,0,0.221412149161256,0,benign
com.aitype.android.lang.ru,benign,0,0.9999999366201309,1,malware
edu.synthetic.androzoo.malware.wallet_stealer.0138,malware,1,1.0,1,malware
edu.synthetic.androzoo.malware.banker_accessibility.0955,malware,1,0.9999999850050483,1,malware
com.youxigongchang.chuanyuexiyou.a323.yyh,malware,1,0.9985460634664413,1,malware
edu.synthetic.androzoo.malware.ransomware_locker.0161,malware,1,1.0,1,malware
edu.synthetic.androzoo.malware.overlay_pin_stealer.0823,malware,1,1.0,1,malware
edu.synthetic.androzoo.malware.banker_accessibility.0871,malware,1,1.0,1,malware
com.bayt,benign,0,0.7157703613385626,1,malware
com.herogame.gplay.eternalevolution.idlerpg,benign,0,0.9999073853784668,1,malware
com.app4joy.tunisia_free,benign,0,0.9783085552099421,1,malware
edu.synthetic.androzoo.malware.wallet_stealer.0944,malware,1,0.999999999999978,1,malware
au.com.seatfrog.icarus,benign,0,0.9958125649060631,1,malware
br.com.vsvdrive.passenger.drivermachine,benign,0,0.9895437211730529,1,malware
ru.ifmo.itmostudents,benign,0,0.4708469762483231,0,benign
com.trukkeruae.trukker_vender,benign,0,0.14381378508463705,0,benign
edu.synthetic.androzoo.malware.spyware_surveillance.0395,malware,1,1.0,1,malware
com.matrix_digi.ma_remote,malware,1,0.9999999945292664,1,malware
com.acemoneytransfer.android,benign,0,0.4224330322152048,0,benign
com.bhmginc.id2997,benign,0,6.620989507387608e-11,0,benign
ru.psbank.invest,benign,0,0.06473936988196227,0,benign
edu.synthetic.androzoo.malware.overlay_pin_stealer.0436,malware,1,1.0,1,malware
ca.lockedup.teleporte,benign,0,0.9997795098192558,1,malware
edu.synthetic.androzoo.malware.dropper_loader.0780,malware,1,1.0,1,malware
edu.synthetic.androzoo.malware.overlay_pin_stealer.0128,malware,1,1.0,1,malware
jp.co.jal.flightfun,benign,0,1.0,1,malware
edu.synthetic.androzoo.malware.overlay_pin_stealer.1270,malware,1,1.0,1,malware
com.echurchapps.newspringks,benign,0,0.007116357125353944,0,benign
com.zhan.runhealthy,benign,0,1.0,1,malware
com.eka.Resist,benign,0,4.861157066173875e-12,0,benign
com.sneakmartapp,benign,0,0.9999995680740557,1,malware
edu.synthetic.androzoo.malware.sms_otp_stealer.0957,malware,1,1.0,1,malware
com.blackbird.card.aata,benign,0,0.6418722335241165,1,malware
edu.synthetic.androzoo.malware.banker_accessibility.0059,malware,1,1.0,1,malware
wsh.shuizhu.boook,malware,1,0.04246455365902958,0,benign
net.plazz.mea.octopusfreightnetwork,benign,0,0.9999994060730272,1,malware
com.soft.blued,malware,1,0.9748882876553665,1,malware
com.regula.documentreader,benign,0,7.31964277560601e-07,0,benign
edu.synthetic.androzoo.malware.spyware_surveillance.1606,malware,1,1.0,1,malware
edu.synthetic.androzoo.malware.ransomware_locker.0894,malware,1,1.0,1,malware
com.mampod.ergedd,malware,1,0.9999713804101253,1,malware
edu.synthetic.androzoo.malware.overlay_pin_stealer.1331,malware,1,1.0,1,malware
rod.WebView.apps,malware,1,0.49559194390614475,0,benign
com.wego.android,benign,0,1.0,1,malware
edu.synthetic.androzoo.malware.overlay_pin_stealer.1142,malware,1,1.0,1,malware
com.meuradinho.radio40039,benign,0,0.1798661708422768,0,benign
com.minimotors.escooter,benign,0,0.1298295308330567,0,benign
com.subsplash.thechurchapp.reallife,benign,0,7.516361433367805e-29,0,benign
com.application.zomato.district,benign,0,1.0,1,malware
edu.synthetic.androzoo.malware.spyware_surveillance.0198,malware,1,1.0,1,malware
edu.synthetic.androzoo.malware.overlay_pin_stealer.1016,malware,1,1.0,1,malware
com.tgame.sand.box,benign,0,0.9499223562643024,1,malware
weather.forecast.storm.radar,malware,1,0.9670142599474695,1,malware
edu.synthetic.androzoo.malware.banker_accessibility.0808,malware,1,0.9999999999999953,1,malware
jp.co.aree_cosme.AREE,benign,0,0.9998465795509497,1,malware
edu.synthetic.androzoo.malware.wallet_stealer.0618,malware,1,0.9999999999901783,1,malware
edu.synthetic.androzoo.malware.wallet_stealer.1187,malware,1,0.9999999993423412,1,malware
com.mitake.mls,benign,0,0.0,0,benign
com.appsphereinnovations.tamilcomedystickers,benign,0,0.9998930446637201,1,malware
com.igg.android.galaxyonline3_beta,malware,1,1.0,1,malware
gr.itworx.solidcore,benign,0,0.8058325910979697,1,malware
com.aaritya.sahi_trade_app,benign,0,0.997635210265799,1,malware
edu.synthetic.androzoo.malware.banker_accessibility.1860,malware,1,0.9999999999879821,1,malware
edu.synthetic.androzoo.malware.adware_clicker.1851,malware,1,1.0,1,malware
com.asapps.learnfrench,benign,0,0.9999999897996322,1,malware
com.etcgamestudioo.pixel,malware,1,0.9330796402355442,1,malware
coach.zing.fitness,benign,0,4.202339049934222e-46,0,benign
com.idmobile.norwaymeteo,benign,0,0.28707246833600364,0,benign
com.weatherteam.dailyweather.forecast,benign,0,0.9999681498115892,1,malware
com.coloring.games.color.by.numbers,benign,0,1.9801842882893636e-07,0,benign
com.appmocion.club_gourmet,benign,0,0.38707140837891985,0,benign
com.giantfish.survive.thelong.drive,malware,1,0.07379029472360309,0,benign
com.boyaa.androidmarketfr,benign,0,0.991615993296017,1,malware
com.lgtech.checktime_io,benign,0,0.41529978102129983,0,benign
edu.synthetic.androzoo.malware.banker_accessibility.0930,malware,1,1.0,1,malware
si.triglavskladi.app,benign,0,0.9999974996313079,1,malware
edu.synthetic.androzoo.malware.spyware_surveillance.0551,malware,1,0.99999999994225,1,malware
com.gergelynagy.wordfinder,benign,0,0.8581915208404705,1,malware
com.shoujiduoduo.dj,malware,1,0.9578017439087474,1,malware
com.alan.mod.skin.for.mcpe,malware,1,0.9928805867036085,1,malware
com.wyt.iexuetang.hd.xxtb,malware,1,0.9999992187675296,1,malware
gool.mobile,benign,0,0.2756426167474643,0,benign
edu.synthetic.androzoo.malware.spyware_surveillance.0158,malware,1,0.9999995456306157,1,malware
com.afgame.app.poolball,benign,0,0.41788756762368173,0,benign
com.estsoft.alyac,benign,0,0.8980378834877887,1,malware
com.ios.callscreen.icalldialer,benign,0,0.9998262030001493,1,malware
edu.synthetic.androzoo.malware.sms_otp_stealer.0623,malware,1,1.0,1,malware
com.medpresso.Lonestar.currcardio,benign,0,0.03594129390652993,0,benign
edu.synthetic.androzoo.malware.overlay_pin_stealer.1566,malware,1,1.0,1,malware
edu.synthetic.androzoo.malware.overlay_pin_stealer.1361,malware,1,1.0,1,malware
com.DiyPalletsAndCrates.andidev,benign,0,0.7943903523403782,1,malware
edu.synthetic.androzoo.malware.ransomware_locker.1814,malware,1,1.0,1,malware
com.upbean.appcmcoop,benign,0,0.1083096008240938,0,benign
edu.synthetic.androzoo.malware.ransomware_locker.1357,malware,1,1.0,1,malware
com.cgs.flying.monster.robot.transformer,malware,1,0.9694637537065143,1,malware
edu.synthetic.androzoo.malware.dropper_loader.0501,malware,1,1.0,1,malware
edu.synthetic.androzoo.malware.ransomware_locker.0737,malware,1,1.0,1,malware
edu.synthetic.androzoo.malware.overlay_pin_stealer.1561,malware,1,1.0,1,malware
com.iyuba.camstory,malware,1,0.07352626004383267,0,benign
com.appazur.nsspartans,benign,0,0.09183278432883135,0,benign
it.bolognafc.app,benign,0,0.99256008469745,1,malware
edu.synthetic.androzoo.malware.spyware_surveillance.0112,malware,1,0.9999999999999782,1,malware
com.chownow.mimistoobagelsdeli,benign,0,0.9999999652395221,1,malware
mmorpg.main,benign,0,0.9696117685213255,1,malware
info.ishared.gwy_xc,malware,1,0.06629408271753272,0,benign
com.cheche365.a.chebaoyi,malware,1,0.7531468938519766,1,malware
edu.synthetic.androzoo.malware.dropper_loader.0177,malware,1,1.0,1,malware
com.focustech.abizbest.app.moblie,malware,1,0.7234249054494221,1,malware
kh.com.wooribank.ibanking,benign,0,0.9081769964287695,1,malware
com.mysports.branded.icekalt,benign,0,0.9953994830435424,1,malware
edu.synthetic.androzoo.malware.sms_otp_stealer.0360,malware,1,1.0,1,malware
com.burningthumb.mobile.iDrone,benign,0,0.7654452097706116,1,malware
water.sort.soda.color.puzzle.games,benign,0,0.8928723272922431,1,malware
edu.synthetic.androzoo.malware.overlay_pin_stealer.0212,malware,1,1.0,1,malware
com.zaggle,benign,0,1.0,1,malware
edu.synthetic.androzoo.malware.wallet_stealer.0482,malware,1,0.9999999997922975,1,malware
com.tbs.incredible.monster.ghost.superhero.aliens,malware,1,0.5464873000410183,1,malware
com.chargepass.presto,benign,0,0.9999742592503972,1,malware
edu.synthetic.androzoo.malware.sms_otp_stealer.1659,malware,1,0.9999999999999967,1,malware
net.capitalfirst.fi,benign,0,0.1405076814560951,0,benign
edu.synthetic.androzoo.malware.wallet_stealer.1773,malware,1,0.9999999976065226,1,malware
edu.synthetic.androzoo.malware.dropper_loader.0932,malware,1,1.0,1,malware
edu.synthetic.androzoo.malware.spyware_surveillance.1503,malware,1,0.9999999999598197,1,malware
com.metta.mindfulness,malware,1,0.9627189669159477,1,malware
com.thinkive.android.hbtyb,malware,1,0.8436197838582615,1,malware
com.Nubapp.Resawod,benign,0,1.454698153880555e-05,0,benign
com.bds.orthodox_bible,benign,0,0.5738506969870562,1,malware
edu.synthetic.androzoo.malware.spyware_surveillance.1555,malware,1,0.9999989596041128,1,malware
edu.synthetic.androzoo.malware.banker_accessibility.0343,malware,1,1.0,1,malware
pl.pkobp.iko,benign,0,1.0,1,malware
com.games.trucksimulator.indiantruck.free,malware,1,0.641655863830773,1,malware
com.auyou.eqy,malware,1,0.7965860175212425,1,malware
edu.synthetic.androzoo.malware.spyware_surveillance.1188,malware,1,0.9999622868857917,1,malware
com.peterhohsy.mybowling,benign,0,0.9999981325632851,1,malware
com.was.city.traffic.control.simulator3d,malware,1,0.8199681844206363,1,malware
com.moon.baby.learn.pinying,malware,1,0.09379008607344869,0,benign
com.subsplashconsulting.s_V9XJC8,benign,0,7.395320913242273e-33,0,benign
com.tools.web.hi.browser,benign,0,1.0,1,malware
edu.synthetic.androzoo.malware.dropper_loader.0085,malware,1,1.0,1,malware
com.sage.jiecai,malware,1,0.9999999953897167,1,malware
com.falan.humanfall,benign,0,0.2705778873806655,0,benign
com.backupeamoozesh3,malware,1,0.31671137496359786,0,benign
com.simcoachgames.gethired,benign,0,0.12066704821994098,0,benign
edu.synthetic.androzoo.malware.wallet_stealer.1011,malware,1,0.9934961814405429,1,malware
com.jsdx.hsdj,malware,1,0.9986566463684456,1,malware
com.acesoft.ninjajump,benign,0,0.5892956993494834,1,malware
edu.synthetic.androzoo.malware.spyware_surveillance.1575,malware,1,0.9999840753425046,1,malware
com.cocos2dx.hobbit,malware,1,0.9480731658328955,1,malware
jp.Ruta56.SlantGauge,benign,0,0.3534566850998391,0,benign
edu.synthetic.androzoo.malware.banker_accessibility.1861,malware,1,1.0,1,malware
edu.synthetic.androzoo.malware.spyware_surveillance.0459,malware,1,0.9999999999996276,1,malware
edu.synthetic.androzoo.malware.ransomware_locker.1267,malware,1,1.0,1,malware
com.yeoniyouni.readbooks,benign,0,0.9993848220904716,1,malware
com.trainerize.holismo,benign,0,0.9997584556494084,1,malware
com.mondadori.scienceetvie,benign,0,0.8556982822449289,1,malware
com.battledragonrpg.death,malware,1,1.0,1,malware
com.sizestream.sah,benign,0,0.2412082604470812,0,benign
com.subsplashconsulting.s_FJMDHB,benign,0,6.305965770809623e-29,0,benign
edu.synthetic.androzoo.malware.overlay_pin_stealer.1518,malware,1,1.0,1,malware
ua.com.goodwine.app,benign,0,0.9710851121662835,1,malware
es.odilo.merck,benign,0,0.999999942593887,1,malware
com.ThreeCatGames.HamsterAttack,malware,1,0.9998343281270649,1,malware
com.ahs.gaipapp.gaipapp,benign,0,0.004816185704119275,0,benign
edu.synthetic.androzoo.malware.banker_accessibility.0854,malware,1,1.0,1,malware
edu.synthetic.androzoo.malware.dropper_loader.0357,malware,1,1.0,1,malware
com.whetcloud.forunpoint.user,benign,0,0.9662311044029607,1,malware
com.exmge.app,benign,0,0.8926576455209625,1,malware
com.ballfoot.kingzq,malware,1,0.9751337349766742,1,malware
edu.synthetic.androzoo.malware.overlay_pin_stealer.0178,malware,1,1.0,1,malware
solitaire.cardgames.solitairegames.free.klondike,benign,0,0.9999999685087054,1,malware
com.fibrum.propastvr,malware,1,0.9961319781192958,1,malware
com.livemcq.livemcq,benign,0,0.001291192677043133,0,benign
edu.synthetic.androzoo.malware.dropper_loader.1601,malware,1,1.0,1,malware
com.lixil.hmnet.android.smartjp,benign,0,0.9998719162129391,1,malware
com.ingin.games.hangryplant,benign,0,0.9375283067031691,1,malware
edu.synthetic.androzoo.malware.wallet_stealer.0692,malware,1,0.9999999998530418,1,malware
edu.synthetic.androzoo.malware.overlay_pin_stealer.1667,malware,1,1.0,1,malware
edu.synthetic.androzoo.malware.spyware_surveillance.1877,malware,1,1.0,1,malware
sandbox.numberbycolor.pixelart,malware,1,0.9999999979864367,1,malware
edu.synthetic.androzoo.malware.overlay_pin_stealer.0740,malware,1,1.0,1,malware
com.inhouse.chinesewriter,benign,0,0.4255478936667471,0,benign
edu.synthetic.androzoo.malware.ransomware_locker.0055,malware,1,1.0,1,malware
edu.synthetic.androzoo.malware.sms_otp_stealer.0694,malware,1,0.9999999999818727,1,malware
edu.synthetic.androzoo.malware.dropper_loader.0849,malware,1,1.0,1,malware
edu.synthetic.androzoo.malware.spyware_surveillance.1488,malware,1,0.9999999999823002,1,malware
edu.synthetic.androzoo.malware.sms_otp_stealer.1728,malware,1,0.9999999996554834,1,malware
com.mskj.riwei,malware,1,7.370303649215823e-13,0,benign
edu.synthetic.androzoo.malware.spyware_surveillance.1407,malware,1,1.0,1,malware
edu.synthetic.androzoo.malware.banker_accessibility.1906,malware,1,0.9999999999999991,1,malware
edu.synthetic.androzoo.malware.overlay_pin_stealer.0873,malware,1,1.0,1,malware
com.nonghyupit.with,benign,0,0.9987442309960224,1,malware
edu.synthetic.androzoo.malware.sms_otp_stealer.1163,malware,1,0.9992229465174504,1,malware
edu.synthetic.androzoo.malware.banker_accessibility.1409,malware,1,1.0,1,malware
com.medpresso.Lonestar.emsnotes,benign,0,9.96679295660121e-08,0,benign
edu.synthetic.androzoo.malware.dropper_loader.1556,malware,1,1.0,1,malware
edu.synthetic.androzoo.malware.ransomware_locker.0147,malware,1,1.0,1,malware
io.github.trojan_gfw.igniterfst,malware,1,0.3362060205105103,0,benign
uy.com.Santander,benign,0,0.6523593708008021,1,malware
com.bluegolf.android.ntpga,benign,0,0.037902997524984626,0,benign
com.rich.person.roll,malware,1,1.0,1,malware
com.whoisup.app,benign,0,0.876400063314071,1,malware
edu.synthetic.androzoo.malware.banker_accessibility.0597,malware,1,1.0,1,malware
com.game.officelife.pt,malware,1,0.9971933314936167,1,malware
com.apextiming.speeders,benign,0,9.288443826311951e-08,0,benign
edu.synthetic.androzoo.malware.overlay_pin_stealer.1293,malware,1,1.0,1,malware
com.Jarvis.AI.Mzansi.Hustle.Game,benign,0,0.9474820828921637,1,malware
com.android.kmax.noisecheck,malware,1,0.9997471142566092,1,malware
com.leadertask.app,benign,0,0.9952343742958885,1,malware
com.ikdong.recipe.b07491ycs9,benign,0,0.8544076575921724,1,malware
com.solou.catendless.run.mg.ly,malware,1,0.9999796223937755,1,malware
com.AnderK.WheelScale.pt,malware,1,0.9914027753984167,1,malware
com.app.alershad,benign,0,0.996389658786742,1,malware
nl.marktplaats.android,benign,0,0.961503242085553,1,malware
com.ymatou.shop,malware,1,0.20864728787059944,0,benign
com.igratstudios.joindotswars,malware,1,0.06823270211292216,0,benign
com.redgamesinc.loserwithrope,malware,1,0.7434499188023346,1,malware
com.cykj.chuangyingdiy,malware,1,0.9999527750310926,1,malware
edu.synthetic.androzoo.malware.dropper_loader.1194,malware,1,1.0,1,malware
com.sinyee.babybus.help,malware,1,0.5651737011569273,1,malware
com.oliveyoung,benign,0,0.9946312151457983,1,malware
com.cnr.hkradio,malware,1,0.9843901991845576,1,malware
edu.synthetic.androzoo.malware.banker_accessibility.1147,malware,1,0.9999999999125035,1,malware
com.absolutist.witchpranksfreegame,benign,0,0.5209522421720729,1,malware
com.zhkj.lawquerysystem,malware,1,1.0,1,malware
com.creativeconsultant.comcomcoin,benign,0,0.25539371337115363,0,benign
edu.synthetic.androzoo.malware.spyware_surveillance.0386,malware,1,1.0,1,malware
com.bigduckgames.sparkart.beautyfire,malware,1,0.5748046463551818,1,malware
net.gntalk.oitalk,benign,0,0.08095585050102537,0,benign
edu.unisim.backpack,benign,0,0.619754390578439,1,malware
com.promo360.promo360,benign,0,0.8617145295359265,1,malware
com.pyngmobile,benign,0,0.053503838184311425,0,benign
com.chuangkit,malware,1,0.111406261411191,0,benign
edu.synthetic.androzoo.malware.wallet_stealer.1897,malware,1,0.9999999998258198,1,malware
com.loyverse.dashboard,benign,0,0.23277444044404083,0,benign
edu.synthetic.androzoo.malware.spyware_surveillance.1458,malware,1,1.0,1,malware
com.cradlepoint.verify,benign,0,9.235795561109872e-09,0,benign
com.cafe24.ec.pluslemango,benign,0,0.9975204771487242,1,malware
com.mobiloids.findjoe.mystery_of_the_stones.margaret,benign,0,0.8377688844399318,1,malware
com.eastsidegames.ccmatch,benign,0,0.9700369037783219,1,malware
com.ariesapp.elisi.elisiwrapper,benign,0,1.0,1,malware
edu.synthetic.androzoo.malware.sms_otp_stealer.0742,malware,1,1.0,1,malware
com.amixys.ami,malware,1,0.9999999999999853,1,malware
edu.synthetic.androzoo.malware.dropper_loader.1349,malware,1,1.0,1,malware
edu.synthetic.androzoo.malware.dropper_loader.1684,malware,1,1.0,1,malware
jp.dotgames.maouyusya_hh,malware,1,0.3326480930278394,0,benign
edu.synthetic.androzoo.malware.banker_accessibility.0041,malware,1,1.0,1,malware
com.divmob.impostor,benign,0,0.9874097305890708,1,malware
com.iacad.apps,benign,0,0.43289622898206065,0,benign
com.debragga.debraggaapp,benign,0,1.0,1,malware
edu.synthetic.androzoo.malware.spyware_surveillance.1870,malware,1,0.9999999799784565,1,malware
com.hemzstudios.slimemerge,benign,0,0.6755767330095375,1,malware
com.kyivstar.tv.mobile,benign,0,0.9479577401388818,1,malware
edu.synthetic.androzoo.malware.banker_accessibility.0160,malware,1,1.0,1,malware
wb.gc.xmxx.zxb.yyh,malware,1,0.9850300838998625,1,malware
geo.gpsfence.mapster,benign,0,0.9999999996875903,1,malware
ru.zigmund.online,benign,0,0.3741050985628983,0,benign
edu.synthetic.androzoo.malware.banker_accessibility.0900,malware,1,0.9999999999999978,1,malware
edu.synthetic.androzoo.malware.sms_otp_stealer.1602,malware,1,0.9999999999999996,1,malware
com.tiamaes.busassistant,malware,1,0.9750970296054642,1,malware
edu.synthetic.androzoo.malware.ransomware_locker.1277,malware,1,1.0,1,malware
com.gwhizmobile.lippincottpathology,benign,0,5.423248230041078e-18,0,benign
com.akdeveloper.staffregister,benign,0,0.8860926658403373,1,malware
ch.beekeeper.bellfoodgroup,benign,0,0.0001392130778319589,0,benign
edu.synthetic.androzoo.malware.banker_accessibility.0547,malware,1,1.0,1,malware
jp.mixi,benign,0,1.1397721508333318e-06,0,benign
com.studioclangore.escaperoom,benign,0,0.4100486493583859,0,benign
com.easytor.barbel,benign,0,0.3007790308689682,0,benign
com.dijitalvarliklar.tgrthaber,benign,0,7.490169380837607e-08,0,benign
com.evendo.global_guide,benign,0,0.950731377264181,1,malware
com.StatusSaver.forWhatsapp,malware,1,0.999999999444249,1,malware
my.com.cosway.team,benign,0,0.04665168696813549,0,benign
com.finance.hotline,benign,0,0.995587913745548,1,malware
com.bindassgames.csstrike.gun.shooting.game2020,benign,0,0.2961564901945771,0,benign
com.codewai.radios.uk.hsm,benign,0,0.46473265739870445,0,benign
com.takeoffbolts.screw.puzzle,benign,0,0.9999482434264777,1,malware
com.privatevpn.internetaccess,benign,0,1.21769034327343e-12,0,benign
com.batix.wrapper.KomBus,benign,0,0.49051102003120256,0,benign
com.anykrowd.luckyclub_app,benign,0,0.930380641034549,1,malware
com.pricelesscarrental.app,benign,0,0.6103530324599,1,malware
com.oscar.videochat.wow,benign,0,0.0003322729560114743,0,benign
edu.synthetic.androzoo.malware.overlay_pin_stealer.1708,malware,1,1.0,1,malware
com.spiritshack.sls,benign,0,0.8560384897865368,1,malware
com.bloommushroom.fourworlds.shiba,malware,1,0.9992441110621851,1,malware
com.screamgo.onion,malware,1,0.9999034259205518,1,malware
com.mobile.number.location.call.number.locator.call.tracker,benign,0,0.8686222580147711,1,malware
com.video.downloader.vitmate.allvideodownloader,malware,1,0.9591329735339462,1,malware
edu.synthetic.androzoo.malware.sms_otp_stealer.0851,malware,1,0.9999999999990292,1,malware
cc.ottclub.android,benign,0,0.028102075893471554,0,benign
shenzhen.com.cn,malware,1,0.8418858095257479,1,malware
edu.synthetic.androzoo.malware.dropper_loader.1818,malware,1,1.0,1,malware
com.mobincube.estudios_biblicos_mujeres.sc_H2AC4E,malware,1,0.9298563191013027,1,malware
ie.flipdish.fd18352,benign,0,0.8923185025194216,1,malware
dev.wafu.classgrad,benign,0,1.0,1,malware
com.apcurium.MK.Alberta,benign,0,0.19418726085401938,0,benign
com.trainerize.eastwesthealth,benign,0,0.994362053873587,1,malware
com.bbumgames.opa,benign,0,0.103742992122392,0,benign
edu.synthetic.androzoo.malware.banker_accessibility.0605,malware,1,0.9999978053174321,1,malware
com.amuvirus.hookvpn,malware,1,0.00020183842082260062,0,benign
com.NanoMedix.EasyGameDev,malware,1,0.42821691052076194,0,benign
edu.synthetic.androzoo.malware.banker_accessibility.0646,malware,1,1.0,1,malware
com.mobiweb.bizcloud,benign,0,0.35917276835957,0,benign
com.is.android.modalis,benign,0,1.0,1,malware
com.mobeasyapp.app227612917576,benign,0,0.00023083928158975313,0,benign
store_app_interface.elmaayergy,benign,0,0.8462385806083309,1,malware
in.sunfox.healthcare.spandanecg,benign,0,0.9999944232996438,1,malware
com.eonsoft.DiscV2,benign,0,0.9999784525211121,1,malware
edu.synthetic.androzoo.malware.dropper_loader.1885,malware,1,1.0,1,malware
edu.synthetic.androzoo.malware.banker_accessibility.0162,malware,1,1.0,1,malware
dev.tuantv.android.quickaccess,benign,0,0.5419240855123499,1,malware
com.apiomni.kikkle,benign,0,0.05350608516596127,0,benign
jp.sally_inc.uzu,benign,0,0.9916266129854603,1,malware
edu.synthetic.androzoo.malware.banker_accessibility.0755,malware,1,0.9999999999999998,1,malware
com.centr.app,benign,0,0.999987805196147,1,malware
edu.synthetic.androzoo.malware.spyware_surveillance.1166,malware,1,1.0,1,malware
com.free.vpn.super.hotspot.open,benign,0,0.4422972588018514,0,benign
com.mnblessgt.sefdidf,malware,1,0.975125414672615,1,malware
edu.synthetic.androzoo.malware.adware_clicker.1777,malware,1,1.0,1,malware
jp.co.mplanning.grow,benign,0,0.0968277877186799,0,benign
com.linebet.tebenil.line.bet,malware,1,0.06133955381435425,0,benign
gr.imove.passenger,benign,0,0.9999628490639739,1,malware
edu.synthetic.androzoo.malware.dropper_loader.1811,malware,1,1.0,1,malware
com.nurseio,benign,0,0.9990586447765248,1,malware
news.cnr.cn,malware,1,0.897036618904163,1,malware
com.askme.application,benign,0,0.9958603878106663,1,malware
com.appsmart.delivery.chillipizzeria15232,benign,0,0.9999992397764341,1,malware
edu.synthetic.androzoo.malware.sms_otp_stealer.0364,malware,1,0.9999999999996951,1,malware
edu.synthetic.androzoo.malware.overlay_pin_stealer.1117,malware,1,1.0,1,malware
edu.synthetic.androzoo.malware.banker_accessibility.1175,malware,1,1.0,1,malware
com.qihoo.cleandroid_cn,malware,1,0.9751382721811669,1,malware
com.erow.oneguncat,benign,0,0.664389482808594,1,malware
com.nechapps.hairdress,benign,0,1.0,1,malware
cc.ldsd.yxt,malware,1,0.9999999999999998,1,malware
wireless.forum,malware,1,0.04277231449666528,0,benign
edu.synthetic.androzoo.malware.wallet_stealer.1770,malware,1,0.9999999989365937,1,malware
com.app.worldwinorder,benign,0,0.25479527321299444,0,benign
com.buzzato.lungcancer,benign,0,0.025352767232988932,0,benign
edu.synthetic.androzoo.malware.spyware_surveillance.1880,malware,1,1.0,1,malware
edu.synthetic.androzoo.malware.banker_accessibility.1141,malware,1,1.0,1,malware
com.trucorp.trumonitor,benign,0,0.43122300633051963,0,benign
com.triviaquiz.funtriviaquestions,benign,0,0.664652153147972,1,malware
com.TDF.ShellRacingLegends,benign,0,0.9950686967831333,1,malware
com.suivo.timelogger,benign,0,0.9925337077482213,1,malware
com.t20000.lvji,malware,1,0.8232174640084652,1,malware
com.radiopatsh.libia_arab,benign,0,0.34430343532170465,0,benign
water.sort.puzzle.color.sort.games,benign,0,0.36840216849851926,0,benign
com.aboutjsp.memowidget,benign,0,0.01686972536884247,0,benign
com.planeth.rhythm,benign,0,0.020517947469548086,0,benign
edu.synthetic.androzoo.malware.banker_accessibility.1226,malware,1,1.0,1,malware
com.fatmerge.global,benign,0,0.05131593360113554,0,benign
edu.synthetic.androzoo.malware.ransomware_locker.0720,malware,1,1.0,1,malware
com.frp.garbage.truck.simulator,benign,0,0.8709074384704811,1,malware
alarmclock.alarm.simplealarm.clock.alarmapp,malware,1,1.0670856825835495e-07,0,benign
com.vagell.kv4pht,benign,0,0.015426341633289488,0,benign
edu.synthetic.androzoo.malware.sms_otp_stealer.0169,malware,1,0.9999999999999647,1,malware
com.multibrains.taxi.passenger.ulendotaxizambia,benign,0,0.0013613331421136361,0,benign
com.perfect.organizing.tidy.games,benign,0,0.4619744691433352,0,benign
org.viewspark.admin,benign,0,0.9999999999962172,1,malware
edu.synthetic.androzoo.malware.banker_accessibility.0350,malware,1,1.0,1,malware
edu.synthetic.androzoo.malware.dropper_loader.0684,malware,1,1.0,1,malware
edu.synthetic.androzoo.malware.banker_accessibility.1195,malware,1,1.0,1,malware
edu.synthetic.androzoo.malware.spyware_surveillance.0589,malware,1,1.0,1,malware
edu.synthetic.androzoo.malware.spyware_surveillance.0143,malware,1,0.9999999999999991,1,malware
edu.synthetic.androzoo.malware.spyware_surveillance.0562,malware,1,0.9999972333488519,1,malware
com.trainerize.kettlebellkim,benign,0,0.9932124072520421,1,malware
com.unyte.relaxingrhythms2,benign,0,0.12278869929065507,0,benign
edu.synthetic.androzoo.malware.sms_otp_stealer.1313,malware,1,0.9999999783479456,1,malware
com.aptener.bluarmor.app,benign,0,0.9944906518797975,1,malware
com.numbers.pop.puzzlegames.block,benign,0,1.0,1,malware
net.myarx.placesbeen,benign,0,0.9103561663155308,1,malware
edu.synthetic.androzoo.malware.overlay_pin_stealer.0224,malware,1,1.0,1,malware
edu.synthetic.androzoo.malware.dropper_loader.0977,malware,1,1.0,1,malware
io.covalue.www.covalueapp,benign,0,0.9989865709540217,1,malware
br.com.pampa.liberdade,benign,0,0.999999999999893,1,malware
com.gribbon.android.rocketbosang,benign,0,1.0,1,malware
eu.screensoft.vigneullesinfos,benign,0,0.3090612539280036,0,benign
com.andrutyk.waiterbolt,benign,0,0.98894785031488,1,malware
edu.synthetic.androzoo.malware.sms_otp_stealer.0105,malware,1,0.99999999208953,1,malware
com.gtsy.capturing.heroes,benign,0,0.4665002640436056,0,benign
pl.appworks.holzberg_totem,benign,0,5.7022429296710885e-06,0,benign
com.rootershub.psx,benign,0,0.7858215027607184,1,malware
com.amitech.alleventsorg,benign,0,0.9902880501748974,1,malware
edu.synthetic.androzoo.malware.banker_accessibility.0259,malware,1,1.0,1,malware
cn.com.vtmarkets,benign,0,0.7837376954947786,1,malware
app.zeal.wallet,benign,0,0.9550445560623884,1,malware
com.YsoCorp.DinoDomination,benign,0,0.9875549316009038,1,malware
edu.synthetic.androzoo.malware.overlay_pin_stealer.1148,malware,1,1.0,1,malware
com.mynayatel,benign,0,0.9999860230588548,1,malware
com.delcedo.app.improasis,benign,0,0.2074297304575541,0,benign
com.pixeleater.nocturneheights,malware,1,0.11069914934950104,0,benign
net.spookygames.sacrifices,benign,0,0.9993342715922598,1,malware
com.aiyu.kaipanla,malware,1,0.11899406532310489,0,benign
com.lt.shakeme,malware,1,0.3818913707185188,0,benign
com.subsplashconsulting.s_R5VRVM,benign,0,1.2334596355684002e-27,0,benign
com.quicdent,benign,0,0.9557522482523743,1,malware
edu.synthetic.androzoo.malware.banker_accessibility.1720,malware,1,1.0,1,malware
com.ottai.seas,benign,0,0.9935044677614363,1,malware
com.ptwired.bpr,benign,0,0.9999391400587161,1,malware
edu.synthetic.androzoo.malware.spyware_surveillance.1200,malware,1,0.9999999999999996,1,malware
com.gm.ordering.customer.app.babia,benign,0,0.5682417144264484,1,malware
com.netease.blockchain,malware,1,0.9959358227838904,1,malware
cc.flyblue.quickspot,malware,1,0.06349678106558942,0,benign
edu.synthetic.androzoo.malware.dropper_loader.1515,malware,1,0.8409702602166611,1,malware
com.eZone.app,benign,0,0.03879240646372448,0,benign
com.plant.identifier.plantcare.app,benign,0,7.510813260053709e-70,0,benign
com.timuzgames.missioncounterattack.ly,malware,1,0.6633875409041954,1,malware
com.jdb.mbanking,benign,0,0.9965455222688394,1,malware
com.robtheis.android.phrasebook.tc.md,benign,0,0.1351356699245833,0,benign
edu.synthetic.androzoo.malware.overlay_pin_stealer.1522,malware,1,1.0,1,malware
com.kogi.mirrorfootball,benign,0,0.9999712126109418,1,malware
com.saubcy.games.puzzle.Pokemon.B,malware,1,0.7212624906574521,1,malware
edu.synthetic.androzoo.malware.spyware_surveillance.0653,malware,1,0.9989917624595503,1,malware
com.simyasolutions.ling.sk,benign,0,0.9814977853581126,1,malware
edu.synthetic.androzoo.malware.adware_clicker.0141,malware,1,1.0,1,malware
com.mttnow.android.bcd.production,benign,0,0.005185931151965781,0,benign
com.barkoder.demoscanner,benign,0,0.9869459164968565,1,malware
edu.synthetic.androzoo.malware.adware_clicker.1350,malware,1,1.0,1,malware
com.swash.transitworld.ottawa,benign,0,1.0,1,malware
com.bunbunstudio.magicblocktiles,benign,0,0.8161467466050937,1,malware
com.markodevcic.python_code_pad,benign,0,0.9943543635354459,1,malware
com.yindan.jiazhengmerchant,malware,1,0.8704697856970366,1,malware
app.seniorsafety,malware,1,0.9208073289904728,1,malware
edu.synthetic.androzoo.malware.banker_accessibility.0567,malware,1,0.9999999999991469,1,malware
com.toomanyrequests.fluencymeasurement,benign,0,0.996183946119109,1,malware
com.kuberbullion,benign,0,0.8002483074817981,1,malware
my.com.maxis.hotlink.production,benign,0,0.7062733471444242,1,malware
edu.synthetic.androzoo.malware.overlay_pin_stealer.1351,malware,1,1.0,1,malware
edu.synthetic.androzoo.malware.ransomware_locker.1308,malware,1,1.0,1,malware
com.CitrusLife.CatchtheMammoth,benign,0,0.07553609442921372,0,benign
edu.synthetic.androzoo.malware.sms_otp_stealer.0515,malware,1,0.9999999999631541,1,malware
com.subhash.ghosh.sg.gita,malware,1,0.28123456362003496,0,benign
edu.synthetic.androzoo.malware.banker_accessibility.1131,malware,1,0.9999999999999991,1,malware
com.olimsoft.android.oplayer,malware,1,1.0,1,malware
edu.synthetic.androzoo.malware.wallet_stealer.1753,malware,1,0.9999999999984697,1,malware
com.mahasty.song.bouchinc,benign,0,0.999999999991865,1,malware
com.airble.airble,benign,0,0.341442515678888,0,benign
com.rumbo.mobile.android,benign,0,2.095247859480167e-13,0,benign
edu.synthetic.androzoo.malware.wallet_stealer.1057,malware,1,0.999999999999927,1,malware
edu.synthetic.androzoo.malware.overlay_pin_stealer.1061,malware,1,1.0,1,malware
edu.synthetic.androzoo.malware.dropper_loader.0913,malware,1,1.0,1,malware
edu.synthetic.androzoo.malware.adware_clicker.0556,malware,1,1.0,1,malware
com.redshieldvpn.app,benign,0,0.6896876417093741,1,malware
com.wawagame.app.colorfulworld,malware,1,0.9983937544038612,1,malware
com.finch.finch,benign,0,0.40861741720705164,0,benign
edu.synthetic.androzoo.malware.wallet_stealer.0058,malware,1,0.9999999999943237,1,malware
edu.synthetic.androzoo.malware.ransomware_locker.0504,malware,1,1.0,1,malware
com.subsplashconsulting.s_PV3GSX,benign,0,8.281594773939598e-32,0,benign
edu.synthetic.androzoo.malware.overlay_pin_stealer.0756,malware,1,0.9980078862438083,1,malware
com.newscope.news.wk,benign,0,0.02701081527050177,0,benign
com.FortuneMine.WonderGo,benign,0,0.8015499291558354,1,malware
com.trainerize.rec,benign,0,0.599834103125396,1,malware
hu.vodafone.apps.myvodafone,benign,0,0.9999999999823523,1,malware
com.IAA360.REIMA,benign,0,0.04999548721225849,0,benign
edu.synthetic.androzoo.malware.ransomware_locker.0655,malware,1,1.0,1,malware
de.horsimann.pixelc,benign,0,0.9999082147887607,1,malware
edu.synthetic.androzoo.malware.overlay_pin_stealer.1080,malware,1,1.0,1,malware
edu.synthetic.androzoo.malware.overlay_pin_stealer.0367,malware,1,1.0,1,malware
com.kairogame.android.Depart,malware,1,0.999970674122491,1,malware
edu.synthetic.androzoo.malware.ransomware_locker.0078,malware,1,0.9999999999999991,1,malware
com.scopely.gardenjoy,benign,0,1.1100336051020775e-13,0,benign
edu.synthetic.androzoo.malware.sms_otp_stealer.0137,malware,1,0.9999999039816333,1,malware
net.motortalk.android.board,benign,0,0.9988303592818328,1,malware
io.aira.explorer,benign,0,0.8942908216389086,1,malware
com.liappsan.chansonmusique,benign,0,0.8005436391607916,1,malware
org.graffon.tabula,benign,0,0.3783444211943834,0,benign
appinventor.ai_illescasjesica.Eticaconchaire,benign,0,1.0,1,malware
edu.synthetic.androzoo.malware.banker_accessibility.1137,malware,1,0.9999999999627582,1,malware
com.freebird.zsp.DailyAccounting,malware,1,0.9999996639096663,1,malware
com.sibisoft.sinclair,benign,0,0.9999999999999987,1,malware
digifit.android.virtuagym.pro.apgsactiefpleziergezondsportief,benign,0,0.9925817729295927,1,malware
com.ma.ld.dict.mechanical,malware,1,0.9999999998013278,1,malware
edu.synthetic.androzoo.malware.spyware_surveillance.1646,malware,1,1.0,1,malware
edu.synthetic.androzoo.malware.overlay_pin_stealer.0634,malware,1,1.0,1,malware
edu.synthetic.androzoo.malware.overlay_pin_stealer.1424,malware,1,1.0,1,malware
com.under.water.fishing.vr,malware,1,0.6471058651292478,1,malware
edu.synthetic.androzoo.malware.overlay_pin_stealer.0091,malware,1,1.0,1,malware
com.apptegy.greenar,benign,0,0.1198172934560088,0,benign
com.shenyaocn.android.usbcamera,benign,0,0.14486845885016636,0,benign
edu.synthetic.androzoo.malware.dropper_loader.0123,malware,1,1.0,1,malware
com.madotter.vhmmo,benign,0,0.8824333256206757,1,malware
edu.synthetic.androzoo.malware.spyware_surveillance.1467,malware,1,1.0,1,malware
com.gl.wood_blockpro,benign,0,0.25746790997602836,0,benign
com.bob.luckystar,malware,1,0.9999717598132958,1,malware
com.FunLandGames.BlockPuzzle,benign,0,0.8184485131876728,1,malware
uon.earth,benign,0,0.060182560760175266,0,benign
com.coffreo.coffreo.coffreo,benign,0,0.4792234681107264,0,benign
edu.synthetic.androzoo.malware.ransomware_locker.0390,malware,1,1.0,1,malware
com.valeriosevillagames.countless,benign,0,0.9835635819699996,1,malware
edu.synthetic.androzoo.malware.dropper_loader.1749,malware,1,1.0,1,malware
com.appsforagri.smartfarm,benign,0,6.674195606395483e-05,0,benign
com.aurorealty.ace.member,benign,0,0.8971591265374739,1,malware
com.auyou.qpqj,malware,1,0.7978495926663656,1,malware
com.xweisoft.wx.family,malware,1,0.9999638482680708,1,malware
edu.synthetic.androzoo.malware.overlay_pin_stealer.0073,malware,1,1.0,1,malware
com.sinyee.babybus.animal,malware,1,0.4262840199437887,0,benign
edu.synthetic.androzoo.malware.banker_accessibility.0235,malware,1,0.9999999999978062,1,malware
com.alexeymorozua.orbittimefree,benign,0,0.19490644776666577,0,benign
edu.synthetic.androzoo.malware.spyware_surveillance.0099,malware,1,0.9999999736069021,1,malware
com.mgsstudio.totemofherope,malware,1,0.0017913202180072155,0,benign
com.web.sytacle,malware,1,0.00925943162242811,0,benign
com.shping,benign,0,0.42836625953894314,0,benign
com.flyersoft.seekbooks,malware,1,0.03705535753448475,0,benign
com.onefitstop.atora,benign,0,1.0900858624495455e-09,0,benign
edu.synthetic.androzoo.malware.sms_otp_stealer.0827,malware,1,0.9999999999968305,1,malware
it.mic.terremoto,benign,0,0.4585836518904907,0,benign
ua.radio.autolife,benign,0,0.4552540497139933,0,benign
com.appabc.paopaolong,malware,1,0.7217300778079787,1,malware
edu.synthetic.androzoo.malware.overlay_pin_stealer.0789,malware,1,1.0,1,malware
edu.synthetic.androzoo.malware.wallet_stealer.0572,malware,1,0.9999999998992251,1,malware
edu.synthetic.androzoo.malware.ransomware_locker.1050,malware,1,1.0,1,malware
edu.synthetic.androzoo.malware.sms_otp_stealer.1158,malware,1,1.0,1,malware
edu.synthetic.androzoo.malware.spyware_surveillance.0196,malware,1,0.9999999637318764,1,malware
edu.synthetic.androzoo.malware.dropper_loader.0279,malware,1,1.0,1,malware
com.ipv.memberapp,benign,0,0.635031261720485,1,malware
com.yotoplay.yoto,benign,0,0.6574750957039774,1,malware
edu.synthetic.androzoo.malware.adware_clicker.0477,malware,1,1.0,1,malware
com.ocv.a685,benign,0,0.1788809267214808,0,benign
kr.co.mobine.blockpuzzle,benign,0,0.8676576933526615,1,malware
com.lijordan.terra,benign,0,0.9564244643437276,1,malware
edu.synthetic.androzoo.malware.banker_accessibility.1843,malware,1,1.0,1,malware
com.phonegap.bigben,benign,0,0.9999814207582044,1,malware
edu.synthetic.androzoo.malware.banker_accessibility.0465,malware,1,1.0,1,malware
com.mobicrea.vidal,benign,0,0.9998399543935057,1,malware
edu.synthetic.androzoo.malware.banker_accessibility.0608,malware,1,1.0,1,malware
com.demansol.santaescape.free,malware,1,0.9997991501374365,1,malware
masar.bluetoothsplitter.free,benign,0,3.111853714401395e-06,0,benign
com.destroyingdust.horrorasylum,malware,1,0.14486036377215475,0,benign
com.gg.lighthand,malware,1,0.31879737002591646,0,benign
com.duyleo.hannomdict,benign,0,0.2837837533937127,0,benign
edu.synthetic.androzoo.malware.ransomware_locker.0654,malware,1,1.0,1,malware
com.timonemobile,benign,0,0.8803838036971676,1,malware
edu.synthetic.androzoo.malware.spyware_surveillance.0793,malware,1,0.9999999999712819,1,malware
com.life.palm,malware,1,0.383144845787885,0,benign
wjs.mobile.myquicknote,benign,0,0.9605682941748396,1,malware
com.khetigaadi,benign,0,0.9996275556592619,1,malware
com.kaleris.stationlog,benign,0,0.999999999999797,1,malware
de.check24.check24,benign,0,1.9843775671901507e-13,0,benign
edu.synthetic.androzoo.malware.spyware_surveillance.0298,malware,1,0.9999999998533928,1,malware
com.miaomiaoapp.tinydungeon1.all,malware,1,0.9009930315881414,1,malware
net.felinger.dashboard,benign,0,6.476308742255053e-08,0,benign
com.jitendrasurve.pipingspacingcalculator,benign,0,0.36797644621255904,0,benign
edu.synthetic.androzoo.malware.wallet_stealer.0468,malware,1,0.9999995533149907,1,malware
com.slb.drillops.touch,benign,0,0.9798411218278394,1,malware
ie.flipdish.fd14633,benign,0,4.1554637576421195e-14,0,benign
com.app.naijaacres,benign,0,0.9974719966263531,1,malware
applock.lockapps.fingerprint.password.maxlock,malware,1,0.9999999898399746,1,malware
com.dar.dar,benign,0,0.8260292137529037,1,malware
com.birodic.tafsir.ahlam,benign,0,9.244933221413821e-07,0,benign
edu.synthetic.androzoo.malware.overlay_pin_stealer.1485,malware,1,1.0,1,malware
edu.synthetic.androzoo.malware.sms_otp_stealer.1673,malware,1,0.9995703995143811,1,malware
edu.synthetic.androzoo.malware.banker_accessibility.0479,malware,1,0.9999999999999998,1,malware
com.subsplashconsulting.s_PKD7DK,benign,0,6.16141639913252e-24,0,benign
edu.synthetic.androzoo.malware.spyware_surveillance.1279,malware,1,1.0,1,malware
edu.synthetic.androzoo.malware.banker_accessibility.1534,malware,1,1.0,1,malware
fr.mysam.driver,benign,0,0.9960458008439614,1,malware
edu.synthetic.androzoo.malware.wallet_stealer.0113,malware,1,0.9999999999502733,1,malware
edu.synthetic.androzoo.malware.overlay_pin_stealer.0744,malware,1,1.0,1,malware
tk.turkmenistan_viktorina_synag.millioner_millionaire,benign,0,0.9999999343342699,1,malware
edu.synthetic.androzoo.malware.banker_accessibility.1355,malware,1,0.9999999999499174,1,malware
com.bengigi.runcowrun,benign,0,0.993625057611844,1,malware
islamic.apps.mahmoud.khalil.al.hussary.mp3.quran.offline.full,benign,0,0.9999706521273847,1,malware
com.canadiantire.noma,benign,0,1.0,1,malware
ru.one.shot,benign,0,0.9999944937179457,1,malware
edu.synthetic.androzoo.malware.overlay_pin_stealer.0506,malware,1,1.0,1,malware
edu.synthetic.androzoo.malware.ransomware_locker.0548,malware,1,1.0,1,malware
com.subsplashconsulting.s_JKQH7Q,benign,0,1.0,1,malware
gr.christianikatragoudia.app,benign,0,0.9780073066248232,1,malware
edu.synthetic.androzoo.malware.overlay_pin_stealer.1320,malware,1,1.0,1,malware
com.shogunstudios.poikatsutile,benign,0,0.9084832060896739,1,malware
com.aullan.aullan,benign,0,0.9878361693534742,1,malware
edu.synthetic.androzoo.malware.overlay_pin_stealer.1429,malware,1,1.0,1,malware
edu.synthetic.androzoo.malware.wallet_stealer.0719,malware,1,1.0,1,malware
com.huoban,malware,1,0.020617032515289773,0,benign
edu.synthetic.androzoo.malware.ransomware_locker.0093,malware,1,1.0,1,malware
edu.synthetic.androzoo.malware.dropper_loader.0883,malware,1,1.0,1,malware
vitalypanov.phototracker,benign,0,0.974511976970002,1,malware
jp.co.atis.atis_googleapp,benign,0,0.9949248562699061,1,malware
com.YuZhenLi.ColorTree,malware,1,0.9504321880142979,1,malware
edu.synthetic.androzoo.malware.dropper_loader.0404,malware,1,1.0,1,malware
com.joinrh.ead,benign,0,0.3849534597289033,0,benign
edu.synthetic.androzoo.malware.banker_accessibility.1444,malware,1,0.9999999999993612,1,malware
edu.synthetic.androzoo.malware.dropper_loader.1059,malware,1,1.0,1,malware
edu.synthetic.androzoo.malware.ransomware_locker.0907,malware,1,1.0,1,malware
com.themafiagames.helpthegirl,benign,0,0.9859442683811703,1,malware
com.virtualmaze.offlinemapnavigationtracker,benign,0,0.7961253654120887,1,malware
edu.qau.queenarwauniversity.yemen,benign,0,0.5042931911737466,1,malware
no.membro.adrenalin,benign,0,0.33376150107267677,0,benign
com.chinesemenuonline.asianwoklouisville,benign,0,0.0004693164360066077,0,benign
edu.synthetic.androzoo.malware.overlay_pin_stealer.0739,malware,1,1.0,1,malware
com.golinks.io,benign,0,0.08078777598593047,0,benign
edu.synthetic.androzoo.malware.overlay_pin_stealer.0420,malware,1,1.0,1,malware
edu.synthetic.androzoo.malware.overlay_pin_stealer.1337,malware,1,0.9968983003963677,1,malware
app.aivora.exchange,benign,0,0.9963292231702467,1,malware
com.applicate.simasg.app,benign,0,0.9993644721064384,1,malware
com.rueblur,benign,0,0.9894232656629786,1,malware
edu.synthetic.androzoo.malware.dropper_loader.1482,malware,1,1.0,1,malware
tv.uscreen.newwineonline,benign,0,0.9773341771249839,1,malware
edu.synthetic.androzoo.malware.banker_accessibility.0959,malware,1,1.0,1,malware
com.soundmaster,malware,1,0.9514120335052471,1,malware
edu.synthetic.androzoo.malware.overlay_pin_stealer.0770,malware,1,0.5812704604772837,1,malware
edu.synthetic.androzoo.malware.overlay_pin_stealer.0071,malware,1,1.0,1,malware
edu.synthetic.androzoo.malware.wallet_stealer.0899,malware,1,0.9999999999647791,1,malware
cz.etnetera.mobile.rossmann,benign,0,1.3916282859419855e-06,0,benign
com.prim.app.primarkmf,benign,0,0.37621550911197776,0,benign
com.coyoapp.hobbyyou.engage.android,benign,0,0.9966384146407024,1,malware
edu.synthetic.androzoo.malware.spyware_surveillance.1326,malware,1,0.9999999988229944,1,malware
edu.synthetic.androzoo.malware.wallet_stealer.1411,malware,1,0.9999999665355517,1,malware
com.appking.adz_dzariyah,benign,0,0.06381740459286056,0,benign
edu.synthetic.androzoo.malware.ransomware_locker.1062,malware,1,1.0,1,malware
edu.synthetic.androzoo.malware.spyware_surveillance.0403,malware,1,0.999999999970046,1,malware
com.pointcore.geov5mon,benign,0,0.4822645305704852,0,benign
com.ipeaksoft.pitDadGame.qianxun.gp1,malware,1,0.9994060573802003,1,malware
com.active.lantern,benign,0,0.9963319031805015,1,malware
edu.synthetic.androzoo.malware.overlay_pin_stealer.0998,malware,1,1.0,1,malware
com.semtech.android.trackerscanner,benign,0,0.23273290653823892,0,benign
digifit.android.virtuagym.pro.fitnessbay,benign,0,0.9999669579354159,1,malware
com.passporterapp.android,benign,0,0.9988374898384678,1,malware
edu.synthetic.androzoo.malware.ransomware_locker.1066,malware,1,1.0,1,malware
com.techmetrica.apps.codegenius.pizero_eduok,benign,0,0.11503245680431524,0,benign
com.lorgame.adventure.gp,benign,0,0.9167944173761147,1,malware
com.android.daoway,malware,1,0.9093852388540761,1,malware
com.crossfield.jewel8,malware,1,0.9733906945716262,1,malware
com.fsgpay,benign,0,0.9965396723144812,1,malware
com.gymchina.tomato.art,malware,1,0.780112385017603,1,malware
edu.synthetic.androzoo.malware.overlay_pin_stealer.1314,malware,1,1.0,1,malware
edu.synthetic.androzoo.malware.wallet_stealer.1197,malware,1,0.999999999970103,1,malware
com.loafish.erpfzb,malware,1,0.6890068149906536,1,malware
com.partnerize.platform,benign,0,0.9855013386740793,1,malware
com.record.voice.day.all,malware,1,0.9756950771672267,1,malware
com.tpcm.crisis,benign,0,0.7632547594950518,1,malware
edu.synthetic.androzoo.malware.sms_otp_stealer.1697,malware,1,1.0,1,malware
edu.synthetic.androzoo.malware.overlay_pin_stealer.0233,malware,1,1.0,1,malware
com.alexiaclark.com,malware,1,0.996980326470542,1,malware
com.clearmindhypnotherapy.app,benign,0,0.9992378882221729,1,malware
edu.synthetic.androzoo.malware.sms_otp_stealer.0110,malware,1,0.9999999999999984,1,malware
edu.synthetic.androzoo.malware.ransomware_locker.1203,malware,1,1.0,1,malware
edu.synthetic.androzoo.malware.sms_otp_stealer.0845,malware,1,0.9999999619288656,1,malware
com.m360.android.orpi,benign,0,0.19173068425310652,0,benign
edu.synthetic.androzoo.malware.spyware_surveillance.1547,malware,1,1.0,1,malware
edu.synthetic.androzoo.malware.spyware_surveillance.1776,malware,1,1.0,1,malware
it.gasparilab.mypozzomaggiore,benign,0,1.0,1,malware
org.commitglobal.votemonitor.app,benign,0,0.23954602964299634,0,benign
edu.synthetic.androzoo.malware.adware_clicker.1171,malware,1,1.0,1,malware
edu.synthetic.androzoo.malware.ransomware_locker.0964,malware,1,1.0,1,malware
com.credit9.funding,benign,0,0.00018373585681765562,0,benign
com.tenon.connect,benign,0,0.9517458975124903,1,malware
edu.synthetic.androzoo.malware.dropper_loader.1381,malware,1,1.0,1,malware
eu.versine.sapporo,benign,0,0.929096525870693,1,malware
com.noru.cursos,benign,0,0.9940315175922674,1,malware
uk.playdrop.cherrytree_idletextrpg,benign,0,0.000153260392768407,0,benign
edu.synthetic.androzoo.malware.banker_accessibility.0220,malware,1,1.0,1,malware
com.choptsalad.choptsalad.android.app,benign,0,0.0001535731354279183,0,benign
com.kunpeng.babyting,malware,1,0.9188921063039769,1,malware
com.ayudevices.ayushare2,benign,0,0.9999946441912353,1,malware
com.jacobsmedia.bluelake,benign,0,0.5216081301297112,1,malware
com.rkplayerjolite.rkjo,benign,0,0.9999999999999976,1,malware
edu.synthetic.androzoo.malware.spyware_surveillance.0859,malware,1,0.9999999999965763,1,malware
kr.co.pksoft.ri3710,benign,0,0.9977785603536421,1,malware
edu.synthetic.androzoo.malware.banker_accessibility.1493,malware,1,1.0,1,malware
com.ario.tor,malware,1,0.8385964783583294,1,malware
edu.synthetic.androzoo.malware.ransomware_locker.1468,malware,1,1.0,1,malware
edu.synthetic.androzoo.malware.wallet_stealer.0784,malware,1,0.9999998577466733,1,malware
edu.synthetic.androzoo.malware.dropper_loader.0683,malware,1,1.0,1,malware
edu.synthetic.androzoo.malware.banker_accessibility.0203,malware,1,0.9999999999999771,1,malware
service.ueco.coins,malware,1,0.30863469487426043,0,benign
edu.synthetic.androzoo.malware.ransomware_locker.0069,malware,1,1.0,1,malware
com.jmchn.weather,malware,1,0.9751197401826178,1,malware
net.peakgames.ginrummyplus,benign,0,0.5941407214361656,1,malware
edu.synthetic.androzoo.malware.dropper_loader.0121,malware,1,1.0,1,malware
com.subsplash.thechurchapp.s_XSKXQX,benign,0,0.0279567942200401,0,benign
edu.synthetic.androzoo.malware.overlay_pin_stealer.1236,malware,1,1.0,1,malware
com.grinasys.fwl,benign,0,0.9878724380386164,1,malware
cz.praetorsystems.praetor2,benign,0,0.6142666406207259,1,malware
com.dhgate.buyermob,malware,1,0.9750799834171436,1,malware
com.illtip.app.ios,malware,1,0.9987607243769353,1,malware
com.Elytra.DeathIsland,benign,0,0.9636259367083432,1,malware
org.sdcarddatarecovery,benign,0,0.7636772267751276,1,malware
alldictdict.alldict.pltr,benign,0,0.9760520342315753,1,malware
edu.synthetic.androzoo.malware.wallet_stealer.0247,malware,1,0.9999999999964544,1,malware
com.aladinfun.islandking.android,benign,0,0.4741109736223965,0,benign
com.evgeniusdev.fallingblocks,benign,0,0.9997496859532882,1,malware
com.subsplash.thechurchapp.skyline,benign,0,7.190222326551999e-23,0,benign
edu.synthetic.androzoo.malware.overlay_pin_stealer.1372,malware,1,1.0,1,malware
com.restaumatic.bar_saigon_z_gwiazdka_michalin_production,benign,0,0.013150011637268647,0,benign
com.tmgreengrouptimesheets,benign,0,0.006440126360574939,0,benign
cn.motoon.reader,malware,1,0.9997675230465499,1,malware
rsba.erv.bible.study.app,benign,0,0.3421721589352174,0,benign
com.aok.xyygame.K57,malware,1,0.9996097244701447,1,malware
com.mitsubishi_motors.miland,benign,0,0.9979851857176951,1,malware
com.techarts.hexa.sort.master.color.puzzle,benign,0,0.9879761700065984,1,malware
me.fleka.hipotekarna,benign,0,0.9999971341869655,1,malware
com.noctualabs.android.hamstercheese,benign,0,0.999996551938106,1,malware
com.easeinc.beacon,benign,0,0.444616872956236,0,benign
edu.synthetic.androzoo.malware.wallet_stealer.1228,malware,1,1.0,1,malware
nl.halalspots.alafassyquranmp3,benign,0,0.9974317127838783,1,malware
cn.duome.winnerc,malware,1,0.9335548432385848,1,malware
com.mike.touxiangdashi,malware,1,0.053118100789498954,0,benign
at.harnisch.android.planets,benign,0,0.4909768652582252,0,benign
mn.mobicom.candy,benign,0,0.9773231100238343,1,malware
edu.synthetic.androzoo.malware.spyware_surveillance.0781,malware,1,1.0,1,malware
edu.synthetic.androzoo.malware.ransomware_locker.0265,malware,1,1.0,1,malware
com.nordicid.rfidwedgeservice,benign,0,1.0,1,malware
edu.synthetic.androzoo.malware.banker_accessibility.1926,malware,1,0.9999999999999687,1,malware
com.ofotech.app.in,benign,0,0.3243711381391271,0,benign
edu.synthetic.androzoo.malware.spyware_surveillance.1492,malware,1,0.9999999999958518,1,malware
com.riyu365.pkusky,malware,1,0.016719072718575135,0,benign
kada.negativeimage.InvertImage,benign,0,0.996360685187531,1,malware
edu.synthetic.androzoo.malware.banker_accessibility.1240,malware,1,1.0,1,malware
edu.synthetic.androzoo.malware.adware_clicker.1096,malware,1,1.0,1,malware
pl.com.pwm.con.sol.la,benign,0,0.01952650001835655,0,benign
com.pik.roxstar,benign,0,0.00015660438508263672,0,benign
jp.Marvelous.BMWC,benign,0,0.8533006232959316,1,malware
com.boyneresorts.loon,benign,0,4.024289205668812e-06,0,benign
com.salik.smartsalik,malware,1,0.020557299251421853,0,benign
com.dotgames.CrazyRoadGP,malware,1,0.5321701754911363,1,malware
com.etips.lugano.travel.guide,benign,0,0.45181522138515334,0,benign
edu.synthetic.androzoo.malware.spyware_surveillance.0426,malware,1,0.9999999999999996,1,malware
net.windcloud.explorer,malware,1,0.029787421017412025,0,benign
edu.synthetic.androzoo.malware.wallet_stealer.0915,malware,1,0.9999999728805035,1,malware
au.com.investa.insite,benign,0,0.9999982387238923,1,malware
az.studio.gkztc,malware,1,1.0,1,malware
edu.synthetic.androzoo.malware.dropper_loader.0881,malware,1,1.0,1,malware
ru.premiumbonus.tapchan,benign,0,0.2138776703929588,0,benign
com.acesoft.pacman,benign,0,0.9892672063836969,1,malware
com.orio.finance.sas,benign,0,0.9967222952427137,1,malware
com.meta.inno.sticker,benign,0,0.9945447558687142,1,malware
edu.synthetic.androzoo.malware.banker_accessibility.0295,malware,1,0.9999999432537853,1,malware
edu.synthetic.androzoo.malware.spyware_surveillance.0106,malware,1,1.0,1,malware
com.aroma.flowers.salesapp,benign,0,0.9978205750575672,1,malware
edu.synthetic.androzoo.malware.banker_accessibility.1732,malware,1,0.9999999999899283,1,malware
edu.synthetic.androzoo.malware.adware_clicker.0427,malware,1,1.0,1,malware
com.ak.ta.dainikbhaskar.activity,benign,0,1.2032009532561465e-29,0,benign
edu.synthetic.androzoo.malware.wallet_stealer.1835,malware,1,0.9999999966045121,1,malware
com.EscapeFactory.CursedSchool,benign,0,0.8855928336152286,1,malware
com.jianfeng.argame,malware,1,0.9999999983091397,1,malware
edu.synthetic.androzoo.malware.banker_accessibility.1327,malware,1,0.999999999996523,1,malware
edu.synthetic.androzoo.malware.banker_accessibility.0903,malware,1,1.0,1,malware
net.passone.itbankcyber,benign,0,1.1326723957534098e-05,0,benign
com.sooperbooks.SooperBooks,benign,0,0.00174740535550103,0,benign
com.women.fitness.body.inspire.herworkout,malware,1,0.01664143360043731,0,benign
com.earku.main,malware,1,0.5021914039729025,1,malware
appinventor.ai_kayipkayik.Maps,malware,1,1.0,1,malware
edu.synthetic.androzoo.malware.ransomware_locker.0067,malware,1,1.0,1,malware
edu.synthetic.androzoo.malware.banker_accessibility.1434,malware,1,1.0,1,malware
co.bytemark.nycf,benign,0,0.9595488110546012,1,malware
edu.synthetic.androzoo.malware.ransomware_locker.1757,malware,1,1.0,1,malware
edu.synthetic.androzoo.malware.ransomware_locker.1008,malware,1,1.0,1,malware
com.application.collegehockeynews,benign,0,0.9312119147650108,1,malware
edu.synthetic.androzoo.malware.dropper_loader.0014,malware,1,1.0,1,malware
ru.FoodSoul.VelikiyNovgorodSkazkafood,benign,0,0.11774307541496688,0,benign
com.andrea,benign,0,0.9999734699553232,1,malware
mixchatroom.chatsansar.com,benign,0,0.017865220428561465,0,benign
com.kaderisoft.islam,benign,0,0.44032701740555097,0,benign
com.zhangshang.zuhao,malware,1,1.0,1,malware
com.cricketmood.android,benign,0,0.4524400669751659,0,benign
com.primexbt.trade,benign,0,0.9434852436365474,1,malware
com.chunyuqiufeng.gaozhongapp,malware,1,0.038139739222640946,0,benign
com.mtd.ccis,benign,0,0.40747262541916135,0,benign
no.sit.membro,benign,0,0.9963446985043645,1,malware
com.yxkj.medicine,malware,1,0.4605517877614433,0,benign
com.bayer.cs.mscapp,benign,0,0.07986306284320699,0,benign
com.subsplash.thechurchapp.TheUrbanAlternative,benign,0,0.9673067152259064,1,malware
sh.dms,malware,1,1.0,1,malware
com.feelingtouch.bugswar,malware,1,0.3067302503398035,0,benign
silverlime.casesimulatorultimate,benign,0,0.7094674672826032,1,malware
com.pulsmo.StrayCatTowers,benign,0,0.8633788092533072,1,malware
applivingbypreceptsministriesorg.wpapp,benign,0,0.6353284957686546,1,malware
com.ai.voice.recorder,malware,1,0.963342477703464,1,malware
ru.kingkongsushi.client,benign,0,0.9882121771635861,1,malware
edu.synthetic.androzoo.malware.ransomware_locker.1874,malware,1,1.0,1,malware
edu.synthetic.androzoo.malware.banker_accessibility.0120,malware,1,1.0,1,malware
com.tangiappsit.shiva.herorescue,benign,0,0.3559313708272852,0,benign
edu.synthetic.androzoo.malware.spyware_surveillance.1537,malware,1,0.9999988676752144,1,malware
com.widex.arc,benign,0,0.00229795481823759,0,benign
com.automatedyogamarketing.app,benign,0,0.4131932387114456,0,benign
com.moodle.taheriacademy,benign,0,0.7840014404383324,1,malware
io.dcloud.H582BAF34,malware,1,0.687030959944374,1,malware
com.g2us.armedwarriors,malware,1,0.722828545679649,1,malware
edu.synthetic.androzoo.malware.ransomware_locker.0042,malware,1,1.0,1,malware
net.gastfreund.Bruggerhof,benign,0,0.8559225513117872,1,malware
edu.synthetic.androzoo.malware.spyware_surveillance.0315,malware,1,0.9999999975011609,1,malware
com.moex.finuslugi,benign,0,0.022821955646328097,0,benign
com.modtool.boxapp,malware,1,0.9991200821084651,1,malware
edu.synthetic.androzoo.malware.wallet_stealer.1222,malware,1,1.0,1,malware
edu.synthetic.androzoo.malware.overlay_pin_stealer.1322,malware,1,1.0,1,malware
com.xiaodong.rengongjisuan,malware,1,0.06185140078294037,0,benign
eu.mycabin.mycabin.preview,benign,0,0.8940796893264708,1,malware
edu.synthetic.androzoo.malware.ransomware_locker.0987,malware,1,1.0,1,malware
com.dengyu.coolvideo,malware,1,0.4810836902601437,0,benign
com.todoorstep.store,benign,0,0.0004904603298643177,0,benign
com.trayport.joule.mobile,benign,0,0.9798520828071733,1,malware
com.dws.armyantz,malware,1,0.9787068815345438,1,malware
edu.synthetic.androzoo.malware.banker_accessibility.1496,malware,1,0.9999999999998079,1,malware
com.PSD.Catastrophes,benign,0,0.9751100069819322,1,malware
com.idcardsapp,benign,0,0.10410106465907988,0,benign
com.sinyee.babybus.popsicles,malware,1,0.9999996622601536,1,malware
com.jetpack.android,benign,0,0.9998411879263924,1,malware
edu.synthetic.androzoo.malware.spyware_surveillance.0527,malware,1,0.9997228804636477,1,malware
com.webflow.my_team,benign,0,0.9963443670589742,1,malware
com.tvsmartview.tvcast.mirroring,benign,0,0.999991302038043,1,malware
com.zumoapps.curso.teologia.evangelica,malware,1,0.27756244491854026,0,benign
edu.synthetic.androzoo.malware.adware_clicker.0546,malware,1,1.0,1,malware
com.bracits.progoti,benign,0,0.9947116736491252,1,malware
com.rookieme.connect,benign,0,6.403057509418608e-07,0,benign
com.t2s.cookiecrumble798808,benign,0,0.9999999999997955,1,malware
com.appsmart.delivery.bacchusrestt3982,benign,0,0.00011633488148965833,0,benign
com.ls.cake.cakemaker.diy.baking.girls.cooking.birthdaycake,benign,0,0.9290838676100833,1,malware
com.tangerine.live.cake,malware,1,0.9999999999999958,1,malware
com.marvelous.runbot,malware,1,0.792943615983682,1,malware
edu.synthetic.androzoo.malware.banker_accessibility.1490,malware,1,1.0,1,malware
net.winrx.rx_2_go,benign,0,0.048260892401312365,0,benign
edu.synthetic.androzoo.malware.ransomware_locker.0387,malware,1,1.0,1,malware
edu.synthetic.androzoo.malware.spyware_surveillance.1793,malware,1,0.9999999999999989,1,malware
edu.synthetic.androzoo.malware.banker_accessibility.1343,malware,1,1.0,1,malware
az.kapitalbank.mbanking,benign,0,0.9750913488055574,1,malware
edu.synthetic.androzoo.malware.banker_accessibility.0581,malware,1,1.0,1,malware
com.evrotrust.app,benign,0,1.0,1,malware
com.marshmallowgameslab.fruit.melody.match.three.games.free.offline,benign,0,0.9099626669381531,1,malware
com.zoomcouriersoftwaredev,benign,0,0.9999940446047422,1,malware
edu.synthetic.androzoo.malware.dropper_loader.1258,malware,1,1.0,1,malware
edu.synthetic.androzoo.malware.sms_otp_stealer.1607,malware,1,0.999999999999994,1,malware
com.assistant.file.clean.pro,malware,1,0.998166101381605,1,malware
edu.synthetic.androzoo.malware.wallet_stealer.0988,malware,1,0.9999999568261649,1,malware
com.breboucas.suecoparaviajar,benign,0,0.9999653065550029,1,malware
edu.synthetic.androzoo.malware.sms_otp_stealer.1039,malware,1,0.9999947654733182,1,malware
com.trinity.edupam,malware,1,0.4169048525825006,0,benign
edu.synthetic.androzoo.malware.dropper_loader.1123,malware,1,1.0,1,malware
edu.synthetic.androzoo.malware.overlay_pin_stealer.1599,malware,1,1.0,1,malware
com.cosmos.universe,malware,1,0.9751318442366594,1,malware
cn.zepeto.main,malware,1,0.781176111704498,1,malware
com.buyma.buymaapp,benign,0,1.0,1,malware
edu.synthetic.androzoo.malware.spyware_surveillance.1027,malware,1,0.9999999728837173,1,malware
com.plusme.live,malware,1,0.8183281859159113,1,malware
com.victie.reader,benign,0,0.23799836314357167,0,benign
edu.synthetic.androzoo.malware.banker_accessibility.0184,malware,1,1.0,1,malware
com.alfanetwork.cloudmineapp,malware,1,0.9696450407179292,1,malware
com.onebit.iqtestraven,benign,0,1.3223133144163662e-12,0,benign
com.moodle.unisinos,benign,0,0.9928736826265597,1,malware
com.inpeaceapp.iglesiamybethel.fl,benign,0,0.9592351906782602,1,malware
edu.synthetic.androzoo.malware.banker_accessibility.0734,malware,1,1.0,1,malware
edu.synthetic.androzoo.malware.banker_accessibility.0005,malware,1,1.0,1,malware
edu.synthetic.androzoo.malware.banker_accessibility.1243,malware,1,0.9999999999999993,1,malware
com.lyd.mobilely,malware,1,0.9583005955271797,1,malware
edu.synthetic.androzoo.malware.dropper_loader.0927,malware,1,1.0,1,malware
edu.synthetic.androzoo.malware.sms_otp_stealer.0518,malware,1,0.9999999260500164,1,malware
com.OwnGames.OwnKingdom,malware,1,0.9772232594884173,1,malware
com.mindalcove.mental.health.app,benign,0,0.7919464563970102,1,malware
edu.synthetic.androzoo.malware.ransomware_locker.1172,malware,1,1.0,1,malware
edu.synthetic.androzoo.malware.ransomware_locker.1150,malware,1,1.0,1,malware
com.schooleverywhere.royalhouse,benign,0,0.9997710554220512,1,malware
com.travel.flybooking,benign,0,0.26610167144885377,0,benign
edu.synthetic.androzoo.malware.banker_accessibility.0664,malware,1,0.999999999999986,1,malware
saude.mrc.saude,benign,0,0.9760945469618169,1,malware
fmcode.Ccboxqml,benign,0,3.7607378005160696e-05,0,benign
com.qlbeoka.fda,benign,0,0.9948121762351979,1,malware
com.shatteredpixel.shatteredpixeldungeon7,benign,0,0.22183735548919495,0,benign
com.RegionXIBLSSMO,benign,0,0.7909762188720871,1,malware
com.sandsmedia.apps.android.entwicklerkiosk,benign,0,0.9748495701985015,1,malware
com.eximdj.faida,benign,0,0.9999997934921607,1,malware
com.jewelblast.puzzlelegend,benign,0,0.009190986763958102,0,benign
edu.synthetic.androzoo.malware.overlay_pin_stealer.1696,malware,1,1.0,1,malware
edu.synthetic.androzoo.malware.dropper_loader.1112,malware,1,1.0,1,malware
com.xdtech.news.greatriver,malware,1,0.9999972395359079,1,malware
com.lunosoft.puuung1,benign,0,1.0,1,malware
vk.milyang,benign,0,0.11794441589191497,0,benign
edu.synthetic.androzoo.malware.wallet_stealer.0687,malware,1,0.9999999999979137,1,malware
edu.synthetic.androzoo.malware.sms_otp_stealer.1663,malware,1,0.9999506402545544,1,malware
edu.synthetic.androzoo.malware.dropper_loader.1616,malware,1,1.0,1,malware
edu.synthetic.androzoo.malware.sms_otp_stealer.1863,malware,1,0.9999835903505465,1,malware
com.nouslib.NousLibApp,benign,0,0.996416825595305,1,malware
edu.synthetic.androzoo.malware.banker_accessibility.0400,malware,1,1.0,1,malware
edu.synthetic.androzoo.malware.dropper_loader.0299,malware,1,0.9999996223783119,1,malware
edu.synthetic.androzoo.malware.banker_accessibility.0077,malware,1,0.9999999873988604,1,malware
com.lily.times.tweenshusky.all,benign,0,0.08512939437080308,0,benign
tw.com.fontrip.citypass.taipei.production,benign,0,0.9857982616705256,1,malware
edu.synthetic.androzoo.malware.spyware_surveillance.0804,malware,1,1.0,1,malware
edu.synthetic.androzoo.malware.wallet_stealer.1250,malware,1,0.9999810456657442,1,malware
edu.synthetic.androzoo.malware.spyware_surveillance.1157,malware,1,1.0,1,malware
de.nextbike,benign,0,0.9988146656691471,1,malware
lgc.zhousMandarin.activity,malware,1,0.9947698702272462,1,malware
com.chillingo.tinytroopers2.android.rowgplay,malware,1,0.9999999999250759,1,malware
weightloss.weightlossforwomen.workoutforwomen.womenworkout,benign,0,0.9996663833334315,1,malware
com.angel.cuentachistesia,benign,0,0.9999999998011622,1,malware
edu.synthetic.androzoo.malware.overlay_pin_stealer.1108,malware,1,1.0,1,malware
com.firebear.androil,malware,1,0.9449060193318632,1,malware
edu.synthetic.androzoo.malware.ransomware_locker.0868,malware,1,1.0,1,malware
edu.synthetic.androzoo.malware.wallet_stealer.0712,malware,1,0.999999999540172,1,malware
com.inditex.ecommerce.zarahome.android,benign,0,4.130465320207663e-10,0,benign
com.lahitaksi.passengerapp,benign,0,0.802272618040562,1,malware
com.holiday.women.formed.newsletter,malware,1,0.9889475579048751,1,malware
com.yayday.app,benign,0,0.6291809728948722,1,malware
com.yc.games,malware,1,0.8596047260564341,1,malware
com.finger2finger.games.chickeninline.lite,malware,1,0.8081225556773378,1,malware
edu.synthetic.androzoo.malware.dropper_loader.0081,malware,1,1.0,1,malware
com.cordic.isleworth.parker,benign,0,0.6617708180604543,1,malware
za.co.pnet.andr,benign,0,0.001338692639068763,0,benign
com.subsplashconsulting.s_NCJPB7,benign,0,0.9868438896117504,1,malware
edu.synthetic.androzoo.malware.ransomware_locker.0864,malware,1,1.0,1,malware
edu.synthetic.androzoo.malware.banker_accessibility.1146,malware,1,1.0,1,malware
com.playcus.crossstitch.coloring.mandala,benign,0,0.015258464527279055,0,benign
com.milkcrate,benign,0,0.9999921871381142,1,malware
net.wakit.wamr,benign,0,0.9696873609677654,1,malware
edu.synthetic.androzoo.malware.banker_accessibility.0430,malware,1,0.9999996259799229,1,malware
com.xingyukeji.ylyb,malware,1,0.9585099438578846,1,malware
com.ttdic.synonymsru,benign,0,0.14140777301151053,0,benign
edu.synthetic.androzoo.malware.wallet_stealer.0050,malware,1,1.0,1,malware
edu.synthetic.androzoo.malware.spyware_surveillance.0715,malware,1,0.9999938039875926,1,malware
edu.synthetic.androzoo.malware.banker_accessibility.0066,malware,1,1.0,1,malware
com.ucroo.augusta,benign,0,0.4372733648591314,0,benign
com.sala.RuVBKKProd,benign,0,0.9996645197883637,1,malware
com.dubaiculture,benign,0,1.0,1,malware
edu.synthetic.androzoo.malware.banker_accessibility.0951,malware,1,1.0,1,malware
com.scsoft.boribori,benign,0,0.9988171244219445,1,malware
com.freelancesakamoto.ZombieInterview,benign,0,0.5300567072215892,1,malware
com.spendesk.spendesk,benign,0,0.9067942839113649,1,malware
edu.synthetic.androzoo.malware.overlay_pin_stealer.1531,malware,1,1.0,1,malware
edu.synthetic.androzoo.malware.spyware_surveillance.0276,malware,1,0.9999999999998563,1,malware
com.lavaclan.vesuvio.appchina,malware,1,0.5120490440235882,1,malware
com.pushpress.crossfittrivium,benign,0,0.9848532513762389,1,malware
com.jmita.bibliasagrada2,malware,1,0.0003510565638308349,0,benign
com.xtornado.ghostsofwar2,benign,0,0.8602206145447294,1,malware
com.boa.elearning,benign,0,0.15800458893422967,0,benign
com.astron.kisikates,benign,0,3.863982353360429e-11,0,benign
schoolgirl.supervisor.saori.sato.multiplayer,malware,1,0.999999999979579,1,malware
nl.pinkelephant.pink.crm,benign,0,0.06840717077169728,0,benign
com.puzzle.blast.block.game,benign,0,0.5838949074421912,1,malware
edu.synthetic.androzoo.malware.wallet_stealer.1873,malware,1,0.9999999864542155,1,malware
edu.synthetic.androzoo.malware.banker_accessibility.0656,malware,1,0.9999999999999991,1,malware
com.sinyee.babybus.digging,malware,1,0.6607611538275564,1,malware
com.scriptoind.coinsim,benign,0,0.9997000902386555,1,malware
com.icready.apps.gallery_with_file_manager,benign,0,0.04960133062262209,0,benign
edu.synthetic.androzoo.malware.ransomware_locker.1377,malware,1,1.0,1,malware
com.gangster.crime.stickman.rob.kill.topfreegames,benign,0,0.04020387122858034,0,benign
com.pirate.plunder,benign,0,0.9204245519528849,1,malware
aventaplus.si.bulbshare,benign,0,0.9907787071769428,1,malware
com.godplace.gpen,benign,0,0.01738974394383803,0,benign
com.zombie.ahead.ly,malware,1,0.99999999998863,1,malware
modmenupubg.toolhack.espmodbgmi.v,malware,1,0.08032762498699386,0,benign
edu.synthetic.androzoo.malware.ransomware_locker.1912,malware,1,1.0,1,malware
com.femaleinvest.mobileapp,benign,0,0.9999999213903215,1,malware
com.inditex.pullandbear,benign,0,0.6229205606954915,1,malware
com.s626.LoopDiggernew,benign,0,0.547404917188602,1,malware
com.standartn.ru.inventarization,benign,0,0.14620394698000103,0,benign
com.silvercrk.euchre_free,benign,0,0.00011991302554677792,0,benign
edu.synthetic.androzoo.malware.sms_otp_stealer.1023,malware,1,1.0,1,malware
com.ecgamesstudio.radiospiritboxecnew,benign,0,0.9426318708210221,1,malware
edu.synthetic.androzoo.malware.dropper_loader.1664,malware,1,1.0,1,malware
com.mobeasyapp.app1308622866805,benign,0,1.3344851051225908e-06,0,benign
edu.synthetic.androzoo.malware.wallet_stealer.0211,malware,1,0.9999999999999982,1,malware
en.co.atm.unison,benign,0,0.9866870202885022,1,malware
com.master.ball.v5.yyh,malware,1,0.890126200645041,1,malware
edu.synthetic.androzoo.malware.wallet_stealer.1710,malware,1,0.9999999999999998,1,malware
jp.co.kdl.yukiyama,benign,0,0.9993971309396117,1,malware
com.mthaler.ferments,benign,0,0.3315439296690646,0,benign
edu.synthetic.androzoo.malware.sms_otp_stealer.1923,malware,1,0.9999999999999993,1,malware
com.mysticmobileapps.android.boat.tracker,benign,0,0.9988772248744255,1,malware
sk.bouli.lc,benign,0,0.33466819376908397,0,benign
com.paperdoll.diary.dressup.game,benign,0,0.7112957958117344,1,malware
fr.acd_groupe.PLURI,benign,0,0.9999949217374247,1,malware
com.theappcompany.rationaltraining,benign,0,0.9039566735982303,1,malware
cn.w3cschool.android.python,malware,1,0.9999705107751572,1,malware
edu.synthetic.androzoo.malware.dropper_loader.1914,malware,1,1.0,1,malware
edu.synthetic.androzoo.malware.ransomware_locker.0577,malware,1,1.0,1,malware
edu.synthetic.androzoo.malware.banker_accessibility.0689,malware,1,0.9999995602696778,1,malware
jp.co.timepedia.tokisuki,benign,0,0.39148864759258223,0,benign
com.tocaboca.tocavacation,malware,1,0.5107241745334659,1,malware
edu.synthetic.androzoo.malware.banker_accessibility.1928,malware,1,1.0,1,malware
edu.synthetic.androzoo.malware.banker_accessibility.1535,malware,1,0.9971062768995556,1,malware
australia.news.au.newspapers.magazines,benign,0,0.0002460070232697928,0,benign
edu.synthetic.androzoo.malware.banker_accessibility.0828,malware,1,1.0,1,malware
com.cta.liquorlineup,benign,0,0.009175211935143516,0,benign
com.androidbull.incognitobrowser.lite,malware,1,1.82253090074511e-26,0,benign
se.sormlandsmedia.sn,benign,0,0.9982642424741995,1,malware
com.radios.en.linea.de.venezuela,benign,0,0.9904423766481282,1,malware
com.mgsstudio.offroadcarpe,malware,1,0.999999997909661,1,malware
com.pearlabyss.pearlapp,benign,0,0.2663886936509694,0,benign
com.almashines.iihmr,benign,0,0.9999999999999134,1,malware
com.magicube.live,malware,1,0.9459218693649722,1,malware
edu.synthetic.androzoo.malware.banker_accessibility.0500,malware,1,0.9999999999712457,1,malware
com.mindsethealth.ibs,benign,0,0.03955525182181218,0,benign
edu.synthetic.androzoo.malware.dropper_loader.1911,malware,1,1.0,1,malware
com.wave.personal,benign,0,0.6948954721840868,1,malware
edu.synthetic.androzoo.malware.banker_accessibility.1819,malware,1,1.0,1,malware
edu.synthetic.androzoo.malware.overlay_pin_stealer.0670,malware,1,1.0,1,malware
edu.synthetic.androzoo.malware.spyware_surveillance.1713,malware,1,0.9999999999988496,1,malware
com.tradera,benign,0,0.9943853263804562,1,malware
edu.synthetic.androzoo.malware.ransomware_locker.1189,malware,1,1.0,1,malware
edu.synthetic.androzoo.malware.dropper_loader.1446,malware,1,1.0,1,malware
com.visioncit.mudita,benign,0,0.9614125462471359,1,malware
step.counter.walkmate.android,malware,1,0.999716182483855,1,malware
edu.synthetic.androzoo.malware.overlay_pin_stealer.1854,malware,1,1.0,1,malware
com.nttdocomo.keitai.payment,benign,0,0.9999999999999645,1,malware
edu.synthetic.androzoo.malware.overlay_pin_stealer.1804,malware,1,1.0,1,malware
com.bonbongame.hairdresser.hair.style.salon.game,benign,0,0.9298195685334303,1,malware
edu.synthetic.androzoo.malware.dropper_loader.0002,malware,1,1.0,1,malware
com.cookapps.myperfecthouse,benign,0,0.8320054199603067,1,malware
com.adwo.android.games.mine,malware,1,0.9811763390498068,1,malware
com.kumobius.android.wal,malware,1,0.9999999999995675,1,malware
vmd.windowphotoeditor,benign,0,0.989161547671189,1,malware
com.llj.apple,malware,1,1.0,1,malware
edu.synthetic.androzoo.malware.banker_accessibility.0368,malware,1,1.0,1,malware
edu.synthetic.androzoo.malware.overlay_pin_stealer.0908,malware,1,1.0,1,malware
com.yumicorebody.mobile,benign,0,0.4296983141011957,0,benign
com.zeoniqgo,benign,0,0.6897514125735281,1,malware
acumen.track.gps,benign,0,0.002177411200486701,0,benign
edu.synthetic.androzoo.malware.dropper_loader.1769,malware,1,1.0,1,malware
com.propelswim.icp,benign,0,0.15132779898813273,0,benign
com.maxxipoint.android,malware,1,0.8752415462814821,1,malware
com.otobeas.horus,benign,0,0.30810688825281657,0,benign
com.ntsoft.android.photogaffe,malware,1,1.0,1,malware
edu.synthetic.androzoo.malware.spyware_surveillance.0134,malware,1,1.0,1,malware
com.mobicage.rogerthat.be.meerhout,benign,0,0.9597178581604167,1,malware
edu.synthetic.androzoo.malware.dropper_loader.1474,malware,1,0.9999999999986553,1,malware
jp.bakuraku,benign,0,0.9967561335678267,1,malware
edu.synthetic.androzoo.malware.banker_accessibility.0617,malware,1,1.0,1,malware
edu.synthetic.androzoo.malware.spyware_surveillance.0658,malware,1,0.999998234845876,1,malware
com.dajia.view.ncgjsd,malware,1,0.9999968366721121,1,malware
com.chamelio.alcatmist,benign,0,0.9872942268088445,1,malware
ljm.course.app,malware,1,0.0873474825485735,0,benign
edu.synthetic.androzoo.malware.dropper_loader.0434,malware,1,1.0,1,malware
com.jacks_flights,benign,0,0.9999996961304145,1,malware
com.dxysolutions.scihist,benign,0,0.619071889989382,1,malware
it.creareunapp.editor.android5fe4be4037921,benign,0,0.9119598501235263,1,malware
com.sanmao.newlearnwordpro,malware,1,1.0,1,malware
br.gov.fazenda.receita.eprocesso,benign,0,0.2524402702776631,0,benign
edu.synthetic.androzoo.malware.banker_accessibility.0025,malware,1,0.8673424630391284,1,malware
edu.synthetic.androzoo.malware.dropper_loader.1788,malware,1,1.0,1,malware
com.ac.englishtoburmesetranslator,malware,1,4.298789390194564e-09,0,benign
edu.synthetic.androzoo.malware.wallet_stealer.0483,malware,1,0.9999999999999993,1,malware
com.moyun365.android.zkchemistry,malware,1,0.6748780000305689,1,malware
edu.synthetic.androzoo.malware.banker_accessibility.1358,malware,1,1.0,1,malware
com.gofa.mobile,benign,0,0.9999999998460474,1,malware
edu.synthetic.androzoo.malware.banker_accessibility.0911,malware,1,1.0,1,malware
cn.meihuiapp.videomaker,malware,1,1.0,1,malware
edu.synthetic.androzoo.malware.wallet_stealer.1849,malware,1,0.9999999999999982,1,malware
com.rebbix.modnakasta,benign,0,0.6506933943970151,1,malware
com.chronogolf.booking.westlock,benign,0,0.9998900291170446,1,malware
edu.synthetic.androzoo.malware.dropper_loader.1665,malware,1,1.0,1,malware
com.careate.qyi,malware,1,0.36297688164429587,0,benign
com.stephen.teleprompter.treasure,malware,1,0.9873402301056444,1,malware
edu.synthetic.androzoo.malware.sms_otp_stealer.1469,malware,1,0.9999999244554564,1,malware
com.betelge.divetru,benign,0,0.0,0,benign
edu.synthetic.androzoo.malware.overlay_pin_stealer.0671,malware,1,1.0,1,malware
edu.synthetic.androzoo.malware.spyware_surveillance.1921,malware,1,0.9999999966840294,1,malware
com.apptegy.edgewoodtx,benign,0,5.507570105938498e-05,0,benign
com.kagccollege,benign,0,0.9966132571312027,1,malware
com.jlahhw.sl096,benign,0,0.8508047610984861,1,malware
com.cetinkaya.time_balance,benign,0,0.9945294102815536,1,malware
com.quicktool.applock.lockapps.fingerprint.password,benign,0,1.0,1,malware
com.snappyappz.c_calc,benign,0,1.0,1,malware
makeover.merge,benign,0,0.1760723861436353,0,benign
com.doumi.jianzhi,malware,1,0.7452027152018728,1,malware
com.collectorz.javamobile.android.music,benign,0,0.0005027487942825127,0,benign
edu.synthetic.androzoo.malware.sms_otp_stealer.1565,malware,1,0.9999999894521684,1,malware
com.publicmediaapps.brpsw,benign,0,1.4526958448671174e-16,0,benign
com.shopgate.android.app10238,benign,0,2.9492398005118147e-12,0,benign
com.amayasoft.toddler.learning.baby.games,benign,0,0.2621710753241993,0,benign
com.subsplashconsulting.s_SSS86K,benign,0,7.435545601963263e-32,0,benign
com.sinyee.babybus.changeable,benign,0,2.214380242295225e-08,0,benign
com.oslonokkel,benign,0,0.17846664224958125,0,benign
com.square_enix.android_googleplay.FFPR,malware,1,0.0707975786746241,0,benign
edu.synthetic.androzoo.malware.spyware_surveillance.0217,malware,1,0.9999999999961926,1,malware
com.conformit.intervention,benign,0,0.1899126573711654,0,benign
cn.shredjz.soundxmaker,malware,1,0.9990801366310069,1,malware
com.productmadness.cashmancasino,benign,0,0.9801711743263061,1,malware
com.technore.lolipopvip,malware,1,0.5237437485828805,1,malware
it.nexi.merchant,benign,0,3.721180750082512e-26,0,benign
com.huch.kosmopolit,benign,0,7.839480970123899e-08,0,benign
com.geovictoriasupervisor,benign,0,0.9999924815217853,1,malware
com.rebelvox.voxer,benign,0,4.500824490176707e-05,0,benign
edu.synthetic.androzoo.malware.adware_clicker.0324,malware,1,1.0,1,malware
com.convergence.dwarflab,benign,0,0.9851961113729844,1,malware
edu.synthetic.androzoo.malware.banker_accessibility.0431,malware,1,0.9999999999994891,1,malware
edu.synthetic.androzoo.malware.spyware_surveillance.0153,malware,1,0.9999999999514828,1,malware
com.orimuse.android,malware,1,0.8825193576003044,1,malware
com.mmc.fengshui.pass.gm,benign,0,0.9524409872531503,1,malware
com.tetrahedron.cubo3d,malware,1,0.10937842519311469,0,benign
edu.synthetic.androzoo.malware.banker_accessibility.0866,malware,1,1.0,1,malware
edu.synthetic.androzoo.malware.sms_otp_stealer.1470,malware,1,1.0,1,malware
com.yamaha.av.musiccastcontroller,benign,0,0.5463507623897177,1,malware
com.trust.smarthome,benign,0,0.9999963466848619,1,malware
com.hhll.learningchinese,benign,0,0.9992712783104567,1,malware
edu.synthetic.androzoo.malware.ransomware_locker.1107,malware,1,1.0,1,malware
edu.synthetic.androzoo.malware.overlay_pin_stealer.1184,malware,1,1.0,1,malware
edu.synthetic.androzoo.malware.adware_clicker.1692,malware,1,1.0,1,malware
cn.changsha.xczxapp,malware,1,0.9731773609694445,1,malware
jp.pxv.android,benign,0,0.00027954199619419957,0,benign
edu.synthetic.androzoo.malware.spyware_surveillance.1620,malware,1,0.9999999999973996,1,malware
edu.synthetic.androzoo.malware.banker_accessibility.0672,malware,1,1.0,1,malware
edu.synthetic.androzoo.malware.spyware_surveillance.0032,malware,1,1.0,1,malware
com.easytech.wc4.android,benign,0,0.8982174543302646,1,malware
conversor.conversaotaxasbasico.eurttd,benign,0,0.765609895982839,1,malware
edu.synthetic.androzoo.malware.banker_accessibility.1871,malware,1,0.999999999656447,1,malware
nz.co.solus.Kotui.HawkesBay,benign,0,0.9189562981107006,1,malware
com.quanm.saiche,malware,1,0.9751337349766742,1,malware
com.mili.cbttherapy,benign,0,0.41585920197466897,0,benign
com.zhuofu,malware,1,0.08724208157711952,0,benign
net.xinhuamm.d3099,malware,1,0.9750917275648348,1,malware
app.mylekha.client.mobile_dashboard,benign,0,0.9999461834702539,1,malware
edu.synthetic.androzoo.malware.wallet_stealer.0594,malware,1,1.0,1,malware
edu.synthetic.androzoo.malware.dropper_loader.1551,malware,1,1.0,1,malware
com.app.professionalcamera,benign,0,0.8736729511156938,1,malware
edu.synthetic.androzoo.malware.banker_accessibility.1167,malware,1,1.0,1,malware
com.ask.teachertop,malware,1,0.0852394468791851,0,benign
com.moyun365.android.gkphysicaltong,malware,1,0.6309616370128556,1,malware
edu.synthetic.androzoo.malware.spyware_surveillance.1831,malware,1,0.9999999861290472,1,malware
edu.synthetic.androzoo.malware.ransomware_locker.1662,malware,1,1.0,1,malware
com.glodon.drawingexplorer,malware,1,0.18813549414149952,0,benign
com.paketin.paketinapp,malware,1,0.0718609191215453,0,benign
com.trainerize.primalcoaching,benign,0,0.33051879901367043,0,benign
vus.edu.vn.parents.ovi,benign,0,0.9966172992883864,1,malware
edu.synthetic.androzoo.malware.ransomware_locker.0714,malware,1,1.0,1,malware
edu.synthetic.androzoo.malware.overlay_pin_stealer.1288,malware,1,1.0,1,malware
com.sheepyard.clickersimulator.idlecreepypark,malware,1,0.7697062227566033,1,malware
edu.synthetic.androzoo.malware.dropper_loader.0348,malware,1,1.0,1,malware
edu.synthetic.androzoo.malware.ransomware_locker.0679,malware,1,1.0,1,malware
edu.synthetic.androzoo.malware.banker_accessibility.1465,malware,1,0.99999996837692,1,malware
edu.synthetic.androzoo.malware.banker_accessibility.1510,malware,1,1.0,1,malware
com.visable.ep,benign,0,0.9720253402208395,1,malware
com.fintasys.weddy,benign,0,0.009530118635807577,0,benign
edu.synthetic.androzoo.malware.banker_accessibility.1003,malware,1,0.9999930653802578,1,malware
com.ba.mobile,benign,0,0.93427954094031,1,malware
com.sinyee.babybus.custom,malware,1,0.45466117316181703,0,benign
com.euroscoreboard.euroscoreboard,benign,0,1.1907650707133753e-05,0,benign
edu.synthetic.androzoo.malware.wallet_stealer.1431,malware,1,0.9999999999999969,1,malware
edu.synthetic.androzoo.malware.banker_accessibility.1439,malware,1,1.0,1,malware
in.crossy.daily_crossword,benign,0,0.9911536503142377,1,malware
com.edictonary.Sociology.Dictionary,malware,1,1.0,1,malware
edu.synthetic.androzoo.malware.banker_accessibility.1527,malware,1,1.0,1,malware
com.matchaupair,benign,0,0.9999982218368724,1,malware
com.androtv.autoallstars,benign,0,0.9089305359955642,1,malware
com.makeshop.powerapp.swad120,benign,0,0.8797198668675773,1,malware
edu.synthetic.androzoo.malware.ransomware_locker.1385,malware,1,1.0,1,malware
edu.synthetic.androzoo.malware.ransomware_locker.1856,malware,1,1.0,1,malware
edu.synthetic.androzoo.malware.overlay_pin_stealer.1878,malware,1,1.0,1,malware
com.ets100.pupil,malware,1,0.1115303925430384,0,benign
edu.synthetic.androzoo.malware.sms_otp_stealer.1674,malware,1,1.0,1,malware
edu.synthetic.androzoo.malware.spyware_surveillance.1082,malware,1,1.0,1,malware
edu.synthetic.androzoo.malware.spyware_surveillance.0826,malware,1,1.0,1,malware
com.acvauctions.acvauctions,benign,0,3.99664936563255e-14,0,benign
com.ai.chat.bot.aichat,malware,1,0.9999999716636548,1,malware
com.southwestairlines.mobile,benign,0,1.0,1,malware
com.MaxwellPlay.LiminalX,benign,0,0.5108777417481327,1,malware
com.restaumatic.bosca_pizzeria_production,benign,0,0.010938161901838973,0,benign
com.realsys.poem,malware,1,0.7143587392684638,1,malware
com.turbo.turboplus,malware,1,0.9631077212962804,1,malware
at.falstaff.gourmet,benign,0,0.0020931155792855687,0,benign
edu.synthetic.androzoo.malware.overlay_pin_stealer.1214,malware,1,1.0,1,malware
com.lh.bog.global,benign,0,0.10822354601926665,0,benign
edu.synthetic.androzoo.malware.spyware_surveillance.0571,malware,1,0.9999999999999998,1,malware
com.issmobile.datang.case_dough,malware,1,0.9865947991384334,1,malware
com.app.p4812EB,benign,0,0.8915522328324581,1,malware
com.owner.clevelandparkbarandgrill,benign,0,0.003442480803191332,0,benign
edu.synthetic.androzoo.malware.overlay_pin_stealer.0126,malware,1,1.0,1,malware
edu.synthetic.androzoo.malware.overlay_pin_stealer.1051,malware,1,1.0,1,malware
co.bitx.android.wallet,benign,0,0.9999999999999292,1,malware
com.loyal.musicality,benign,0,0.9991384336982603,1,malware
com.simonclub.dominoaccesible,benign,0,0.15699385739561322,0,benign
li.mews.android.commander,benign,0,1.0,1,malware
edu.synthetic.androzoo.malware.adware_clicker.1069,malware,1,1.0,1,malware
com.body_scanner.cloth_remover,benign,0,0.15731590584347963,0,benign
edu.synthetic.androzoo.malware.wallet_stealer.0423,malware,1,0.9999999947935021,1,malware
com.index.aeedc022019,benign,0,0.9248496228033478,1,malware
edu.synthetic.androzoo.malware.banker_accessibility.0428,malware,1,0.9999999999999851,1,malware
com.mods.maps.mine,benign,0,0.6454521403981053,1,malware
com.lilithgame.sgame.gp.oss,benign,0,0.34093373005713923,0,benign
com.linchuan.vademecum,malware,1,0.999999909224772,1,malware
com.customchurchapps.appooghwy0c,benign,0,2.9573667797872533e-28,0,benign
edu.synthetic.androzoo.malware.dropper_loader.1516,malware,1,1.0,1,malware
edu.synthetic.androzoo.malware.overlay_pin_stealer.0991,malware,1,1.0,1,malware
br.com.ideia2001.CatalogoFConfuorto,benign,0,0.9973324072833772,1,malware
in.nirals.aiscbe,benign,0,0.511390955435569,1,malware
com.proxxinative,benign,0,0.901705821394585,1,malware
pl.netigen.simplemandolinrtuner,benign,0,0.9999999994981359,1,malware
edu.synthetic.androzoo.malware.dropper_loader.1782,malware,1,1.0,1,malware
com.supersendcustomer,malware,1,0.8692594224543765,1,malware
com.manuel.pagliai.tsol,benign,0,0.21830284790568402,0,benign
edu.synthetic.androzoo.malware.sms_otp_stealer.0533,malware,1,1.0,1,malware
com.rez.minebuild,malware,1,0.9185615426147041,1,malware
edu.synthetic.androzoo.malware.dropper_loader.0810,malware,1,1.0,1,malware
abudhabi.healthlink,benign,0,0.9991779199286712,1,malware
shanks.scgl,malware,1,0.21613888342933887,0,benign
br.com.wiki4fit.flashstudio,benign,0,0.5485631504467302,1,malware
org.redsnow.Jiffy,malware,1,0.9974475784274721,1,malware
edu.synthetic.androzoo.malware.banker_accessibility.0409,malware,1,1.0,1,malware
edu.synthetic.androzoo.malware.banker_accessibility.0449,malware,1,0.9999999999999991,1,malware
edu.synthetic.androzoo.malware.ransomware_locker.1729,malware,1,1.0,1,malware
tws.vision.viaim.headset,benign,0,0.9995674344507216,1,malware
edu.synthetic.androzoo.malware.sms_otp_stealer.1553,malware,1,0.9999999175681836,1,malware
edu.synthetic.androzoo.malware.ransomware_locker.1193,malware,1,1.0,1,malware
com.gozem.provider,benign,0,1.0,1,malware
com.navitime.local.bike,benign,0,0.9999963337998627,1,malware
com.subsplashconsulting.s_WWWDTZ,benign,0,1.730942813003401e-13,0,benign
edu.synthetic.androzoo.malware.overlay_pin_stealer.1183,malware,1,1.0,1,malware
edu.synthetic.androzoo.malware.banker_accessibility.1398,malware,1,0.9999131931376173,1,malware
com.ticimax.androidbase.disentismodest,benign,0,0.9949833403077424,1,malware
com.abiitur.gridlayout,benign,0,0.08075576733231533,0,benign
com.xinxiu.AvatarMaker,malware,1,0.8998662350410108,1,malware
redwhite.cricket.liveline.score,benign,0,0.9999999998169331,1,malware
edu.synthetic.androzoo.malware.ransomware_locker.1211,malware,1,1.0,1,malware
com.artbookmagazine.lisa,benign,0,1.0238138384692071e-05,0,benign
com.wanderlog.android,benign,0,0.7116845351669915,1,malware
edu.synthetic.androzoo.malware.sms_otp_stealer.0794,malware,1,0.9999999999999687,1,malware
com.ximi.weightrecord,malware,1,0.48354305178829843,0,benign
edu.synthetic.androzoo.malware.ransomware_locker.0822,malware,1,1.0,1,malware
com.alaeat.customer.android.cafeofeastbay,benign,0,0.9977834503321685,1,malware
meditofoundation.medito,benign,0,1.0,1,malware
com.educabiz.educabiz.mobile,benign,0,0.9999999993484383,1,malware
asan.gharelu.ilaj.asangharelunuskhay,benign,0,0.5463684807550648,1,malware
com.architurk.rainbow,benign,0,0.6133881080464637,1,malware
com.ailiyong.pinyin,malware,1,0.008301964995609458,0,benign
edu.synthetic.androzoo.malware.banker_accessibility.0486,malware,1,1.0,1,malware
com.kanchufang.privatedoctor,malware,1,0.9705397312059673,1,malware
edu.synthetic.androzoo.malware.banker_accessibility.0846,malware,1,1.0,1,malware
com.addietudeculturalartsctrapp.mi,benign,0,0.013610576093314066,0,benign
com.app.a1f4W00000199bZQAQ,benign,0,0.9999948073854953,1,malware
edu.synthetic.androzoo.malware.overlay_pin_stealer.0232,malware,1,1.0,1,malware
com.eltok.scoreboardliveumpireapp,benign,0,0.3371625750081015,0,benign
edu.synthetic.androzoo.malware.banker_accessibility.1610,malware,1,0.9999999999992522,1,malware
edu.synthetic.androzoo.malware.wallet_stealer.0733,malware,1,0.9969730787925231,1,malware
com.blupearl.healthocarepath,benign,0,0.9946369205364858,1,malware
uni.UNI8EFADFE,malware,1,0.6715946630846051,1,malware
edu.synthetic.androzoo.malware.dropper_loader.1160,malware,1,1.0,1,malware
com.dalcomsoft.mysu.a,benign,0,0.9948170507199935,1,malware
com.Fibrum.vrfall,malware,1,0.989107678900227,1,malware
com.instabridge.android,benign,0,1.0,1,malware
com.chating.messages.chat.fun,malware,1,0.9773286247300625,1,malware
com.ipreto.android.ageofconquerors.st,malware,1,0.9999984487702152,1,malware
io.ionic.idcp,benign,0,0.8574679068348383,1,malware
com.letsgetdigital.app3790x,benign,0,0.9963958310788213,1,malware
com.slimesmash.android,malware,1,0.9902261669020744,1,malware
com.stepstone.totaljobs,benign,0,0.9999997922832796,1,malware
com.yamabus.pocha.pj,malware,1,0.9999999839205584,1,malware
com.merge.townhorizon.puzzlegame,benign,0,0.22990495761236943,0,benign
com.gentdev.piglow,benign,0,0.5583011451162878,1,malware
com.subsplashconsulting.s_R5GMWK,benign,0,1.0,1,malware
edu.synthetic.androzoo.malware.sms_otp_stealer.1421,malware,1,1.0,1,malware
com.zakg.scaryteacher.hellgame,benign,0,0.6054574362331923,1,malware
com.psma.videosplitter,benign,0,2.639133522520929e-06,0,benign
cz.prumsys.s7plchmi,benign,0,0.034078603715265915,0,benign
com.intellect_soft_apps.photowarp,benign,0,0.9999999999998874,1,malware
com.bitmango.go.fruitsmaniamatch3,benign,0,5.103649678581267e-06,0,benign
com.dastyar.io,benign,0,0.7094950670166934,1,malware
jp.co.umk.umkapp,benign,0,0.05906882802558013,0,benign
com.emri.upcitizenapp,benign,0,0.9689890982202695,1,malware
com.openmygame.games.android.wordpizza,benign,0,3.2337402919444945e-05,0,benign
edu.synthetic.androzoo.malware.adware_clicker.1328,malware,1,0.5995466424839407,1,malware
com.sayeh.view,benign,0,0.602899123539896,1,malware
com.easyfastapp.app,benign,0,0.99473920540636,1,malware
com.MA.LosAngelesCrimes,malware,1,0.9999979242547143,1,malware
xyz.xoventechdev.saifnetudplite,malware,1,0.2421758147294373,0,benign
com.ryumoto.gfx,malware,1,0.5339364565342146,1,malware
com.trainerize.dutifitness,benign,0,0.9984366099882124,1,malware
app.unitime,benign,0,0.426924765429227,0,benign
io.zerion.android,benign,0,0.35935626384273106,0,benign
edu.synthetic.androzoo.malware.adware_clicker.0593,malware,1,1.0,1,malware
com.sinyee.babybus.forest,malware,1,0.05840646066900397,0,benign
com.ita.scaleup,benign,0,0.04600171507606412,0,benign
br.org.admanancial.appEK1811,benign,0,0.2802456139653943,0,benign
com.gh.eurobus.driving.simulator.bus.game,benign,0,0.06695064384303795,0,benign
com.appwallet.fightphotoeditor,benign,0,0.3634433625150126,0,benign
au.com.weguide.genv,benign,0,0.7162703640112449,1,malware
com.kihno.kihnoplay,benign,0,0.9727591196653619,1,malware
ru.projectpoint.app,benign,0,0.9964291169183954,1,malware
com.bhgames.spades,benign,0,0.9880902997958912,1,malware
com.softcraft.frenchbible,benign,0,0.0038922878711605538,0,benign
com.taskgo.app,benign,0,0.2569994609870715,0,benign
edu.synthetic.androzoo.malware.spyware_surveillance.0778,malware,1,1.0,1,malware
edu.synthetic.androzoo.malware.sms_otp_stealer.0052,malware,1,0.9999999999999869,1,malware
org.qpython.qpy,malware,1,0.058346719763318775,0,benign
edu.synthetic.androzoo.malware.wallet_stealer.0490,malware,1,0.9999999987271138,1,malware
com.goldenapps05.happyfathersday2020,benign,0,0.7464622457124783,1,malware
edu.synthetic.androzoo.malware.banker_accessibility.0986,malware,1,0.999995572949321,1,malware
edu.synthetic.androzoo.malware.banker_accessibility.1246,malware,1,0.9999873408679093,1,malware
com.subsplashconsulting.s_KNX3RK,benign,0,0.04613889207875687,0,benign
edu.synthetic.androzoo.malware.dropper_loader.1546,malware,1,1.0,1,malware
com.ambrotechs.bluebay,benign,0,0.7044665321134598,1,malware
com.newsparkapps.indianheavydrivercheatcodes,benign,0,0.00047179628631370204,0,benign
com.trainerize.fightfitness,benign,0,0.9885556118689266,1,malware
net.peakgames.toonblast,benign,0,0.9048007419033814,1,malware
io.c2dev.mypastpapers,benign,0,0.7058665206218898,1,malware
com.lei.kongzhan,malware,1,0.9999683967309041,1,malware
com.sdyxjd.yony,malware,1,0.9865831152783643,1,malware
edu.synthetic.androzoo.malware.banker_accessibility.1513,malware,1,0.9999912589449811,1,malware
edu.synthetic.androzoo.malware.banker_accessibility.0361,malware,1,0.9750757086672379,1,malware
edu.synthetic.androzoo.malware.sms_otp_stealer.1269,malware,1,1.0,1,malware
com.ionicframework.ionicapp410897,benign,0,1.9790218150901418e-21,0,benign
edu.synthetic.androzoo.malware.dropper_loader.1669,malware,1,0.9999999999932194,1,malware
com.android.weici.senior.teacher,malware,1,0.7745447294489557,1,malware
com.lazyboydevelopments.footballsuperstar2,malware,1,0.9049586200991668,1,malware
edu.synthetic.androzoo.malware.banker_accessibility.1126,malware,1,1.0,1,malware
edu.synthetic.androzoo.malware.adware_clicker.1161,malware,1,1.0,1,malware
edu.synthetic.androzoo.malware.spyware_surveillance.1325,malware,1,1.0,1,malware
com.okioki.ws,benign,0,0.9807988893391434,1,malware
