package_name,true_label,y_true,malware_probability,y_pred,predicted_label
com.loopump.app,benign,0,0.9563561176506334,1,malware
cili.niao.search.bt.ci.li,malware,1,0.8654574457523407,1,malware
com.fourthfrontier.biostrip,benign,0,1.0,1,malware
net.wordbit.jpen,benign,0,1.0,1,malware
edu.synthetic.androzoo.malware.banker_accessibility.1159,malware,1,0.9976528926664936,1,malware
com.only.capy.parkour.up.six,benign,0,0.28246756688097413,0,benign
br.com.psinf.forcadevendas,benign,0,0.23147871538955422,0,benign
cl.bci.app.personas,benign,0,1.0,1,malware
com.stefanroobol.pelvicfloor,benign,0,0.9833697158292907,1,malware
br.com.marisa.android,benign,0,0.9745350026275437,1,malware
edu.synthetic.androzoo.malware.banker_accessibility.1237,malware,1,0.9990755913985462,1,malware
io.calamari.kiosk,benign,0,0.9947581708704547,1,malware
com.myrebornpack.gr,benign,0,0.47639013300964833,0,benign
io.arlabs.belutti,benign,0,0.9306011735009763,1,malware
com.pujiagames.daremoinai,malware,1,0.5989035356239475,1,malware
it.cgn.app.fatturazione,benign,0,0.9597613677447723,1,malware
org.plumvillageapp,benign,0,0.9999999226947027,1,malware
edu.synthetic.androzoo.malware.sms_otp_stealer.1286,malware,1,0.9999997574187305,1,malware
com.thetrainline,benign,0,0.027293756157962052,0,benign
com.vg.drive.army.offroad.mountain.truck,benign,0,0.09235099079810909,0,benign
com.shifthackz.aisdv1.app,benign,0,0.1849128109231525,0,benign
edu.synthetic.androzoo.malware.spyware_surveillance.1405,malware,1,0.9999999999995559,1,malware
com.android.linglan.ui,malware,1,0.9535520268278437,1,malware
com.yandex.toloka.androidapp,benign,0,0.6712085841382383,1,malware
edu.synthetic.androzoo.malware.ransomware_locker.1047,malware,1,0.39895746549171823,0,benign
org.slashgames.FreudBot.AdFree,malware,1,0.9999999680200827,1,malware
com.tfg.codcwguides,benign,0,0.15598413422230084,0,benign
edu.synthetic.androzoo.malware.sms_otp_stealer.1691,malware,1,0.9999995740073336,1,malware
com.sflep.course,malware,1,0.15490021584850291,0,benign
com.lechneralexander.privatebrowser,malware,1,0.14299915856213444,0,benign
edu.synthetic.androzoo.malware.banker_accessibility.1560,malware,1,0.999782846225952,1,malware
edu.synthetic.androzoo.malware.banker_accessibility.0829,malware,1,0.9993773288706087,1,malware
edu.synthetic.androzoo.malware.ransomware_locker.0037,malware,1,0.9951729978349406,1,malware
com.mrblue.mrblue,benign,0,1.0,1,malware
fgs.com.simulation,benign,0,0.5986324430537935,1,malware
com.IVR.horoscopoescorpio,benign,0,6.710146372205615e-05,0,benign
com.at.death.ultimate.strike,malware,1,0.979459433873305,1,malware
com.sca.skogsvard,benign,0,0.40881937291575227,0,benign
edu.synthetic.androzoo.malware.dropper_loader.1480,malware,1,0.5859790350063425,1,malware
id.or.aaji.aaji_mobile_exam,benign,0,0.09192892129931471,0,benign
com.kdhnews.android,benign,0,0.9999161914451855,1,malware
com.jyouhousyoriisya_kakindesu.englishstudy,benign,0,0.738697534038564,1,malware
com.redhands.twoplayergames,benign,0,0.31326374851822164,0,benign
com.marsor.game.frog,malware,1,0.9971863671868981,1,malware
edu.synthetic.androzoo.malware.spyware_surveillance.0763,malware,1,0.9999999989170372,1,malware
com.cy.chengcredit,malware,1,0.9999999998344526,1,malware
edu.synthetic.androzoo.malware.dropper_loader.1394,malware,1,0.002828114919185296,0,benign
com.itita.chuanyi,malware,1,0.11240943387704783,0,benign
com.tapblaze.pizzabusiness,benign,0,0.9147452890480392,1,malware
rebar.com.yh,benign,0,8.800624070867099e-06,0,benign
com.marchnetworks.searchlight,benign,0,0.025057271148968954,0,benign
com.trendyol.go,benign,0,1.0,1,malware
com.paysii.referral,benign,0,0.4454480174293184,0,benign
com.fingersoft.boomkarts,malware,1,0.26668366430200396,0,benign
com.surviva.grand,malware,1,0.9994982911652747,1,malware
edu.synthetic.androzoo.malware.overlay_pin_stealer.0592,malware,1,0.9990172750750941,1,malware
com.xiuxin.ins.follow.unfollow,malware,1,0.9665297677860928,1,malware
cn.bluerhino.driver,malware,1,0.9823464096927927,1,malware
io.attlas,benign,0,0.5235340823149246,1,malware
edu.synthetic.androzoo.malware.banker_accessibility.0775,malware,1,0.9974704913949592,1,malware
edu.synthetic.androzoo.malware.dropper_loader.0118,malware,1,0.0016597187819537243,0,benign
ru.mts.launcher,benign,0,1.4997965316104504e-110,0,benign
edu.synthetic.androzoo.malware.dropper_loader.1612,malware,1,0.9685147726373634,1,malware
edu.synthetic.androzoo.malware.overlay_pin_stealer.0569,malware,1,0.987893755985524,1,malware
pro.arendacar.carsandgoapp,benign,0,0.9555896477852469,1,malware
com.ihavecar.client,malware,1,0.9358325529042636,1,malware
com.petreion.digitalsnow,malware,1,0.19668775424903,0,benign
com.applestudio.games.au1303014.lite,malware,1,0.9965384184650534,1,malware
com.tk.cattrans,benign,0,0.3266131396597512,0,benign
jp.co.a_tm.android.plus_lady_in_pink,benign,0,0.10856820824930072,0,benign
com.EvolutionOfGames.EvolutionOfSpecies.ly,malware,1,0.12571980735849014,0,benign
edu.synthetic.androzoo.malware.dropper_loader.0478,malware,1,0.11702465554268338,0,benign
com.credemtel.notaspese.app,benign,0,0.999999518447216,1,malware
com.gamesworkshop.kt3,benign,0,0.9999952478118422,1,malware
com.EFUniverseGames.GrubDashDriver,malware,1,0.12406254724855069,0,benign
com.YovoGames.tailor,benign,0,0.0828644528803143,0,benign
com.mes.TheColorMask,benign,0,1.0,1,malware
com.fragileheart.note,benign,0,0.7454215278036646,1,malware
com.taxigo.ee,benign,0,0.9997002806349995,1,malware
jbl.stc.com,benign,0,0.10824789789502012,0,benign
edu.synthetic.androzoo.malware.banker_accessibility.0206,malware,1,0.9986292987899338,1,malware
edu.synthetic.androzoo.malware.spyware_surveillance.0223,malware,1,0.9999999998638096,1,malware
edu.synthetic.androzoo.malware.banker_accessibility.0148,malware,1,0.9935988312242466,1,malware
com.geaxgame.pokerkingpro,benign,0,0.008536879829292243,0,benign
com.restikpos,benign,0,0.6916440957234022,1,malware
edu.synthetic.androzoo.malware.adware_clicker.1249,malware,1,0.9999999999996592,1,malware
com.fellafeeds.app,benign,0,0.027139418105621302,0,benign
it.logicweb.colossusescape,malware,1,0.9334289691281527,1,malware
com.hailong0707.android.paradox,malware,1,0.461356632885925,0,benign
com.vnptpayagent,benign,0,0.552343755995166,1,malware
it.xmenu.pizzaexport,benign,0,0.9004696162160972,1,malware
com.coyoapp.plswnet.engage.android,benign,0,0.7657136215323295,1,malware
edu.synthetic.androzoo.malware.overlay_pin_stealer.1477,malware,1,0.9991416691552921,1,malware
app.cheriedating,benign,0,0.21032140522219206,0,benign
com.trillion.camper.van.holiday.family,benign,0,0.7861423111503125,1,malware
edu.synthetic.androzoo.malware.ransomware_locker.0038,malware,1,0.8813822526365078,1,malware
es.tpc.matchpoint.appclient.globopadelclub,benign,0,0.850140749734666,1,malware
it.cineca.app.unime,benign,0,0.27195107485471665,0,benign
com.superspesa,benign,0,0.004504733145974207,0,benign
com.bapplware.hrvale,benign,0,0.21570727005628748,0,benign
com.EdenredUsaBenefits,benign,0,0.2500178996784699,0,benign
com.samvat.calendars,benign,0,2.4650247692367627e-06,0,benign
edu.synthetic.androzoo.malware.wallet_stealer.1045,malware,1,0.999999627168096,1,malware
com.jygame.qqtyt.nzbst.yyh,malware,1,0.9999999999995948,1,malware
com.sca.crossings,benign,0,0.9999234540579582,1,malware
edu.synthetic.androzoo.malware.banker_accessibility.0680,malware,1,0.9951154763417881,1,malware
com.acurable.apsa,benign,0,1.0,1,malware
com.dasheng.talk,malware,1,0.7134146243573567,1,malware
com.clear.joapp,benign,0,0.8437247314837524,1,malware
droid.dheeraj.dimscreen,benign,0,0.9983286169927625,1,malware
com.sgs.xamarin.engage,benign,0,0.08059451662213031,0,benign
edu.synthetic.androzoo.malware.spyware_surveillance.1574,malware,1,0.9999999999999989,1,malware
com.dezerv,benign,0,0.9721058045064905,1,malware
com.chairenhuo.qshuiynm.cookman.happiness,malware,1,0.9764035230765511,1,malware
it.creareunapp.editor.android606ecded11679,benign,0,0.6394152015181838,1,malware
com.halalnavi,benign,0,0.999993482028438,1,malware
com.mjcsoft.stream.latopweb,benign,0,0.9999997625889747,1,malware
io.pushpay.parkcommunitychurch,benign,0,0.014317810789144222,0,benign
xyz.modtech.hexagon,benign,0,0.129823071945308,0,benign
com.app.afterschool,benign,0,0.9830074031416262,1,malware
my.company.japanesewordryu1,malware,1,0.060409238459782466,0,benign
com.dmm.pointclub,benign,0,0.9307943967476587,1,malware
com.oupeng.mini.android,malware,1,0.9999999999797728,1,malware
com.repair.photopay,malware,1,0.07999390852431466,0,benign
com.bloblegame.io,malware,1,0.16996452510063753,0,benign
edu.synthetic.androzoo.malware.adware_clicker.1826,malware,1,0.9105811974664848,1,malware
com.gp.animalkeeper,malware,1,0.28483797051971843,0,benign
com.akhenaton.dr_shady,benign,0,0.5027989457625239,1,malware
edu.synthetic.androzoo.malware.overlay_pin_stealer.0877,malware,1,0.9998611810577451,1,malware
com.radioinfinitalarioja,benign,0,0.9992759971730738,1,malware
edu.synthetic.androzoo.malware.wallet_stealer.0643,malware,1,0.9998944871320408,1,malware
edu.synthetic.androzoo.malware.dropper_loader.0769,malware,1,0.052166203390043214,0,benign
com.skisosoft.coach.ly,malware,1,0.14132949613981238,0,benign
edu.synthetic.androzoo.malware.banker_accessibility.0321,malware,1,0.9972938735437334,1,malware
net.polyglots,benign,0,0.9200390379794219,1,malware
games.dali.adventure.lucid.dream.part.three,malware,1,0.9994138848449866,1,malware
com.dfsc.vivo.jxmtkb.ywrs.yyh,malware,1,0.9999996642421342,1,malware
com.theosys.deogracia,benign,0,0.9853191451484309,1,malware
com.esigtek.lopesa,benign,0,0.1260915021124069,0,benign
com.cocoplay.shoppinggirl,benign,0,0.9976995332935413,1,malware
com.upjers.dinosaurparkprimevalzoo,benign,0,0.08743099205057854,0,benign
com.binary.hrms,benign,0,0.058418008270804726,0,benign
com.mike.wenzikong,malware,1,0.09631027493362802,0,benign
edu.synthetic.androzoo.malware.adware_clicker.1479,malware,1,0.21411022851485198,0,benign
com.luckyskeletonstudios.idlebanktycoon,benign,0,0.1910776610114273,0,benign
kz.tele2.kiozk.android,benign,0,0.9967974632590655,1,malware
hu.hvg.android,benign,0,0.2711769229194977,0,benign
es.altra.airzone,benign,0,0.999763679332054,1,malware
com.zuuks.gangs.io,benign,0,0.9934827624322249,1,malware
edu.synthetic.androzoo.malware.wallet_stealer.0542,malware,1,0.9993617647593341,1,malware
com.psyter.www.careprovider,benign,0,0.9998987459982079,1,malware
edu.synthetic.androzoo.malware.wallet_stealer.1627,malware,1,0.9998013476599136,1,malware
ott.nyse,benign,0,0.011714187426434194,0,benign
ecommerce_166.android.app,benign,0,0.7492211472887069,1,malware
edu.synthetic.androzoo.malware.banker_accessibility.0669,malware,1,0.9999048552594724,1,malware
dance.fit.zumba.weightloss.danceburn,benign,0,0.9999999805196372,1,malware
com.my.cooking.chef.kitchen.craze.fever,benign,0,0.21927493709289406,0,benign
edu.synthetic.androzoo.malware.spyware_surveillance.0461,malware,1,0.9999999999633262,1,malware
vor.rider,benign,0,1.0,1,malware
com.tarotlife.tarot.card.reading.numerology,benign,0,0.9655167044769123,1,malware
com.suanaiyanxishe.loveandroid,malware,1,0.9999999962641446,1,malware
co.appnation.noteninja,benign,0,0.9897477648207896,1,malware
nl.zig.ap.app.zuidwestwonen,benign,0,0.8368038425315542,1,malware
com.deenislamic,benign,0,0.08012287366488907,0,benign
edu.synthetic.androzoo.malware.spyware_surveillance.1927,malware,1,0.9999999999356546,1,malware
edu.synthetic.androzoo.malware.dropper_loader.0798,malware,1,0.9927908694170146,1,malware
com.cmpsoft.MediaBrowser,benign,0,0.3847639360510675,0,benign
it.froggymedia.sportmediaset,benign,0,1.0,1,malware
com.didong.ddac,malware,1,0.006897238694026469,0,benign
com.tanchi.snkego,malware,1,0.856257094074121,1,malware
com.app.brik,benign,0,0.07974786735858307,0,benign
com.nabe.fr3pc,benign,0,0.10236371873836886,0,benign
themestack.lg.k50.k50s.lgk50s.lgk50swalls.lgwalls.launcher.theme,benign,0,0.10419589368326918,0,benign
com.xiaoyu.xiaoxue,malware,1,0.1588247587338496,0,benign
edu.synthetic.androzoo.malware.spyware_surveillance.1872,malware,1,0.9999999997682594,1,malware
edu.synthetic.androzoo.malware.overlay_pin_stealer.0891,malware,1,0.9997105461620152,1,malware
edu.synthetic.androzoo.malware.overlay_pin_stealer.0691,malware,1,0.9999173378775318,1,malware
edu.synthetic.androzoo.malware.banker_accessibility.1382,malware,1,0.9999417652514061,1,malware
com.insession.zero_phobia,benign,0,0.6349812887370357,1,malware
edu.synthetic.androzoo.malware.wallet_stealer.1743,malware,1,0.9999768530195571,1,malware
com.plusgames.ideologyr,benign,0,0.7117131505725993,1,malware
edu.synthetic.androzoo.malware.sms_otp_stealer.0850,malware,1,0.9999998851374995,1,malware
edu.synthetic.androzoo.malware.ransomware_locker.0888,malware,1,0.9198073484792783,1,malware
com.zsjj.activity,malware,1,0.5357818691176777,1,malware
edu.synthetic.androzoo.malware.dropper_loader.1098,malware,1,0.0030028107856790048,0,benign
com.softwareeurope.expensesmobile,benign,0,0.1759118204454996,0,benign
com.egeio.fangcloud,malware,1,0.999996735801078,1,malware
com.t2s.pizzacaprii799624,benign,0,1.596923438119078e-05,0,benign
com.dengtadoctor.ear,malware,1,0.9260953546665024,1,malware
com.alphaunit.mycandy,benign,0,0.7234269478209614,1,malware
com.wesleymay.bridgeapp,benign,0,0.8533140234262464,1,malware
com.rogue.under,malware,1,0.000719929909181863,0,benign
com.elmoussafirfatimazahra.amawal,benign,0,0.11720169384138983,0,benign
edu.synthetic.androzoo.malware.banker_accessibility.1229,malware,1,0.999806389554386,1,malware
com.alel.alelorder,benign,0,1.0,1,malware
com.plaky.android,benign,0,0.06060186623074829,0,benign
edu.synthetic.androzoo.malware.spyware_surveillance.1806,malware,1,0.9999999999209188,1,malware
edu.synthetic.androzoo.malware.banker_accessibility.1299,malware,1,0.9999541421226922,1,malware
edu.synthetic.androzoo.malware.sms_otp_stealer.0094,malware,1,0.9999999999997389,1,malware
com.dynogeek.qlisperaceway,benign,0,0.8737685633755067,1,malware
com.parque.net,benign,0,0.9991564893114208,1,malware
edu.synthetic.androzoo.malware.spyware_surveillance.0813,malware,1,0.9999999821386031,1,malware
com.cocoplay.queen.party.ly,malware,1,0.9999999998092712,1,malware
edu.synthetic.androzoo.malware.banker_accessibility.0961,malware,1,0.9999964892146922,1,malware
com.alphaunit.tapmoles,benign,0,0.9999999999999456,1,malware
edu.synthetic.androzoo.malware.banker_accessibility.1218,malware,1,0.9978607236680597,1,malware
edu.synthetic.androzoo.malware.banker_accessibility.0185,malware,1,0.9999257778266631,1,malware
com.exim.bcbd,benign,0,0.7143502801884833,1,malware
com.dkhs.futures,malware,1,0.08129697944303813,0,benign
co.benx.weverse,benign,0,3.3302201366900176e-11,0,benign
edu.synthetic.androzoo.malware.sms_otp_stealer.0337,malware,1,0.9999594251402125,1,malware
com.budgetmaster.expensetrackerapp,benign,0,0.5156039832999441,1,malware
com.highland.smarthome,benign,0,0.0003771849166474033,0,benign
com.eaziapps.cms.android6448f960e2122,benign,0,0.5772477018687777,1,malware
com.sjfc.ynyfyt,malware,1,0.6206221484056202,1,malware
com.finewoodworking,benign,0,0.3711778097070737,0,benign
com.beautybuddy,benign,0,0.43991677404208185,0,benign
edu.synthetic.androzoo.malware.spyware_surveillance.0538,malware,1,0.9999999967719044,1,malware
edu.synthetic.androzoo.malware.ransomware_locker.0725,malware,1,0.9998168429202186,1,malware
com.bgy.speechtext,malware,1,0.09339722039943842,0,benign
edu.synthetic.androzoo.malware.overlay_pin_stealer.1501,malware,1,0.9999381420247827,1,malware
com.udyam,benign,0,0.16418507692753545,0,benign
edu.synthetic.androzoo.malware.dropper_loader.1491,malware,1,0.15414705914006185,0,benign
com.mike.textocr,malware,1,0.1233034538330704,0,benign
com.soundmedicalweightloss.bodysite,benign,0,0.9999592091956249,1,malware
juno.id,benign,0,0.006073934437414482,0,benign
com.galasports.football,benign,0,0.9187967124928742,1,malware
com.beevle.xz.checkin_manage.second,malware,1,0.923148882618584,1,malware
com.beansprites.mainstreetpetshauntedvillageFREE,benign,0,0.23187719034350426,0,benign
com.kabam.doamobile,benign,0,0.20313725976938599,0,benign
com.gs.carmechanic.tireshop.carrepair.offlinegame,benign,0,0.9565155814773199,1,malware
com.sendit.senditapp,benign,0,0.6859395802515466,1,malware
scut.wei.numbergame,malware,1,0.946716984795785,1,malware
com.android.angel.babyanimal,malware,1,0.9999999999999987,1,malware
com.taxicaller.Getdriven.app,benign,0,0.33336205658291923,0,benign
edu.synthetic.androzoo.malware.banker_accessibility.0031,malware,1,0.9999835093415362,1,malware
com.nthgensoftware.traderev.android,benign,0,0.5728635422085687,1,malware
com.fastdownload.allsocial.downloader.app,malware,1,0.9999999999999818,1,malware
com.steadystate.Sticky.Flip,malware,1,0.26228417789388064,0,benign
edu.synthetic.androzoo.malware.banker_accessibility.1116,malware,1,0.9988594272703923,1,malware
edu.synthetic.androzoo.malware.banker_accessibility.0552,malware,1,0.9987000373755215,1,malware
au.org.rrr.stream,benign,0,0.7043207505329371,1,malware
com.match.club,benign,0,6.102119085344825e-07,0,benign
com.beloris,benign,0,3.243958416051011e-57,0,benign
edu.synthetic.androzoo.malware.ransomware_locker.1309,malware,1,0.9926731280612441,1,malware
edu.synthetic.androzoo.malware.banker_accessibility.0119,malware,1,0.9985123886476992,1,malware
tw.com.thsrc.texpress,benign,0,0.7475028366464079,1,malware
koeln.kvb.ticket.sveapp,benign,0,0.9598002484940159,1,malware
jp.fantasista.tapthief,malware,1,0.7516986996323097,1,malware
in.playsimple.jigsaw_puzzle,benign,0,0.8748352825369027,1,malware
com.yottagames.mafiawar,benign,0,0.5729489261665899,1,malware
edu.synthetic.androzoo.malware.dropper_loader.1427,malware,1,0.0002760220358480544,0,benign
com.encar.encarMobileApp,benign,0,1.0,1,malware
com.rabonagames.sepaktakraw,benign,0,0.11297718609153286,0,benign
com.daveandava.player.subscription,benign,0,0.371138767588646,0,benign
edu.synthetic.androzoo.malware.spyware_surveillance.1073,malware,1,0.9999999999152263,1,malware
edu.SmirnovYury.EngVesselLights,benign,0,0.9896479853937036,1,malware
com.andreyf.muslimprayer,benign,0,0.9445045275063363,1,malware
edu.synthetic.androzoo.malware.overlay_pin_stealer.1263,malware,1,0.9382408367234562,1,malware
com.ppapps.collections,benign,0,0.42060013482187747,0,benign
sa.absher.business,benign,0,0.5266105135529147,1,malware
com.wino.live,benign,0,9.638759106018343e-06,0,benign
com.xcyh.novelpal,benign,0,1.9266431326895336e-35,0,benign
com.dorian.playtogether,benign,0,0.46024886483560395,0,benign
ru.agweb.gr.driver,benign,0,0.0859390014734755,0,benign
com.arielvila.karcli.transtrip,benign,0,0.9997546174780179,1,malware
edu.synthetic.androzoo.malware.banker_accessibility.1404,malware,1,0.9998747485628917,1,malware
edu.synthetic.androzoo.malware.wallet_stealer.0245,malware,1,0.9999999610363839,1,malware
edu.synthetic.androzoo.malware.spyware_surveillance.0649,malware,1,0.9999999986943495,1,malware
edu.synthetic.androzoo.malware.overlay_pin_stealer.1725,malware,1,0.9935121156088655,1,malware
com.hicut.app,benign,0,0.1982973139133673,0,benign
id.akusantri.hairstyle,benign,0,0.9774901713339926,1,malware
edu.synthetic.androzoo.malware.adware_clicker.1758,malware,1,0.08125419767544982,0,benign
edu.synthetic.androzoo.malware.ransomware_locker.0353,malware,1,0.5253113515428595,1,malware
alarmclock.alarm.simplealarm.clock.alarmapp,benign,0,0.9986157518192016,1,malware
com.teccom.radiosdenicaraguaenvivo,benign,0,0.11766917876376891,0,benign
edu.synthetic.androzoo.malware.overlay_pin_stealer.1196,malware,1,0.9999999992910649,1,malware
com.vf.frozenwar,benign,0,0.9960646188601047,1,malware
edu.synthetic.androzoo.malware.banker_accessibility.1827,malware,1,0.9999709302827465,1,malware
com.CSthenestonmain.android,benign,0,0.2853494339563111,0,benign
com.ny33333.ti.shangchong,malware,1,0.9991863448986065,1,malware
io.datoms.dgmonitoring,benign,0,0.27998421818208347,0,benign
com.tedmob.taxibeirut.user,benign,0,0.9979370978895837,1,malware
com.mp.satisfying.carwash.asmr.repair,benign,0,0.9398224102361056,1,malware
com.dreamapp.dubhe,benign,0,0.9832119605411432,1,malware
com.islahibaatain,benign,0,0.9290803622398269,1,malware
com.Eclipse.Neuphoria,benign,0,0.21502493588197702,0,benign
edu.synthetic.androzoo.malware.adware_clicker.0590,malware,1,0.02453740407652799,0,benign
edu.synthetic.androzoo.malware.ransomware_locker.1257,malware,1,0.34778828152819674,0,benign
com.mobincube.diccionario_hebreo_biblico.sc_HPLU6P,malware,1,0.19679150779632623,0,benign
edu.synthetic.androzoo.malware.banker_accessibility.0401,malware,1,0.9857172669287954,1,malware
edu.synthetic.androzoo.malware.spyware_surveillance.0260,malware,1,0.9999989207823797,1,malware
com.radio.tkbonanza,benign,0,0.30093409987548486,0,benign
io.battle.state.war.clash,benign,0,0.18081688257503703,0,benign
com.jk.wisdomcam,malware,1,0.6114514596639621,1,malware
edu.synthetic.androzoo.malware.dropper_loader.1593,malware,1,0.31588633379912323,0,benign
edu.synthetic.androzoo.malware.banker_accessibility.0831,malware,1,0.9999986930843933,1,malware
com.entdeckebayern.app,benign,0,0.9829498941704734,1,malware
edu.synthetic.androzoo.malware.dropper_loader.0904,malware,1,0.3410096955024709,0,benign
fr.oworld.student_timetable,benign,0,0.9999999997076214,1,malware
com.fi6798.godough,benign,0,0.9995546257963949,1,malware
com.cysterhood,benign,0,0.6580445800538327,1,malware
edu.synthetic.androzoo.malware.overlay_pin_stealer.1415,malware,1,0.9905793503464763,1,malware
com.gm.ffa.philips,benign,0,0.3349302200523113,0,benign
edu.synthetic.androzoo.malware.overlay_pin_stealer.1389,malware,1,0.8695478579994262,1,malware
com.balaiagas,benign,0,0.07865449775595028,0,benign
edu.synthetic.androzoo.malware.ransomware_locker.1690,malware,1,0.9326368645304205,1,malware
com.elephantgames.parfalenjtshop,benign,0,0.9902465187207452,1,malware
edu.synthetic.androzoo.malware.sms_otp_stealer.1559,malware,1,0.999997275547187,1,malware
nl.coffeeit.workstead,benign,0,0.8045129029339028,1,malware
com.square_enix.android_googleplay.FFPR3,malware,1,0.14693934432555933,0,benign
com.upsahl.upsahl,benign,0,0.00037907230082529007,0,benign
nl.mendrix.mobile.crossdock,benign,0,1.0,1,malware
com.fridaysgames.godsandglory,benign,0,0.5944717327569559,1,malware
edu.synthetic.androzoo.malware.banker_accessibility.1174,malware,1,0.9432448540889242,1,malware
com.vietplaygames.tienlenmiennam,benign,0,0.8754867673576279,1,malware
com.subsplashconsulting.s_3XV6D9,benign,0,0.9999999999999971,1,malware
com.dynamicform,benign,0,0.9895365245717036,1,malware
com.tranhuynhcreative.pigyclash,benign,0,0.28512363672811786,0,benign
com.smarter.technologist.android.smarteryou,benign,0,0.99999952061372,1,malware
com.dmitsoft.pinwheel,benign,0,0.2960748155667478,0,benign
edu.synthetic.androzoo.malware.overlay_pin_stealer.1362,malware,1,0.9745439341750379,1,malware
com.bayatree.sommerlearning,benign,0,0.7196756965492442,1,malware
edu.synthetic.androzoo.malware.banker_accessibility.0313,malware,1,0.9999732434443991,1,malware
com.fankexinxi.fanhuishou,malware,1,0.9155686144911499,1,malware
edu.synthetic.androzoo.malware.banker_accessibility.0751,malware,1,0.9808901050802195,1,malware
com.avirise.praytimes.azanreminder,benign,0,1.0,1,malware
com.easymobs.pregnancy,benign,0,0.04194765679737535,0,benign
edu.synthetic.androzoo.malware.banker_accessibility.0340,malware,1,0.9949917697079665,1,malware
edu.synthetic.androzoo.malware.spyware_surveillance.0535,malware,1,0.9999998247800735,1,malware
edu.synthetic.androzoo.malware.spyware_surveillance.0497,malware,1,0.9999999999991405,1,malware
com.ibrsdev.barbosacia,benign,0,0.33174621618829986,0,benign
edu.synthetic.androzoo.malware.adware_clicker.1621,malware,1,0.9853884566002438,1,malware
com.llj.ball,malware,1,0.9999994487761054,1,malware
edu.synthetic.androzoo.malware.adware_clicker.1577,malware,1,0.23913789052903175,0,benign
com.webcontrol.android,benign,0,0.04607068272937461,0,benign
games.omicron.neonflight,benign,0,0.9630237837206507,1,malware
com.pregnant.virtual.mother.simulator,benign,0,0.1993983858855273,0,benign
edu.synthetic.androzoo.malware.dropper_loader.0006,malware,1,0.04440176711254737,0,benign
edu.synthetic.androzoo.malware.wallet_stealer.0682,malware,1,0.9999982659771792,1,malware
fr.harmonie.mutuelle.total.mobile,benign,0,0.39585775401910833,0,benign
net.pixiv.vroid.android,benign,0,0.1390547296723316,0,benign
com.evertry.app,benign,0,0.9972768051774589,1,malware
com.kt.kids.playground,benign,0,0.9615781182201638,1,malware
com.mystrengthbook.gsfa,malware,1,0.9829505387595745,1,malware
com.telldus.flow,benign,0,0.8670755823644978,1,malware
com.migastone.app.app57fbb72fadd13,benign,0,0.6472649812025747,1,malware
it.redbitgames.hauntedmanor2full,malware,1,0.8146970959528769,1,malware
in.quikview,benign,0,0.010812041433468094,0,benign
jp.co.kodansha.comicdays,benign,0,0.9829429588143179,1,malware
edu.synthetic.androzoo.malware.spyware_surveillance.1026,malware,1,0.9999999915467749,1,malware
com.shoplineapp.slhkbpewahtakfung,benign,0,0.9999355694719554,1,malware
edu.synthetic.androzoo.malware.banker_accessibility.0174,malware,1,0.9966125030293905,1,malware
edu.synthetic.androzoo.malware.banker_accessibility.1029,malware,1,0.9998721610544262,1,malware
edu.synthetic.androzoo.malware.spyware_surveillance.0721,malware,1,0.9999805617572515,1,malware
ng.com.fairmoney.fairmoney,malware,1,0.9960391944523376,1,malware
edu.synthetic.androzoo.malware.overlay_pin_stealer.1152,malware,1,0.9999999978417733,1,malware
edu.synthetic.androzoo.malware.banker_accessibility.1010,malware,1,0.9967573309595896,1,malware
com.chronogolf.booking.pinecrest,benign,0,0.9257792494139544,1,malware
edu.synthetic.androzoo.malware.spyware_surveillance.1110,malware,1,0.9999999993437207,1,malware
kr.co.goodokmall,benign,0,1.4410877368215663e-30,0,benign
lu.tango,benign,0,0.9999999999997702,1,malware
com.hospital.games.happy.doctor,benign,0,0.5716446127455912,1,malware
com.imatrade.app,benign,0,0.6819241120818886,1,malware
com.juiceintegration.juicereel,benign,0,0.9897174819214835,1,malware
edu.synthetic.androzoo.malware.overlay_pin_stealer.1538,malware,1,0.9996352227280099,1,malware
edu.synthetic.androzoo.malware.ransomware_locker.0393,malware,1,0.19780450561070445,0,benign
com.gwhizmobile.mghpretestneurology,benign,0,1.0,1,malware
com.simtrons.dance,malware,1,0.04926642430208266,0,benign
org.diario.diary_agenda.journal_tagebuch,benign,0,0.03710433831498223,0,benign
com.store.cardcaptor,benign,0,0.656817287434501,1,malware
edu.synthetic.androzoo.malware.banker_accessibility.1048,malware,1,0.9991262746720461,1,malware
com.dengta120.app.hearingtestproject,malware,1,0.7903480593131246,1,malware
com.tolot.print.android,benign,0,0.038821082933436474,0,benign
edu.synthetic.androzoo.malware.ransomware_locker.0358,malware,1,0.8209263817387965,1,malware
com.stickers.watermarker,malware,1,0.5879340023600854,1,malware
com.esuper.file.explorer,benign,0,1.0,1,malware
com.trainerize.allisonjacksonfitness,benign,0,0.9095419218120797,1,malware
com.abuwaelyenna.AzkARII,malware,1,0.9577848226987628,1,malware
com.wsccs.yn,malware,1,0.9770438598069969,1,malware
com.shuiyu.gdp.muzhi,malware,1,0.978808047824478,1,malware
com.cafe24.ec.pluslenbling,benign,0,0.9956097590990144,1,malware
edu.synthetic.androzoo.malware.banker_accessibility.1652,malware,1,0.9941233028028672,1,malware
edu.synthetic.androzoo.malware.overlay_pin_stealer.1445,malware,1,0.9981684090269586,1,malware
com.sudenmunwah.bestmusic,benign,0,0.9329100343368077,1,malware
edu.synthetic.androzoo.malware.dropper_loader.1619,malware,1,0.29297240168202904,0,benign
edu.synthetic.androzoo.malware.wallet_stealer.0953,malware,1,0.9999982113126158,1,malware
com.hisense.odinbrowser,benign,0,0.00025946012494918965,0,benign
com.uhaozu.app,malware,1,0.9286202069302135,1,malware
edu.synthetic.androzoo.malware.spyware_surveillance.0242,malware,1,0.9999999989842734,1,malware
edu.synthetic.androzoo.malware.dropper_loader.1808,malware,1,0.03233933025725106,0,benign
com.audible.application,benign,0,2.046340962621543e-07,0,benign
edu.synthetic.androzoo.malware.banker_accessibility.1625,malware,1,0.9458238834692214,1,malware
com.multibrains.taxi.driver.purusocioschilenew,benign,0,0.9998540390391345,1,malware
edu.synthetic.androzoo.malware.ransomware_locker.1554,malware,1,0.9901803111583085,1,malware
com.m2sys.secugenpro,benign,0,0.2895530990752913,0,benign
com.threeminutegames.lifelinecrisislinegoog.st,malware,1,0.999999541406088,1,malware
com.riverapps.jewelsjunglepop,benign,0,0.3843680521709135,0,benign
com.rainman.alibubble.gq.wipay,malware,1,0.9344534801883322,1,malware
edu.synthetic.androzoo.malware.spyware_surveillance.1344,malware,1,0.9998788580990872,1,malware
edu.synthetic.androzoo.malware.wallet_stealer.1789,malware,1,0.9993076175656915,1,malware
com.translateasy.chattranslator,benign,0,0.9163208455982956,1,malware
edu.synthetic.androzoo.malware.adware_clicker.1704,malware,1,0.9820530611555212,1,malware
com.sjsys.catalogo.stasy,benign,0,0.9973005837404016,1,malware
com.PYZGame.OverBlue,benign,0,0.9356292723460308,1,malware
jp.co.bandainamcoonline.idolish7,benign,0,0.002976412651778301,0,benign
edu.synthetic.androzoo.malware.overlay_pin_stealer.0880,malware,1,0.9060216054998887,1,malware
photoeditor.photoretouch.removeobjects.retouch,benign,0,0.9863785386567961,1,malware
edu.synthetic.androzoo.malware.dropper_loader.0252,malware,1,0.00697899084150047,0,benign
com.tinchat.mobi,benign,0,0.5311009219229608,1,malware
edu.synthetic.androzoo.malware.banker_accessibility.0030,malware,1,0.9901260393577266,1,malware
se.expressen.areader,benign,0,0.7522844295699928,1,malware
cn.com.sf.fiberstore,malware,1,0.988746217617768,1,malware
edu.synthetic.androzoo.malware.spyware_surveillance.0818,malware,1,0.9999999968628015,1,malware
pharossolutions.app.schoolapp.home.sja,benign,0,0.9999999776987458,1,malware
jp.andpad.android,benign,0,0.8614317409326484,1,malware
com.mobiquest.gmelectrical,benign,0,0.11568481203473661,0,benign
com.lj.ayzj.yyh,malware,1,0.35772806880798397,0,benign
com.niceplay.lt.android,malware,1,0.9957082131906385,1,malware
edu.synthetic.androzoo.malware.overlay_pin_stealer.0633,malware,1,0.9995681583477838,1,malware
edu.synthetic.androzoo.malware.ransomware_locker.1712,malware,1,0.8636994926832777,1,malware
edu.synthetic.androzoo.malware.dropper_loader.0438,malware,1,0.0006969527658504387,0,benign
com.fukuhara.toyo.app,benign,0,0.998023843097377,1,malware
com.gdv.subway2055,benign,0,0.9743286372412293,1,malware
org.orau.ima.orisego,benign,0,0.6278267683691225,1,malware
com.pdmi.qingshui.media,malware,1,0.12775039603804933,0,benign
com.phone.caller.contacts,benign,0,3.2293241020015683e-14,0,benign
com.app.fsinsight,benign,0,0.8590214440159261,1,malware
edu.synthetic.androzoo.malware.overlay_pin_stealer.0966,malware,1,0.9558638516444737,1,malware
edu.synthetic.androzoo.malware.ransomware_locker.0469,malware,1,0.9604967550182887,1,malware
it.clementoni.miorobot,benign,0,0.1971033865945382,0,benign
com.saleit.ffm,benign,0,0.2812774752837232,0,benign
cn.guancha.app,malware,1,0.08744441798446148,0,benign
net.gleeph.hybridclient,benign,0,0.7945273019800498,1,malware
com.apptegy.rosebudlott,benign,0,0.9803795827207689,1,malware
com.breo.luson.breo,malware,1,0.9999994841416419,1,malware
com.astrology.psychics,benign,0,7.180887105304208e-06,0,benign
ch.berag.android.integral,malware,1,0.9000874477226578,1,malware
sg.gov.digitalworkplace,benign,0,2.474648430398988e-06,0,benign
com.sciences.economiques.commerciales,malware,1,0.29559704316066987,0,benign
com.salla.badreig,benign,0,0.8240250432695632,1,malware
mk.atg.app,benign,0,0.9336547389055154,1,malware
pl.bsjablonka.bsjablonkamobile,benign,0,0.20112979311230042,0,benign
com.bananaapps.kidappgames.pets.sounds.free,malware,1,1.0,1,malware
edu.synthetic.androzoo.malware.dropper_loader.0874,malware,1,0.004603027521776956,0,benign
edu.synthetic.androzoo.malware.dropper_loader.1352,malware,1,0.9941096991173445,1,malware
com.acid.app,benign,0,0.21589569047442714,0,benign
io.teslatech.callbreak,benign,0,0.9470964755725986,1,malware
edu.synthetic.androzoo.malware.dropper_loader.0544,malware,1,0.07038566687125547,0,benign
jp.co.zensho.sukiyamoap,benign,0,0.23967708297336654,0,benign
net.ship56.consignor,malware,1,0.4467090338756921,0,benign
edu.synthetic.androzoo.malware.ransomware_locker.1392,malware,1,0.5023361305857543,1,malware
us.adspecials.app,benign,0,0.8433962505244041,1,malware
edu.synthetic.androzoo.malware.overlay_pin_stealer.0016,malware,1,0.9482452600980483,1,malware
com.vikingmaxx.hook,benign,0,0.996543597375651,1,malware
edu.synthetic.androzoo.malware.dropper_loader.1330,malware,1,0.5489670588821434,1,malware
com.sahell.holyquran,benign,0,0.20641562677688527,0,benign
edu.synthetic.androzoo.malware.sms_otp_stealer.0855,malware,1,0.9999994629064319,1,malware
com.gvapps.philosophy,benign,0,0.3068329591451119,0,benign
com.yahapps.checkers,benign,0,0.6678103201501463,1,malware
com.makulli.loyalio,benign,0,0.9827182399268354,1,malware
it.onecontrol.sicenext,benign,0,0.00018529990234838342,0,benign
edu.synthetic.androzoo.malware.overlay_pin_stealer.0219,malware,1,0.9984685260203697,1,malware
com.gravitygamestudio.hiddenobject,benign,0,0.9999409885036721,1,malware
air.cn.iduoduo.frog,malware,1,0.5173356198289955,1,malware
edu.synthetic.androzoo.malware.dropper_loader.0312,malware,1,0.01959176741377449,0,benign
ru.thenewschool.trainer.physics,benign,0,0.8321120156423077,1,malware
com.pentad.bridge,benign,0,0.06186895256290951,0,benign
org.wycliffe.zapotecorinconsur.zsr,benign,0,0.5705838230837369,1,malware
com.joom,benign,0,0.008034346570287747,0,benign
edu.synthetic.androzoo.malware.banker_accessibility.0549,malware,1,1.0,1,malware
edu.synthetic.androzoo.malware.overlay_pin_stealer.1838,malware,1,0.5746523147354665,1,malware
com.jose.quesada.instrumentalchua,malware,1,0.28717758592574427,0,benign
com.nexon.tfdc,benign,0,0.9999999999990412,1,malware
uk.co.unibuses,benign,0,0.002321984033739465,0,benign
com.zzkko,malware,1,0.9998791175515908,1,malware
edu.synthetic.androzoo.malware.overlay_pin_stealer.0268,malware,1,0.9998964200475079,1,malware
com.xihang.konwrhythm,malware,1,0.7924402776185923,1,malware
com.goods.master3d.triple.puzzle,benign,0,0.9999998152198073,1,malware
nz.co.solus.Kotui.Whakatane,benign,0,0.7940211304401734,1,malware
com.makotsl.app,benign,0,0.0019484606203180612,0,benign
com.ff2.ladder.yyh,malware,1,1.0,1,malware
edu.synthetic.androzoo.malware.spyware_surveillance.1181,malware,1,0.9994294107494495,1,malware
edu.synthetic.androzoo.malware.ransomware_locker.1628,malware,1,0.09917915399677152,0,benign
edu.synthetic.androzoo.malware.banker_accessibility.0601,malware,1,0.9885018276810558,1,malware
edu.synthetic.androzoo.malware.adware_clicker.0727,malware,1,0.9982304273350285,1,malware
com.salion.superimpostor,benign,0,0.31222812411964673,0,benign
com.truemythgames.beadssortcraft,benign,0,0.193691092662792,0,benign
com.appslab.perth6ixradio1080,benign,0,0.9121650347461181,1,malware
com.az.prado.parking.driver.car.game.offline,benign,0,0.9191601305344623,1,malware
edu.synthetic.androzoo.malware.spyware_surveillance.1360,malware,1,0.9999999252457532,1,malware
com.freigcarrillo.doda,benign,0,0.13642048129968,0,benign
edu.synthetic.androzoo.malware.banker_accessibility.1339,malware,1,0.9994496400768195,1,malware
com.chattanoogatakeaway,benign,0,1.2284507831640456e-05,0,benign
com.bitkeep.wallet,benign,0,0.57510274865544,1,malware
tr.edu.ku.newmobile,benign,0,0.5302077073563867,1,malware
com.ilicit.istanbul.metro.hd,malware,1,0.9986657517817519,1,malware
org.olympic.app.mobile,benign,0,0.0013326526250426163,0,benign
com.goodwallpapers.autumn_4k,benign,0,0.9493636302102435,1,malware
co.clicknic.clicknicandroid,benign,0,0.9975187812442774,1,malware
com.shaggyowl.cf753,benign,0,0.7990621062882649,1,malware
edu.synthetic.androzoo.malware.spyware_surveillance.1795,malware,1,0.9999982035514621,1,malware
com.jartoo.mylib,malware,1,0.9981846989342704,1,malware
com.bekids.art,malware,1,0.877196837639957,1,malware
edu.synthetic.androzoo.malware.dropper_loader.1739,malware,1,0.05257839797833695,0,benign
ca.craver.alessioscafe,benign,0,0.07204910315735097,0,benign
eco.planter.app,benign,0,0.9995594223411859,1,malware
dk.fk.blivomdeler,benign,0,0.9999999999999982,1,malware
com.weappin.weappfitAquaSportsLanzarote,benign,0,0.8674418225770382,1,malware
com.trycaviar.customer,benign,0,0.9986479429400903,1,malware
edu.synthetic.androzoo.malware.overlay_pin_stealer.0731,malware,1,0.9990240789404219,1,malware
com.kraftwerk9.firetv,benign,0,0.0005330114344640547,0,benign
edu.synthetic.androzoo.malware.dropper_loader.0918,malware,1,0.004076404736294312,0,benign
com.JetToast.BlockyFarm.block,malware,1,0.9999999999998312,1,malware
cc.flydemo.sport2,malware,1,0.9323761735651264,1,malware
com.m7.downloads,malware,1,0.10699311735149397,0,benign
edu.synthetic.androzoo.malware.banker_accessibility.1498,malware,1,0.9969805978640474,1,malware
edu.synthetic.androzoo.malware.spyware_surveillance.0641,malware,1,0.9999999992529942,1,malware
edu.synthetic.androzoo.malware.spyware_surveillance.0304,malware,1,0.9999999985832859,1,malware
edu.synthetic.androzoo.malware.dropper_loader.0947,malware,1,0.7944248107413088,1,malware
com.ggeye.jiakao.api,malware,1,0.9999994732091373,1,malware
com.projectx.thepenaltyworldcup,malware,1,1.0,1,malware
com.smoobu.app,benign,0,1.2573410143244522e-08,0,benign
linkdesks.solitaire.zoo,benign,0,0.14417193519032975,0,benign
ott.actsbuckinghamschoice,benign,0,0.95226273822908,1,malware
com.brooksee.boulderthon,benign,0,0.5180495152572001,1,malware
com.mispacientescmnb.app,benign,0,0.30067882540659263,0,benign
nc.opt.annuaire,benign,0,0.36792185476886663,0,benign
com.apple.tool,malware,1,0.12828550053728957,0,benign
edu.synthetic.androzoo.malware.wallet_stealer.1466,malware,1,0.9999994254800867,1,malware
com.pvprototype,benign,0,0.9999999960628787,1,malware
com.innovativedev.todolist,benign,0,0.0024246090599739584,0,benign
com.jdomni.jdswathirestaurantbangalore,benign,0,0.051330522616616414,0,benign
com.logestechs.customer_goBox,benign,0,0.0028643605723243813,0,benign
com.app.file.duster.fdd,malware,1,0.4118232382129127,0,benign
com.d.lifehacks,benign,0,0.9999999999923401,1,malware
com.crayon.onefive,benign,0,0.9923678981981147,1,malware
com.bublup.bublup,benign,0,0.29231656098486075,0,benign
com.mobilityado.ado,benign,0,0.23870720178962168,0,benign
edu.synthetic.androzoo.malware.sms_otp_stealer.0406,malware,1,0.9999346149039282,1,malware
edu.synthetic.androzoo.malware.adware_clicker.0568,malware,1,0.3401950181155054,0,benign
com.WhatWapp.Backgammon.Multiplayer,benign,0,0.6481800524903271,1,malware
com.toreluna.app.service,benign,0,0.485632402151219,0,benign
com.fcbh.bibleradio.assamese.asm,benign,0,0.9399326553110761,1,malware
edu.synthetic.androzoo.malware.dropper_loader.0288,malware,1,0.4973323333744775,0,benign
com.youvisit.hybridvr61233,malware,1,0.9778318069358414,1,malware
edu.synthetic.androzoo.malware.dropper_loader.1264,malware,1,0.1972066284393719,0,benign
com.amslergriddaily.app,benign,0,0.7899615415228317,1,malware
com.klopfensteinsoftware.forager,benign,0,0.9615801832134744,1,malware
com.openreply.pam,benign,0,0.9999936291108759,1,malware
com.barcode.picture.scanner.reader,malware,1,0.18804911503861377,0,benign
com.goldtouch.mako,benign,0,0.9999999999999989,1,malware
edu.synthetic.androzoo.malware.banker_accessibility.0921,malware,1,0.9986152431203184,1,malware
edu.synthetic.androzoo.malware.ransomware_locker.0897,malware,1,0.9716043248717263,1,malware
com.seraphic.openinet.pre,malware,1,3.202928256430142e-08,0,benign
cn.com.gxrb.client,malware,1,0.7683935560580767,1,malware
com.BuzzGaming.YantlaKazan,benign,0,0.9939824048789125,1,malware
edu.synthetic.androzoo.malware.overlay_pin_stealer.0157,malware,1,0.99785327157062,1,malware
com.wyzetalk.woolies,benign,0,0.8642104709794798,1,malware
edu.synthetic.androzoo.malware.sms_otp_stealer.0750,malware,1,0.9999762578819285,1,malware
edu.synthetic.androzoo.malware.dropper_loader.1494,malware,1,0.7746079600822238,1,malware
com.shiyi.whisper,malware,1,0.8338237717647128,1,malware
it.cardright,benign,0,0.7783689324226243,1,malware
edu.synthetic.androzoo.malware.spyware_surveillance.1622,malware,1,0.9999999999946656,1,malware
edu.synthetic.androzoo.malware.dropper_loader.1629,malware,1,0.999169620988943,1,malware
com.offroad.jeep.simulator.drive.tracks,benign,0,0.7069882065564007,1,malware
edu.synthetic.androzoo.malware.wallet_stealer.1717,malware,1,0.9999784950135174,1,malware
com.bankscene.bes.welllinkbank,malware,1,0.098464217331045,0,benign
edu.synthetic.androzoo.malware.banker_accessibility.0697,malware,1,0.9993457028178091,1,malware
video.gideo.westerncowboymovies,benign,0,0.1183743717190866,0,benign
edu.synthetic.androzoo.malware.banker_accessibility.0176,malware,1,0.9999527301485881,1,malware
ai.qed.scanspectrum2.app.ss,benign,0,0.43955761727343495,0,benign
com.chairenhuo.qshuiynm,malware,1,0.7222126890374125,1,malware
edu.synthetic.androzoo.malware.overlay_pin_stealer.1608,malware,1,0.990179328436768,1,malware
com.gpps.gpps.gppsapp,benign,0,0.061923176730574354,0,benign
com.app.mbacc,benign,0,0.10888052717928436,0,benign
de.appack.project.kraichgau_triathlon,benign,0,0.09959866637109302,0,benign
com.translator.haw,benign,0,0.7831108543070465,1,malware
com.gmfr.yakuza.mad.crime.city.simulator,malware,1,0.9215182913514044,1,malware
com.cx.huanji,malware,1,0.11903378419748181,0,benign
com.spectrumanalizer.myapplication23487,malware,1,0.3258109478564939,0,benign
edu.synthetic.androzoo.malware.banker_accessibility.0063,malware,1,0.9723651472457839,1,malware
com.ifanr.activitys,malware,1,0.13056206479211033,0,benign
com.appliedballisticsllc.appliedballistics,benign,0,0.9959854671677307,1,malware
com.yallagroup.yallashoot,benign,0,0.9829653722980798,1,malware
edu.synthetic.androzoo.malware.banker_accessibility.1672,malware,1,0.9998680837143599,1,malware
volumebooster.sound.speaker,benign,0,0.3335468604989244,0,benign
com.sampark.roadwe,benign,0,0.9963851401682629,1,malware
com.zaytoonapps.learnnumberscount,benign,0,0.8666520279205802,1,malware
edu.synthetic.androzoo.malware.spyware_surveillance.0995,malware,1,0.9999982999185756,1,malware
io.jagat.lite,benign,0,0.5157680252268998,1,malware
cn.com.rektec.xmobile.jcy,malware,1,0.9529272586061095,1,malware
edu.synthetic.androzoo.malware.banker_accessibility.0318,malware,1,0.9959964031678631,1,malware
com.app.float_chat,malware,1,0.8927329666710863,1,malware
com.yachtserv.app,benign,0,0.7679344297752033,1,malware
edu.synthetic.androzoo.malware.spyware_surveillance.1526,malware,1,0.999999993907503,1,malware
edu.synthetic.androzoo.malware.banker_accessibility.1645,malware,1,1.0,1,malware
edu.synthetic.androzoo.malware.dropper_loader.1111,malware,1,0.01512349714408105,0,benign
pop.bubblebubbleshooter,benign,0,0.9134123268998049,1,malware
com.androidapp.skins.girls.minecraft,malware,1,0.9894684672225413,1,malware
cn.fitdays.fitdays,benign,0,0.9996132950951787,1,malware
com.sevenbold.cadence,benign,0,0.9995234781009367,1,malware
edu.synthetic.androzoo.malware.spyware_surveillance.1802,malware,1,0.9999999999299716,1,malware
com.directfn.universal_adx,benign,0,0.4297257175673399,0,benign
com.goder.busquerysystemptl,benign,0,0.037866911534847544,0,benign
com.f2fgames.games.easterchicken.lite,malware,1,0.9989395784137687,1,malware
edu.synthetic.androzoo.malware.banker_accessibility.0411,malware,1,0.9963733153504996,1,malware
edu.synthetic.androzoo.malware.spyware_surveillance.0516,malware,1,0.9999999986103179,1,malware
edu.synthetic.androzoo.malware.dropper_loader.0885,malware,1,0.07807698600500979,0,benign
com.Playtime.CC0107,malware,1,0.3331949655298883,0,benign
com.estsoft.alsong,benign,0,0.40710912647387343,0,benign
edu.synthetic.androzoo.malware.banker_accessibility.0811,malware,1,0.9998642173137101,1,malware
com.hoge.android.app.wxsjz,malware,1,0.9677489861456888,1,malware
com.subsplash.thechurchapp.s_2JP2SW,benign,0,0.07782224767399262,0,benign
com.ffsvideogames.eor3aab,benign,0,0.6860954899724795,1,malware
edu.synthetic.androzoo.malware.spyware_surveillance.0616,malware,1,0.9999999984532997,1,malware
edu.synthetic.androzoo.malware.ransomware_locker.0131,malware,1,0.9568148754037284,1,malware
com.magicapps.htmlviewer,benign,0,0.9994522972347935,1,malware
my.com.edu.emgs,benign,0,6.988689418876814e-05,0,benign
com.evaapp.evacharging,benign,0,0.52677365871027,1,malware
com.rachor.lewt,malware,1,0.9995586816664052,1,malware
com.firstbank.mobilebanking,benign,0,0.930027498585966,1,malware
edu.synthetic.androzoo.malware.spyware_surveillance.0286,malware,1,0.9999999983990402,1,malware
com.edurev.ielts,benign,0,1.6854189921340439e-06,0,benign
edu.synthetic.androzoo.malware.overlay_pin_stealer.1265,malware,1,0.9996886375025075,1,malware
edu.synthetic.androzoo.malware.sms_otp_stealer.1104,malware,1,0.9999392886735157,1,malware
com.kunzisoft.keepass.free,benign,0,0.35005865488525434,0,benign
org.libertex.mt,benign,0,1.0,1,malware
com.yunosolutions.chinacalendar,benign,0,0.9830370088423275,1,malware
edu.synthetic.androzoo.malware.ransomware_locker.1177,malware,1,0.973928736800023,1,malware
com.wassel.dotlinemerchant,benign,0,0.5153044483912019,1,malware
com.organilog.v4,benign,0,0.5167297602243244,1,malware
edu.synthetic.androzoo.malware.spyware_surveillance.0668,malware,1,0.9999999992048174,1,malware
com.staminatech.leaveoffice,benign,0,0.26909383337191933,0,benign
com.ninefolders.hd3,benign,0,0.00024464016574828957,0,benign
com.ionicframework.vezeetapatientsmobile694843,benign,0,0.9999999991833022,1,malware
edu.synthetic.androzoo.malware.spyware_surveillance.1896,malware,1,0.9999999999991553,1,malware
edu.synthetic.androzoo.malware.spyware_surveillance.0743,malware,1,0.9999999999779159,1,malware
com.funny.sounds.hd,malware,1,0.08315003778075998,0,benign
com.storytaco.p25client,benign,0,0.16289832916030716,0,benign
com.trainerize.builtforthis,benign,0,0.6696422136351002,1,malware
com.trainerize.fitnessmatters,benign,0,0.9999344179340189,1,malware
edu.synthetic.androzoo.malware.banker_accessibility.0127,malware,1,0.9965337364376393,1,malware
com.cofox.kahunas.DrizzleFitness,benign,0,0.008475702581973875,0,benign
edu.synthetic.androzoo.malware.banker_accessibility.0905,malware,1,0.9744180415948543,1,malware
com.fistoneGOfl66.ateNIUbilihai.yyh,malware,1,0.27523207464060856,0,benign
com.honeyfund.android,benign,0,0.4993327281931286,0,benign
com.pyramids.icecream,malware,1,0.5505697869955886,1,malware
com.de.colore,benign,0,0.19100080426290117,0,benign
edu.synthetic.androzoo.malware.spyware_surveillance.0362,malware,1,0.9999999999762272,1,malware
in.gov.incometaxindia.android,benign,0,0.28234759046244295,0,benign
edu.synthetic.androzoo.malware.dropper_loader.0564,malware,1,0.04205795668455037,0,benign
com.sibisoft.bellevuec,benign,0,1.0,1,malware
edu.synthetic.androzoo.malware.adware_clicker.1682,malware,1,0.9970088788831005,1,malware
com.urdu.quran.kanzul.iman,benign,0,0.05398194020519052,0,benign
edu.synthetic.androzoo.malware.banker_accessibility.1030,malware,1,0.9999787916166902,1,malware
com.moniepoint.business,benign,0,0.9329240084976336,1,malware
edu.synthetic.androzoo.malware.ransomware_locker.1017,malware,1,0.4914470779239056,0,benign
org.traccar.client,malware,1,0.024779155234601957,0,benign
com.skm.spk.biblestories,benign,0,0.7755225940551321,1,malware
com.PiguinSoft.CafeRacer.ly,malware,1,0.1489528614426596,0,benign
edu.synthetic.androzoo.malware.adware_clicker.0026,malware,1,0.10169106742947501,0,benign
edu.synthetic.androzoo.malware.ransomware_locker.0941,malware,1,0.8836868206196018,1,malware
com.trainerize.aspirecoaching,benign,0,0.9999999497646049,1,malware
com.zenixnetwork.cloudmineapp,malware,1,0.8741467845560049,1,malware
com.freetrailer,benign,0,0.9999840457296965,1,malware
com.lixiangdong.videocutter,malware,1,0.7804388926124889,1,malware
com.lloydsbank.businessmobile,benign,0,0.1711455245643175,0,benign
com.newday.magicgirlglobal,malware,1,0.8047150142845229,1,malware
com.rpgsnack.fishingparadise,benign,0,0.9494328818987607,1,malware
com.videodownloader.mks,benign,0,0.9999999521654052,1,malware
com.care.drogueriapatria,benign,0,0.17107260370913382,0,benign
com.neonglass.iconpack,benign,0,0.003664862128401237,0,benign
com.UltimateGames.Fishing,benign,0,0.9982712633053404,1,malware
edu.synthetic.androzoo.malware.spyware_surveillance.1460,malware,1,0.9999999809096248,1,malware
in.roadcast.bolt,benign,0,0.9601125183629298,1,malware
com.cookie.match3.casual,benign,0,0.1823127595259652,0,benign
com.LunarPixelGames.beatdrift,malware,1,1.0,1,malware
com.todquest.caprics.school,benign,0,0.9896205752067158,1,malware
com.gamepple.demonshunter.pj,malware,1,0.4167563457632366,0,benign
com.instapaper.android,benign,0,0.6330055241402915,1,malware
com.waf.congratulationmessages,benign,0,1.0,1,malware
com.sibisoft.granitec,benign,0,0.997933000760441,1,malware
com.dreame.reader,malware,1,1.0,1,malware
com.enchantedcloud.photovault,benign,0,1.0,1,malware
com.beretta.shootingdata,benign,0,0.06902058486992751,0,benign
com.microsoft.intune,benign,0,0.051241575295048816,0,benign
com.LongNeckDog.BallRaceRoyale,benign,0,0.302110379465149,0,benign
com.haulio.hcs.release,benign,0,0.47734233673146736,0,benign
com.metasense.lqdcnvs_mobile,benign,0,0.7731983308389229,1,malware
org.impahq.app,benign,0,0.008478817662809054,0,benign
com.kuaichengwuliu.client,malware,1,0.19029939117494027,0,benign
edu.synthetic.androzoo.malware.banker_accessibility.0962,malware,1,0.9911097383517306,1,malware
horses.wall7Fon,benign,0,0.0,0,benign
edu.synthetic.androzoo.malware.dropper_loader.1305,malware,1,0.9750864678283411,1,malware
com.telstra.nrl.knights,benign,0,0.5868564094211887,1,malware
com.titan.fastrack.reflex,benign,0,0.7695650590571339,1,malware
com.TrofyGames.UboatAttack,benign,0,0.5439560666598027,1,malware
com.huazx.hpy,malware,1,1.0,1,malware
edu.synthetic.androzoo.malware.overlay_pin_stealer.0376,malware,1,0.9998917257918741,1,malware
com.gamebook.baqijianghu,malware,1,0.8821030192745442,1,malware
ru.zebomba.find,benign,0,0.006881663298108318,0,benign
assamboardbooks.com,benign,0,0.999999957465481,1,malware
edu.synthetic.androzoo.malware.banker_accessibility.1598,malware,1,0.9998996945450688,1,malware
com.pedidosya,benign,0,0.7175022248864081,1,malware
com.zoho.mail,benign,0,1.0,1,malware
org.wikipedia.beta,benign,0,0.009711092562553723,0,benign
air.com.beachbumgammon,benign,0,0.03238172833966623,0,benign
edu.synthetic.androzoo.malware.spyware_surveillance.1348,malware,1,0.9999991873559986,1,malware
org.benevity.app,benign,0,0.9999974073932155,1,malware
edu.synthetic.androzoo.malware.wallet_stealer.1500,malware,1,0.9999666861316808,1,malware
bpresent.studio,benign,0,0.8252018931009237,1,malware
edu.synthetic.androzoo.malware.spyware_surveillance.0759,malware,1,0.9999976156525173,1,malware
com.crossfield.catroom,benign,0,0.43462158361819053,0,benign
com.geektheory.socratechai,benign,0,0.7161718026869663,1,malware
com.IcedropGames.LOK,benign,0,0.2787252530236387,0,benign
org.dignityhealth.healthelife.chw_ca.play,benign,0,0.40027114757220855,0,benign
com.myclassroom.digital,benign,0,0.05149274199921887,0,benign
edu.synthetic.androzoo.malware.overlay_pin_stealer.1368,malware,1,0.996978856665506,1,malware
edu.synthetic.androzoo.malware.dropper_loader.0193,malware,1,0.008802344863705925,0,benign
com.touringplans.dlrlines.android,benign,0,0.7532997245495076,1,malware
edu.synthetic.androzoo.malware.ransomware_locker.0414,malware,1,0.7550704469811796,1,malware
bali.gamelan.kantil,benign,0,0.9999999999998603,1,malware
com.force.artifact,malware,1,0.4508683625311963,0,benign
com.oramdic.human.anatomy.dictionary,benign,0,0.8243736398614598,1,malware
io.lumat.pedregaldelamontana,benign,0,0.05566208924980766,0,benign
com.puzzleiq.challenge.yyh,malware,1,0.9998214142125329,1,malware
com.catail.beess,benign,0,0.34241695144983963,0,benign
com.innogames.riseofcultures,benign,0,0.14906226614765755,0,benign
edu.synthetic.androzoo.malware.spyware_surveillance.0621,malware,1,0.9999999988817951,1,malware
com.HittiteGames.CarCrashSimulator5,benign,0,0.5459853711471885,1,malware
com.lezhin.comics,benign,0,0.00318221094991433,0,benign
edu.synthetic.androzoo.malware.dropper_loader.0492,malware,1,0.999882699077258,1,malware
com.sinyee.babybus.hotel,malware,1,0.8889351228025097,1,malware
org.meraaj.yastashir,malware,1,0.10649116244991098,0,benign
edu.synthetic.androzoo.malware.spyware_surveillance.0408,malware,1,0.9999999999999785,1,malware
edu.synthetic.androzoo.malware.banker_accessibility.0599,malware,1,0.9974288737686026,1,malware
edu.synthetic.androzoo.malware.overlay_pin_stealer.0662,malware,1,0.9864378751563958,1,malware
edu.synthetic.androzoo.malware.adware_clicker.0048,malware,1,0.997573718919986,1,malware
com.itcode.reader,malware,1,0.8908248648152334,1,malware
com.totaltexto.bancamovil,benign,0,0.16802628536653977,0,benign
com.hititcs.silkavia,benign,0,0.9947681004250698,1,malware
com.customchurchapps.lafamiliaapp,benign,0,0.9999771625839151,1,malware
edu.synthetic.androzoo.malware.banker_accessibility.0520,malware,1,0.9982084800216262,1,malware
com.LonerGames.RayOfHopeApocalypse,benign,0,0.8620992392748321,1,malware
com.wrx.wazirx,benign,0,0.9999903726567404,1,malware
com.crescentmoongames.theramp,malware,1,0.12759776826032648,0,benign
com.thmclan.hud,benign,0,0.057711926725655054,0,benign
edu.synthetic.androzoo.malware.wallet_stealer.0389,malware,1,0.9998350851731606,1,malware
com.zjzk.auntserver,malware,1,0.3114700322732561,0,benign
com.runde.khs,malware,1,0.5413247419473188,1,malware
edu.synthetic.androzoo.malware.overlay_pin_stealer.1847,malware,1,0.9997954071055798,1,malware
com.tmapmobility.drive.driver,benign,0,0.8892668406099947,1,malware
com.cosmicmobile.lw.ocean2,benign,0,0.9999999751384396,1,malware
venkatesh.stotra,benign,0,0.2225076831207633,0,benign
com.founder.jjckb,malware,1,0.9931015486317678,1,malware
edu.synthetic.androzoo.malware.ransomware_locker.0451,malware,1,0.9745211773880305,1,malware
com.iglesia24h.redapostolica,benign,0,0.9725137109855518,1,malware
edu.synthetic.androzoo.malware.sms_otp_stealer.1224,malware,1,0.9999854572186503,1,malware
com.aynovel.landxs,benign,0,2.7161434040008335e-06,0,benign
com.trainerize.kevinmorreyfitness,benign,0,0.5731344208348194,1,malware
org.ohdoki.onboarding,benign,0,0.7877425788216887,1,malware
sleep.app.relax.calm,benign,0,1.0,1,malware
io.neuromobile.denia,benign,0,0.6473523551586464,1,malware
edu.synthetic.androzoo.malware.spyware_surveillance.0499,malware,1,0.9999999994692692,1,malware
com.dayoneapp.dayone,benign,0,0.07792494923560525,0,benign
ch.flatfox.android,benign,0,1.0,1,malware
com.CristobalApps.RadioTiempoCalienvivo,benign,0,0.999341196439151,1,malware
edu.synthetic.androzoo.malware.sms_otp_stealer.0747,malware,1,0.9999958005951944,1,malware
edu.synthetic.androzoo.malware.wallet_stealer.0175,malware,1,0.998481092380186,1,malware
cz.seznam.mapy,benign,0,0.9385952857137029,1,malware
edu.synthetic.androzoo.malware.banker_accessibility.1721,malware,1,0.9999556510526462,1,malware
com.cityof.hernando,benign,0,0.9945861870374771,1,malware
edu.synthetic.androzoo.malware.wallet_stealer.1583,malware,1,0.9999659133314245,1,malware
org.tapaz.android,benign,0,0.9987078022054738,1,malware
edu.synthetic.androzoo.malware.banker_accessibility.1207,malware,1,0.9948799348142192,1,malware
com.eyecon.global,benign,0,6.561031631247457e-08,0,benign
com.peguin.pinsart,malware,1,0.0023449789236287427,0,benign
edu.synthetic.androzoo.malware.adware_clicker.1760,malware,1,0.14792122274909847,0,benign
com.permobil.sae.dockme,benign,0,0.10969803148115843,0,benign
com.cirici.metropolitan2,benign,0,0.9999925906137015,1,malware
com.xaebike.laosgo,benign,0,0.5479772143170063,1,malware
com.ten10code.consumerstudiesza,benign,0,0.5857578823744062,1,malware
com.CreaTeamMobile.StrayTheCatThief,malware,1,0.8175065078700527,1,malware
com.trenicom.padelmouv30,benign,0,0.33825048019527465,0,benign
com.bitmancoin.app,malware,1,0.835913772615836,1,malware
com.GeorefSystems_TRPT,benign,0,0.9999804968761881,1,malware
edu.synthetic.androzoo.malware.spyware_surveillance.0526,malware,1,0.9999999999930267,1,malware
edu.synthetic.androzoo.malware.spyware_surveillance.0524,malware,1,0.9999994691933347,1,malware
com.artlessindie.tools.camera.dbzscouter,malware,1,0.24797567026423226,0,benign
com.cmcc.hbb.android.phone.parents,malware,1,0.9814758162974757,1,malware
air.ru.crazypanda.blitzpoker,benign,0,0.4907879514613047,0,benign
edu.synthetic.androzoo.malware.dropper_loader.1686,malware,1,0.009704467409956912,0,benign
com.fitivity.krav_maga_moves,benign,0,0.9998773901880897,1,malware
com.voyagecontrol.android,benign,0,0.999464241586062,1,malware
edu.synthetic.androzoo.malware.spyware_surveillance.1722,malware,1,0.9999999926909948,1,malware
be.standard.appsupporter,benign,0,0.9685482711877896,1,malware
com.sodetrel.mobile.wiiz,benign,0,0.41810026839648756,0,benign
com.subsplashconsulting.s_B9CSBN,benign,0,0.9999900793096925,1,malware
com.jiemo.kana,malware,1,0.13860895286309433,0,benign
design.codeux.hbh_app,benign,0,0.9829659649504674,1,malware
com.DigitalDreamDynamism.jumpingball,benign,0,0.3661506530761105,0,benign
com.anatomyka.android,benign,0,0.9995418439497223,1,malware
com.yk.banan,malware,1,0.9983458981747048,1,malware
com.polarix.prontopolarix,benign,0,0.873208497897808,1,malware
com.tithely.app.c38461,benign,0,0.8435280065184187,1,malware
app.nauticap.it,benign,0,0.955763287829535,1,malware
com.pushbinary.electric,benign,0,0.2905284417782374,0,benign
com.anglersatlas.catchlog,benign,0,0.9999116350698105,1,malware
edu.synthetic.androzoo.malware.spyware_surveillance.0917,malware,1,0.9999999999972851,1,malware
com.denniscode.shareit,benign,0,0.1889417074237314,0,benign
edu.synthetic.androzoo.malware.spyware_surveillance.1540,malware,1,0.9999999987378025,1,malware
edu.synthetic.androzoo.malware.ransomware_locker.1149,malware,1,0.9590526957032103,1,malware
pro.rimipkjs.glkrkr.pj,malware,1,0.953956716863639,1,malware
edu.synthetic.androzoo.malware.sms_otp_stealer.1053,malware,1,0.9999999798780048,1,malware
edu.synthetic.androzoo.malware.overlay_pin_stealer.1883,malware,1,0.9998543211674391,1,malware
com.estenarh.app,benign,0,0.9310322199214288,1,malware
com.kp,benign,0,0.9992475217444089,1,malware
com.baiyi.shiti,malware,1,0.718235495538032,1,malware
edu.synthetic.androzoo.malware.overlay_pin_stealer.0570,malware,1,0.9996352965044809,1,malware
edu.synthetic.androzoo.malware.dropper_loader.1805,malware,1,0.42263319510371666,0,benign
com.winworks.winworksinspect,benign,0,1.0,1,malware
com.pi.rxfilesplus,benign,0,0.24601761604576655,0,benign
ch.local.android,benign,0,0.3754446581791278,0,benign
jp.sugi_drug.smao,benign,0,0.9989024747424086,1,malware
com.shuqi.controller,malware,1,0.3494976781031309,0,benign
turnariovf.giordanif,benign,0,0.012593955203252457,0,benign
edu.synthetic.androzoo.malware.dropper_loader.1763,malware,1,0.29152404687671196,0,benign
leviusLLC.Afterlife,malware,1,0.44289253681495233,0,benign
edu.synthetic.androzoo.malware.wallet_stealer.0471,malware,1,0.9338968569410346,1,malware
edu.synthetic.androzoo.malware.banker_accessibility.1221,malware,1,0.9999513033534947,1,malware
edu.synthetic.androzoo.malware.banker_accessibility.1430,malware,1,0.9897854689445529,1,malware
com.almashines.bimtech,benign,0,0.9691948694954857,1,malware
ru.ivi.client,benign,0,0.999936029834852,1,malware
com.exxonmobil.esso.hk,benign,0,0.9769012937513077,1,malware
com.leqi.ciweicuoti,malware,1,0.8072235969500806,1,malware
com.changdu.mobovideo,benign,0,0.8372866559373289,1,malware
com.ebdaadt.rentelly,benign,0,0.9975782331830373,1,malware
com.dnschanger,benign,0,0.9252346173887148,1,malware
com.colorful.colors.wallPapers,benign,0,0.9999999999999638,1,malware
com.sbi.costco,malware,1,0.09433573381818756,0,benign
com.holoteq.moodgo,benign,0,0.9999988457874133,1,malware
com.AJJ.Cyberpandemic_st2,malware,1,0.9489060539681486,1,malware
edu.synthetic.androzoo.malware.spyware_surveillance.1072,malware,1,0.9999989345064193,1,malware
edu.synthetic.androzoo.malware.spyware_surveillance.0604,malware,1,0.9999998638715285,1,malware
com.software.v.it.familytree,benign,0,0.5072111963636784,1,malware
com.subsplashconsulting.s_98GV3H,benign,0,0.9999999988916088,1,malware
edu.synthetic.androzoo.malware.overlay_pin_stealer.0287,malware,1,0.9915475851609249,1,malware
com.innovatise.burnleyleisure,benign,0,0.17106928554268178,0,benign
com.scoutium.app,benign,0,0.21668642251428127,0,benign
com.AiGen.textmaster,malware,1,0.10136233331758422,0,benign
com.igindis.asiaempire2027,benign,0,0.8743004291762242,1,malware
com.ptolemay.calculatorio.miscellaneous.tip,benign,0,0.9070366279617764,1,malware
com.dictionary.englishtohinditranslator,malware,1,0.9848580751788479,1,malware
com.clowder.aot,benign,0,0.9308145426526023,1,malware
com.nopact.WetHoops,malware,1,0.21023534031461136,0,benign
com.smarthito.smartmixer,malware,1,0.399796225787974,0,benign
com.trainerize.bentonbetter,benign,0,0.6814438545433389,1,malware
com.yesoulchina.international.bicycle,benign,0,0.9966235191827836,1,malware
com.rodocodo.game,benign,0,0.49182913128839856,0,benign
edu.synthetic.androzoo.malware.dropper_loader.0125,malware,1,0.15447240183013614,0,benign
com.goldenpenguin.FriesMartTycoon,benign,0,0.9964597751553138,1,malware
edu.synthetic.androzoo.malware.dropper_loader.0503,malware,1,0.0054035371942826585,0,benign
com.crisisSupport.civilGuard,benign,0,0.9999999999905858,1,malware
com.okcupid.okcupid,benign,0,0.9999998864142221,1,malware
com.klefi.app,benign,0,0.998157757860338,1,malware
com.ask.nelson.graduateapp,malware,1,0.9717032427655131,1,malware
edu.synthetic.androzoo.malware.wallet_stealer.0144,malware,1,0.9999112880872746,1,malware
edu.synthetic.androzoo.malware.spyware_surveillance.1435,malware,1,0.9999999995730211,1,malware
linkdesks.tile.match.story,benign,0,0.258436949566622,0,benign
com.unicostudio.braintest,benign,0,0.9719985034127264,1,malware
edu.synthetic.androzoo.malware.wallet_stealer.0204,malware,1,0.9997348864197195,1,malware
edu.synthetic.androzoo.malware.banker_accessibility.0407,malware,1,0.5815592438893248,1,malware
edu.synthetic.androzoo.malware.banker_accessibility.0320,malware,1,0.9987783693158265,1,malware
com.happytools.learning.kids.games,benign,0,0.48029870919390355,0,benign
com.northtex.wl,benign,0,0.6657151354315691,1,malware
edu.synthetic.androzoo.malware.spyware_surveillance.1903,malware,1,0.9999939567647639,1,malware
edu.synthetic.androzoo.malware.spyware_surveillance.1894,malware,1,0.9999999998143181,1,malware
edu.synthetic.androzoo.malware.banker_accessibility.0677,malware,1,0.9999669102150908,1,malware
edu.synthetic.androzoo.malware.spyware_surveillance.1786,malware,1,0.9999999081088282,1,malware
edu.synthetic.androzoo.malware.ransomware_locker.0210,malware,1,0.37460803076977983,0,benign
com.spoton.tablet.android,benign,0,0.2937936489322472,0,benign
edu.synthetic.androzoo.malware.spyware_surveillance.0199,malware,1,0.9999999998860796,1,malware
com.paoword.www.paoword,malware,1,3.0969486652789194e-219,0,benign
edu.synthetic.androzoo.malware.adware_clicker.1519,malware,1,0.9988103646575741,1,malware
com.tocoding.neutral,benign,0,0.9624495042721026,1,malware
edu.synthetic.androzoo.malware.wallet_stealer.0609,malware,1,0.9995082187444567,1,malware
edu.synthetic.androzoo.malware.banker_accessibility.0667,malware,1,0.9534707286572631,1,malware
edu.synthetic.androzoo.malware.adware_clicker.0693,malware,1,0.7345184425874045,1,malware
edu.synthetic.androzoo.malware.sms_otp_stealer.1205,malware,1,0.9999999999158427,1,malware
edu.synthetic.androzoo.malware.banker_accessibility.0149,malware,1,0.9999268185223851,1,malware
cn.cetv.zgjy,malware,1,0.07529560159532131,0,benign
edu.synthetic.androzoo.malware.sms_otp_stealer.1765,malware,1,0.9999994531026124,1,malware
extension.app.ide,malware,1,0.3465719936077629,0,benign
edu.synthetic.androzoo.malware.dropper_loader.0555,malware,1,0.06332505443393381,0,benign
yuanlai.com.masaike,malware,1,0.10009334403187171,0,benign
com.roster.axedo,benign,0,0.532821806222933,1,malware
edu.synthetic.androzoo.malware.adware_clicker.1208,malware,1,0.175390118218268,0,benign
edu.synthetic.androzoo.malware.banker_accessibility.0494,malware,1,0.9999963718249021,1,malware
com.appgame.tiles.ianLucspinilsmagc,benign,0,0.9999997529380567,1,malware
edu.synthetic.androzoo.malware.banker_accessibility.1715,malware,1,0.9999997791518619,1,malware
com.impactguru.campaigner_app,benign,0,0.9977626637764201,1,malware
com.xtylus.remotesalestouch,benign,0,0.029495378582110137,0,benign
edu.synthetic.androzoo.malware.overlay_pin_stealer.1426,malware,1,0.9989876884743323,1,malware
org.ccc.aa,malware,1,0.6038667485395135,1,malware
com.htmobileapps.DollarSquad,benign,0,0.056998508010511185,0,benign
edu.synthetic.androzoo.malware.spyware_surveillance.1041,malware,1,0.9999999984450056,1,malware
com.avit.external.app,benign,0,0.8184556435166228,1,malware
com.erkc,benign,0,0.08964609863834876,0,benign
edu.synthetic.androzoo.malware.overlay_pin_stealer.0308,malware,1,0.9771521208895375,1,malware
com.funnycity.carsbattletwo.yyh,malware,1,0.9965991235514675,1,malware
edu.synthetic.androzoo.malware.banker_accessibility.1462,malware,1,0.999999697947314,1,malware
com.trainerize.theaxleworkout,benign,0,0.8910521699168271,1,malware
edu.synthetic.androzoo.malware.spyware_surveillance.1238,malware,1,0.9999999987420198,1,malware
com.lxvll.ocr,benign,0,0.03276503699942067,0,benign
edu.synthetic.androzoo.malware.overlay_pin_stealer.1532,malware,1,0.9999627705457494,1,malware
digifit.android.virtuagym.pro.platinumgym,benign,0,0.9376735731365303,1,malware
edu.synthetic.androzoo.malware.ransomware_locker.1605,malware,1,1.0,1,malware
edu.synthetic.androzoo.malware.banker_accessibility.0814,malware,1,0.9709199623171707,1,malware
com.ad.cargame.fly,benign,0,0.861935936996503,1,malware
edu.synthetic.androzoo.malware.sms_otp_stealer.1306,malware,1,0.99999703430251,1,malware
io.openaccounting.oaApp,benign,0,0.21511175265615687,0,benign
edu.synthetic.androzoo.malware.dropper_loader.1618,malware,1,0.03951184210987163,0,benign
edu.synthetic.androzoo.malware.spyware_surveillance.0257,malware,1,0.9999999996415465,1,malware
com.montgomery.rideon,benign,0,0.043382708098089084,0,benign
com.realxworld.soccerjerseymaker,benign,0,0.5828240225443,1,malware
com.sglabs.mysymptoms,benign,0,0.5444768593642226,1,malware
jp.ne.sk_mine.android.game.chronos_gem_stories,benign,0,0.9999999999999998,1,malware
com.mytowntonight.aviationweather,benign,0,0.30049576717815635,0,benign
oasys.edocs.h2a2,benign,0,0.6846756554376141,1,malware
edu.synthetic.androzoo.malware.ransomware_locker.0209,malware,1,0.9665030218254465,1,malware
musicplayer.hdvideoplayer.backgroundmusic,benign,0,1.4902024351483193e-14,0,benign
jp.ne.cna.wificonnect,benign,0,0.10297129241941147,0,benign
edu.synthetic.androzoo.malware.sms_otp_stealer.1702,malware,1,0.9999999962462329,1,malware
net.manoloworks.radio_nouvelle_aquitaine_bordeaux_france_gironde_limoges,benign,0,0.6723143688806942,1,malware
edu.synthetic.androzoo.malware.dropper_loader.1866,malware,1,0.0902325925592089,0,benign
edu.synthetic.androzoo.malware.spyware_surveillance.0786,malware,1,0.9999999026300327,1,malware
com.pado.smartlock,malware,1,1.0,1,malware
edu.synthetic.androzoo.malware.spyware_surveillance.1395,malware,1,0.9999982644907306,1,malware
com.withkim,benign,0,0.27277115776153726,0,benign
chatespana.es,malware,1,1.0,1,malware
com.xapo.bank,benign,0,1.0,1,malware
edu.synthetic.androzoo.malware.overlay_pin_stealer.0971,malware,1,0.9950966478062407,1,malware
com.samuelunknown.proscons,benign,0,0.9999936127230993,1,malware
com.elan.ask,malware,1,0.9974236686012017,1,malware
com.ixyzh.question,malware,1,0.08399186073081234,0,benign
com.qatar.onlineshopping.onlinestoreqatar,benign,0,0.02247058688804975,0,benign
com.dmm.app.mvno,benign,0,0.00023165748423813242,0,benign
jp.co.rarejob,benign,0,0.5118619936549246,1,malware
edu.synthetic.androzoo.malware.banker_accessibility.0189,malware,1,0.9999929950078823,1,malware
edu.synthetic.androzoo.malware.spyware_surveillance.1464,malware,1,0.9999799632316859,1,malware
it.fi.comune.ifmobilita,benign,0,0.9828946065910793,1,malware
com.onemt.and.shen,benign,0,0.9946298184393506,1,malware
edu.synthetic.androzoo.malware.dropper_loader.0375,malware,1,0.038395303672292005,0,benign
com.mrc.ess.app,benign,0,0.9970098383380473,1,malware
de.myfitcoach.tim.mfc,benign,0,0.044584744423204155,0,benign
edu.synthetic.androzoo.malware.dropper_loader.0994,malware,1,0.0017737388577755337,0,benign
com.priotecs.MoneyControl,benign,0,0.07194262186006956,0,benign
com.silverbat.knightage,malware,1,0.9854367690714271,1,malware
com.rdiscovery,benign,0,0.996264656025737,1,malware
com.SingaporeShopping.sgu,benign,0,0.8915959587413479,1,malware
com.empire.grow.rome.ly,malware,1,0.6294372044075868,1,malware
edu.synthetic.androzoo.malware.ransomware_locker.1044,malware,1,0.9666608349456118,1,malware
com.att100.android,malware,1,0.9507939471408061,1,malware
br.mobilibus.mobcampolargo,benign,0,0.9760543432319568,1,malware
com.sinyee.babybus.paintingII,malware,1,0.9999906391187875,1,malware
com.apps.clock.theclock,malware,1,0.9999999999908422,1,malware
com.shark.assetmanager,malware,1,0.7574381427830055,1,malware
edu.synthetic.androzoo.malware.dropper_loader.0801,malware,1,0.03207129412894027,0,benign
com.jewishoffice.tashma,malware,1,0.06629993298574416,0,benign
edu.synthetic.androzoo.malware.dropper_loader.0821,malware,1,0.07519092703263755,0,benign
edu.synthetic.androzoo.malware.overlay_pin_stealer.1735,malware,1,0.9896062811418208,1,malware
ru.waptaxi.taksolet,benign,0,0.3426685665134702,0,benign
edu.synthetic.androzoo.malware.sms_otp_stealer.0578,malware,1,0.9999745063334629,1,malware
com.qiyue.trdog,benign,0,0.2582404665849604,0,benign
com.easysecure,benign,0,0.5360132424922326,1,malware
timetrax.com.pk,benign,0,0.5769400475048829,1,malware
edu.synthetic.androzoo.malware.sms_otp_stealer.0673,malware,1,0.9999990038982819,1,malware
com.tsci.hmn,malware,1,0.9676090459154798,1,malware
com.xiaobanlong.main,malware,1,0.5639033648276909,1,malware
edu.synthetic.androzoo.malware.dropper_loader.0985,malware,1,0.5926124220022766,1,malware
edu.synthetic.androzoo.malware.banker_accessibility.0626,malware,1,0.9958063088846832,1,malware
com.moyun365.android.zkgeography,malware,1,0.5622550383400077,1,malware
edu.synthetic.androzoo.malware.dropper_loader.0036,malware,1,0.08621458173098476,0,benign
edu.synthetic.androzoo.malware.spyware_surveillance.1342,malware,1,0.9999999873117437,1,malware
com.storytaco.p34client,benign,0,0.85019295025863,1,malware
com.quraanpoint.azerbaijaniquran,benign,0,0.9991464108044527,1,malware
com.addimin,benign,0,0.6412959283656742,1,malware
com.nurun.edmontonsun,benign,0,0.9726590382578791,1,malware
jp.naver.linemanga.android,benign,0,0.10099296460668299,0,benign
edu.synthetic.androzoo.malware.dropper_loader.1099,malware,1,0.10031430485525639,0,benign
edu.synthetic.androzoo.malware.dropper_loader.0440,malware,1,0.6833832759102445,1,malware
br.com.cartago.gbapp.aluno,benign,0,0.8669863337514541,1,malware
edu.synthetic.androzoo.malware.overlay_pin_stealer.0236,malware,1,0.999960734260249,1,malware
com.xynderous.vatole.floattube,benign,0,1.0,1,malware
com.peyman.dateconvert,malware,1,0.005628782640164987,0,benign
com.eduven.ld.lang.thai,malware,1,0.999999773467195,1,malware
com.vinetree.gametalktalk2,benign,0,1.1524006727800447e-16,0,benign
edu.synthetic.androzoo.malware.dropper_loader.0982,malware,1,0.17505841290303262,0,benign
edu.synthetic.androzoo.malware.dropper_loader.0935,malware,1,0.7965162677694002,1,malware
edu.synthetic.androzoo.malware.adware_clicker.1252,malware,1,0.340567423652163,0,benign
edu.synthetic.androzoo.malware.spyware_surveillance.0702,malware,1,0.9999999999995859,1,malware
edu.synthetic.androzoo.malware.overlay_pin_stealer.1176,malware,1,0.999973588093802,1,malware
com.banhao.gfsdfwhx,malware,1,0.8563241307540523,1,malware
com.sicgamelab.vuurwerk,benign,0,0.9802184483650481,1,malware
com.pmdsoft.android,benign,0,0.2008916155028577,0,benign
com.ape.games.impact,malware,1,0.999970326367083,1,malware
com.swcloud.game,malware,1,0.8649159700030881,1,malware
tv.nexstar.id3552,benign,0,1.4683827779133607e-10,0,benign
com.netotrade_bn.mobile,malware,1,0.10970173455166453,0,benign
edu.synthetic.androzoo.malware.overlay_pin_stealer.0865,malware,1,0.9997419664119911,1,malware
com.yathisha.learners,benign,0,0.9918839571189588,1,malware
com.bedishop.app,benign,0,0.8865958409502136,1,malware
com.iyuba.TEDVideo,malware,1,0.9183864468730716,1,malware
com.colorup.game,malware,1,0.9999811973622754,1,malware
edu.synthetic.androzoo.malware.banker_accessibility.0576,malware,1,0.8657572082153289,1,malware
com.goodinside.gimobile,benign,0,0.7927650788554331,1,malware
com.dgscan.app,benign,0,0.8899541253610077,1,malware
world.battle.army.power,benign,0,0.2857350872815621,0,benign
edu.synthetic.androzoo.malware.banker_accessibility.0415,malware,1,0.9999933967180972,1,malware
armaforte.mobile,benign,0,0.01785632682824153,0,benign
edu.synthetic.androzoo.malware.wallet_stealer.1596,malware,1,0.9999974542496617,1,malware
edu.synthetic.androzoo.malware.dropper_loader.1584,malware,1,0.0007388304921823013,0,benign
com.etips.cincinatti.travel.guide,benign,0,0.531063955302578,1,malware
recipes.chocolate.maker,benign,0,0.3338759101625623,0,benign
edu.synthetic.androzoo.malware.banker_accessibility.0773,malware,1,0.9990329045713763,1,malware
edu.synthetic.androzoo.malware.spyware_surveillance.1681,malware,1,0.9999999911797163,1,malware
com.cordic.happicabsSWF,benign,0,0.03517319197199174,0,benign
pickup.ride.uk.driver,benign,0,0.00032735307950809044,0,benign
edu.synthetic.androzoo.malware.spyware_surveillance.1772,malware,1,0.9999998642441044,1,malware
appinventor.ai_junipmalau.harvestmoonbtn,benign,0,0.8099725757691898,1,malware
com.blogspot.yazakikenji.panel,benign,0,0.08582793168233843,0,benign
edu.synthetic.androzoo.malware.spyware_surveillance.1232,malware,1,0.9999997679303153,1,malware
intersign.learn.asl,benign,0,0.9828835256591607,1,malware
net.controlbox.Uboxl.CasilleroLatino,benign,0,0.1080183294651051,0,benign
com.wepartytt,benign,0,2.5208968737739583e-13,0,benign
com.guoyuncm.rainbow,malware,1,0.9533503479549695,1,malware
com.tapclap.merge.mansiontale,benign,0,0.9978732334830196,1,malware
com.zoho.daybook,benign,0,0.27100561829132847,0,benign
in.ether.vivabeautyparlour,benign,0,0.11085258947665329,0,benign
edu.synthetic.androzoo.malware.ransomware_locker.0416,malware,1,0.9991174326371163,1,malware
edu.synthetic.androzoo.malware.banker_accessibility.1156,malware,1,0.4889445081391229,0,benign
com.coloringbookgames.ninjabikeColoring,benign,0,0.3352709141881413,0,benign
com.edurev.gst,benign,0,0.19891402611513773,0,benign
com.nekteck.medcursor,benign,0,1.403359875646033e-10,0,benign
com.flickr.android,benign,0,0.5190180323900858,1,malware
com.ananinja.lava,benign,0,1.236381114558407e-33,0,benign
com.cloudcc.mobile,malware,1,0.9061132575009223,1,malware
com.panagola.app.om,benign,0,0.6871961085030351,1,malware
com.shiyoujiliang.weilaikeji,malware,1,0.7996004959634307,1,malware
edu.synthetic.androzoo.malware.sms_otp_stealer.0746,malware,1,0.9999848961058821,1,malware
edu.synthetic.androzoo.malware.overlay_pin_stealer.0767,malware,1,0.9997727347763596,1,malware
radios.deparaguay3,benign,0,0.6398619391298568,1,malware
air.school,malware,1,3.3259946108831176e-21,0,benign
com.automationexchange.openfiberusa,benign,0,0.5364132855262194,1,malware
edu.synthetic.androzoo.malware.spyware_surveillance.0686,malware,1,0.9999999999999512,1,malware
com.lovewick.app,benign,0,0.9897148234893505,1,malware
edu.synthetic.androzoo.malware.dropper_loader.1192,malware,1,0.9999063144615865,1,malware
freeset.app,benign,0,1.0,1,malware
ir.otaghak.app,malware,1,1.0,1,malware
com.anask.reem_name_images_wallpapers,benign,0,0.9999999991532147,1,malware
apparray.edison_android_renewal,benign,0,0.4438771656012393,0,benign
edu.synthetic.androzoo.malware.spyware_surveillance.0297,malware,1,0.9999999977414069,1,malware
com.asmr.color.master,benign,0,0.9992948859188384,1,malware
com.keytom.app.twa,benign,0,0.479756668106252,0,benign
com.aifa.lawyer.client,malware,1,1.0,1,malware
com.aplikasisiasat.id,benign,0,0.615163812656105,1,malware
no.vigga.push,benign,0,0.08522789756619054,0,benign
com.phorest.bmonroesalon,benign,0,0.1924188382203997,0,benign
com.eblock.auction,benign,0,0.9107629399219966,1,malware
edu.synthetic.androzoo.malware.banker_accessibility.1145,malware,1,0.9999934784335234,1,malware
edu.synthetic.androzoo.malware.ransomware_locker.0603,malware,1,0.9194534545022969,1,malware
edu.synthetic.androzoo.malware.ransomware_locker.1370,malware,1,0.9949213973956469,1,malware
de.saas.timeclockv2,benign,0,0.9996406927231654,1,malware
edu.synthetic.androzoo.malware.banker_accessibility.0344,malware,1,0.9999988489349187,1,malware
edu.synthetic.androzoo.malware.dropper_loader.1020,malware,1,0.9384492005331656,1,malware
com.cofox.kahunas.JACKOSONLINE,benign,0,0.9116126378928964,1,malware
app.ledscrolldisplay,benign,0,0.787838656015108,1,malware
com.medpresso.Lonestar.vetanes,benign,0,0.9999999784188485,1,malware
com.dolilive,benign,0,0.9991300512746316,1,malware
com.ubestkid.beilehu.android,malware,1,0.9895747938574833,1,malware
cn.smm.en,benign,0,0.7208293020014145,1,malware
com.apptegy.sundowntx,benign,0,0.988748183330163,1,malware
edu.synthetic.androzoo.malware.overlay_pin_stealer.0933,malware,1,0.9986725248695216,1,malware
com.gamefirst.savetheearth,malware,1,0.12312562328455022,0,benign
com.crazy.doctor.hospital,benign,0,0.8518502803632237,1,malware
edu.synthetic.androzoo.malware.wallet_stealer.1335,malware,1,0.9999943473821293,1,malware
zombie.survival.craft.z,benign,0,0.5458363029795578,1,malware
edu.synthetic.androzoo.malware.dropper_loader.1738,malware,1,0.21924835447396054,0,benign
edu.synthetic.androzoo.malware.banker_accessibility.1505,malware,1,0.9590586354260835,1,malware
org.ghfcu.mobile,benign,0,0.05051616665685481,0,benign
com.cwgame.app.mahjong,benign,0,0.7015014981262847,1,malware
edu.synthetic.androzoo.malware.banker_accessibility.1414,malware,1,0.9903580608645566,1,malware
edu.synthetic.androzoo.malware.banker_accessibility.0314,malware,1,0.9999718772031733,1,malware
com.appcursin.blogspot,malware,1,0.8411759355372065,1,malware
edu.synthetic.androzoo.malware.ransomware_locker.1423,malware,1,0.03559578873581001,0,benign
com.cadenverse.beat.tiles.musicgame,benign,0,0.7397339546793233,1,malware
edu.synthetic.androzoo.malware.spyware_surveillance.0558,malware,1,0.9999999831112348,1,malware
edu.synthetic.androzoo.malware.banker_accessibility.1043,malware,1,0.937363789660149,1,malware
com.shvagerfm.Abs,benign,0,0.9829170706313763,1,malware
com.escalationstudios.nuke.st,malware,1,0.999957092372572,1,malware
edu.synthetic.androzoo.malware.spyware_surveillance.1216,malware,1,0.9999994936175003,1,malware
com.global.technolabs.jupitertouchlab,benign,0,5.102051747481106e-08,0,benign
edu.synthetic.androzoo.malware.dropper_loader.0934,malware,1,0.009708862267238624,0,benign
com.yunosolutions.newzealandcalendar,benign,0,0.8910476267300201,1,malware
com.santech.beat.tiles,benign,0,0.2624864623311118,0,benign
com.trainerize.aspenfitness,benign,0,0.9433031558174164,1,malware
edu.synthetic.androzoo.malware.banker_accessibility.0015,malware,1,0.9999977294766852,1,malware
edu.synthetic.androzoo.malware.spyware_surveillance.1130,malware,1,0.9999999999867155,1,malware
com.giraffegames.realtennis,benign,0,0.3423124628881905,0,benign
co.madlife.stopmotion,malware,1,0.8288252553006702,1,malware
com.Revamp.SteampunkPuzzle2,malware,1,0.9999669550053031,1,malware
com.ironappsdev.offroadincl,benign,0,0.4940159236597714,0,benign
edu.synthetic.androzoo.malware.ransomware_locker.1643,malware,1,0.9999999961392654,1,malware
com.morbid_tech.morbid,benign,0,0.6884209199086271,1,malware
com.yilewan.ccmlh5,malware,1,0.10275281323828393,0,benign
com.yamystudio.dryCleaning,benign,0,0.14404236430692813,0,benign
cn.e23.weihai,malware,1,0.09576030959577858,0,benign
notes.notebook.todolist.notepad.checklist,benign,0,1.0,1,malware
de.mobiletrend.lovidoo,benign,0,1.0,1,malware
de.esagu.app,benign,0,0.18934414988555676,0,benign
com.ubestkid.BeilehuTown.a,malware,1,0.9678872104565406,1,malware
edu.synthetic.androzoo.malware.ransomware_locker.1781,malware,1,0.04538065496485874,0,benign
com.langya.lyt,malware,1,0.08910503015457322,0,benign
com.game.goolny.stickers,benign,0,0.9420873155332026,1,malware
edu.synthetic.androzoo.malware.ransomware_locker.1541,malware,1,0.9748064267203427,1,malware
edu.synthetic.androzoo.malware.spyware_surveillance.0215,malware,1,0.9999999813284502,1,malware
com.ErkinKarakoc.Frok,benign,0,0.8985151422412198,1,malware
com.pharmacity_extracare,benign,0,0.8637057603867899,1,malware
edu.synthetic.androzoo.malware.dropper_loader.0565,malware,1,0.024023853460860313,0,benign
com.gf.highway.traffic.control.game.city.traffic,benign,0,0.22932554685112574,0,benign
edu.synthetic.androzoo.malware.ransomware_locker.1611,malware,1,0.9950882027176092,1,malware
com.alarm.alarmmobile.android.securitas,benign,0,0.9991798173050251,1,malware
com.zmlearn.lancher,malware,1,2.986471712257027e-49,0,benign
edu.synthetic.androzoo.malware.overlay_pin_stealer.0033,malware,1,0.9999574006588225,1,malware
com.minikara.bubble.android,benign,0,1.0,1,malware
com.roadhurryup.fireandrush.yyh,malware,1,0.9977604354570437,1,malware
com.nt.pictionary,benign,0,0.694643929173823,1,malware
com.es.civilization.rise.empire,benign,0,0.6097702825704984,1,malware
com.zoho.accounts.oneauth,benign,0,0.06851706153653941,0,benign
com.stickman.warmblood.ly,malware,1,1.0,1,malware
com.ejk.Panda.Bubble.Shooter,benign,0,0.1948053598454269,0,benign
com.azazie.az,benign,0,0.9825061896189885,1,malware
sixpack.sixpackabs.absworkout,benign,0,7.435602226702343e-12,0,benign
com.rv.gym,benign,0,0.6742477625735538,1,malware
edu.synthetic.androzoo.malware.overlay_pin_stealer.0529,malware,1,0.9996939517847879,1,malware
com.tap4fun.reignofwar,benign,0,0.9476662440368719,1,malware
am.ro.android,benign,0,0.9544172805551089,1,malware
edu.synthetic.androzoo.malware.banker_accessibility.1033,malware,1,0.9998102791167256,1,malware
com.brinks.twentyfourseven,benign,0,0.901111691310589,1,malware
com.evilishgames.dashingheros,benign,0,0.4806536155524715,0,benign
com.trimble.d2link,benign,0,0.8804617322897554,1,malware
com.qysoft.zyhj,malware,1,0.7940965903244821,1,malware
com.qunhe.rendershow,malware,1,0.06811014834173074,0,benign
org.arkweb.arkweb,malware,1,0.06253452509870372,0,benign
edu.synthetic.androzoo.malware.spyware_surveillance.0659,malware,1,0.999998424342808,1,malware
com.spartannash.foresthillsfoods,benign,0,0.9999994204808559,1,malware
com.trainerize.dynamicfitnesshtx,benign,0,0.47119435993475256,0,benign
com.sitckmanr.kongfuliam,malware,1,0.8563981936540832,1,malware
edu.synthetic.androzoo.malware.ransomware_locker.0476,malware,1,0.9911523581486028,1,malware
com.NamasteStudios.SkyStacker,benign,0,0.992690005379458,1,malware
ru.tutu.etrains,benign,0,0.9999994933470058,1,malware
melstudio.mpilates,benign,0,0.0003074333659382292,0,benign
edu.synthetic.androzoo.malware.spyware_surveillance.0990,malware,1,0.9999992776711444,1,malware
com.nebulajoy.act.dmcpoc.asia,benign,0,0.02391163459374698,0,benign
edu.synthetic.androzoo.malware.overlay_pin_stealer.1303,malware,1,0.9999877207415713,1,malware
edu.synthetic.androzoo.malware.overlay_pin_stealer.1807,malware,1,0.9997459961283652,1,malware
edu.synthetic.androzoo.malware.spyware_surveillance.0969,malware,1,0.9999999355888486,1,malware
edu.synthetic.androzoo.malware.banker_accessibility.0332,malware,1,0.9999999999999756,1,malware
com.tapbee.lohas,benign,0,0.24520969063610157,0,benign
me.kch_app.kch,benign,0,0.027981757574133685,0,benign
com.ego.allfile.app,malware,1,0.856419348645334,1,malware
edu.synthetic.androzoo.malware.dropper_loader.1796,malware,1,0.869178244004557,1,malware
edu.synthetic.androzoo.malware.overlay_pin_stealer.0585,malware,1,0.9136816959567441,1,malware
com.jiecang.app.android.aidesks,malware,1,0.0009422518150278535,0,benign
edu.synthetic.androzoo.malware.overlay_pin_stealer.0328,malware,1,0.9996642064814458,1,malware
com.heshu.originofshanhai,malware,1,0.0,0,benign
edu.synthetic.androzoo.malware.banker_accessibility.1481,malware,1,0.999984488618191,1,malware
edu.synthetic.androzoo.malware.sms_otp_stealer.1095,malware,1,0.9999999731585216,1,malware
edu.synthetic.androzoo.malware.overlay_pin_stealer.1573,malware,1,0.9997376051934305,1,malware
com.qxdazhuzai.mzyw,malware,1,0.9879913981666992,1,malware
com.subsplashconsulting.s_V8XQ24,benign,0,0.9999996143938311,1,malware
hotsiberians.idle.anomalies.research.station.building.tycoon.simulator,benign,0,0.27540437028542347,0,benign
com.tracktime24.employee,benign,0,0.04234475965296801,0,benign
com.dicedom.dicemerge.puzzlegame,benign,0,0.8546946428201612,1,malware
com.kahunas.io.CatalystFitnessCoaching,benign,0,0.010002367708006586,0,benign
edu.synthetic.androzoo.malware.wallet_stealer.0187,malware,1,0.9897825728801632,1,malware
no.mellora.hseq.bms,malware,1,0.30562590695702224,0,benign
edu.synthetic.androzoo.malware.spyware_surveillance.1842,malware,1,0.9999999999778981,1,malware
edu.synthetic.androzoo.malware.overlay_pin_stealer.0278,malware,1,0.9959253301109201,1,malware
edu.synthetic.androzoo.malware.overlay_pin_stealer.1780,malware,1,0.7704565778151179,1,malware
edu.synthetic.androzoo.malware.ransomware_locker.1438,malware,1,0.15091814253195185,0,benign
edu.synthetic.androzoo.malware.wallet_stealer.1588,malware,1,0.9999882640016048,1,malware
com.maddevices.combatsmobile,malware,1,0.9625683821158844,1,malware
edu.synthetic.androzoo.malware.banker_accessibility.0974,malware,1,0.9999289466953443,1,malware
com.nt.games.tangledsnakes,benign,0,0.99735645015186,1,malware
com.rvappstudios.shapes.colors.toddler,benign,0,0.9998122420278651,1,malware
com.fortinet.fvuc.app,benign,0,0.9999936141380593,1,malware
edu.synthetic.androzoo.malware.ransomware_locker.1734,malware,1,0.0397920951254915,0,benign
neo.bombrman.arcade.geo.games,benign,0,0.2145392215226888,0,benign
fakegps.fakelocation.mocklocation.gpsfaker,malware,1,0.6901100191227936,1,malware
edu.synthetic.androzoo.malware.overlay_pin_stealer.1563,malware,1,0.9977577141875291,1,malware
com.zomecorp.zome,benign,0,0.18843923577999747,0,benign
lu.bgl.spm.wm,benign,0,0.7931227025876999,1,malware
ir.t4f.master,benign,0,0.9999999226099268,1,malware
jp.sihdbk.opapp,benign,0,0.8231929920120012,1,malware
edu.synthetic.androzoo.malware.adware_clicker.1901,malware,1,0.03412086305453312,0,benign
com.caresca.enfermedadesinfantiles,malware,1,0.992037579245569,1,malware
com.petgugu.android,benign,0,0.9909031382225787,1,malware
edu.synthetic.androzoo.malware.ransomware_locker.1799,malware,1,0.989432539635339,1,malware
es.tpc.matchpoint.appclient.goldenpoint,benign,0,0.16697450048155876,0,benign
com.hotpodyoga,benign,0,0.6466199735850237,1,malware
live.moreshort.app,benign,0,0.9316016649333635,1,malware
edu.synthetic.androzoo.malware.banker_accessibility.1913,malware,1,0.9997313406963789,1,malware
com.taptasty.puroveroapp,benign,0,0.9996701253567654,1,malware
com.eduven.cc.bruschettas,benign,0,5.847037146027934e-66,0,benign
edu.synthetic.androzoo.malware.sms_otp_stealer.0056,malware,1,0.9999604128099513,1,malware
edu.synthetic.androzoo.malware.sms_otp_stealer.0809,malware,1,0.9999998311385224,1,malware
edu.synthetic.androzoo.malware.sms_otp_stealer.1671,malware,1,0.9999998678776275,1,malware
com.oifcoman.khedmahmerchant,benign,0,0.9999936296466961,1,malware
edu.synthetic.androzoo.malware.dropper_loader.1886,malware,1,0.2752689366185871,0,benign
com.kigle.seaanimals,benign,0,0.39442422596292714,0,benign
uug.game.paopao,malware,1,0.3617184379291696,0,benign
com.turner.fcallstars,malware,1,0.305148995285416,0,benign
com.trainerize.fitnesstogether,benign,0,0.8757707665551059,1,malware
edu.synthetic.androzoo.malware.dropper_loader.0704,malware,1,0.1829044533108724,0,benign
com.erra.social,benign,0,0.18685931079296952,0,benign
com.hp.impulse.panorama,benign,0,0.06437520322491837,0,benign
com.investors.leaderboard.android,benign,0,0.00014283712738837658,0,benign
edu.synthetic.androzoo.malware.ransomware_locker.0300,malware,1,0.8001395073499933,1,malware
com.fruittime.weather,malware,1,0.18135147750787256,0,benign
edu.synthetic.androzoo.malware.spyware_surveillance.1630,malware,1,0.9999999996496145,1,malware
com.angames.android.google.avatarbendingtheworld,benign,0,0.3093563908671182,0,benign
de.shugasu.itrtg,benign,0,0.3336659323399324,0,benign
edu.synthetic.androzoo.malware.adware_clicker.0642,malware,1,0.41537128152746833,0,benign
com.nirmitaentertainment.golfshotopeninfinitecourse,benign,0,0.4067657841101067,0,benign
edu.synthetic.androzoo.malware.wallet_stealer.0227,malware,1,0.9999903035609873,1,malware
edu.synthetic.androzoo.malware.wallet_stealer.1014,malware,1,0.9966482342066346,1,malware
edu.synthetic.androzoo.malware.overlay_pin_stealer.1422,malware,1,0.9790277395423242,1,malware
com.myyounit.selfstoragedenhaag,benign,0,0.9999864235373749,1,malware
io.spaceos.scalingspaces,benign,0,0.998427856136192,1,malware
edu.synthetic.androzoo.malware.banker_accessibility.0700,malware,1,0.9951885158451081,1,malware
com.cloudn.orientallounge,benign,0,0.5147623228527201,1,malware
jp.co.lawson.android,benign,0,0.9327876820076012,1,malware
com.CSlillians.android,benign,0,0.4331992052060978,0,benign
com.haoyisheng.mobile.app,malware,1,0.9999999999728606,1,malware
wsh.chishenme.dpfh,malware,1,0.15488868716454876,0,benign
gm.passion.app,benign,0,0.9941036558876882,1,malware
com.sinyee.babybus.spell,malware,1,0.28305400718297474,0,benign
com.ihuman.jump,malware,1,0.08194011377957239,0,benign
com.ZWSoft.ZWCAD,malware,1,0.9997898028495988,1,malware
com.xiudian_useraj_th.client,benign,0,0.2956486010981216,0,benign
com.kuailun.xfj,benign,0,0.7775309012317937,1,malware
in.healthflex.physioapp,benign,0,0.0001727482829426034,0,benign
edu.synthetic.androzoo.malware.adware_clicker.1742,malware,1,0.8324010133192633,1,malware
joybits.doodletankshd_free,benign,0,0.31245706277447965,0,benign
com.basenjiapps.breeze,benign,0,7.768440337665954e-07,0,benign
edu.synthetic.androzoo.malware.spyware_surveillance.0089,malware,1,0.999999997811662,1,malware
smile.com.telonium.mobile,benign,0,0.11622998875478321,0,benign
com.yclients.mobile.g73827,benign,0,0.9640376323877724,1,malware
com.friendscube.somoim,benign,0,0.02672173605356025,0,benign
arl.terminal.reefercontainerpretripinspector,benign,0,0.48570900069606143,0,benign
com.lixiangdong.idphotomaker,malware,1,0.05149022397373837,0,benign
com.imweb.appS20200605d0b93b390db0f_61d458797eeea,benign,0,0.9999949269604418,1,malware
edu.synthetic.androzoo.malware.banker_accessibility.1133,malware,1,0.999988992617238,1,malware
com.byairapp.android,benign,0,0.9265855440757944,1,malware
edu.synthetic.androzoo.malware.spyware_surveillance.0075,malware,1,0.9999999998291018,1,malware
eye.art.makeup.games,benign,0,0.01675879628997902,0,benign
com.upboardclass10previousyearquestionpaper,benign,0,0.016573729320105045,0,benign
com.colyinc.mahoyaku,benign,0,0.2513966219241188,0,benign
com.mobincube.parabolas_de_jesus.sc_H7QXK9,malware,1,0.19833439651807339,0,benign
edu.synthetic.androzoo.malware.spyware_surveillance.1471,malware,1,0.9999999991852442,1,malware
edu.synthetic.androzoo.malware.overlay_pin_stealer.0140,malware,1,0.9856542523494886,1,malware
com.herofang,malware,1,0.6777187690538258,1,malware
com.threestonesoft.pigotd,malware,1,0.9999999978154612,1,malware
com.fast.free.folowvpn,malware,1,0.0027354223769596744,0,benign
jp.co.a_tm.android.plus_strawberry_time,benign,0,0.11167532284193811,0,benign
edu.synthetic.androzoo.malware.banker_accessibility.1916,malware,1,0.9946857006705057,1,malware
edu.synthetic.androzoo.malware.spyware_surveillance.0029,malware,1,0.9999999997075337,1,malware
unlsoc.seniordesign.huskerstemvr_mobile,benign,0,0.9977042939795516,1,malware
com.IronHorseGames.IdleMineRPG,benign,0,0.5092279131437625,1,malware
free.ocean.fish.solitaire.match,benign,0,0.9999999999999558,1,malware
edu.synthetic.androzoo.malware.banker_accessibility.1542,malware,1,0.9946938226034633,1,malware
edu.synthetic.androzoo.malware.dropper_loader.0931,malware,1,0.056439567303649824,0,benign
com.avvaloffice.flutter_hbb,malware,1,0.65612803039766,1,malware
com.rottzgames.mastermind,benign,0,0.9828956621893864,1,malware
edu.synthetic.androzoo.malware.dropper_loader.1700,malware,1,0.03974559897887236,0,benign
jp.mana_tea,benign,0,0.5059882447373181,1,malware
edu.synthetic.androzoo.malware.ransomware_locker.0717,malware,1,0.2962872033065433,0,benign
edu.synthetic.androzoo.malware.dropper_loader.1879,malware,1,0.9999417245320378,1,malware
edu.synthetic.androzoo.malware.ransomware_locker.0181,malware,1,0.9986560707061729,1,malware
com.phrasebook.lt,benign,0,0.9039170352210162,1,malware
com.money.Mentorship,malware,1,0.12136805134249688,0,benign
edu.synthetic.androzoo.malware.adware_clicker.1529,malware,1,0.6935235125690635,1,malware
kr.co.emeye.joinsautocom,benign,0,0.2801813934407803,0,benign
jp.co.comic.mangaone,benign,0,3.3943401178418565e-07,0,benign
edu.synthetic.androzoo.malware.spyware_surveillance.1287,malware,1,0.9999980742239281,1,malware
com.mike.koutu,malware,1,0.1182395426484495,0,benign
edu.synthetic.androzoo.malware.spyware_surveillance.1801,malware,1,0.9999999999927087,1,malware
edu.synthetic.androzoo.malware.dropper_loader.0326,malware,1,0.01597697602112482,0,benign
com.radiosenpy.radioactivafm,benign,0,0.8234370800668012,1,malware
edu.synthetic.androzoo.malware.banker_accessibility.1021,malware,1,0.9844156879938549,1,malware
edu.synthetic.androzoo.malware.overlay_pin_stealer.0194,malware,1,0.9998634224599431,1,malware
edu.synthetic.androzoo.malware.spyware_surveillance.1376,malware,1,0.9999985182011873,1,malware
com.skyfun.loveandfashiongp,malware,1,0.5521845123928487,1,malware
com.sniper_games.silent.scope.sniper.games,benign,0,0.7901458777828476,1,malware
com.mres.schedule,benign,0,0.21811867034757193,0,benign
com.nu.production,benign,0,1.0,1,malware
com.rsupport.remotemeeting.application.solution.kinfa,benign,0,0.9995712521181433,1,malware
ie.zappy.fennec.evansvilleyogaspace,benign,0,0.9998531678405626,1,malware
com.exploremetro.sh,benign,0,0.9999999999997329,1,malware
edu.synthetic.androzoo.malware.overlay_pin_stealer.0274,malware,1,0.9999571635543945,1,malware
edu.synthetic.androzoo.malware.overlay_pin_stealer.0381,malware,1,0.9997672193587178,1,malware
bin.mt.plus,malware,1,0.9985254972886944,1,malware
diy.soap.recipes,malware,1,0.4119029330089839,0,benign
com.wixot.merge,benign,0,0.5247932816944055,1,malware
com.Golden.Dinopaint,benign,0,0.6925951235390663,1,malware
com.playhardlab.heroes,benign,0,0.8563840888853528,1,malware
edu.synthetic.androzoo.malware.spyware_surveillance.0487,malware,1,0.9999999159193262,1,malware
jp.roundflat.takudrill_pt_app,benign,0,0.05056803793283937,0,benign
edu.synthetic.androzoo.malware.banker_accessibility.1779,malware,1,0.9588166285391129,1,malware
com.crisp.vertical,benign,0,0.4334630032274324,0,benign
com.advice.university.heysem99,benign,0,0.9999999453750267,1,malware
com.gr.clean.dream.hotel,benign,0,0.0689079233357882,0,benign
edu.synthetic.androzoo.malware.dropper_loader.0156,malware,1,0.22585344074823416,0,benign
net.staca,benign,0,0.9999972716861792,1,malware
com.monstro.mdungeons,malware,1,0.12732856320842736,0,benign
com.sayhi.app,benign,0,8.152876902103005e-08,0,benign
com.talb.blowery,malware,1,0.24301082959264586,0,benign
com.deltaepa.smarthome,benign,0,0.035531874850340185,0,benign
hk.com.ayers.wwind.token1,malware,1,0.8563876151856312,1,malware
net.jeu.solitaire,benign,0,0.18387669548797442,0,benign
com.Moveware.Mobi,benign,0,0.9552025797241213,1,malware
de.twopeaches.babelli,benign,0,0.8766541875545293,1,malware
edu.synthetic.androzoo.malware.wallet_stealer.0869,malware,1,0.9999950181255851,1,malware
nz.co.trademe.trademe,benign,0,1.1302170950104009e-17,0,benign
com.subsplashconsulting.s_J59FST,benign,0,0.9594901534968772,1,malware
com.ithinkers.abokado,benign,0,0.9851185514850354,1,malware
edu.synthetic.androzoo.malware.spyware_surveillance.0584,malware,1,0.9999997506039235,1,malware
edu.synthetic.androzoo.malware.overlay_pin_stealer.1089,malware,1,0.9534951298645286,1,malware
edu.synthetic.androzoo.malware.adware_clicker.0652,malware,1,0.6012859143950485,1,malware
com.gameduell.tarot,benign,0,0.6924055830272294,1,malware
edu.synthetic.androzoo.malware.overlay_pin_stealer.0513,malware,1,0.9972820127632106,1,malware
com.subsplashconsulting.s_BR2B97,benign,0,0.9956708676616268,1,malware
edu.synthetic.androzoo.malware.dropper_loader.0870,malware,1,0.9999995953737585,1,malware
com.cookingmouse.cheesefry,benign,0,0.9999971111769095,1,malware
edu.synthetic.androzoo.malware.dropper_loader.0028,malware,1,0.999997850634413,1,malware
edu.synthetic.androzoo.malware.banker_accessibility.0738,malware,1,0.999738064288561,1,malware
com.mscz.yyn,malware,1,0.9997957156366455,1,malware
edu.synthetic.androzoo.malware.overlay_pin_stealer.1791,malware,1,0.9765471803166931,1,malware
com.clocknestgames.olimdal,malware,1,0.8547790377754714,1,malware
edu.synthetic.androzoo.malware.overlay_pin_stealer.0787,malware,1,0.999086027285685,1,malware
edu.synthetic.androzoo.malware.banker_accessibility.1828,malware,1,0.9965908783369908,1,malware
edu.synthetic.androzoo.malware.wallet_stealer.0441,malware,1,0.999659294844261,1,malware
ru.astrostar.yakuba.android,benign,0,0.9896643369956197,1,malware
com.newssynergy.kxweatherapp,benign,0,0.9998085791727415,1,malware
com.subsplash.thechurchapp.truehopechurch,benign,0,0.9999944804092868,1,malware
edu.synthetic.androzoo.malware.overlay_pin_stealer.0294,malware,1,0.9998754927005266,1,malware
com.provakil.provakil,benign,0,0.9999933846031782,1,malware
edu.synthetic.androzoo.malware.overlay_pin_stealer.0087,malware,1,0.9985379121338473,1,malware
edu.synthetic.androzoo.malware.spyware_surveillance.0757,malware,1,0.9999999999923561,1,malware
skywave.draw.food,benign,0,0.9999999999999942,1,malware
com.jixing.shenqifangkuai,malware,1,0.8669069590676276,1,malware
com.geniustime.bbxdj.mi,malware,1,0.3080197523127095,0,benign
com.collect.letterlinkgame,malware,1,0.9999928187673646,1,malware
com.sword.camera.editor,malware,1,0.5830712762702465,1,malware
edu.synthetic.androzoo.malware.dropper_loader.0600,malware,1,0.276855963652154,0,benign
product.clicklabs.jugnoo.driver,benign,0,0.9992646111783173,1,malware
com.drive2,benign,0,3.3920641219927335e-06,0,benign
net.grechu.gnetcctvsecond,malware,1,0.9773369080582086,1,malware
edu.synthetic.androzoo.malware.spyware_surveillance.0841,malware,1,0.9999999999934861,1,malware
co.ivyonline.app,benign,0,0.6509655169432979,1,malware
com.uroad.zhgs,malware,1,1.0,1,malware
com.cb.cakebaker.bakinggames.makergames,benign,0,0.9999232201146216,1,malware
com.mds.tplus,benign,0,0.22300192051406978,0,benign
com.kasbcompany.android,benign,0,0.691554566010438,1,malware
com.mobincube.diccionario_griego_biblico.sc_HP9E26,malware,1,0.26452380517567126,0,benign
edu.synthetic.androzoo.malware.overlay_pin_stealer.0072,malware,1,0.9991376222438124,1,malware
edu.synthetic.androzoo.malware.dropper_loader.0292,malware,1,0.0026882111363133996,0,benign
com.foxsports.android,benign,0,1.0,1,malware
jp.co.cyberagent.miami,benign,0,0.4780116116984247,0,benign
com.arclightCity.dexappstudio,benign,0,0.6809560189024452,1,malware
org.cocos2dx.lianliankan,malware,1,0.12929397417210461,0,benign
edu.synthetic.androzoo.malware.spyware_surveillance.1369,malware,1,0.9999999809181023,1,malware
com.koinum.app,malware,1,0.40191476940728843,0,benign
edu.synthetic.androzoo.malware.spyware_surveillance.0882,malware,1,0.999999955521383,1,malware
edu.synthetic.androzoo.malware.adware_clicker.0170,malware,1,0.3354910986412058,0,benign
edu.synthetic.androzoo.malware.sms_otp_stealer.1276,malware,1,0.9999999876968696,1,malware
de.daedalic.deadsynchronicity.android_st,malware,1,0.8563770360686004,1,malware
edu.synthetic.androzoo.malware.adware_clicker.0334,malware,1,0.8184647499533407,1,malware
com.mobikasaba.carlaandroid,benign,0,0.9999999851292216,1,malware
com.et2t.xingbao,malware,1,0.6794334068698362,1,malware
com.dev.abcdapps.nearbymosque,benign,0,0.13286605884938707,0,benign
com.jacapps.wfed,benign,0,1.0,1,malware
com.whj.app.stavemaster,malware,1,0.21452532478059744,0,benign
edu.synthetic.androzoo.malware.banker_accessibility.0484,malware,1,0.9986931038972081,1,malware
com.kys,malware,1,0.612741923145678,1,malware
edu.synthetic.androzoo.malware.banker_accessibility.1024,malware,1,0.9999861985436497,1,malware
com.classlist.parent,benign,0,0.5395900522260304,1,malware
com.DTDAGames.Chronc,benign,0,0.23315941080575892,0,benign
com.info_sync.infosync,benign,0,0.10320460310185282,0,benign
com.enjoygame.ttwyjp,malware,1,0.8693633155882505,1,malware
edu.synthetic.androzoo.malware.banker_accessibility.1594,malware,1,0.9861295821035734,1,malware
easy.smarttools.font.emoji.custom.keyboard.photokeyboard,benign,0,0.6186444028374113,1,malware
com.g5e.jewelsofmahjong.android,benign,0,0.9750019315517966,1,malware
com.visionect.joan.desk,benign,0,0.3421130056659015,0,benign
edu.synthetic.androzoo.malware.overlay_pin_stealer.0270,malware,1,0.9600499777594335,1,malware
com.funbox.dailyenglishconversation,benign,0,0.6255707068500248,1,malware
com.ptminder.oryanfitness,benign,0,1.0,1,malware
com.koudai.zuhao,malware,1,0.7373660592314822,1,malware
com.coljonesswim.icp,benign,0,0.4958447567593261,0,benign
de.hugendubel.app,benign,0,0.9015828256374675,1,malware
edu.synthetic.androzoo.malware.adware_clicker.0614,malware,1,0.9994100631411073,1,malware
com.ap.adval,benign,0,0.9999999990975119,1,malware
com.ModernPhilosophy.Fallen,benign,0,0.9930939238932645,1,malware
edu.synthetic.androzoo.malware.dropper_loader.1109,malware,1,0.3585971315274058,0,benign
com.its.mobilebanking.ajf,benign,0,0.6372549390094467,1,malware
com.synx.fleetmanager,benign,0,0.06420865812422455,0,benign
it.iridi.dalgrano,benign,0,0.8452799214211733,1,malware
health.step.walk,malware,1,0.9999999999999922,1,malware
com.overnight.oats.recipe.app,benign,0,0.9999966617967687,1,malware
edu.synthetic.androzoo.malware.spyware_surveillance.1706,malware,1,0.9999999999505786,1,malware
com.subsplashconsulting.s_CRB6RK,benign,0,1.0602054016065421e-06,0,benign
edu.synthetic.androzoo.malware.overlay_pin_stealer.1884,malware,1,0.9684140339021173,1,malware
com.watercountry.mobile,benign,0,0.9997699891548109,1,malware
com.refixprotect.zpsjhfu,malware,1,0.7363729101034225,1,malware
com.apaman.android,benign,0,0.1378523847156519,0,benign
com.yelp.android,benign,0,0.5318370298231833,1,malware
edu.synthetic.androzoo.malware.spyware_surveillance.1724,malware,1,0.9999999990843558,1,malware
com.chippercash,benign,0,0.5753909441436333,1,malware
com.posteitaliane.spim,benign,0,1.0,1,malware
com.caltopo.android,benign,0,0.684092451393966,1,malware
mtcperu.simulacromtc.examenmtc,benign,0,0.8102265212416817,1,malware
edu.synthetic.androzoo.malware.spyware_surveillance.0291,malware,1,0.9999999985490997,1,malware
ar.lifemart.android,benign,0,0.995601344737439,1,malware
com.nosuke.yomoo,benign,0,0.9355153392968224,1,malware
com.zhaot.zhigj,malware,1,0.21447827809609402,0,benign
com.qiyang.yueyu,malware,1,0.678914440656884,1,malware
komandco.matete,benign,0,0.29291112829163124,0,benign
edu.synthetic.androzoo.malware.spyware_surveillance.0732,malware,1,0.9999999994216426,1,malware
edu.synthetic.androzoo.malware.spyware_surveillance.1888,malware,1,0.9999999992791277,1,malware
zahleb.me,benign,0,9.421902633880402e-13,0,benign
my.hotel.design,benign,0,0.44416074987455406,0,benign
com.aospstudio.quicksearch,benign,0,0.9437555342990795,1,malware
com.AresGames.SwordSorceryAC,benign,0,0.479186758998678,0,benign
com.mango.sanguo15.plsz,malware,1,0.7608073079080119,1,malware
com.dongqiudi.news,malware,1,0.973240040375373,1,malware
com.realbyteapps.moneymanagerfree,benign,0,0.9826261105490426,1,malware
com.audiosdroid.speech2text,malware,1,0.08924431921001408,0,benign
com.memoriki.fullhousecasino,benign,0,0.2614163667478134,0,benign
edu.synthetic.androzoo.malware.overlay_pin_stealer.0910,malware,1,0.9996371883138729,1,malware
heybarber.app,benign,0,0.3888054529666807,0,benign
com.beartool.girfriendvalue,malware,1,0.999995726486115,1,malware
edu.synthetic.androzoo.malware.wallet_stealer.0566,malware,1,0.999927805492981,1,malware
edu.synthetic.androzoo.malware.overlay_pin_stealer.1086,malware,1,0.9397213123955842,1,malware
com.hltcorp.footcare,benign,0,6.881076951632855e-11,0,benign
edu.synthetic.androzoo.malware.banker_accessibility.0290,malware,1,0.9981938970790871,1,malware
com.precisebytes.flashlightdualmode.free.release,benign,0,0.03272942376306531,0,benign
jp.co.gemdrops.lbca,malware,1,0.9999999999997684,1,malware
com.buzzato.s24p,benign,0,0.20343284743484152,0,benign
jp.fourm.ragdollbowling,benign,0,0.4262278359466525,0,benign
com.ac.englishtokhmertranslator,benign,0,0.7130248707787171,1,malware
com.tube.play.music.downloader.mp3.musica.sound.descargar.freeapp,benign,0,1.0,1,malware
com.flower.advisor,benign,0,0.9989233831477324,1,malware
com.doapps.android.mln.MLN_90d668b2ee3a0975df39f54a3f466090,benign,0,0.2561829053205584,0,benign
com.nbs.StudentStore,benign,0,0.9254337615569576,1,malware
dk.fdmmotor.reader,benign,0,0.738834980709204,1,malware
com.akashlilhare.homeworkout,benign,0,0.6487649758279748,1,malware
net.everdo.everdo,benign,0,0.5955568262062361,1,malware
com.pineapple.woody.block.color.blast,benign,0,0.9936795974600671,1,malware
jp.co.x_bit.rakushifu,benign,0,0.9897050559970365,1,malware
rams.proyect.afiliadorams.com.appafiliado,benign,0,0.09228420924964643,0,benign
edu.synthetic.androzoo.malware.dropper_loader.0661,malware,1,0.024141037007846353,0,benign
edu.synthetic.androzoo.malware.adware_clicker.0698,malware,1,0.25075269930613375,0,benign
com.cinkate.rmd,malware,1,0.5097643697943383,1,malware
nl.wienelware.calligraphydesignideas.app,benign,0,0.3764837287109784,0,benign
com.cgff.moutned.horseback.police.chase,benign,0,0.729813901436417,1,malware
com.playcurio.safariar,benign,0,0.6693491945020729,1,malware
com.mini.mixed.color,malware,1,0.27656910559400877,0,benign
com.wyt.iexuetang.hd.xxwkt,malware,1,0.009294192661495615,0,benign
hivebrite.gabv_community.app,benign,0,0.24801798651511422,0,benign
com.dnm.radioeuskirchen,benign,0,0.8902454206736072,1,malware
com.subsplashconsulting.s_V97894,benign,0,0.9931709053097699,1,malware
com.boomradio.player,benign,0,0.47839173178121536,0,benign
com.brilian.studyx.student,benign,0,0.8649564796940457,1,malware
edu.synthetic.androzoo.malware.adware_clicker.1022,malware,1,0.9872757731978118,1,malware
es.odilo.capodilo,benign,0,0.9975409334964835,1,malware
com.flexaspect.android.everycallcontrol,benign,0,0.6845503234288403,1,malware
edu.synthetic.androzoo.malware.wallet_stealer.1383,malware,1,0.9999851164825384,1,malware
edu.eduhk.emobileapp,benign,0,0.9553959529283936,1,malware
com.dav_vizag.school,benign,0,0.2716093666602894,0,benign
com.mintgames.matchfind3d,benign,0,1.0,1,malware
edu.synthetic.androzoo.malware.ransomware_locker.1364,malware,1,0.5336169381733725,1,malware
jp.jmty.app2,benign,0,5.791654871780268e-09,0,benign
com.t2s.spicegarden792960,benign,0,0.9231264551478945,1,malware
com.looped.pos.looped_pos_new,benign,0,0.9945335847549713,1,malware
net.xinhuamm.d3074,malware,1,0.9999999999191269,1,malware
edu.synthetic.androzoo.malware.wallet_stealer.0454,malware,1,0.9952744370739829,1,malware
edu.synthetic.androzoo.malware.banker_accessibility.1845,malware,1,0.9817540672613949,1,malware
edu.synthetic.androzoo.malware.spyware_surveillance.0648,malware,1,0.9999999420586971,1,malware
pf.isi.TiareFM,benign,0,0.9980262959671583,1,malware
edu.synthetic.androzoo.malware.banker_accessibility.0271,malware,1,0.9932132380249077,1,malware
net.freshgogo.android,malware,1,0.9639869186642995,1,malware
io.voodoo.paper2,benign,0,0.48326524608759136,0,benign
com.sinyee.babybus.numberwriter,benign,0,0.2842245380934135,0,benign
com.sybogames.subway.surfers.game,benign,0,0.9047413336205034,1,malware
edu.synthetic.androzoo.malware.banker_accessibility.1353,malware,1,0.9999969668159407,1,malware
bibogames.fill.oneline,benign,0,0.9969858053712095,1,malware
edu.synthetic.androzoo.malware.spyware_surveillance.0890,malware,1,0.999997044833896,1,malware
com.pujiagames.ennichi,malware,1,0.6769056397852724,1,malware
com.zsjoinblob.sfclash.yyh,malware,1,0.9837279583183351,1,malware
mf.myeg.com.eservicemobile,benign,0,0.8875847212713721,1,malware
com.fissa.scan,benign,0,0.15868986205987176,0,benign
edu.synthetic.androzoo.malware.wallet_stealer.0277,malware,1,0.992862267155859,1,malware
com.iq.brain.out.ly,malware,1,0.9834466284823121,1,malware
edu.synthetic.androzoo.malware.wallet_stealer.1648,malware,1,0.9863773647145361,1,malware
com.modeleon.northernlightsalert,benign,0,0.3210019191170223,0,benign
com.etips.tatemodern.travel.guide,benign,0,0.982982483932203,1,malware
academy.gocrypto.trading,benign,0,0.9985750522792167,1,malware
edu.synthetic.androzoo.malware.ransomware_locker.0306,malware,1,0.8020607760167626,1,malware
edu.synthetic.androzoo.malware.ransomware_locker.1572,malware,1,0.16125157806179855,0,benign
edu.synthetic.androzoo.malware.ransomware_locker.1857,malware,1,0.4990360345942774,0,benign
com.efun.cnbh.android,malware,1,0.8274289656363675,1,malware
com.wink.android.weather,benign,0,0.9999044816649765,1,malware
com.bootmod3.mobile,benign,0,0.9829304227422755,1,malware
jp.co.imagineer.sumikkogurashi.kids,benign,0,0.20157199666994502,0,benign
com.rhmsoft.edit,benign,0,0.9999385983318557,1,malware
edu.synthetic.androzoo.malware.banker_accessibility.0079,malware,1,0.9317560874304449,1,malware
net.wordbit.itpt,benign,0,0.9999999921095452,1,malware
dev.langhoangal.mindfulness_bell,benign,0,0.982902151697311,1,malware
edu.synthetic.androzoo.malware.banker_accessibility.1186,malware,1,0.9999929561670896,1,malware
edu.synthetic.androzoo.malware.wallet_stealer.0159,malware,1,0.9999474218955028,1,malware
com.chirayusoft.thashnabullion,benign,0,0.40183382379530064,0,benign
com.xd.impostor.alphabet,benign,0,0.26292243145572175,0,benign
com.india.manomay,benign,0,0.7687899107503645,1,malware
digifit.android.virtuagym.pro.personaltrainingastensomeren,benign,0,0.2325204141988106,0,benign
com.funstay.android.global.idlerpgv1,benign,0,0.15339877649555203,0,benign
com.maxtoolbox.rot,malware,1,0.18157704465400093,0,benign
com.mspy.lite,malware,1,0.8659389531734804,1,malware
com.darkwind.nucarnival,benign,0,0.26266701371601203,0,benign
jp.stageinc.app.blue,benign,0,0.4187788453677458,0,benign
edu.synthetic.androzoo.malware.banker_accessibility.1644,malware,1,0.973838819948905,1,malware
com.cashaa.app,benign,0,0.879129715786004,1,malware
jp.factoryjapan.fjg,benign,0,0.08204626125641544,0,benign
com.marinahome,benign,0,0.4068144248772363,0,benign
com.hqgames.pencil.sketch.photo,benign,0,1.0,1,malware
edu.synthetic.androzoo.malware.spyware_surveillance.1241,malware,1,0.9999992538598786,1,malware
com.soap.awaygo.yyh,malware,1,0.918478989921882,1,malware
jp.co.techmatrix.tsumugino,benign,0,0.9830610392246496,1,malware
com.inyad.store,benign,0,1.0906974340214838e-14,0,benign
edu.synthetic.androzoo.malware.spyware_surveillance.1113,malware,1,0.9999998710438667,1,malware
com.is.vitllinkSOS,malware,1,0.0029422612961260857,0,benign
io.plagap.com,benign,0,0.8166700698130992,1,malware
com.cafe24.ec.plustitad,benign,0,0.9999026929145548,1,malware
com.gds.tennis.master.clash.mini.games.offline,benign,0,0.11079838193592272,0,benign
com.wnqncivu.renpeo,malware,1,0.9888355989064533,1,malware
edu.synthetic.androzoo.malware.adware_clicker.1247,malware,1,0.7639162874312729,1,malware
edu.synthetic.androzoo.malware.overlay_pin_stealer.0696,malware,1,0.9999995434948584,1,malware
com.ht96.trongdaotran.dongyapplication,benign,0,0.9999894391053896,1,malware
com.careem.acma,benign,0,0.9996659220442712,1,malware
com.dragon.coloring.Coloringbook,benign,0,0.14034675774965436,0,benign
com.pulu.popforest,benign,0,0.116656001123681,0,benign
com.chat.dominicano,malware,1,0.7572354520959573,1,malware
edu.synthetic.androzoo.malware.ransomware_locker.1693,malware,1,0.9898217127248329,1,malware
com.ordogames.anomalydayzero,benign,0,0.17934805876605858,0,benign
a882902.mcn,benign,0,0.9999999999999996,1,malware
com.tellurionmobile.aliencraftpro,malware,1,0.4559542658955122,0,benign
online.wsticker,benign,0,0.39049908871640704,0,benign
com.drbrosdev.qrscannerfromlib,benign,0,0.9355287934063381,1,malware
edu.synthetic.androzoo.malware.wallet_stealer.1198,malware,1,0.9970948476346683,1,malware
edu.synthetic.androzoo.malware.spyware_surveillance.1820,malware,1,0.9999999995192761,1,malware
edu.synthetic.androzoo.malware.ransomware_locker.1155,malware,1,0.9994007844460622,1,malware
com.litegames.farkle,benign,0,0.03799730197845558,0,benign
edu.synthetic.androzoo.malware.wallet_stealer.1406,malware,1,0.9975672814019981,1,malware
cc.rs.gc,malware,1,0.9999999999999782,1,malware
com.grokker,benign,0,0.6536660009943086,1,malware
com.MiniCo.UltraFarmingTractorTrucks,benign,0,0.7543004311171049,1,malware
fr.ina.madelen,benign,0,0.5911719086672365,1,malware
com.asobimo.avars,benign,0,0.1355413548521829,0,benign
com.ionic.enginehire,benign,0,0.8570352907051948,1,malware
com.ultrahuman.android,benign,0,0.9973245989536128,1,malware
com.erow.stickman.dismount,malware,1,0.9867560996487558,1,malware
com.keeson.hotelmanagement,malware,1,0.1290188536832663,0,benign
edu.synthetic.androzoo.malware.wallet_stealer.0302,malware,1,0.999892645465422,1,malware
edu.synthetic.androzoo.malware.sms_otp_stealer.0847,malware,1,0.999982306874466,1,malware
com.travellink,benign,0,0.47123120043172617,0,benign
webviewgold.sole,benign,0,0.8399960492376447,1,malware
com.fruit.hexa.sort,benign,0,0.144626298251643,0,benign
com.desirepk.mountain.hitman.project.assasin.apps,malware,1,0.8215884430026357,1,malware
edu.synthetic.androzoo.malware.overlay_pin_stealer.0588,malware,1,0.9998036870652678,1,malware
edu.synthetic.androzoo.malware.dropper_loader.0399,malware,1,0.7368892646754186,1,malware
com.meemcolart.dumptruck.passenger,benign,0,0.9949145142018653,1,malware
com.mmis.Envi,benign,0,0.9325824891475918,1,malware
com.ellabook,malware,1,0.9999999999999991,1,malware
com.coyoapp.comtsnet.engage.android,benign,0,0.6371712636876088,1,malware
tv.uscreen.thewkout,benign,0,0.8670755823644978,1,malware
at.csd.emurmuru,benign,0,0.4250196355455518,0,benign
com.kk.xx.sleepnoise,malware,1,0.9620763256682919,1,malware
edu.synthetic.androzoo.malware.dropper_loader.1539,malware,1,0.7916398690343753,1,malware
com.good.xuanyuan.appchina,malware,1,0.982940211330908,1,malware
com.sankuai.sailor.afooddelivery,benign,0,1.0,1,malware
edu.synthetic.androzoo.malware.overlay_pin_stealer.0559,malware,1,0.999832688153847,1,malware
edu.synthetic.androzoo.malware.banker_accessibility.1266,malware,1,0.9714571305041314,1,malware
edu.synthetic.androzoo.malware.dropper_loader.1102,malware,1,0.999996643766109,1,malware
com.nobrainstate.city.construction.building.game,benign,0,0.8446053633960889,1,malware
edu.synthetic.androzoo.malware.spyware_surveillance.0788,malware,1,0.9999999994111994,1,malware
edu.synthetic.androzoo.malware.ransomware_locker.1836,malware,1,0.9915496365256048,1,malware
com.theblackbit.animemania.android,benign,0,0.0495687226416531,0,benign
edu.synthetic.androzoo.malware.dropper_loader.0480,malware,1,0.9562034644454744,1,malware
com.pdfeditor.pdfeditorandriod,benign,0,0.982786028079694,1,malware
com.knew.feed,malware,1,0.8565446167035585,1,malware
edu.synthetic.androzoo.malware.ransomware_locker.1859,malware,1,0.9715774668677803,1,malware
com.onefitstop.kettlefit,benign,0,0.9928209529972268,1,malware
edu.synthetic.androzoo.malware.dropper_loader.1463,malware,1,0.001582364843131872,0,benign
edu.synthetic.androzoo.malware.banker_accessibility.1890,malware,1,0.9998118795683619,1,malware
com.gamaxgamesidc.clashofcrimemafiagang,malware,1,0.9653944163795021,1,malware
edu.synthetic.androzoo.malware.adware_clicker.0960,malware,1,0.01588871586368358,0,benign
edu.synthetic.androzoo.malware.ransomware_locker.1217,malware,1,0.47498608059849295,0,benign
com.RBHAccess.Integra32AxiomLiteMobile,benign,0,0.03144347961977121,0,benign
edu.synthetic.androzoo.malware.spyware_surveillance.0726,malware,1,0.9999999981331149,1,malware
kvp.jjy.smartSafePayment,benign,0,0.044069616951479276,0,benign
digifit.android.virtuagym.pro.fundacionriasdosur,benign,0,0.2194565744421894,0,benign
tech.foys.ska,benign,0,0.9999936233446779,1,malware
com.sdf.untitled,benign,0,0.9896998464771982,1,malware
com.greenapes.horizontalandroid,benign,0,0.9994367927537806,1,malware
com.apptegy.conawayar,benign,0,0.0019239205436101352,0,benign
com.project43.isei,benign,0,0.7106502429184531,1,malware
com.lutech.applock,malware,1,0.9999999999999762,1,malware
edu.synthetic.androzoo.malware.banker_accessibility.0532,malware,1,0.9981017803721014,1,malware
edu.synthetic.androzoo.malware.ransomware_locker.0530,malware,1,0.8252128520668909,1,malware
edu.synthetic.androzoo.malware.overlay_pin_stealer.0776,malware,1,0.9999712570672513,1,malware
com.anacity,benign,0,0.5973573665319467,1,malware
com.seacloud.bc,benign,0,0.010890721703976888,0,benign
edu.synthetic.androzoo.malware.ransomware_locker.1388,malware,1,0.9917839751417189,1,malware
io.ionic.kuentro,benign,0,0.02447889523521427,0,benign
com.allup.ufc,benign,0,0.6677729415025963,1,malware
com.fronius.solarweb,benign,0,0.9368233354118196,1,malware
cn.museedu.iden,benign,0,0.4143181543398127,0,benign
edu.synthetic.androzoo.malware.adware_clicker.0234,malware,1,0.1699831351429483,0,benign
com.bartering.forsa,benign,0,0.48600468961397736,0,benign
edu.synthetic.androzoo.malware.banker_accessibility.0981,malware,1,0.9877046158407614,1,malware
app.louga.vocabulary,benign,0,0.9999935838390955,1,malware
com.umeox.qibla,malware,1,0.005530257171372592,0,benign
com.KLP.RZG,benign,0,0.7781605049355517,1,malware
mobi.easyorderapp.keurslagerclaudeisabelle,benign,0,0.9999935797872678,1,malware
edu.synthetic.androzoo.malware.spyware_surveillance.0460,malware,1,0.9999933538512524,1,malware
edu.synthetic.androzoo.malware.banker_accessibility.0606,malware,1,0.9996534649764237,1,malware
eka.care.doctor,benign,0,0.9999683644832793,1,malware
edu.synthetic.androzoo.malware.wallet_stealer.0397,malware,1,0.9550093598343398,1,malware
com.foodient.whisk,benign,0,0.9999998928733688,1,malware
com.lijianqiang12.silent,malware,1,0.1487217065057831,0,benign
edu.synthetic.androzoo.malware.ransomware_locker.0202,malware,1,0.999999913069977,1,malware
com.aichess.ball,malware,1,0.8381902634404383,1,malware
com.scloud.scloud.mobile,benign,0,0.9999951823012265,1,malware
com.spond.spond,benign,0,0.999994289551721,1,malware
edu.synthetic.androzoo.malware.ransomware_locker.1121,malware,1,0.9239249033251815,1,malware
edu.synthetic.androzoo.malware.overlay_pin_stealer.0372,malware,1,0.9920236039992707,1,malware
com.upjers.molehillempire2,benign,0,0.4636067515732282,0,benign
edu.synthetic.androzoo.malware.banker_accessibility.1274,malware,1,0.9999999921250625,1,malware
edu.synthetic.androzoo.malware.banker_accessibility.0083,malware,1,0.9933815929846733,1,malware
com.rytong.hnair,malware,1,0.8708081612374506,1,malware
edu.synthetic.androzoo.malware.banker_accessibility.0047,malware,1,0.6817230876217512,1,malware
com.suchgamesmuchwow.readysetcat,malware,1,0.6318813534631685,1,malware
com.asgarvpn.asgar2023,malware,1,0.0853108864049167,0,benign
com.cafe24.ec.pluspmkcrew,benign,0,0.982941312483372,1,malware
com.mventus.selfcare.activity,benign,0,0.8307717368419584,1,malware
edu.synthetic.androzoo.malware.spyware_surveillance.1371,malware,1,0.9999999689713931,1,malware
com.vicsothemes.hebrewforbeginners,benign,0,0.9600941481670299,1,malware
by.gov.mns.mobile.selfemployed,benign,0,0.5816310162427457,1,malware
edu.synthetic.androzoo.malware.sms_otp_stealer.0092,malware,1,0.9999999900075182,1,malware
edu.synthetic.androzoo.malware.wallet_stealer.0534,malware,1,0.9999948923558056,1,malware
net.nightdevsolutions.easy_catalog,benign,0,0.48442478035700254,0,benign
com.prashantsj.apps.movietitlegame,benign,0,0.9570686103055684,1,malware
com.mazidashi.cs,malware,1,0.8371775727954992,1,malware
edu.synthetic.androzoo.malware.wallet_stealer.0064,malware,1,0.9998860205683489,1,malware
edu.synthetic.androzoo.malware.adware_clicker.0754,malware,1,0.06837681985318543,0,benign
com.linecorp.b612.android,malware,1,0.9593703065660916,1,malware
jp.co.mixi.karasta,benign,0,0.842764041288716,1,malware
com.edanadservicecooperativebank.mobileapplcation,benign,0,0.7348115310221638,1,malware
edu.synthetic.androzoo.malware.ransomware_locker.1472,malware,1,0.10724020698004612,0,benign
edu.synthetic.androzoo.malware.dropper_loader.1509,malware,1,0.1253593613127643,0,benign
edu.synthetic.androzoo.malware.banker_accessibility.1887,malware,1,0.9994375867202663,1,malware
com.ideas.guide.diy.origami.stepbystep3,malware,1,0.2627438984561424,0,benign
com.hero.legend.mmo,benign,0,1.0,1,malware
com.motorbike.driving.simulator,malware,1,0.7527513375479628,1,malware
com.trainerize.fitlifeparenting,benign,0,0.9152469078220735,1,malware
com.mixgo.PropertySEO,benign,0,0.692935303855011,1,malware
com.mobincube.promesas_biblicas.sc_HYL5R8,malware,1,0.9998479074761851,1,malware
edu.synthetic.androzoo.malware.ransomware_locker.1651,malware,1,0.9302549572956436,1,malware
com.publink.shb.app,benign,0,0.9999923151797977,1,malware
pl.fitollo,benign,0,0.9975500375447246,1,malware
edu.synthetic.androzoo.malware.overlay_pin_stealer.1919,malware,1,0.999997694733728,1,malware
net.playtouch.myponymlr,benign,0,1.0,1,malware
digifit.android.virtuagym.pro.nul40fitbv,benign,0,0.9999143180948965,1,malware
com.my.browserplus,malware,1,0.8337522492007458,1,malware
edu.synthetic.androzoo.malware.ransomware_locker.1151,malware,1,0.7302828109359408,1,malware
edu.synthetic.androzoo.malware.dropper_loader.1523,malware,1,0.09607731733288498,0,benign
com.hanbiro.groupware.android.tablet,benign,0,0.9827596538522715,1,malware
com.appcano.catchphrase,benign,0,0.10971874731640303,0,benign
edu.synthetic.androzoo.malware.banker_accessibility.0305,malware,1,0.9999999999983566,1,malware
com.alaeat.customer.android.fujigongcha,benign,0,0.9828341811189305,1,malware
com.karim.timerunner,benign,0,0.1295706749805995,0,benign
com.lypro.motto,malware,1,0.9985298674300122,1,malware
com.lovebeat.v2.name,benign,0,0.6273011171552905,1,malware
com.genesys.purecloud.collaborate,benign,0,0.18263788350066013,0,benign
gtpay.gtronicspay.com,benign,0,0.8733427523022635,1,malware
net.lionbird.google.holyChristmasEvolutionTale,malware,1,0.9968140029374424,1,malware
edu.synthetic.androzoo.malware.sms_otp_stealer.0012,malware,1,0.9999969570433987,1,malware
edu.synthetic.androzoo.malware.dropper_loader.0852,malware,1,1.0,1,malware
com.haunted.silentinvade,malware,1,0.08084310603455137,0,benign
cashcow.app,benign,0,0.8730532669433175,1,malware
com.subsplash.thechurchapp.fellowshipbiblechurchtopeka,benign,0,0.0932060059778713,0,benign
com.canine.flash.flicker,malware,1,0.18076860490633007,0,benign
com.intuiface.playernextgen,benign,0,0.23196702336398872,0,benign
com.vplus.learnoldnorsefree,benign,0,0.11016581494839335,0,benign
edu.synthetic.androzoo.malware.dropper_loader.0474,malware,1,0.735944697971715,1,malware
com.trainerize.harrythorncoachingapp,benign,0,0.9423966831023357,1,malware
edu.synthetic.androzoo.malware.overlay_pin_stealer.1660,malware,1,0.9899207067589962,1,malware
nl.serviceapotheek.serviceapotheek_app,benign,0,0.9428411981327041,1,malware
com.mgsstudio.ownteleportpe,malware,1,0.9891922282067229,1,malware
com.ArtSoft.EscapeofHorror,benign,0,0.9211235739623449,1,malware
edu.synthetic.androzoo.malware.banker_accessibility.0705,malware,1,0.9999980727094414,1,malware
ch.ultrastark.leuk,benign,0,0.7471916854336614,1,malware
cn.jiedh.app.jiedaihui,malware,1,0.9999999999998863,1,malware
com.smg.snow.blower.truck.simulator,benign,0,0.5041208656779166,1,malware
com.christmas.funny.happy.festival.paint.coloring.game,benign,0,0.9519392782117281,1,malware
com.cabtime.android.customerApp,benign,0,0.12995663698307475,0,benign
com.pro.viatime,benign,0,0.9999934901085623,1,malware
edu.synthetic.androzoo.malware.dropper_loader.0902,malware,1,0.7712737865865607,1,malware
edu.synthetic.androzoo.malware.dropper_loader.1310,malware,1,0.874955392996015,1,malware
edu.synthetic.androzoo.malware.wallet_stealer.0950,malware,1,0.9999666482906803,1,malware
edu.synthetic.androzoo.malware.overlay_pin_stealer.1512,malware,1,0.9977864804940003,1,malware
gallery.hidepictures.photovault.lockgallery,benign,0,0.9999999932137988,1,malware
edu.synthetic.androzoo.malware.spyware_surveillance.0437,malware,1,0.9999999999450753,1,malware
picedit.traslatekeyboard.manglishkeyboard,benign,0,0.23244703877265507,0,benign
edu.synthetic.androzoo.malware.dropper_loader.1813,malware,1,0.029725570545049377,0,benign
edu.synthetic.androzoo.malware.dropper_loader.1448,malware,1,0.9976571259787054,1,malware
org.xbasoft.master_mind,benign,0,0.949130409228753,1,malware
edu.synthetic.androzoo.malware.spyware_surveillance.1090,malware,1,0.9999999999998967,1,malware
com.eetop.bewt.liveapp,malware,1,0.9897996113801542,1,malware
com.CSfroufrou.android,benign,0,0.09689654124563028,0,benign
edu.synthetic.androzoo.malware.dropper_loader.0130,malware,1,0.006304196812703474,0,benign
fr.koust.applicationkoust,benign,0,0.82220965140297,1,malware
com.touchnote.android,benign,0,2.484112438451459e-123,0,benign
de.steinborn_online.apps.envelopepunchboard,malware,1,0.054203318669341145,0,benign
edu.synthetic.androzoo.malware.wallet_stealer.0095,malware,1,0.9535960431449125,1,malware
com.iem.sem.webview,benign,0,0.1525687390432048,0,benign
mobi.shoumeng.smtank,malware,1,0.528244075554815,1,malware
com.sinyee.babybus.number,malware,1,0.999990905195805,1,malware
com.houyikj.appocr,malware,1,0.734038120180489,1,malware
edu.synthetic.androzoo.malware.sms_otp_stealer.1092,malware,1,0.9999999963119826,1,malware
de.keleya.app,benign,0,0.016667620911328108,0,benign
edu.synthetic.androzoo.malware.wallet_stealer.0651,malware,1,0.9977776639308688,1,malware
edu.synthetic.androzoo.malware.overlay_pin_stealer.1716,malware,1,0.9994394870699247,1,malware
app.dls.go,benign,0,0.9429332330508362,1,malware
com.neat.escapegallery,malware,1,0.9885377818293548,1,malware
rocks.konzertmeister.Production,benign,0,0.3444073473497307,0,benign
su.prtv.tvapp,benign,0,0.019397287174971328,0,benign
com.mirmeapp,benign,0,0.23729578579086924,0,benign
edu.synthetic.androzoo.malware.ransomware_locker.0327,malware,1,0.9971132560842272,1,malware
com.zyberchief.mindfuel.danmark,benign,0,0.9981744635268337,1,malware
com.dengtadoctor.bjyuyue,malware,1,0.03943572162696993,0,benign
edu.synthetic.androzoo.malware.spyware_surveillance.0201,malware,1,0.999999999988231,1,malware
com.subsplashconsulting.s_RQ4SNH,benign,0,0.9975242355757504,1,malware
cn.weposter,malware,1,0.11439110035556786,0,benign
com.sugamobile.santapocket,benign,0,0.9990804748189122,1,malware
com.nhl.gc1112.free,benign,0,0.9997820749149277,1,malware
org.wycliffe.zapotecoistmo.zai,benign,0,0.6743906691975537,1,malware
com.qilu.studio.CrystalGuard,benign,0,0.9967597799370281,1,malware
edu.synthetic.androzoo.malware.sms_otp_stealer.1833,malware,1,0.9999948214403227,1,malware
cn.tsign.esign,malware,1,0.8198498195546357,1,malware
com.puzzle.find.differences,benign,0,0.26892685950520534,0,benign
edu.synthetic.androzoo.malware.spyware_surveillance.1401,malware,1,0.9999999866875913,1,malware
com.henteri.addressfinder,benign,0,0.10413819342357138,0,benign
com.demaecan.shop.manager,benign,0,0.5348526702034226,1,malware
com.infomat.starter,benign,0,0.3186373876828637,0,benign
com.igindis.latinamericaempire2027,benign,0,0.9998272976039081,1,malware
com.mindverse.mebot,benign,0,0.6956212126426866,1,malware
com.enovation.greentinsolutions,benign,0,0.9967071432205302,1,malware
conversor.conversaotaxasbasico.clptop,benign,0,0.9999999999999847,1,malware
edu.synthetic.androzoo.malware.spyware_surveillance.0970,malware,1,0.9999999910471554,1,malware
edu.synthetic.androzoo.malware.banker_accessibility.1283,malware,1,0.9773969179546518,1,malware
com.appsmart.delivery.restaurantgrillzumhollander15810,benign,0,0.19054285950898914,0,benign
edu.synthetic.androzoo.malware.dropper_loader.0718,malware,1,0.004411881122113461,0,benign
edu.synthetic.androzoo.malware.overlay_pin_stealer.1391,malware,1,1.0,1,malware
com.MonsterPlanet.MrHero,benign,0,0.8561653174949351,1,malware
edu.synthetic.androzoo.malware.ransomware_locker.0906,malware,1,0.42314803780646004,0,benign
com.yayskool.yayconnect,benign,0,0.12429180555476675,0,benign
edu.synthetic.androzoo.malware.dropper_loader.1260,malware,1,0.13311232105812182,0,benign
edu.synthetic.androzoo.malware.overlay_pin_stealer.1794,malware,1,0.9977359873913112,1,malware
com.lambtongames.pokerjumble,benign,0,0.97021481249909,1,malware
com.cf_holding.mint.app,benign,0,0.9984220999097861,1,malware
com.ycay,malware,1,0.8337244282153045,1,malware
edu.synthetic.androzoo.malware.sms_otp_stealer.1097,malware,1,0.9999997898486572,1,malware
edu.synthetic.androzoo.malware.banker_accessibility.1070,malware,1,0.9852697809177976,1,malware
ai.chat.gpt.bot,malware,1,1.8145382170407753e-13,0,benign
club.betnow.coral,benign,0,0.2928182854373144,0,benign
appinventor.ai_darkvid3r.fiducia,benign,0,0.028769079414421604,0,benign
com.fahrtenbuch.carlogbook,benign,0,0.2447640508552374,0,benign
archer.defender.bow,benign,0,0.25583408356129667,0,benign
edu.synthetic.androzoo.malware.adware_clicker.0710,malware,1,0.9999997701146506,1,malware
com.greenrevolution.ivelo,benign,0,0.999999999999968,1,malware
com.lishi.shengyu,malware,1,0.14028420774715952,0,benign
com.vgrstudios.Birdphotoeditor,benign,0,0.8085499618696351,1,malware
com.phorest.harperandstrand,benign,0,0.999999998064709,1,malware
com.pen.paper.note,benign,0,0.47354865523917095,0,benign
com.bimiboo.drawing,benign,0,0.11133545919052386,0,benign
com.qubits.fw3.tb,benign,0,0.934964756009695,1,malware
edu.synthetic.androzoo.malware.dropper_loader.0938,malware,1,0.999522355582633,1,malware
com.guusto.guusto,benign,0,0.1555819692378265,0,benign
edu.synthetic.androzoo.malware.ransomware_locker.1028,malware,1,0.9996514470196755,1,malware
com.shiyoujiliangdj.weilaikeji,malware,1,0.9826489035686132,1,malware
com.nupuit.qRegisteredDietitian,benign,0,0.9977546920131019,1,malware
edu.synthetic.androzoo.malware.wallet_stealer.0752,malware,1,0.9999995700246319,1,malware
com.skyblue.pra.wrkf,benign,0,0.00012793884143860688,0,benign
com.alreef.app,benign,0,0.999736827504444,1,malware
kr.co.nhcapital,benign,0,1.0,1,malware
studio.biom.app,benign,0,0.08515328115925568,0,benign
edu.synthetic.androzoo.malware.overlay_pin_stealer.0317,malware,1,0.895662963336873,1,malware
com.nodemerger.class9thengbook,benign,0,0.08977216004835463,0,benign
edu.synthetic.androzoo.malware.overlay_pin_stealer.0690,malware,1,0.9987510628011692,1,malware
air.EscapeBackyardNow,malware,1,0.6227835786329791,1,malware
com.i89trillion.animal.land,benign,0,1.3265589615331457e-13,0,benign
wap.ccw.shuxue,malware,1,0.9984889219576772,1,malware
edu.synthetic.androzoo.malware.banker_accessibility.0248,malware,1,0.9966166904318053,1,malware
edu.synthetic.androzoo.malware.overlay_pin_stealer.0076,malware,1,0.9994078793721709,1,malware
edu.synthetic.androzoo.malware.dropper_loader.0996,malware,1,0.015891051995402337,0,benign
edu.synthetic.androzoo.malware.sms_otp_stealer.0762,malware,1,0.9999999983552552,1,malware
com.trackingtopia.seoulairportguide,benign,0,1.0,1,malware
com.siyangxunfei.chenyang.sharetrack,benign,0,0.3714061676201674,0,benign
edu.synthetic.androzoo.malware.spyware_surveillance.1592,malware,1,0.99999748455472,1,malware
edu.synthetic.androzoo.malware.spyware_surveillance.0749,malware,1,0.9999999996684943,1,malware
com.zyxr.home.toulfhome,malware,1,0.9999990896264478,1,malware
edu.synthetic.androzoo.malware.spyware_surveillance.1640,malware,1,0.9999997729312515,1,malware
edu.synthetic.androzoo.malware.banker_accessibility.1709,malware,1,0.8832590302816825,1,malware
com.alexandrefreitas.flutterProfile,benign,0,0.9598098645876849,1,malware
com.subsplash.thechurchapp.worship,benign,0,0.9901892047160307,1,malware
edu.synthetic.androzoo.malware.spyware_surveillance.1399,malware,1,0.9999999999683953,1,malware
com.barringtontv.android.wach,benign,0,1.1305241582774283e-10,0,benign
com.gaminations.murlan,benign,0,0.21483571632758774,0,benign
com.cargo.gel,benign,0,0.27022411515596484,0,benign
net.ays.PROD558317,benign,0,0.45379213015464354,0,benign
az.foodsoul.c82,benign,0,0.17858783143683202,0,benign
com.hitachi.netcs.sh,benign,0,0.9989703662976762,1,malware
edu.synthetic.androzoo.malware.overlay_pin_stealer.0505,malware,1,0.9995776165112465,1,malware
edu.synthetic.androzoo.malware.overlay_pin_stealer.1487,malware,1,0.9946249619967048,1,malware
org.me.mobiexpensifyg,benign,0,0.146241310384559,0,benign
com.leqi.ProfessionalIDPhoto,malware,1,0.2839220277417565,0,benign
com.xingluo.allcolor,malware,1,0.2223176440406909,0,benign
com.kk.game.bubble,malware,1,0.9608684770968675,1,malware
com.asmr.doctor.diy.makeup.salon.games,benign,0,0.20115344525179316,0,benign
edu.synthetic.androzoo.malware.banker_accessibility.0681,malware,1,0.999896447729288,1,malware
com.youth4work.BHU_TEST,benign,0,0.2092956246034782,0,benign
edu.synthetic.androzoo.malware.ransomware_locker.0303,malware,1,0.36351603021538165,0,benign
com.genie9.intelli,malware,1,0.9991009673117938,1,malware
edu.synthetic.androzoo.malware.overlay_pin_stealer.0840,malware,1,0.9999999989613604,1,malware
com.titanarrow.idle.farm.tycoon.farming.empire,benign,0,0.9989016258056307,1,malware
com.passionair.biletsatis,benign,0,0.9835125540862871,1,malware
edu.synthetic.androzoo.malware.banker_accessibility.0748,malware,1,0.9997811488613929,1,malware
com.subsplash.thechurchapp.s_CTCWBD,benign,0,0.00019090158882262872,0,benign
com.m360.android.elsiesante,benign,0,0.999892174672034,1,malware
edu.synthetic.androzoo.malware.banker_accessibility.0579,malware,1,0.9994013490656166,1,malware
edu.synthetic.androzoo.malware.ransomware_locker.1589,malware,1,0.9787996100141737,1,malware
com.jai.connect,benign,0,0.0755529707970593,0,benign
com.creativefungames.crashdummy3d,benign,0,0.7774281087019986,1,malware
com.rg.stickman.escape.thief.puzzle,benign,0,0.1719231450198236,0,benign
com.keyautomation.kubeuf.key,benign,0,0.9975291818727219,1,malware
edu.synthetic.androzoo.malware.banker_accessibility.0122,malware,1,0.999025442028042,1,malware
com.apptegy.peoriail,benign,0,0.9876782612080499,1,malware
com.transsion.healthlife,benign,0,0.9493141303794956,1,malware
edu.synthetic.androzoo.malware.dropper_loader.0942,malware,1,0.0047953539893149655,0,benign
com.sbi.cariloha,malware,1,0.10251319845918322,0,benign
com.example.bt.xiaowu,malware,1,0.14073807704063643,0,benign
jp.co.jreast.jrepoint,benign,0,0.9878711105040059,1,malware
edu.synthetic.androzoo.malware.spyware_surveillance.0325,malware,1,0.9999999969972357,1,malware
com.pacific.hometeam,benign,0,0.9204467816520535,1,malware
org.wikipedia,benign,0,0.4749800148408401,0,benign
edu.synthetic.androzoo.malware.wallet_stealer.1312,malware,1,0.9998681031329528,1,malware
edu.synthetic.androzoo.malware.overlay_pin_stealer.0366,malware,1,0.9974409193524504,1,malware
edu.synthetic.androzoo.malware.banker_accessibility.0282,malware,1,0.9453262363905816,1,malware
com.meishe.videoshow,malware,1,0.9991020834885396,1,malware
com.zeptolab.myomnom.free.google,malware,1,1.0,1,malware
edu.synthetic.androzoo.malware.overlay_pin_stealer.0512,malware,1,0.9980257480505134,1,malware
embroidery.design.app.tutorial,benign,0,0.4566314695719365,0,benign
com.hccp.studygateway,benign,0,0.1781711077961397,0,benign
com.outloudapps.kuulorata,benign,0,0.9563316128549295,1,malware
com.bettertomorrowapps.camerablockfree,benign,0,0.999999997828293,1,malware
com.magzter.agridoctor,benign,0,0.7985427685954581,1,malware
com.hotelscombined.mobile,benign,0,0.8045990577336607,1,malware
edu.synthetic.androzoo.malware.dropper_loader.0523,malware,1,0.9228638755111042,1,malware
com.ThreeCatGames.HamsterAttack,malware,1,0.3747941907851949,0,benign
be.persgroep.red.mobile.android.daz,benign,0,0.9102445237119201,1,malware
edu.synthetic.androzoo.malware.overlay_pin_stealer.0919,malware,1,0.9803535844024233,1,malware
edu.synthetic.androzoo.malware.sms_otp_stealer.1182,malware,1,0.9999999805932654,1,malware
edu.synthetic.androzoo.malware.spyware_surveillance.0275,malware,1,0.9999999931007697,1,malware
com.faneganr.waygo.yyh,malware,1,0.9984067354071237,1,malware
edu.synthetic.androzoo.malware.spyware_surveillance.0422,malware,1,0.9999998825303642,1,malware
com.iappsbeats.bbuilder,benign,0,0.4484566171306422,0,benign
com.valentinewatchface.valentinesday.watchface,benign,0,1.0,1,malware
srl.kyas.fixbean,benign,0,1.0,1,malware
en.mk.bestdict,benign,0,0.5064384350486069,1,malware
edu.synthetic.androzoo.malware.adware_clicker.1199,malware,1,0.9853213481040335,1,malware
edu.synthetic.androzoo.malware.sms_otp_stealer.1570,malware,1,0.9999964370570463,1,malware
edu.synthetic.androzoo.malware.ransomware_locker.0034,malware,1,0.9998256619713008,1,malware
com.wbr.worldofbattleship.ly,malware,1,0.17513264361473754,0,benign
com.ibuild.isaving,benign,0,0.48065837537641165,0,benign
com.subsplashconsulting.s_5PXTR6,benign,0,0.9999841563591598,1,malware
com.sagi.barrett,benign,0,0.7378977189115054,1,malware
com.abi.royalcarcustom,benign,0,0.9509449112524071,1,malware
edu.synthetic.androzoo.malware.dropper_loader.0310,malware,1,0.012085588519813931,0,benign
com.huaien.LiftCommemorate,malware,1,0.15463690812095768,0,benign
cn.wsds.gamemaster,malware,1,0.12783403829775208,0,benign
com.orange.pop,benign,0,0.980066590008187,1,malware
com.sn1.TheAncientBookOfJudith,benign,0,0.015172695959189846,0,benign
edu.synthetic.androzoo.malware.ransomware_locker.1075,malware,1,0.9797501941606511,1,malware
com.webedge,benign,0,0.36142637322354754,0,benign
edu.synthetic.androzoo.malware.banker_accessibility.0602,malware,1,0.9985412845084976,1,malware
edu.synthetic.androzoo.malware.banker_accessibility.1212,malware,1,0.9997833028273416,1,malware
edu.synthetic.androzoo.malware.banker_accessibility.1930,malware,1,0.9995176642021463,1,malware
com.drillingfluidsoftware.speedometer,benign,0,0.8622352755430446,1,malware
edu.synthetic.androzoo.malware.dropper_loader.0342,malware,1,0.25990822727016,0,benign
com.sinyee.babybus.babydrawing,malware,1,0.9999905412525002,1,malware
com.ig.tastyworks.app,benign,0,0.8078422320353369,1,malware
net.sharetrip,benign,0,0.854162161918307,1,malware
edu.synthetic.androzoo.malware.spyware_surveillance.0610,malware,1,0.9999999999902489,1,malware
com.img.barber.shop.hair.salon.game,benign,0,0.771829178625538,1,malware
com.axondevstudio.RobberyClashThiefPranksGame,benign,0,0.9479254347882062,1,malware
com.globalgarner,benign,0,0.5890868025496452,1,malware
co.tapcart.app.id_lQ39VhjG8V,benign,0,0.9999983993199695,1,malware
com.bnt.torfx,benign,0,0.3813798839812374,0,benign
net.laureate.gd.waldenuniversity,benign,0,1.0,1,malware
com.playhome,malware,1,7.77340890191017e-06,0,benign
com.bubblestudio.crazyguess,malware,1,0.8488644619196597,1,malware
edu.synthetic.androzoo.malware.dropper_loader.1262,malware,1,0.6252525102567135,1,malware
com.playrix.gardenscapes,benign,0,0.9214643950960681,1,malware
com.alphazeedevs.quotifyy,benign,0,0.6989933683289438,1,malware
guangzhou.com.cn,malware,1,0.5086317786395017,1,malware
com.jeindevica.origamiairplanes,benign,0,0.9999216911935376,1,malware
com.alphabeat.cacitizenship,benign,0,0.11563919118182815,0,benign
edu.synthetic.androzoo.malware.spyware_surveillance.0473,malware,1,0.9999999973798208,1,malware
edu.synthetic.androzoo.malware.dropper_loader.0630,malware,1,0.0009661059399943694,0,benign
chalyaara.com,benign,0,0.8888808328350323,1,malware
edu.synthetic.androzoo.malware.overlay_pin_stealer.0928,malware,1,0.9992849326889136,1,malware
com.ionicframework.posistlite,benign,0,0.9986355849876819,1,malware
com.trainerize.mybod,benign,0,0.784542579326363,1,malware
com.gamepie.airpolice,benign,0,0.2891875103162383,0,benign
edu.synthetic.androzoo.malware.ransomware_locker.1032,malware,1,0.9976777878079672,1,malware
edu.synthetic.androzoo.malware.sms_otp_stealer.0060,malware,1,0.9999994598857118,1,malware
ru.uralsib.business,benign,0,0.9999576989520862,1,malware
ar.com.redlink.custom,benign,0,0.9933340550083116,1,malware
com.loja.ddown,malware,1,0.2207944282438191,0,benign
edu.synthetic.androzoo.malware.banker_accessibility.0764,malware,1,0.9979931820016008,1,malware
com.niceflower.massegaty2020,benign,0,0.1111823421377545,0,benign
com.papoworld.apps.papotownfarm,benign,0,0.11800060653995417,0,benign
edu.synthetic.androzoo.malware.spyware_surveillance.1764,malware,1,0.9999999773805709,1,malware
edu.synthetic.androzoo.malware.ransomware_locker.1209,malware,1,0.7953484169730634,1,malware
com.bjtpartners.ringover.app,benign,0,0.9749229918430666,1,malware
edu.synthetic.androzoo.malware.banker_accessibility.0945,malware,1,0.999670371426847,1,malware
com.nt.games.busjam,benign,0,0.32851370894542786,0,benign
com.kui.fruitpuzzle,malware,1,0.1975134761031822,0,benign
tw.net.ebc.fncyoutube,benign,0,0.20512839766770213,0,benign
com.trainerize.mikegrimmfitness,benign,0,0.8913071053787145,1,malware
com.egitimyazilimlari.smartboard,benign,0,0.6883229901184109,1,malware
com.combine.loss,benign,0,0.07425822543465353,0,benign
com.drcom.DuoDian,malware,1,0.06340453332960493,0,benign
com.marryshare,malware,1,0.11519758410840078,0,benign
edu.synthetic.androzoo.malware.dropper_loader.0920,malware,1,0.012585246481704856,0,benign
com.playagames.mobile.dungeon.team.battle.rpg,benign,0,0.598331609332168,1,malware
com.ahuxueshu,malware,1,0.999020917957943,1,malware
com.chd.investnaija.invest_naija,benign,0,0.9826345749015144,1,malware
edu.synthetic.androzoo.malware.spyware_surveillance.1071,malware,1,0.9999999719463993,1,malware
com.inputmethod.bambara.bamana.bamanankan.keyboard.bambarakeyboard.infra,benign,0,0.9999999999997655,1,malware
in.closecall,malware,1,0.9599168369798349,1,malware
edu.synthetic.androzoo.malware.adware_clicker.1761,malware,1,0.7267386912700933,1,malware
com.subsplashconsulting.s_BHDNZ2,benign,0,0.9999977787781935,1,malware
nz.co.solus.Kotui.Selwyn,benign,0,0.9999951089731606,1,malware
net.nymtech.nymvpn,benign,0,0.9121102416985727,1,malware
edu.synthetic.androzoo.malware.ransomware_locker.1822,malware,1,0.971220242684714,1,malware
edu.synthetic.androzoo.malware.sms_otp_stealer.0418,malware,1,0.9999998175715106,1,malware
ovh.sauzanaprod.meteovenezuela,benign,0,0.017668394340162975,0,benign
com.cars.laosticket,malware,1,0.9996681967758971,1,malware
com.august.bennu,benign,0,0.31911326315404304,0,benign
com.desn.ffb.lihangzhixing,malware,1,0.06641267550709157,0,benign
com.abanca.bancamovil.particulares,benign,0,5.061446792954484e-05,0,benign
edu.synthetic.androzoo.malware.wallet_stealer.0972,malware,1,0.9992775644531376,1,malware
com.martian.RoomEscape21.yyh,malware,1,0.29991602913367327,0,benign
com.subsplashconsulting.s_XMCCSF,benign,0,0.9999999335994618,1,malware
edu.synthetic.androzoo.malware.dropper_loader.0779,malware,1,0.17755856789684207,0,benign
com.shivakushwaha.class10thsciencenotes,benign,0,0.8109340701040938,1,malware
com.gestionpos.app,benign,0,0.7820311785194729,1,malware
org.toshi,benign,0,0.9595777983240295,1,malware
edu.synthetic.androzoo.malware.spyware_surveillance.0283,malware,1,0.9999999972056763,1,malware
com.math.hydraulique.dz.univ,malware,1,0.40578223732103963,0,benign
edu.synthetic.androzoo.malware.banker_accessibility.1615,malware,1,0.8518069005210827,1,malware
edu.synthetic.androzoo.malware.sms_otp_stealer.1774,malware,1,0.999999924253818,1,malware
com.bgg.jump,benign,0,0.016470321749819505,0,benign
com.gutrendvision.robot,benign,0,0.0007596393883966874,0,benign
edu.synthetic.androzoo.malware.overlay_pin_stealer.1550,malware,1,0.9895145037318518,1,malware
com.arianee.forge,benign,0,0.41496775092721705,0,benign
com.lq.speedracingGP,malware,1,0.9288840219915118,1,malware
com.ffsvideogames.btaw8,benign,0,0.9746017333733435,1,malware
edu.synthetic.androzoo.malware.overlay_pin_stealer.1929,malware,1,0.9952172535676815,1,malware
de.sgunterrath.app,benign,0,0.7497940337497079,1,malware
com.NekoniiiStudio.TapDuelPokerDeck,benign,0,0.31664575097074144,0,benign
edu.synthetic.androzoo.malware.ransomware_locker.0627,malware,1,0.8832520637526621,1,malware
edu.synthetic.androzoo.malware.overlay_pin_stealer.1333,malware,1,0.9996193854770555,1,malware
com.airkast.tunekast1825_165,benign,0,0.9638008514986977,1,malware
edu.synthetic.androzoo.malware.overlay_pin_stealer.0936,malware,1,0.9979871814696756,1,malware
com.kigle.cocobi.littlepolice,benign,0,0.17336562968155336,0,benign
edu.synthetic.androzoo.malware.overlay_pin_stealer.0992,malware,1,0.9999001180443258,1,malware
com.stbfmc.app,benign,0,0.11016742754620888,0,benign
edu.synthetic.androzoo.malware.banker_accessibility.1235,malware,1,0.9718612311770385,1,malware
com.arketa.herehotyoga,benign,0,0.9999556037594033,1,malware
com.woqu.fruit.yyh,malware,1,0.11008760465188867,0,benign
edu.synthetic.androzoo.malware.overlay_pin_stealer.0777,malware,1,0.9994501829366393,1,malware
com.czy.guandeng,malware,1,0.995792674459951,1,malware
com.chelsea.sailing,benign,0,0.16113953170269074,0,benign
edu.synthetic.androzoo.malware.spyware_surveillance.1834,malware,1,0.9999995214625276,1,malware
ru.thenewschool.trainer.math,benign,0,0.9773458233712784,1,malware
edu.synthetic.androzoo.malware.spyware_surveillance.1220,malware,1,0.9999999974334814,1,malware
edu.synthetic.androzoo.malware.overlay_pin_stealer.0447,malware,1,0.9999300296317557,1,malware
edu.synthetic.androzoo.malware.dropper_loader.1552,malware,1,0.006352658742171108,0,benign
com.voice.changer.today,malware,1,2.34438380650665e-08,0,benign
com.blackatomgames.cutegirlunicorntoyphonedaycaredressup,benign,0,0.9829060989323464,1,malware
com.frisbee.schoolvankampen,benign,0,0.11424076016396013,0,benign
com.cmstop.yangzhounews,malware,1,0.6338285861893767,1,malware
edu.synthetic.androzoo.malware.ransomware_locker.0088,malware,1,0.9999856431143395,1,malware
dngsoftware.acerfid,benign,0,0.5867428550806292,1,malware
com.tamilessays,benign,0,0.19760441977672802,0,benign
com.tls.maker.ice.cream.cake,malware,1,0.6206975308001901,1,malware
net.appdevs.adfund,benign,0,0.6224071411017598,1,malware
edu.synthetic.androzoo.malware.banker_accessibility.0856,malware,1,0.9999456567086547,1,malware
com.podddddd.planesedition1111,malware,1,0.11201361628263594,0,benign
com.smarttech.smartmirrorapp,benign,0,0.8370768913728368,1,malware
com.picturest.my,malware,1,0.9902100793528018,1,malware
edu.synthetic.androzoo.malware.banker_accessibility.1595,malware,1,0.934927395539239,1,malware
com.pachagame.FlatEarth,malware,1,0.9994979892906232,1,malware
com.apptegy.ithacaps,benign,0,0.7076591787370581,1,malware
edu.synthetic.androzoo.malware.banker_accessibility.1837,malware,1,0.9997693516103111,1,malware
com.yanka.mc,benign,0,0.09310765071258123,0,benign
com.outfit7.mytalkingtom2,benign,0,6.028776278862263e-05,0,benign
nz.co.nbs.app,benign,0,0.27369248328949997,0,benign
w3bminds.engVarta.app,benign,0,0.6383528247235694,1,malware
com.game.mobi.recover.photo.files,malware,1,0.09676381718903049,0,benign
com.kreggscode.sigmundfreudquotes,malware,1,0.18289943228852806,0,benign
com.shiyi.toolbox,malware,1,0.06693466541884137,0,benign
com.apptegy.frankfort168,benign,0,0.9991132131896512,1,malware
net.manoloworks.radio_kiev_kyiv_kiyev_dnieper_ukraine,benign,0,0.16883612104976928,0,benign
br.com.mytrace.stark,benign,0,0.5500285661420772,1,malware
edu.synthetic.androzoo.malware.overlay_pin_stealer.1154,malware,1,0.9969812719524969,1,malware
edu.synthetic.androzoo.malware.banker_accessibility.1775,malware,1,0.9978052044047859,1,malware
edu.synthetic.androzoo.malware.spyware_surveillance.0978,malware,1,0.9999999990906172,1,malware
com.gemdale.client,malware,1,0.07769295529403648,0,benign
apprendre.francais.rapidement.facilement,benign,0,0.14696215269307866,0,benign
cn.pinming.bim360,malware,1,0.06400040421714984,0,benign
edu.synthetic.androzoo.malware.ransomware_locker.1219,malware,1,0.988070795117848,1,malware
com.technource.equipt,benign,0,0.5592193368797196,1,malware
jp.boi.mementomori.android,benign,0,0.19967856488537505,0,benign
com.instalaxmi.omsairam,benign,0,0.1826761297003126,0,benign
com.bhima.nameonpics,benign,0,0.8122009292124731,1,malware
edu.synthetic.androzoo.malware.spyware_surveillance.1456,malware,1,0.9999999565978565,1,malware
com.stromsholmen.hysonsafetyapp,benign,0,0.04021117079036291,0,benign
com.soulgame.garfield,malware,1,0.9999511443306233,1,malware
com.mcpe.skins.barbie,benign,0,0.24054863933759302,0,benign
com.ricoh.pfu.scansnaphome,benign,0,0.08616390299384352,0,benign
edu.synthetic.androzoo.malware.overlay_pin_stealer.0860,malware,1,0.9970112875507068,1,malware
edu.synthetic.androzoo.malware.banker_accessibility.0816,malware,1,0.9950563990344189,1,malware
com.clarkdistributors.clarkdistributorsapp,benign,0,0.09895766044684348,0,benign
edu.synthetic.androzoo.malware.sms_otp_stealer.1289,malware,1,0.9999999139202541,1,malware
edu.synthetic.androzoo.malware.spyware_surveillance.1038,malware,1,0.9999999740575052,1,malware
com.ninehundredapps.daralfaqih,benign,0,0.5617048331958783,1,malware
jp.nexyz.aimed,benign,0,0.4067877474918677,0,benign
pyramid.solitaire.mermaid,benign,0,0.9999999999999638,1,malware
com.abenity.justia,benign,0,0.9993622628509216,1,malware
com.dgt.hairstyleforshorthairgirls,benign,0,0.18464202470185115,0,benign
edu.synthetic.androzoo.malware.ransomware_locker.1904,malware,1,0.16068400780240255,0,benign
edu.synthetic.androzoo.malware.spyware_surveillance.0824,malware,1,0.9999999957306867,1,malware
com.paymentus.client.cncw,benign,0,0.010027946789446891,0,benign
net.wordbit.enru,benign,0,5.0975229183007093e-23,0,benign
com.istar.rclient,benign,0,0.9672966039477764,1,malware
edu.synthetic.androzoo.malware.overlay_pin_stealer.1004,malware,1,0.9992899699353692,1,malware
com.ring.fantasy.today,malware,1,0.9984620372624194,1,malware
com.viva.vivamax,benign,0,0.0060780410446379315,0,benign
edu.synthetic.androzoo.malware.spyware_surveillance.1726,malware,1,0.9999995527956408,1,malware
com.medlang.medicalenglish,benign,0,0.9981651728348752,1,malware
in.mohalla.video,benign,0,3.253108841587825e-42,0,benign
com.AppSociety.ISEPS,benign,0,0.38645761276990503,0,benign
com.nummagames.VikingWars,benign,0,0.42487143760179624,0,benign
com.linecorp.linemanth,benign,0,0.42303155861645186,0,benign
com.brief_schreiben_deutsch.a005brief_schreiben_deutsch_a1_a2,benign,0,0.9999999999983717,1,malware
ru.medsoftpro.medcalc,benign,0,0.954496161756744,1,malware
com.great.forecast.weatherinfomation,benign,0,0.9999999999998881,1,malware
com.tap4fun.reignofwar.androidme,benign,0,0.3793552719036298,0,benign
ru.ikey.express,benign,0,0.9049823816669779,1,malware
com.threew.wordgame,benign,0,0.9353275097501148,1,malware
edu.synthetic.androzoo.malware.sms_otp_stealer.1902,malware,1,0.999999961900755,1,malware
th.co.the1.the1app,benign,0,0.9937496726668807,1,malware
com.bca,benign,0,4.905057491330039e-05,0,benign
net.manoloworks.Mecklenburg_Vorpommern_radiosender,benign,0,0.04837705147384732,0,benign
edu.synthetic.androzoo.malware.adware_clicker.1530,malware,1,0.07168489586727737,0,benign
com.smart.eraser.app,malware,1,0.9997885137753734,1,malware
jp.niben.miniben,benign,0,0.05592123435559938,0,benign
edu.synthetic.androzoo.malware.ransomware_locker.1215,malware,1,0.2250580563929716,0,benign
com.apptegy.pilotgrove,benign,0,0.9999999746943373,1,malware
com.edgetechapps.crypto_khabar,benign,0,0.9999999999985312,1,malware
com.modhaus.cosmo,benign,0,7.055363639553486e-05,0,benign
com.iwangzhe.app,malware,1,0.05043644770855478,0,benign
edu.synthetic.androzoo.malware.overlay_pin_stealer.0639,malware,1,0.997227247902465,1,malware
com.evrika.math.club,benign,0,0.13154004343321973,0,benign
games.grouper.checkmatewildwest,benign,0,0.14274935114799803,0,benign
edu.synthetic.androzoo.malware.sms_otp_stealer.0243,malware,1,0.9999944034610344,1,malware
edu.synthetic.androzoo.malware.spyware_surveillance.0522,malware,1,0.9999999378159116,1,malware
air.com.tutotoons.app.sweetbabygirlchristmas2.free,benign,0,0.10667872209389069,0,benign
com.udemy.android.ufb,benign,0,0.9216028807841461,1,malware
com.ihuman.yuwen,malware,1,0.09514601963770354,0,benign
neat.viewpdf.com,benign,0,0.9991519898173191,1,malware
vip.mytokenpocket,malware,1,1.0,1,malware
com.coppercod.classicWhist,benign,0,0.8945573182449548,1,malware
com.IllusionsGames.PoppyAndGlamrock,benign,0,0.00527839258245564,0,benign
edu.synthetic.androzoo.malware.dropper_loader.0663,malware,1,0.0003857586665713066,0,benign
com.ptanktechnology.tipitaka,benign,0,0.7159248140070383,1,malware
edu.synthetic.androzoo.malware.sms_otp_stealer.1025,malware,1,0.9999999979546168,1,malware
edu.synthetic.androzoo.malware.overlay_pin_stealer.0973,malware,1,0.9999533838117078,1,malware
edu.synthetic.androzoo.malware.adware_clicker.0647,malware,1,0.8601440166743946,1,malware
edu.synthetic.androzoo.malware.banker_accessibility.0741,malware,1,0.9969956873651648,1,malware
com.darkurio.tastytipcalculator,benign,0,0.2266957789113872,0,benign
com.cruisetraka.amacruiser,benign,0,0.19970742932925015,0,benign
edu.synthetic.androzoo.malware.ransomware_locker.0830,malware,1,0.9986822831906221,1,malware
edu.synthetic.androzoo.malware.wallet_stealer.1767,malware,1,0.9999667126385784,1,malware
edu.synthetic.androzoo.malware.banker_accessibility.1740,malware,1,0.9970173921475177,1,malware
br.com.zeroeum.biblia,benign,0,0.1527597340666963,0,benign
vp.com.vit80,benign,0,0.8527600574537247,1,malware
com.findhelp.android.lpca,benign,0,0.04973349567762034,0,benign
edu.synthetic.androzoo.malware.ransomware_locker.1138,malware,1,0.9940149319629717,1,malware
com.toptrendin.gingerbreadmanrun,benign,0,0.9996950057193699,1,malware
com.qalbvn.ave.filemanager,malware,1,0.9999999790203724,1,malware
com.da.advanced_geocamera,benign,0,1.9438742724821e-10,0,benign
edu.synthetic.androzoo.malware.overlay_pin_stealer.1206,malware,1,0.9973334434170069,1,malware
com.fancystudiomods.mobmods,benign,0,0.9308068650390404,1,malware
edu.synthetic.androzoo.malware.spyware_surveillance.0975,malware,1,0.9999999295510001,1,malware
edu.synthetic.androzoo.malware.dropper_loader.0629,malware,1,0.9368606081675677,1,malware
com.makeshop.powerapp.modooin,benign,0,0.2011131683478623,0,benign
edu.synthetic.androzoo.malware.overlay_pin_stealer.1100,malware,1,0.996971583620659,1,malware
com.gizmodus.myswimcoach,benign,0,0.9957182355541725,1,malware
com.pickle.HelicopterFlightPilotSimulator,benign,0,0.04831891728375393,0,benign
com.rubikscube.freesolve,benign,0,0.7430813764503801,1,malware
edu.synthetic.androzoo.malware.adware_clicker.0678,malware,1,0.28823008630161767,0,benign
iclass.mathflat.parent.student,benign,0,0.6698595587576013,1,malware
com.phyla.phyla,benign,0,0.8924101062134924,1,malware
solitaire.card.games.solitaire.newyear.free,benign,0,1.0,1,malware
com.justco.justco,benign,0,1.0,1,malware
edu.synthetic.androzoo.malware.ransomware_locker.0511,malware,1,0.1452612013177001,0,benign
com.hayl,benign,0,0.038561913550195975,0,benign
edu.synthetic.androzoo.malware.wallet_stealer.0844,malware,1,0.9988016370765783,1,malware
net.dzyga.android.fishing,benign,0,0.47841032714374976,0,benign
jp.co.revorn.iinioidevices.android,benign,0,0.9999773399124421,1,malware
com.IllusionsGames.BrainWorkout,benign,0,0.9999633972190743,1,malware
e.moob.app,benign,0,0.9344025815897394,1,malware
edu.synthetic.androzoo.malware.sms_otp_stealer.1009,malware,1,0.9999999999381675,1,malware
edu.synthetic.androzoo.malware.dropper_loader.0688,malware,1,0.020794722329092883,0,benign
edu.synthetic.androzoo.malware.wallet_stealer.0054,malware,1,0.9999115152514164,1,malware
zhiyuan.net.pdf2,malware,1,0.4324056919471131,0,benign
com.drum.muse.pad.bit,malware,1,0.9999999999997959,1,malware
edu.synthetic.androzoo.malware.adware_clicker.0349,malware,1,0.758675115860394,1,malware
com.wangzhi.microlife,malware,1,0.8830324768930603,1,malware
edu.synthetic.androzoo.malware.overlay_pin_stealer.1934,malware,1,0.9980225483159395,1,malware
br.com.sistemaprover.pibbh,benign,0,0.8910408237991241,1,malware
com.NekoFurryStudios.Coramine,benign,0,0.8151350804634161,1,malware
edu.synthetic.androzoo.malware.ransomware_locker.0329,malware,1,0.9999999493372117,1,malware
com.migastone.appthree.android62c4276994784,benign,0,0.5577080373416377,1,malware
com.example.kuban24,benign,0,0.1616973265284112,0,benign
com.ata.games.spacecat,benign,0,0.9963558619941592,1,malware
com.constantcontact.toolkit,benign,0,0.4456348553430278,0,benign
edu.synthetic.androzoo.malware.wallet_stealer.0948,malware,1,0.9998317945333498,1,malware
com.mmikdev.gorskieszczyty,benign,0,0.14237743629228317,0,benign
edu.synthetic.androzoo.malware.banker_accessibility.1120,malware,1,0.9908505240307669,1,malware
pl.bsgrudusk.naszbank,benign,0,0.5806348743381685,1,malware
com.app.kitaabattawheed,malware,1,0.19512763647402676,0,benign
edu.synthetic.androzoo.malware.wallet_stealer.1741,malware,1,0.9986819404000534,1,malware
com.hungama.myplay.activity,malware,1,0.9997203018851573,1,malware
com.nickpapanik.strommate,benign,0,0.9663200618819396,1,malware
ridewithvia.tra.treviso,benign,0,1.0,1,malware
edu.synthetic.androzoo.malware.spyware_surveillance.0345,malware,1,0.9999736193629336,1,malware
com.malvo.frisbee,benign,0,0.05966276880646443,0,benign
doctorjob.com.cn,malware,1,0.7873465946553495,1,malware
com.raysharp.bolidenew,benign,0,0.004004050573858047,0,benign
edu.synthetic.androzoo.malware.sms_otp_stealer.0638,malware,1,0.9999999171725891,1,malware
gazpacho.strawberries.vova_adidas,benign,0,0.08992238303187444,0,benign
com.couplower.qin,malware,1,0.7942524911448177,1,malware
com.aemobile.games.tycoon.capitalist.idle,benign,0,0.27682548283321884,0,benign
com.withbuddies.dice.free,benign,0,0.21113072436224545,0,benign
com.vool.app,benign,0,0.7638177771046851,1,malware
edu.synthetic.androzoo.malware.overlay_pin_stealer.1624,malware,1,0.9990296171810552,1,malware
edu.synthetic.androzoo.malware.dropper_loader.0020,malware,1,0.05774613077362095,0,benign
com.fitivity.rehab_ankle,benign,0,0.9999999999999483,1,malware
com.stolenpad.barrelmaker,benign,0,0.9991252279695552,1,malware
br.tv.horizonte.android.premierefc,benign,0,0.9766403437994613,1,malware
com.kuaiyou.loveplatform,malware,1,0.8094090833764519,1,malware
jp.bizstation.drgps,benign,0,0.5324481676365399,1,malware
jp.qvc,benign,0,4.438500244035807e-12,0,benign
com.baucuanb1.baucua20212022,benign,0,0.24580458197418306,0,benign
co.hellocode.exist,benign,0,0.9815520630641505,1,malware
edu.synthetic.androzoo.malware.dropper_loader.0889,malware,1,0.06663569743861401,0,benign
re.leaderprice.comptefidelite,benign,0,0.7376855537821706,1,malware
edu.synthetic.androzoo.malware.wallet_stealer.1065,malware,1,0.9998269886776041,1,malware
com.joincarbon.nutrition,benign,0,0.305527883662127,0,benign
com.onvirtualgym.ffitness,benign,0,0.09908764180908466,0,benign
edu.synthetic.androzoo.malware.sms_otp_stealer.1162,malware,1,0.9999999855472526,1,malware
funtaptic.thegrugs.runner.hector,benign,0,0.7557888541212149,1,malware
edu.synthetic.androzoo.malware.spyware_surveillance.0967,malware,1,0.9999999999987024,1,malware
amobi.weather.forecast.storm.radar,benign,0,0.03926576892769633,0,benign
com.apps.amit.lawofattraction,benign,0,0.6657694975341272,1,malware
edu.synthetic.androzoo.malware.spyware_surveillance.0898,malware,1,0.9999999927159389,1,malware
edu.synthetic.androzoo.malware.dropper_loader.0412,malware,1,0.4246182272247271,0,benign
com.cielo.app.cielohome,benign,0,0.007624055917818095,0,benign
com.edurev.mpsc,benign,0,0.00035738068448604865,0,benign
edu.synthetic.androzoo.malware.spyware_surveillance.0082,malware,1,0.9999982819635489,1,malware
com.postulate.postulate_erp,benign,0,0.3521848311951366,0,benign
eu.movepayment.customer,benign,0,0.9896791928585127,1,malware
edu.synthetic.androzoo.malware.ransomware_locker.0489,malware,1,0.9842820219668117,1,malware
com.jushine.cdiary,benign,0,0.800849423829711,1,malware
edu.synthetic.androzoo.malware.banker_accessibility.1850,malware,1,1.0,1,malware
tw.com.skywatch.view,benign,0,0.18172479087130938,0,benign
au.com.solus.MoretonBayLibraries,benign,0,0.26665072411884283,0,benign
com.otek.bigalati,benign,0,0.9451425181805487,1,malware
com.prisaradio.replicapp.caracolradio,benign,0,0.0007195050403069668,0,benign
com.habapp,benign,0,0.2893324468521771,0,benign
edu.synthetic.androzoo.malware.dropper_loader.1304,malware,1,0.0031192316523579494,0,benign
edu.synthetic.androzoo.malware.dropper_loader.1745,malware,1,0.2639771989291912,0,benign
edu.synthetic.androzoo.malware.wallet_stealer.0724,malware,1,0.9997320264234053,1,malware
edu.synthetic.androzoo.malware.wallet_stealer.0580,malware,1,0.9999958555840731,1,malware
com.kopca.goldengoal,benign,0,0.9990258372737489,1,malware
com.examgoal.android.app,benign,0,0.9999929346501445,1,malware
com.hsv.privatebrowser,malware,1,0.9999891261972157,1,malware
edu.synthetic.androzoo.malware.spyware_surveillance.0550,malware,1,0.9999999193032413,1,malware
edu.synthetic.androzoo.malware.sms_otp_stealer.1453,malware,1,0.9999999950812317,1,malware
com.gy.amobile.company,malware,1,0.990291536145853,1,malware
edu.synthetic.androzoo.malware.banker_accessibility.1233,malware,1,0.9992098159565433,1,malware
edu.synthetic.androzoo.malware.ransomware_locker.1248,malware,1,0.9782900378634709,1,malware
edu.synthetic.androzoo.malware.dropper_loader.1839,malware,1,0.07147219659599097,0,benign
com.ma.ld.dict.idioms,malware,1,0.9744331509556456,1,malware
edu.synthetic.androzoo.malware.ransomware_locker.1658,malware,1,0.8918519174042371,1,malware
com.howtopraythescriptures.dailyverses,benign,0,0.15560236017791582,0,benign
edu.synthetic.androzoo.malware.banker_accessibility.1689,malware,1,0.9999973941639997,1,malware
com.roababusinessdirectory.roaba,benign,0,0.023847264512859158,0,benign
com.bnesim.android,benign,0,0.8892658015603038,1,malware
com.messi.languagehelper,malware,1,0.09933934052509641,0,benign
edu.synthetic.androzoo.malware.overlay_pin_stealer.0237,malware,1,0.9868907211266068,1,malware
com.tech.bazaar.easykhata,benign,0,0.9976612939597088,1,malware
com.patanjali.bulk,benign,0,0.029698966753047302,0,benign
edu.synthetic.androzoo.malware.ransomware_locker.0628,malware,1,0.6231681541585035,1,malware
com.wearlynx.slandroidjacksonhole,malware,1,0.09519966300681701,0,benign
sisters.usa.shuttle.taxi.passenger,benign,0,0.015455963695850956,0,benign
edu.synthetic.androzoo.malware.overlay_pin_stealer.1012,malware,1,0.999921564490204,1,malware
com.gangdong.AndroidDisplay,benign,0,0.2867382414953112,0,benign
com.dangerb.pedometer,malware,1,0.9966064135673527,1,malware
edu.synthetic.androzoo.malware.spyware_surveillance.0183,malware,1,0.9999999998426876,1,malware
com.oi.handtevy,benign,0,0.26317282717306345,0,benign
tech.arcent,benign,0,0.999999999945915,1,malware
no.faebrik.app,benign,0,4.054449031613328e-06,0,benign
edu.synthetic.androzoo.malware.overlay_pin_stealer.1520,malware,1,0.9492535038180286,1,malware
com.hw22pro.smartwatch.guidetaha,benign,0,1.0,1,malware
edu.synthetic.androzoo.malware.spyware_surveillance.1058,malware,1,0.9999999733172991,1,malware
edu.synthetic.androzoo.malware.dropper_loader.0417,malware,1,0.051417637128154926,0,benign
com.cirkwi.pit,benign,0,0.25743883926387934,0,benign
com.franceair.appc4,benign,0,0.08350820832995884,0,benign
com.skymobi.battletowers,malware,1,0.5621445278679849,1,malware
com.magicalstory.cleaner,malware,1,0.012724608197518437,0,benign
uk.co.gonortheast.android,benign,0,0.9742442140952207,1,malware
com.njh.biubiu,malware,1,0.12519885783421938,0,benign
edu.synthetic.androzoo.malware.banker_accessibility.1810,malware,1,0.9998171221528395,1,malware
edu.synthetic.androzoo.malware.overlay_pin_stealer.0391,malware,1,0.9977102997885883,1,malware
edu.synthetic.androzoo.malware.adware_clicker.0475,malware,1,0.9402925439431415,1,malware
edu.synthetic.androzoo.malware.dropper_loader.1703,malware,1,0.050646853536973346,0,benign
au.com.avsoft.avplanefb,benign,0,0.000925458309975383,0,benign
edu.synthetic.androzoo.malware.sms_otp_stealer.1000,malware,1,0.9999999994411086,1,malware
edu.synthetic.androzoo.malware.spyware_surveillance.0452,malware,1,1.0,1,malware
edu.synthetic.androzoo.malware.wallet_stealer.0097,malware,1,0.9999879810551761,1,malware
com.bubadu.duddu,benign,0,0.9826827533235141,1,malware
com.gurtam.local_logistics,benign,0,0.07551655014277565,0,benign
com.communi.christuskirche,benign,0,1.0,1,malware
edu.synthetic.androzoo.malware.overlay_pin_stealer.0244,malware,1,0.9975555612518874,1,malware
com.appslitedesarrolladores.bibliadejerusalen,malware,1,0.26142353831463033,0,benign
edu.synthetic.androzoo.malware.sms_otp_stealer.1005,malware,1,0.9999699772275609,1,malware
com.newoffroadgames.cargotruck.driver3d.offroad.truck.simulator.free,benign,0,0.1363464697015147,0,benign
appinventor.ai_izzybella419.AmateurRadioQCodeQuiz,malware,1,0.007190577341031837,0,benign
edu.synthetic.androzoo.malware.spyware_surveillance.0450,malware,1,0.9999849415591874,1,malware
com.llj.qq,malware,1,0.9999998478145117,1,malware
edu.synthetic.androzoo.malware.overlay_pin_stealer.1300,malware,1,0.999916664523111,1,malware
com.yottagames.gameofmafia,benign,0,0.8221972789122076,1,malware
edu.synthetic.androzoo.malware.dropper_loader.1132,malware,1,0.7998803259026761,1,malware
se.avida.cards.sdk,benign,0,0.9977556353590062,1,malware
be.persgroep.android.news.mobilema,benign,0,0.958250078236964,1,malware
edu.synthetic.androzoo.malware.overlay_pin_stealer.0613,malware,1,0.9944182023884053,1,malware
com.supperapps.transp,benign,0,0.025081807283648123,0,benign
ca.lapresse.android.lapressemobile,benign,0,1.0343218703174153e-06,0,benign
edu.synthetic.androzoo.malware.banker_accessibility.1094,malware,1,0.9984260976091027,1,malware
edu.synthetic.androzoo.malware.spyware_surveillance.0117,malware,1,0.9999999388838345,1,malware
com.apptegy.citydesarc,benign,0,0.9999999999999534,1,malware
com.infolink.limeiptv,benign,0,0.9938681449762856,1,malware
com.neema.android,benign,0,9.678014679064377e-36,0,benign
edu.synthetic.androzoo.malware.dropper_loader.1787,malware,1,0.21082887670228878,0,benign
com.ostar.iheartspo2.vip,benign,0,0.13666747326397452,0,benign
edu.synthetic.androzoo.malware.dropper_loader.1917,malware,1,0.09136965449680774,0,benign
com.BraDev.CherryBlossom45,benign,0,0.01723719142758558,0,benign
edu.synthetic.androzoo.malware.banker_accessibility.1436,malware,1,0.9998775404630819,1,malware
jp.moneyeasy.combank,benign,0,0.4142075638081258,0,benign
com.squarespace.android.squarespaceapp,benign,0,0.34396268595874235,0,benign
edu.synthetic.androzoo.malware.sms_otp_stealer.1483,malware,1,0.9999992058505632,1,malware
com.oldmutual.myoldmutual,benign,0,0.2188067776042612,0,benign
com.buwizz.buwizz2,benign,0,0.16427290386419188,0,benign
edu.synthetic.androzoo.malware.banker_accessibility.1400,malware,1,0.9998947294532603,1,malware
edu.synthetic.androzoo.malware.overlay_pin_stealer.0540,malware,1,0.9999949534248957,1,malware
cloud.blynk,benign,0,0.9999999089647938,1,malware
jp.dle.gyakuten,malware,1,0.5567727783900693,1,malware
com.deval.fiskalizimi,benign,0,0.9896902505916519,1,malware
com.avena.avenafit,benign,0,0.9981592263817357,1,malware
edu.synthetic.androzoo.malware.banker_accessibility.0011,malware,1,0.9979861981815877,1,malware
air.conditioner.calculator,benign,0,0.006630254802009188,0,benign
com.alaeat.customer.android.bnsandwiches,benign,0,0.965672538852543,1,malware
com.tsm.altmissoula,benign,0,0.9674580292380552,1,malware
com.xiachufang,malware,1,0.29751907556341833,0,benign
edu.synthetic.androzoo.malware.banker_accessibility.1428,malware,1,0.9999191807476796,1,malware
com.subsplash.thechurchapp.s_5DSKHR,benign,0,0.9999999679934849,1,malware
edu.synthetic.androzoo.malware.overlay_pin_stealer.1015,malware,1,0.992153879466214,1,malware
com.fcy.wordgame,benign,0,0.0825758970858349,0,benign
app.donkeymobile.renswoudehervormd,benign,0,1.7905181860920076e-14,0,benign
edu.synthetic.androzoo.malware.ransomware_locker.0685,malware,1,0.8539663765218508,1,malware
edu.synthetic.androzoo.malware.spyware_surveillance.0785,malware,1,0.9999942900133492,1,malware
fr.nartex.navette,benign,0,0.17093067476650814,0,benign
com.mhl.pathworks2,benign,0,0.02566394220660907,0,benign
edu.synthetic.androzoo.malware.banker_accessibility.0104,malware,1,0.9999999958727313,1,malware
edu.synthetic.androzoo.malware.wallet_stealer.0611,malware,1,0.9999957582549996,1,malware
edu.synthetic.androzoo.malware.sms_otp_stealer.1244,malware,1,0.9999996712642788,1,malware
edu.synthetic.androzoo.malware.dropper_loader.0208,malware,1,0.014426717139932092,0,benign
com.insac.can.pinthatpoint,benign,0,0.9997908380234408,1,malware
com.modeshift.jsp,benign,0,0.8190455558968665,1,malware
edu.synthetic.androzoo.malware.wallet_stealer.0263,malware,1,0.9995662500451444,1,malware
ru.iamtagir.tla4.ly,malware,1,0.1317069243040488,0,benign
com.project.oneplace.beninrestoo,benign,0,0.9829288778949308,1,malware
com.everywear.game5,benign,0,0.4522542016268849,0,benign
com.klickl4u.apps,benign,0,0.6989085807387576,1,malware
alldictdict.alldict.arhi,benign,0,0.633712999542377,1,malware
com.harsh.dhillon.colorbinder,benign,0,0.03349725217544713,0,benign
com.maxitime22.createmusic.frequencygenerator.portretversion,benign,0,0.11959332955227138,0,benign
com.apgaragedealer,benign,0,1.7596330446769766e-12,0,benign
edu.synthetic.androzoo.malware.sms_otp_stealer.0010,malware,1,0.9999999853929635,1,malware
com.cuddlynest,benign,0,0.9749358912431636,1,malware
com.t2s.fantastico794475,benign,0,0.8978135989624053,1,malware
com.notificationcenter.iphone.controlcenter.alarm,benign,0,0.99994051401181,1,malware
com.lyricfluent.app,benign,0,0.73252098404547,1,malware
com.einnovation.temu,benign,0,1.0,1,malware
com.zellamsee.summercard,benign,0,0.4110293178006345,0,benign
orangekik.app,benign,0,0.9785559203597505,1,malware
com.game.zombiosio,malware,1,0.5218066118072484,1,malware
tv.uscreen.defy,benign,0,0.8670921043202326,1,malware
com.hanweb.ganfutong,malware,1,0.10337829041887635,0,benign
edu.synthetic.androzoo.malware.wallet_stealer.0956,malware,1,0.9992642840595055,1,malware
com.tgh.us.army.oil.tanker.truck.driving.games,benign,0,0.994246080220373,1,malware
edu.synthetic.androzoo.malware.adware_clicker.0249,malware,1,0.7674405302636701,1,malware
com.ubestkid.phonics.a,malware,1,0.7840580994460296,1,malware
edu.synthetic.androzoo.malware.dropper_loader.0554,malware,1,0.5003340925222979,1,malware
com.skyphone.app,benign,0,0.9998567809705745,1,malware
com.cyberlink.powerdirector.DRA140225_01,benign,0,0.9909188837389701,1,malware
edu.synthetic.androzoo.malware.spyware_surveillance.0316,malware,1,0.9999999997799307,1,malware
com.cronostechnologies.skiplan,benign,0,0.8664071319188731,1,malware
com.multibrains.taxi.driver.ridepassengeret,benign,0,0.006799831786866826,0,benign
edu.synthetic.androzoo.malware.spyware_surveillance.0488,malware,1,0.9999999805433605,1,malware
edu.synthetic.androzoo.malware.banker_accessibility.0730,malware,1,0.9811969536693549,1,malware
two.factor.authenticator.generator.code,benign,0,2.6479695178915684e-08,0,benign
com.xiaoshi.toupiao,malware,1,0.11014470019660459,0,benign
com.puzzle1studio.go.wordsearchinspiration,benign,0,0.3595383373706548,0,benign
com.meest.ua,benign,0,0.9999437727758815,1,malware
com.stamfordfgkebab,benign,0,0.9679943259699365,1,malware
com.xeno.investment,benign,0,0.48703911672967515,0,benign
ru.yandex.key,benign,0,0.9584014920391136,1,malware
edu.synthetic.androzoo.malware.spyware_surveillance.0254,malware,1,0.9999999792655223,1,malware
com.cambodianinvestorscorporation,benign,0,0.5323555458952133,1,malware
org.lateral.app,benign,0,0.7992017686032891,1,malware
com.kindae.lephysicien,malware,1,0.642640181423712,1,malware
co.northplay.ConductTHIS,benign,0,0.24997379175359719,0,benign
com.huashi6.hst,malware,1,0.24244402064868084,0,benign
air.com.eni.FashionJudy038,malware,1,0.9999999962481683,1,malware
edu.synthetic.androzoo.malware.ransomware_locker.1641,malware,1,0.9774281736680499,1,malware
com.derayah,benign,0,0.9998891409348488,1,malware
edu.synthetic.androzoo.malware.overlay_pin_stealer.0133,malware,1,0.7314117807570215,1,malware
edu.synthetic.androzoo.malware.sms_otp_stealer.0101,malware,1,0.9999999995866367,1,malware
edu.synthetic.androzoo.malware.adware_clicker.1285,malware,1,0.12224719606894352,0,benign
edu.synthetic.androzoo.malware.ransomware_locker.1816,malware,1,0.8914095110984938,1,malware
edu.synthetic.androzoo.malware.ransomware_locker.0521,malware,1,0.9999965435725835,1,malware
edu.synthetic.androzoo.malware.overlay_pin_stealer.1259,malware,1,0.9999836109201247,1,malware
com.whalejoy.living,benign,0,0.9999130639366993,1,malware
edu.synthetic.androzoo.malware.banker_accessibility.0925,malware,1,0.9999786917648339,1,malware
com.taza,benign,0,0.03413216294004465,0,benign
com.chordu.chorduapp,benign,0,0.12490298496845945,0,benign
edu.synthetic.androzoo.malware.ransomware_locker.1680,malware,1,0.9947597843580055,1,malware
com.chownow.bagelpub,benign,0,0.4487892123286645,0,benign
edu.synthetic.androzoo.malware.dropper_loader.0007,malware,1,0.258534274608296,0,benign
edu.synthetic.androzoo.malware.wallet_stealer.0293,malware,1,0.9982427991107486,1,malware
jp.co.tekutekulife.tekutekulife,benign,0,0.18028338040041042,0,benign
com.lixiangdong.LCDWatch.Pro,malware,1,0.030055833412063047,0,benign
com.studio27.MelonPlayground,benign,0,0.8214614074781914,1,malware
edu.synthetic.androzoo.malware.sms_otp_stealer.0458,malware,1,0.9999999807917063,1,malware
vn.qsoft.chinhxac,benign,0,0.8910203594998262,1,malware
edu.synthetic.androzoo.malware.banker_accessibility.1251,malware,1,0.985146983533662,1,malware
com.smartforu,benign,0,0.7888166156311969,1,malware
com.ax003d.sichu,malware,1,0.42187694939376125,0,benign
radio.szent.istvan,benign,0,0.32460325868329126,0,benign
br.com.alon,benign,0,0.7626236097603776,1,malware
edu.synthetic.androzoo.malware.ransomware_locker.1668,malware,1,0.6966614803553851,1,malware
naveen.duplicatefile.fixerfinder,benign,0,0.44475500354366915,0,benign
com.appsmart.delivery.pizzeriaalbertomarl12997,benign,0,0.23282136298457085,0,benign
com.Manababa.RandomSpinDEF,benign,0,0.4351981660747326,0,benign
com.meta.boom,malware,1,0.42991022157642717,0,benign
com.nwagu.chai,benign,0,0.7100928402594928,1,malware
edu.synthetic.androzoo.malware.overlay_pin_stealer.1925,malware,1,0.9859156850038276,1,malware
cc.flydemo.erge2,malware,1,0.21003798896566284,0,benign
cs.cover.strike.gun.shooting.games.offline,benign,0,0.8495456886972907,1,malware
net.infojobs.mobile.android,benign,0,0.00039743981718586734,0,benign
com.ywx.qhyx.yyh,malware,1,0.9823550720095079,1,malware
com.cat.kitten.wallpapers,benign,0,0.9999999999999949,1,malware
com.readygo.dark.gp,benign,0,0.9973130330450701,1,malware
fi.upsi,benign,0,0.4898655035907009,0,benign
edu.synthetic.androzoo.malware.adware_clicker.1204,malware,1,0.996599025397525,1,malware
com.cooking.world.chef.craze.restaurant.fever.free,benign,0,0.0004592496721443534,0,benign
edu.synthetic.androzoo.malware.adware_clicker.0142,malware,1,0.833565101583618,1,malware
se.langia.fishpoc,benign,0,0.9999999999994202,1,malware
com.tanwan.mobile.zhengtu,malware,1,0.9999999999965044,1,malware
com.insideoutside.ihunternb,benign,0,0.9218988006943596,1,malware
edu.synthetic.androzoo.malware.wallet_stealer.1867,malware,1,0.999748878517765,1,malware
com.claranet.mfa,benign,0,0.17290540077166103,0,benign
edu.synthetic.androzoo.malware.dropper_loader.1617,malware,1,0.631824528595339,1,malware
com.zenlabs.challenge.squats,benign,0,1.4603768230759972e-06,0,benign
com.manle.phone.android.tumor,malware,1,0.4899404148398873,0,benign
com.yusi.chongchong,malware,1,0.17610233416040744,0,benign
com.bravolang.thai,malware,1,0.9263013103596213,1,malware
com.bo.fotoo,malware,1,0.25713940852172323,0,benign
net.wordbit.enes,benign,0,0.9999726656018545,1,malware
link.mikan.mikanandroid,benign,0,0.9999576627821223,1,malware
com.trainerize.topnotchfitness,benign,0,0.9844037502403079,1,malware
com.mydroid.svg.print.craft.design.graphic.sticker,benign,0,0.38247013292237914,0,benign
edu.synthetic.androzoo.malware.banker_accessibility.1922,malware,1,0.9843980973108206,1,malware
aplus.europeworldhistorycourse,benign,0,0.0903006135296002,0,benign
ru.sotnik.areacalc,malware,1,0.33576026971626205,0,benign
edu.synthetic.androzoo.malware.overlay_pin_stealer.1846,malware,1,0.9827817978809434,1,malware
de.thomann,benign,0,0.9927721076726839,1,malware
co.hotfollower.app,benign,0,0.9750441501424102,1,malware
moe.quickscreentrading.android,benign,0,0.9999821825742443,1,malware
com.zltx.sgame.yyh,malware,1,0.25099333197448337,0,benign
com.bandindustries.roadie,benign,0,0.9993090070170314,1,malware
edu.synthetic.androzoo.malware.overlay_pin_stealer.0352,malware,1,0.9998150921810693,1,malware
vt.android.ilearn,benign,0,0.9384461340054712,1,malware
com.holyblade.cloud.platform,malware,1,0.09320416722400883,0,benign
com.VForVictory.ExtremeBallStrikerGoalBlast,benign,0,0.40122880242338005,0,benign
com.simcoeit.searchopal,benign,0,0.9826567326130052,1,malware
com.bankscene.bes.welllinkbank,benign,0,0.14734627438768644,0,benign
bloodpressure.bloodpressureapp.bloodpressuretracker,benign,0,0.015151483539187277,0,benign
com.djremix.djmusicplayers,malware,1,3.424820293554929e-05,0,benign
edu.synthetic.androzoo.malware.adware_clicker.1055,malware,1,0.06290293814990602,0,benign
com.elephantgames.hstndhiddenobjects.googpremium,benign,0,0.8410093089795029,1,malware
com.profittrading.forkucoin,benign,0,0.010921563384906062,0,benign
com.ahboutique.android,benign,0,0.9998617715393132,1,malware
com.goodwallpapers.coffe_hd,benign,0,0.3688724682724736,0,benign
com.hippo.lighthouse,benign,0,0.4423420980738299,0,benign
edu.synthetic.androzoo.malware.overlay_pin_stealer.0057,malware,1,0.9994624967632095,1,malware
ddidev94.fishingweather,benign,0,0.4992724989823582,0,benign
edu.synthetic.androzoo.malware.overlay_pin_stealer.1321,malware,1,0.9960386980536898,1,malware
edu.synthetic.androzoo.malware.spyware_surveillance.1891,malware,1,0.9999999996340321,1,malware
com.cleverapps.magicwords,benign,0,0.9999990849812673,1,malware
edu.synthetic.androzoo.malware.spyware_surveillance.1253,malware,1,0.999999837638064,1,malware
com.ngc.fora,benign,0,0.9085764288595998,1,malware
edu.synthetic.androzoo.malware.spyware_surveillance.1533,malware,1,0.9999999402586495,1,malware
ridewithvia.sncfyriex,benign,0,1.0,1,malware
com.smilion.CaboclinhoDoReMi,benign,0,0.9993698024166577,1,malware
com.cloudmobile.einvoice,benign,0,0.8493618808050301,1,malware
edu.synthetic.androzoo.malware.wallet_stealer.0241,malware,1,0.999978576815294,1,malware
de.jentsch.floatingstopwatch,malware,1,0.11384978158741195,0,benign
com.madness.man.whirl,malware,1,0.9817259349080218,1,malware
com.cellsavers.savers,benign,0,0.0017942747835558513,0,benign
com.ibm.lava.hot.volcano.car.games,malware,1,0.47441956462104806,0,benign
com.alaeat.customer.android.cheflee,benign,0,0.6944005474214419,1,malware
ch.beekeeper.beekeeper,benign,0,0.9874518757441852,1,malware
com.elian.lambabible,benign,0,0.9938983342962415,1,malware
edu.synthetic.androzoo.malware.spyware_surveillance.0848,malware,1,0.999999999974404,1,malware
edu.synthetic.androzoo.malware.banker_accessibility.1418,malware,1,0.9992601422336425,1,malware
com.swaas.hidoctor,benign,0,0.16236805587463046,0,benign
edu.synthetic.androzoo.malware.overlay_pin_stealer.1821,malware,1,0.9395138235003826,1,malware
de.randstad.meinrandstad,benign,0,0.9999999999999982,1,malware
com.fpt.fci.aimentor,benign,0,0.98270856337483,1,malware
com.neopons.Talkytalky,benign,0,0.20560474454954478,0,benign
edu.synthetic.androzoo.malware.spyware_surveillance.0040,malware,1,0.9999999999948979,1,malware
com.nekki.shadowfight3,malware,1,0.13882208005672228,0,benign
edu.synthetic.androzoo.malware.banker_accessibility.1347,malware,1,0.9993359844853291,1,malware
net.zdsoft.zerobook_android,malware,1,0.048347975678395425,0,benign
com.zigis.paleontologas,benign,0,4.333119297063667e-05,0,benign
de.dimock.shallowchess,benign,0,0.1540291239913686,0,benign
edu.synthetic.androzoo.malware.sms_otp_stealer.1046,malware,1,0.999829054722312,1,malware
edu.synthetic.androzoo.malware.sms_otp_stealer.0100,malware,1,0.9999999665325059,1,malware
com.overworld.app,benign,0,0.03776572596371406,0,benign
com.lgufstore_rn,benign,0,0.9986253045299084,1,malware
edu.synthetic.androzoo.malware.spyware_surveillance.0582,malware,1,0.9999999949588336,1,malware
com.aapmobile,benign,0,0.7041352643555,1,malware
com.crosoften.adjuve,benign,0,0.03253329517961193,0,benign
vn.cimbbank.octo,benign,0,0.5254666327532748,1,malware
edu.synthetic.androzoo.malware.wallet_stealer.0301,malware,1,0.9998696661984259,1,malware
com.appss.wallpaperaestetic2026,benign,0,0.8802202172660868,1,malware
com.wjbk.android.weather,benign,0,1.0,1,malware
com.unitel.mocha.app,benign,0,0.567443342804589,1,malware
com.shixian.kaihua,malware,1,0.9749734953449996,1,malware
com.yunmi.water,malware,1,0.9999999999999747,1,malware
com.tytops.ocarinalite,benign,0,0.21684111458855326,0,benign
wheelzgh.app,benign,0,0.9777307508862699,1,malware
com.inso.app,malware,1,0.691123305246186,1,malware
edu.synthetic.androzoo.malware.spyware_surveillance.0269,malware,1,0.9999999996990208,1,malware
com.nabe.es4efyq,benign,0,0.0750526471718889,0,benign
com.compareinsurance.carinsurancecheckapp,malware,1,0.9617779446370769,1,malware
com.allied.helicopter.commando.air.strike,malware,1,0.8667911324536081,1,malware
com.clicklabs.flyingfun,malware,1,0.8748665484160117,1,malware
edu.synthetic.androzoo.malware.sms_otp_stealer.0023,malware,1,0.999935876058318,1,malware
edu.synthetic.androzoo.malware.dropper_loader.0768,malware,1,0.003513983296095551,0,benign
word.riddles.guess.brain.test.tricky.puzzle.quiz.game.free,benign,0,0.962630522641932,1,malware
com.coinex.trade.play,benign,0,0.9830928044805926,1,malware
edu.synthetic.androzoo.malware.dropper_loader.0857,malware,1,0.5220873564000755,1,malware
eu.rc.electronics,benign,0,0.700246144296783,1,malware
jp.co.hotelnewgrand.app.newgrandclub,benign,0,0.5437847811351593,1,malware
edu.synthetic.androzoo.malware.overlay_pin_stealer.0701,malware,1,0.998731287987637,1,malware
edu.synthetic.androzoo.malware.overlay_pin_stealer.0111,malware,1,0.9879954772545473,1,malware
in.bluapps.webapp,malware,1,0.6645364842617303,1,malware
com.memopad.for_.writing.babylon,benign,0,1.2593859444064235e-05,0,benign
com.tygame.game33,malware,1,0.9099866394421653,1,malware
de.metro.alex.customer.digitalcard.makro,benign,0,0.16955404644715166,0,benign
pl.biokod.goodcoach,benign,0,0.014102443013342488,0,benign
edu.synthetic.androzoo.malware.adware_clicker.0923,malware,1,0.32527029251739153,0,benign
edu.synthetic.androzoo.malware.sms_otp_stealer.0861,malware,1,0.9999989369902866,1,malware
com.gil.nxtdigital.mynxt,benign,0,0.28437369228321446,0,benign
br.com.tkrastreadores.mobile,benign,0,0.9999935880040802,1,malware
com.alexto.radio.cambodia,benign,0,1.119491995560048e-07,0,benign
bass.booster,malware,1,0.31539946760290855,0,benign
com.neusoft.app.beijingdaily.phone,malware,1,0.9811564498909111,1,malware
ruler.bubblelevel,benign,0,0.3584009180293803,0,benign
com.easysay.korean,malware,1,0.9997522983300242,1,malware
edu.synthetic.androzoo.malware.dropper_loader.0019,malware,1,0.9340084878002894,1,malware
edu.synthetic.androzoo.malware.wallet_stealer.0644,malware,1,0.9994717671893653,1,malware
com.gidetechs.myhourofgrace,benign,0,0.9975119468789984,1,malware
edu.synthetic.androzoo.malware.spyware_surveillance.0575,malware,1,0.9999999921131689,1,malware
com.t2s.mospalace793657,benign,0,0.000524925769292908,0,benign
com.chris.hyperrace,malware,1,1.0,1,malware
edu.synthetic.androzoo.malware.ransomware_locker.1798,malware,1,0.661070447571953,1,malware
edu.synthetic.androzoo.malware.spyware_surveillance.0560,malware,1,0.999999899801149,1,malware
com.zepni.hamster,benign,0,0.23487479184628104,0,benign
com.euvic.fpowner,benign,0,0.7537203496748963,1,malware
edu.synthetic.androzoo.malware.dropper_loader.1657,malware,1,0.04338012884218039,0,benign
edu.synthetic.androzoo.malware.ransomware_locker.1035,malware,1,0.029186287975258126,0,benign
se.selfmadeacademy,benign,0,0.8968101864401173,1,malware
com.igen.solarmanbusiness,benign,0,0.9827448647775747,1,malware
edu.synthetic.androzoo.malware.wallet_stealer.0333,malware,1,0.9975605372369225,1,malware
edu.synthetic.androzoo.malware.wallet_stealer.1701,malware,1,0.9999254400797591,1,malware
com.devjah.plants,benign,0,0.38587959542309874,0,benign
com.yc.dayband,malware,1,0.7746783712065194,1,malware
com.azyouxi.quanwangqw,malware,1,1.0,1,malware
com.istsoft.dipteal1,benign,0,0.9628805857602029,1,malware
edu.synthetic.androzoo.malware.ransomware_locker.1049,malware,1,0.5543698888046478,1,malware
edu.synthetic.androzoo.malware.overlay_pin_stealer.1484,malware,1,0.9986761463355707,1,malware
edu.synthetic.androzoo.malware.dropper_loader.0136,malware,1,0.9319878340149128,1,malware
edu.synthetic.androzoo.malware.banker_accessibility.0502,malware,1,0.9997904263413185,1,malware
com.sector.sectoralarm,benign,0,0.9999999999823168,1,malware
com.amutcomi.acty.client,benign,0,0.6550682465935351,1,malware
edu.synthetic.androzoo.malware.spyware_surveillance.1397,malware,1,0.9999991313476977,1,malware
com.minikara.crossword.android,benign,0,1.0,1,malware
com.golfapp.gcgiez,benign,0,0.8566604900150108,1,malware
tv.uscreen.sarahbethyoga,benign,0,0.999999922513215,1,malware
com.jizhi.jlongg,malware,1,0.8561653174949351,1,malware
com.pdmi.chongxin.media,malware,1,0.43028381821231004,0,benign
com.tataera.lazylisten,malware,1,0.08434424960621568,0,benign
edu.synthetic.androzoo.malware.dropper_loader.0171,malware,1,0.005025761178414883,0,benign
com.tjnit.gonghui,malware,1,0.19705884378827032,0,benign
edu.synthetic.androzoo.malware.wallet_stealer.0758,malware,1,0.9999999531948418,1,malware
com.blockcitywars.thugcity,malware,1,0.9843138629059802,1,malware
io.everfit.wlreform,benign,0,7.01002824024071e-06,0,benign
com.subsplashconsulting.s_RKDTCB,benign,0,0.9999522160303099,1,malware
edu.synthetic.androzoo.malware.adware_clicker.0926,malware,1,0.815209149613906,1,malware
edu.synthetic.androzoo.malware.sms_otp_stealer.0635,malware,1,0.9999999367450347,1,malware
edu.synthetic.androzoo.malware.spyware_surveillance.0135,malware,1,0.9999999573207352,1,malware
edu.synthetic.androzoo.malware.wallet_stealer.0800,malware,1,0.9991210745686621,1,malware
edu.synthetic.androzoo.malware.dropper_loader.1855,malware,1,0.003699328562823016,0,benign
com.overlay.pokeratlasmobile,benign,0,0.715576909504019,1,malware
com.easy.all.today.translator,malware,1,1.0,1,malware
com.sonica.IbizaSonicaRadio,benign,0,0.12939720161898027,0,benign
edu.synthetic.androzoo.malware.adware_clicker.0253,malware,1,0.5902340393894014,1,malware
com.szckhd.jwgly.azyw,benign,0,0.572043430927916,1,malware
edu.synthetic.androzoo.malware.adware_clicker.1536,malware,1,0.016541853778376987,0,benign
com.ouimoveup,benign,0,0.9999972604429644,1,malware
com.gww.km,benign,0,0.27484258670283346,0,benign
aurorafirst.app.com,benign,0,0.5577870195588233,1,malware
com.ruk.usastudio.mosshotassistant,benign,0,1.0,1,malware
be.lgc.wep.herve,benign,0,0.11344709645742448,0,benign
com.mwrlife,benign,0,0.654620482453814,1,malware
com.subsplashconsulting.s_FT5NQC,benign,0,0.9999999907003106,1,malware
com.ab.vectronix,benign,0,0.09913076717414447,0,benign
bfac.android.ngmdapp,benign,0,0.8589456577044734,1,malware
edu.synthetic.androzoo.malware.banker_accessibility.0129,malware,1,0.999821991508898,1,malware
nz.co.snapper.mobile,benign,0,0.35367670099677884,0,benign
edu.synthetic.androzoo.malware.banker_accessibility.1656,malware,1,0.9998546761137005,1,malware
com.constanttherapy.android.main,benign,0,0.9684892529992473,1,malware
edu.synthetic.androzoo.malware.wallet_stealer.0109,malware,1,0.9976770080459331,1,malware
edu.synthetic.androzoo.malware.ransomware_locker.0782,malware,1,0.9913335263095941,1,malware
edu.synthetic.androzoo.malware.dropper_loader.0374,malware,1,0.11558657193935418,0,benign
com.elephantgames.parfilthetall,benign,0,0.8412279620218228,1,malware
com.regnumwealthmanagementpvtltd,benign,0,0.999913298183561,1,malware
edu.synthetic.androzoo.malware.spyware_surveillance.1778,malware,1,0.9999999994655298,1,malware
com.rega.regaapp,benign,0,0.9981248528866805,1,malware
com.singxie.olarticle,malware,1,0.6257149188104559,1,malware
com.temporary.email.pro,benign,0,0.9995213003981482,1,malware
edu.synthetic.androzoo.malware.spyware_surveillance.1502,malware,1,0.9999999999469862,1,malware
edu.synthetic.androzoo.malware.ransomware_locker.1078,malware,1,0.11442849742655124,0,benign
linkdesks.jigsaw.puzzle.classic,benign,0,0.8953858507325992,1,malware
com.witmob.newsdigest,malware,1,0.9999999166990395,1,malware
com.fairtiq.android.ftqlab,benign,0,0.1987498665179293,0,benign
it.redbitgames.stonesandsails,benign,0,0.9493071506406658,1,malware
ru.frolovvv.lightlamp,benign,0,0.08647900399605832,0,benign
com.smartworld.photoframe,benign,0,0.9999999999999751,1,malware
com.dawa.mobile,benign,0,0.0007887776862220673,0,benign
com.esi.kbbio,benign,0,0.7284221134555386,1,malware
edu.synthetic.androzoo.malware.ransomware_locker.0322,malware,1,0.9992005917263783,1,malware
com.iyaltamizh.app.btprinter,benign,0,0.9999999999999349,1,malware
edu.synthetic.androzoo.malware.dropper_loader.0952,malware,1,0.004220785194172192,0,benign
edu.synthetic.androzoo.malware.spyware_surveillance.1002,malware,1,0.9999999881653273,1,malware
com.funnygames.game.smania,benign,0,1.0,1,malware
edu.synthetic.androzoo.malware.spyware_surveillance.1256,malware,1,0.9999999998818674,1,malware
edu.synthetic.androzoo.malware.overlay_pin_stealer.0963,malware,1,0.9986993741163144,1,malware
com.pujiagames.Grandmother,malware,1,0.5845906066912846,1,malware
com.wintertales.moonwalkersimulatorvr,malware,1,0.3756458420717216,0,benign
com.xinan.motorgps,malware,1,0.22012719857624816,0,benign
edu.synthetic.androzoo.malware.banker_accessibility.0563,malware,1,0.9995947569430143,1,malware
com.owlogue.mandrakeboys.kor,benign,0,0.8785015778400992,1,malware
com.vedicrishiastro.kundli,benign,0,0.47404181334984974,0,benign
com.pocketpiano.mobile,malware,1,0.6708322735180308,1,malware
com.kabbalah.calendar,benign,0,0.9973795958809716,1,malware
edu.synthetic.androzoo.malware.wallet_stealer.1829,malware,1,0.9999999999994089,1,malware
de.ck1981.android.blockstopper,benign,0,0.1278781246121164,0,benign
app.upvpn.upvpn,benign,0,0.6254198902967487,1,malware
edu.synthetic.androzoo.malware.overlay_pin_stealer.0455,malware,1,0.9965034319073983,1,malware
edu.synthetic.androzoo.malware.dropper_loader.0820,malware,1,0.005541334033503002,0,benign
com.carlosv.menulateral,benign,0,0.9633486989904263,1,malware
edu.synthetic.androzoo.malware.dropper_loader.0448,malware,1,0.13821972472774788,0,benign
edu.synthetic.androzoo.malware.banker_accessibility.0833,malware,1,0.998037504809652,1,malware
com.gethabitcoach.android2,benign,0,0.11262027834958452,0,benign
edu.synthetic.androzoo.malware.wallet_stealer.0001,malware,1,0.9961809935424661,1,malware
com.luckystargame.texaspoker,malware,1,0.7491710931469071,1,malware
com.threed.spider.hero.flying.bike.city.battle,malware,1,0.9220130639034371,1,malware
edu.synthetic.androzoo.malware.overlay_pin_stealer.1654,malware,1,0.9996430651443421,1,malware
com.zakinn.app,benign,0,0.2369816260595076,0,benign
com.subsplash.thechurchapp.s_TTF4T8,benign,0,0.9999999386662126,1,malware
edu.synthetic.androzoo.malware.spyware_surveillance.0531,malware,1,0.9999995950950286,1,malware
com.taprun.fruit.candy.candymonsterline,malware,1,0.9999955852309675,1,malware
com.seigneurin.carspotclient,benign,0,0.17413944743644616,0,benign
com.apptegy.villageforsyth,benign,0,0.00011295746487090565,0,benign
edu.synthetic.androzoo.malware.dropper_loader.0172,malware,1,0.9999999999999993,1,malware
org.getcompliant.getcompliantapp,benign,0,0.3960528507800902,0,benign
edu.synthetic.androzoo.malware.dropper_loader.1363,malware,1,0.8849114236663914,1,malware
com.mobincube.estudios_biblicos.sc_HNPIES,malware,1,0.6309611001655513,1,malware
edu.synthetic.androzoo.malware.spyware_surveillance.1101,malware,1,0.9999999999999636,1,malware
com.panagola.game.arrangefree,benign,0,0.9803722020603066,1,malware
edu.synthetic.androzoo.malware.dropper_loader.0637,malware,1,0.009462711592336658,0,benign
com.example.administrator.picturetransliteration,malware,1,0.0748266803141538,0,benign
com.nword.std8maharashtra,benign,0,0.0032245463381544368,0,benign
edu.synthetic.androzoo.malware.overlay_pin_stealer.1191,malware,1,0.9983274979024802,1,malware
edu.synthetic.androzoo.malware.overlay_pin_stealer.1190,malware,1,0.7485541539392783,1,malware
com.boyzum.motoboy,benign,0,0.9999999932098382,1,malware
edu.synthetic.androzoo.malware.banker_accessibility.0771,malware,1,0.989796276839196,1,malware
edu.synthetic.androzoo.malware.banker_accessibility.0466,malware,1,0.9998416264814743,1,malware
com.launcher.light.theme3d,malware,1,0.48373716045125387,0,benign
com.teamlinkt.sportTeamApp,benign,0,0.9830294327405942,1,malware
com.xiyue.drama,benign,0,0.7425423537182574,1,malware
com.qingyuegames.petmatch,benign,0,0.1950256405313703,0,benign
com.grwth.ai,benign,0,0.99999992264922,1,malware
com.moyun365.android.gkhistorytong,malware,1,0.685359650378675,1,malware
edu.synthetic.androzoo.malware.banker_accessibility.1455,malware,1,0.9996839740285317,1,malware
edu.synthetic.androzoo.malware.dropper_loader.1578,malware,1,0.04406684783500928,0,benign
edu.synthetic.androzoo.malware.banker_accessibility.0537,malware,1,0.9464320607100296,1,malware
com.roughcode.parboti,benign,0,0.0692539057300386,0,benign
edu.synthetic.androzoo.malware.dropper_loader.0595,malware,1,0.3892009167740282,0,benign
edu.synthetic.androzoo.malware.sms_otp_stealer.1451,malware,1,0.9999999999936939,1,malware
com.jmfleet.android,benign,0,0.9864409526579595,1,malware
com.boatip.browser,malware,1,0.8670524487049741,1,malware
com.apptegy.conradpa,benign,0,0.006296027138315982,0,benign
com.codeEscape.codeescape,benign,0,0.9743807860446849,1,malware
edu.synthetic.androzoo.malware.ransomware_locker.0384,malware,1,0.9272576079264016,1,malware
com.tanzam,benign,0,0.983076994087433,1,malware
com.inmovation.newspaper,malware,1,0.5773871233178881,1,malware
tk.climbzilla,benign,0,0.17344579118740575,0,benign
edu.synthetic.androzoo.malware.overlay_pin_stealer.1170,malware,1,0.9107134486507774,1,malware
edu.synthetic.androzoo.malware.dropper_loader.0205,malware,1,0.9540097625812368,1,malware
com.telstra.nrl.dragons,benign,0,0.9999999999999998,1,malware
com.kratosle.unlim,benign,0,0.4018870172490266,0,benign
com.jobsdb,benign,0,3.261400851254118e-23,0,benign
ru.lptracker.app,benign,0,0.9595940942567487,1,malware
com.tempstick,benign,0,0.9994321368302055,1,malware
edu.synthetic.androzoo.malware.overlay_pin_stealer.0624,malware,1,0.999931024063692,1,malware
edu.synthetic.androzoo.malware.wallet_stealer.1365,malware,1,0.9995753237788522,1,malware
com.cleanmate.abroad,malware,1,0.9635364446223859,1,malware
com.aMo.gdlFax,malware,1,0.9970800919578425,1,malware
com.antescofo.metronaut,benign,0,2.947630436144968e-17,0,benign
edu.synthetic.androzoo.malware.banker_accessibility.1497,malware,1,0.9998982976597809,1,malware
com.oq.store,benign,0,0.997978570548953,1,malware
com.chownow.riardosbargrill,benign,0,0.958185513260303,1,malware
com.ebcard.cashbee.hce.jeonju,benign,0,0.024149371628419364,0,benign
edu.synthetic.androzoo.malware.overlay_pin_stealer.0496,malware,1,0.9987156760043786,1,malware
edu.synthetic.androzoo.malware.spyware_surveillance.1750,malware,1,0.999999998694548,1,malware
edu.synthetic.androzoo.malware.dropper_loader.1324,malware,1,0.03333104119560509,0,benign
com.plazz,benign,0,0.24772338633406465,0,benign
edu.synthetic.androzoo.malware.dropper_loader.0013,malware,1,0.7542730735200006,1,malware
com.trainerize.lisaelliottonlinecoaching,benign,0,0.6496723511993369,1,malware
com.phorest.finandco,benign,0,0.999999999992303,1,malware
com.enoiu.scorepdf,benign,0,0.9748184594664042,1,malware
edu.synthetic.androzoo.malware.overlay_pin_stealer.1052,malware,1,0.9997342943400167,1,malware
br.com.abril.comerebeber,benign,0,0.9999999224795182,1,malware
com.reliancegames.wwemayhem,benign,0,0.9763529520771256,1,malware
com.iz.timpy.ice.cream.cone.bar.maker.shop.truck.game,benign,0,0.7930267877890578,1,malware
com.subsplash.thechurchapp.s_W89C49,benign,0,0.9999999998309423,1,malware
cn.trinea.android.developertools,malware,1,9.952880268317702e-08,0,benign
com.magzter.bikeindia,benign,0,0.0006230433729859833,0,benign
com.elderribador,benign,0,0.036747527483890256,0,benign
edu.synthetic.androzoo.malware.wallet_stealer.1180,malware,1,0.9931428213721487,1,malware
com.tradeindia.apps.timessenger,benign,0,1.0,1,malware
au.com.allhomes,malware,1,0.5739287771488676,1,malware
com.mercadolibre,benign,0,1.0801343750577227e-14,0,benign
com.comichub,benign,0,0.36104268485028546,0,benign
com.doggymakers.tuckerattack,benign,0,0.08843708186977084,0,benign
edu.synthetic.androzoo.malware.banker_accessibility.0463,malware,1,0.9999998365221877,1,malware
edu.synthetic.androzoo.malware.overlay_pin_stealer.0887,malware,1,0.9992948156761055,1,malware
com.b01t.touchphotolock,benign,0,0.44396398437777895,0,benign
fr.morvan.morvanurbasee,benign,0,0.9980759050085867,1,malware
edu.synthetic.androzoo.malware.adware_clicker.0839,malware,1,0.11088718512397708,0,benign
edu.synthetic.androzoo.malware.overlay_pin_stealer.0258,malware,1,0.8084354124840795,1,malware
com.languagedrops.drops.learn.learning.speak.language.dutch.words,benign,0,0.9829853983428584,1,malware
com.feelcrafters.buspuzzle,benign,0,0.3047474112847344,0,benign
com.jura.formula.race.master,benign,0,0.8826931554369639,1,malware
com.mindioaitherapy.app,benign,0,0.982903587011057,1,malware
swipestox.mobile,benign,0,0.5686806977481756,1,malware
com.hy.csj,malware,1,0.9999999999993345,1,malware
com.play.tube.adsblock.video.vanceded.free,malware,1,0.935949353080052,1,malware
com.sonkins.tbass,benign,0,0.999993633575637,1,malware
usa.radio.hishop,benign,0,0.45736066120824587,0,benign
com.heyholi.holi,benign,0,0.799578616366904,1,malware
edu.synthetic.androzoo.malware.banker_accessibility.0146,malware,1,0.9019687759067001,1,malware
edu.synthetic.androzoo.malware.dropper_loader.0676,malware,1,0.013530390562828669,0,benign
edu.synthetic.androzoo.malware.banker_accessibility.0086,malware,1,0.9948313400375824,1,malware
edu.synthetic.androzoo.malware.dropper_loader.0098,malware,1,0.035634757315364175,0,benign
edu.synthetic.androzoo.malware.sms_otp_stealer.0802,malware,1,0.9999999151831725,1,malware
edu.synthetic.androzoo.malware.ransomware_locker.1225,malware,1,0.02842579080755122,0,benign
com.plus.ai,malware,1,0.5226850041867793,1,malware
jp.co.c2inc.deepsleep.pokemedi,benign,0,0.00010757552054276018,0,benign
be.rentio.app,benign,0,0.9315406662482778,1,malware
edu.synthetic.androzoo.malware.dropper_loader.0514,malware,1,0.9813615260782409,1,malware
br.com.dod.msx2cas,benign,0,0.2677586336131671,0,benign
de.web.mobile.android.mail,benign,0,0.13285550051107947,0,benign
br.org.iecsiderlandia.appEK1975,benign,0,0.7391368308371741,1,malware
com.huaien.genealogy,malware,1,0.24997909980302088,0,benign
edu.synthetic.androzoo.malware.overlay_pin_stealer.0354,malware,1,0.9999925368855288,1,malware
edu.synthetic.androzoo.malware.ransomware_locker.0378,malware,1,0.35233905020443645,0,benign
edu.synthetic.androzoo.malware.dropper_loader.1932,malware,1,0.003982556765141681,0,benign
edu.synthetic.androzoo.malware.wallet_stealer.0027,malware,1,0.9999999991722002,1,malware
org.nationalregistry.android.production,benign,0,1.5374114866985992e-08,0,benign
app.mynetvpnvip.build,malware,1,0.5058224907457465,1,malware
com.arksur.navol,malware,1,0.9293038658930186,1,malware
com.jasp.rosarioVirgenMaria,benign,0,0.22625470987679858,0,benign
musica.musicfree.snaptube.weezer.mp3app,malware,1,0.9999999997277527,1,malware
edu.synthetic.androzoo.malware.banker_accessibility.0335,malware,1,0.9991487238174634,1,malware
com.mxtech.videoplayer.ad,benign,0,1.0,1,malware
com.centris_mobile,benign,0,0.9891386481024094,1,malware
com.appical.io,benign,0,0.9999999999999916,1,malware
com.softmaker.cowkisan,benign,0,0.07938477524347681,0,benign
edu.synthetic.androzoo.malware.banker_accessibility.1511,malware,1,0.9976074000235154,1,malware
edu.synthetic.androzoo.malware.ransomware_locker.0707,malware,1,0.9999824673156149,1,malware
com.ujigu.tcyuying,malware,1,0.9302665487764475,1,malware
jp.Yokeijyo.YummyBar,benign,0,0.9300346811064579,1,malware
edu.synthetic.androzoo.malware.dropper_loader.0442,malware,1,0.017125047574828044,0,benign
com.jiaming.qiming,malware,1,0.984346945818507,1,malware
digifit.android.virtuagym.pro.capitanemo,benign,0,0.9391635501841685,1,malware
com.g5e.nineclues2.android,malware,1,0.9898118282282677,1,malware
edu.synthetic.androzoo.malware.dropper_loader.0284,malware,1,0.06361206025329276,0,benign
com.joinknack.knack,benign,0,0.18006713501196725,0,benign
com.goose.snake,benign,0,0.27336251061987943,0,benign
edu.synthetic.androzoo.malware.adware_clicker.0665,malware,1,0.23812284083049734,0,benign
com.techvariable.networktravels,benign,0,6.152415126781369e-06,0,benign
com.ca.ppm.intune.mobile.v2,benign,0,0.1978573833902296,0,benign
edu.synthetic.androzoo.malware.dropper_loader.0993,malware,1,0.576709741796179,1,malware
edu.synthetic.androzoo.malware.spyware_surveillance.1756,malware,1,0.9999999999387645,1,malware
cn.com.chinagrain,malware,1,0.13163519347935584,0,benign
edu.synthetic.androzoo.malware.banker_accessibility.0470,malware,1,0.9998802430544156,1,malware
edu.synthetic.androzoo.malware.dropper_loader.1079,malware,1,0.05210445503075144,0,benign
edu.synthetic.androzoo.malware.sms_otp_stealer.1106,malware,1,0.9999996948928618,1,malware
edu.synthetic.androzoo.malware.ransomware_locker.0330,malware,1,0.9867162293564349,1,malware
edu.synthetic.androzoo.malware.banker_accessibility.0090,malware,1,0.9973302309338286,1,malware
com.newellmediallc.live.hippo,malware,1,0.9954501072041976,1,malware
edu.synthetic.androzoo.malware.sms_otp_stealer.0666,malware,1,0.9999902934824069,1,malware
edu.synthetic.androzoo.malware.overlay_pin_stealer.1272,malware,1,0.9999673307610131,1,malware
com.selogerplus.android,benign,0,0.7536969843951257,1,malware
com.schoolpointe.oh_mississinawavalleyschs,benign,0,0.2274655665526524,0,benign
com.boursorama.android.clients,benign,0,0.6390983467364821,1,malware
com.ultralpower.roamwifi_international,malware,1,0.9926072845983108,1,malware
com.mycasavi.ottoimmo,benign,0,0.9998072433077918,1,malware
cc.flydemo.math2,malware,1,0.2113081161799962,0,benign
com.martian.yly.yyh,malware,1,0.9330136768848338,1,malware
gazpacho.strawberries.stones,benign,0,0.08140333483973318,0,benign
com.immediatemedia.historyextrarn,benign,0,0.006747505481576495,0,benign
edu.synthetic.androzoo.malware.banker_accessibility.0228,malware,1,0.9682885305373028,1,malware
com.mjcsoft.stream.fmforres,benign,0,0.9999867571226075,1,malware
edu.synthetic.androzoo.malware.overlay_pin_stealer.0341,malware,1,0.9976402667245047,1,malware
edu.synthetic.androzoo.malware.sms_otp_stealer.1569,malware,1,0.9999999573361373,1,malware
com.simyasolutions.ling.bn,benign,0,0.9659378725171794,1,malware
edu.synthetic.androzoo.malware.adware_clicker.0954,malware,1,0.999996243945459,1,malware
edu.synthetic.androzoo.malware.wallet_stealer.1549,malware,1,0.9999871548661587,1,malware
edu.synthetic.androzoo.malware.sms_otp_stealer.0062,malware,1,0.9999960036005997,1,malware
com.easternpromiseonline,benign,0,2.5826764327111296e-05,0,benign
edu.synthetic.androzoo.malware.banker_accessibility.0519,malware,1,0.9985095679754781,1,malware
io.github.fate_grand_automata,benign,0,0.16325108659619597,0,benign
com.lemellabs.differences,benign,0,0.3502474044978641,0,benign
edu.synthetic.androzoo.malware.overlay_pin_stealer.0398,malware,1,0.9963378870701222,1,malware
com.immusician.musiclass,malware,1,0.5234187964746244,1,malware
org.alias,benign,0,0.9990263509289768,1,malware
edu.synthetic.androzoo.malware.banker_accessibility.1441,malware,1,0.9999780311683526,1,malware
com.WildcoreGames.RockKommander,benign,0,0.5335023716200413,1,malware
edu.synthetic.androzoo.malware.dropper_loader.0517,malware,1,0.9859983225202291,1,malware
com.MojikenStudio.WhenPastWasAround,malware,1,0.12451290726320735,0,benign
com.reportallusa.landglide,benign,0,0.9463386406205884,1,malware
com.tpwar,benign,0,0.9002130466596681,1,malware
edu.synthetic.androzoo.malware.dropper_loader.1486,malware,1,0.7609791810990622,1,malware
linkdesks.screw.bolts.nuts.story,benign,0,0.24109793903034296,0,benign
edu.synthetic.androzoo.malware.banker_accessibility.0805,malware,1,0.9989935748166656,1,malware
edu.synthetic.androzoo.malware.dropper_loader.1295,malware,1,0.5418207607983625,1,malware
inc.ambit.client,benign,0,0.2967257084494666,0,benign
in.mohalla.sharechat,benign,0,0.9999972725218789,1,malware
com.overplaygames,benign,0,4.3291646045152643e-07,0,benign
com.visma.hryou,benign,0,0.5314048397736244,1,malware
com.neb.app.nebsl,benign,0,0.9604604373723233,1,malware
de.beetsandroots.android,benign,0,0.9749749357668385,1,malware
com.heavy.truck.driver.simulator.offroad.game,benign,0,0.18675463785915392,0,benign
com.signnow.android,benign,0,0.9379127009068626,1,malware
com.mirai.cat.prank.simulator.granny,benign,0,0.9640375955203411,1,malware
edu.synthetic.androzoo.malware.spyware_surveillance.1140,malware,1,0.9999999999862621,1,malware
ru.shtrafy_gibdd.nalogi,benign,0,3.4311049299645887e-07,0,benign
edu.synthetic.androzoo.malware.overlay_pin_stealer.1876,malware,1,0.9802724694425604,1,malware
com.ingrails.motherland,benign,0,0.511982549950808,1,malware
com.greenvalleyenglishschool,benign,0,0.03336977089732897,0,benign
mkisly.backgammon.tawla,benign,0,0.9999999999981641,1,malware
edu.synthetic.androzoo.malware.sms_otp_stealer.1290,malware,1,0.9999975422737338,1,malware
com.sinyee.babybus.garbage,malware,1,0.9999353721434532,1,malware
com.beijzc.skits,malware,1,0.9991691709713237,1,malware
com.sched.hosastateleadershiptwofour,benign,0,0.6263313319948418,1,malware
com.tianqiyubao2345,malware,1,0.6976458435367507,1,malware
edu.synthetic.androzoo.malware.banker_accessibility.0214,malware,1,0.9748299596090509,1,malware
com.simpler.dialer,benign,0,0.9747195551423756,1,malware
edu.synthetic.androzoo.malware.sms_otp_stealer.0154,malware,1,0.9999975203751085,1,malware
com.apptegy.eastpalestine,benign,0,0.1113319738120714,0,benign
com.trendyweb.lukkyapp,benign,0,0.8855198891903325,1,malware
com.educonnect.totvs.unisal,benign,0,0.5338175963496938,1,malware
edu.synthetic.androzoo.malware.ransomware_locker.0346,malware,1,0.09920754632989864,0,benign
cn.com.ethank.mobilehotel,malware,1,0.9999994787267544,1,malware
com.yunzyo.mow,benign,0,0.9990957011681627,1,malware
edu.synthetic.androzoo.malware.overlay_pin_stealer.1613,malware,1,0.9997769006249636,1,malware
com.overlapapp,benign,0,0.6361522628052582,1,malware
com.codeflies.supertravelUser,benign,0,0.011169266482577071,0,benign
com.fanimalapp.organizer,benign,0,0.3213497767024194,0,benign
com.agile.community,malware,1,0.8724232993272121,1,malware
com.notartel.esignotp,benign,0,0.5124963703267961,1,malware
com.mudgames.snakesandladders3d,benign,0,0.42858690514869036,0,benign
edu.synthetic.androzoo.malware.wallet_stealer.0657,malware,1,0.9999560418470107,1,malware
com.customchurchapps.appvxkjg2z3,benign,0,0.9977540704973465,1,malware
com.zlapcreator.blockor,malware,1,0.42644043948569443,0,benign
edu.synthetic.androzoo.malware.ransomware_locker.0096,malware,1,0.9994563007755631,1,malware
io.flexprotect.mobile,benign,0,0.863375709563258,1,malware
com.sharkgame.Memory,malware,1,0.05966827079667941,0,benign
edu.synthetic.androzoo.malware.banker_accessibility.1695,malware,1,0.9999973267008702,1,malware
penguin.solitaire.match,benign,0,0.9999999999999767,1,malware
edu.synthetic.androzoo.malware.overlay_pin_stealer.0108,malware,1,0.9831253243442496,1,malware
edu.synthetic.androzoo.malware.spyware_surveillance.1443,malware,1,0.9999999997482816,1,malware
com.menny.android.anysoftkeyboard,benign,0,0.650554434794127,1,malware
com.civicapps.hendersonnv,benign,0,0.09093299846602433,0,benign
cn.bkw,malware,1,0.9999999999999993,1,malware
edu.synthetic.androzoo.malware.wallet_stealer.1868,malware,1,0.999999554222363,1,malware
com.androtv.fvm,benign,0,0.23450883420901839,0,benign
com.PeskyMaple.Set,malware,1,0.9471419323125141,1,malware
edu.synthetic.androzoo.malware.ransomware_locker.0837,malware,1,0.9856977252816785,1,malware
edu.synthetic.androzoo.malware.dropper_loader.0924,malware,1,0.08128622592123609,0,benign
com.kaixin.duomaomao,malware,1,0.8561123472948713,1,malware
edu.synthetic.androzoo.malware.spyware_surveillance.1457,malware,1,0.9999999991226425,1,malware
com.ske6bento.kotodama,benign,0,0.17022481567063863,0,benign
edu.synthetic.androzoo.malware.overlay_pin_stealer.1597,malware,1,0.9999725546363488,1,malware
com.permadi.hexagonCrushGame,benign,0,0.7551603216304535,1,malware
perfectly.imperfect.yoga,benign,0,0.7976874836506856,1,malware
edu.synthetic.androzoo.malware.dropper_loader.0164,malware,1,0.3910143366901568,0,benign
com.laraun.plantapp,benign,0,0.9751604009332182,1,malware
com.sn1.TheImitationofChrist,benign,0,0.016293862420286142,0,benign
edu.synthetic.androzoo.malware.dropper_loader.1119,malware,1,0.502847165653216,1,malware
com.sinyee.babybus.wobunanguo,malware,1,0.9999075232605985,1,malware
com.damidev.ipoolremote,benign,0,0.8708670844658511,1,malware
edu.synthetic.androzoo.malware.wallet_stealer.0017,malware,1,0.9987287636923278,1,malware
edu.synthetic.androzoo.malware.overlay_pin_stealer.0772,malware,1,0.9997390079559877,1,malware
com.asus.rog.roggamingcenter3,benign,0,5.6753123503123364e-06,0,benign
edu.synthetic.androzoo.malware.sms_otp_stealer.1714,malware,1,0.9999998004353406,1,malware
edu.synthetic.androzoo.malware.banker_accessibility.0660,malware,1,0.9998976792097081,1,malware
com.kongsolo.jsmap,benign,0,0.16575111405131981,0,benign
jp.co.dtpnet.user86.lc2,benign,0,0.05021715608215971,0,benign
com.accor.appli.hybrid,benign,0,0.9999999987536365,1,malware
edu.synthetic.androzoo.malware.spyware_surveillance.0946,malware,1,0.9999999936276556,1,malware
com.subsplashconsulting.s_49ZKSJ,benign,0,0.9999921670828585,1,malware
edu.synthetic.androzoo.malware.dropper_loader.0311,malware,1,0.120333967827477,0,benign
com.gcap.jumbleword,benign,0,0.37458214518117655,0,benign
com.ultra.gfx.tool.pro,malware,1,0.3336817806554287,0,benign
com.windcloud.recorder,malware,1,0.9999999999999862,1,malware
com.riu,benign,0,0.9999999999999907,1,malware
com.linkdokter.halodoc.android,benign,0,2.0345299843314138e-10,0,benign
edu.synthetic.androzoo.malware.banker_accessibility.1278,malware,1,0.9710828307416888,1,malware
edu.synthetic.androzoo.malware.ransomware_locker.1386,malware,1,0.06076239898787412,0,benign
edu.synthetic.androzoo.malware.banker_accessibility.0369,malware,1,0.9999427808087861,1,malware
com.nstudio.weatherhere.free,benign,0,0.996976432555849,1,malware
ai.atheneum,benign,0,0.9989187217051585,1,malware
com.ecoleplus.app,benign,0,0.9672473894996831,1,malware
edu.synthetic.androzoo.malware.overlay_pin_stealer.1074,malware,1,0.9999501959347412,1,malware
com.sinyee.babybus.musicparty,malware,1,0.9999061820172905,1,malware
com.domicilien.aase,benign,0,0.9999536944343201,1,malware
kr.ac.hufs.mobilecampus,benign,0,0.050168322903343665,0,benign
edu.synthetic.androzoo.malware.ransomware_locker.1670,malware,1,0.9851270808431418,1,malware
com.DevDragon.QuebraCabecasBenzemaPuzzles,benign,0,0.4477629870069394,0,benign
com.productmadness.fafafagold,benign,0,0.10818497420674279,0,benign
com.intermaps.iskirussia,benign,0,0.02433663678481108,0,benign
com.wgt.android.golf,benign,0,0.208188534115069,0,benign
edu.synthetic.androzoo.malware.banker_accessibility.1354,malware,1,0.9994905289652525,1,malware
com.windyty.android,benign,0,0.9717240333118433,1,malware
com.curefun,malware,1,0.9996028966753194,1,malware
com.video.videodownloader_appdl,malware,1,0.9979236122586008,1,malware
edu.synthetic.androzoo.malware.ransomware_locker.0728,malware,1,0.18334753921140964,0,benign
edu.synthetic.androzoo.malware.ransomware_locker.0464,malware,1,0.514320401249262,1,malware
edu.synthetic.androzoo.malware.overlay_pin_stealer.1568,malware,1,0.9904194100872024,1,malware
edu.synthetic.androzoo.malware.overlay_pin_stealer.1449,malware,1,0.9999180174364374,1,malware
cash.selene.app,benign,0,0.08793801418750093,0,benign
com.maxedadiygroup.brico,benign,0,0.16063585895418528,0,benign
edu.synthetic.androzoo.malware.banker_accessibility.1124,malware,1,0.9999999984191072,1,malware
com.square_enix.android_googleplay.mangaup_jp,benign,0,0.3440789190323926,0,benign
edu.synthetic.androzoo.malware.dropper_loader.1374,malware,1,0.3157370044885518,0,benign
com.bim.osus,benign,0,0.999283090355444,1,malware
edu.synthetic.androzoo.malware.sms_otp_stealer.0186,malware,1,0.9999997582696072,1,malware
sk.antik.antikgo,benign,0,0.9999999853600552,1,malware
edu.synthetic.androzoo.malware.banker_accessibility.0371,malware,1,0.9999999755173782,1,malware
com.ygtech.ddyx,benign,0,0.9854928731361691,1,malware
com.somfy.homeapp,benign,0,0.974459452109649,1,malware
radio.tacana,benign,0,0.9999251825403637,1,malware
com.wifi.reader.lite,malware,1,0.9999976085273465,1,malware
com.visiblemobile.flagship,benign,0,0.9990235989742193,1,malware
edu.synthetic.androzoo.malware.ransomware_locker.0884,malware,1,0.8981586157899386,1,malware
com.centra.livekirtan,benign,0,0.04769288281317734,0,benign
cl.coopeuch.pass,malware,1,0.2386040530107998,0,benign
com.medevio.gateway,benign,0,0.9999999636841141,1,malware
edu.synthetic.androzoo.malware.spyware_surveillance.0596,malware,1,0.9999999818719164,1,malware
edu.synthetic.androzoo.malware.ransomware_locker.1817,malware,1,0.06749719895436143,0,benign
maa.standby_ios.widgets.lock_screen,benign,0,0.3292052135202289,0,benign
edu.synthetic.androzoo.malware.ransomware_locker.1275,malware,1,0.10020918719458394,0,benign
br.com.bb.android,benign,0,0.9994522550933791,1,malware
asia.coins.mobile,benign,0,0.9998288242355851,1,malware
edu.synthetic.androzoo.malware.dropper_loader.1380,malware,1,0.9516128813264129,1,malware
com.CSbossbabeboutiquellc.android,benign,0,1.0,1,malware
com.xizi.quan,malware,1,0.9808184595017827,1,malware
br.com.raise.app10239,benign,0,0.03450716074349888,0,benign
com.permadi.basketball,benign,0,0.8958534187258815,1,malware
au.com.mentoracademy.app,benign,0,0.07693453465310125,0,benign
com.storytoys.lego.duplo.disney.mickey.and.friends.googleplay,benign,0,0.4006881836008452,0,benign
io.voodoo.holeio,malware,1,1.0,1,malware
edu.synthetic.androzoo.malware.sms_otp_stealer.1115,malware,1,0.9999998473502785,1,malware
com.gruntify.app,benign,0,0.9999997309203377,1,malware
xw.givee.re4,malware,1,0.15092075263499172,0,benign
com.resdiary.androidapp,benign,0,1.6397454861314776e-65,0,benign
edu.synthetic.androzoo.malware.adware_clicker.1341,malware,1,0.07737257348859164,0,benign
edu.synthetic.androzoo.malware.dropper_loader.1227,malware,1,0.8557895058915861,1,malware
edu.synthetic.androzoo.malware.overlay_pin_stealer.0709,malware,1,0.9999888056022468,1,malware
com.animocabrands.google.hoverrider,malware,1,0.4267602886122245,0,benign
com.yandex.yango,benign,0,0.01246597857202383,0,benign
com.developer.appRadioBucuresti,benign,0,0.7983269612443056,1,malware
com.sauer.unity.griddefender,benign,0,0.5352381474869423,1,malware
edu.synthetic.androzoo.malware.banker_accessibility.1727,malware,1,0.9599291704577968,1,malware
mkisly.american.checkers,benign,0,0.10960995067484633,0,benign
edu.synthetic.androzoo.malware.spyware_surveillance.1001,malware,1,0.999999999899619,1,malware
com.kbpro.Fixiclicker,malware,1,1.0,1,malware
net.absoluta.brpostefacil,benign,0,1.9917293516019265e-05,0,benign
mk.functionalplanet.app,benign,0,0.9794511764019319,1,malware
edu.synthetic.androzoo.malware.wallet_stealer.0061,malware,1,0.9994538379929908,1,malware
edu.synthetic.androzoo.malware.wallet_stealer.1294,malware,1,0.9999890468978829,1,malware
com.cn.yikaosouti,malware,1,0.7177124546563631,1,malware
biz.kajiken.app,benign,0,0.46833103672652693,0,benign
com.SereDim.OneDChess,benign,0,0.591702158121122,1,malware
plus.H5A84F959,malware,1,1.0,1,malware
com.thinkwu.live,malware,1,0.5374096215491506,1,malware
com.foodbooking.kebapnovelda,benign,0,0.7296182662216995,1,malware
edu.synthetic.androzoo.malware.ransomware_locker.1754,malware,1,0.9314627642668,1,malware
com.berhanbanksc.mobiruby,benign,0,0.7336755707390064,1,malware
com.moneybookers.skrillpayments,benign,0,0.999999362826809,1,malware
edu.synthetic.androzoo.malware.dropper_loader.1006,malware,1,0.27609956853939494,0,benign
com.nexon.bluearchive,benign,0,0.06631839016652258,0,benign
org.NSAA.BOU,benign,0,0.385869164445517,0,benign
com.kahunas.io.DifferentBreedCoaching,benign,0,0.6792929226880996,1,malware
com.tianwen.jjrb,malware,1,0.9999956138626033,1,malware
edu.synthetic.androzoo.malware.ransomware_locker.0591,malware,1,0.36153938728610413,0,benign
com.volkswagen.vwnavarra2,benign,0,0.9099947834360419,1,malware
app.haoce.com,malware,1,0.721140696291238,1,malware
com.sinyee.babybus.food,malware,1,0.9999909645007438,1,malware
edu.synthetic.androzoo.malware.banker_accessibility.1379,malware,1,0.9809584698309501,1,malware
com.perception.soc.en,malware,1,0.0768770756248125,0,benign
edu.synthetic.androzoo.malware.ransomware_locker.0385,malware,1,0.9360196405776708,1,malware
edu.synthetic.androzoo.malware.dropper_loader.0632,malware,1,0.9321696283427948,1,malware
edu.synthetic.androzoo.malware.spyware_surveillance.1848,malware,1,0.9999999998720666,1,malware
in.playsimple.cryptogram,benign,0,0.9894852861665449,1,malware
com.anchornode.rabbitcafe,benign,0,0.4054198855553065,0,benign
edu.synthetic.androzoo.malware.dropper_loader.0699,malware,1,0.0011552058889398246,0,benign
edu.synthetic.androzoo.malware.spyware_surveillance.1723,malware,1,0.9999993466885104,1,malware
edu.synthetic.androzoo.malware.overlay_pin_stealer.1528,malware,1,0.9919329926951803,1,malware
com.KrakerStudio.IHeelGood,benign,0,0.8275145988197847,1,malware
edu.synthetic.androzoo.malware.overlay_pin_stealer.1581,malware,1,0.9785113566671034,1,malware
edu.synthetic.androzoo.malware.overlay_pin_stealer.1134,malware,1,0.9926747037522758,1,malware
com.mf.xjafx.mi,malware,1,0.929024063585482,1,malware
com.insthub.voguemini,malware,1,0.998149583136145,1,malware
edu.synthetic.androzoo.malware.spyware_surveillance.0949,malware,1,0.9999999997927529,1,malware
com.myspa.lima,benign,0,0.18571360490831576,0,benign
edu.synthetic.androzoo.malware.wallet_stealer.1213,malware,1,0.9996064315407475,1,malware
com.douguo.yummydiary,malware,1,0.9997562346698902,1,malware
com.gearandroid.phoneleashfree,malware,1,0.06952692903493897,0,benign
edu.synthetic.androzoo.malware.sms_otp_stealer.1661,malware,1,0.9999999099610734,1,malware
com.garhijp.docchigaooikana,benign,0,0.9924598661375014,1,malware
cn.eakay,malware,1,0.9950012340103636,1,malware
com.jxdmxxw.gnq,malware,1,0.36208596030237566,0,benign
edu.synthetic.androzoo.malware.banker_accessibility.1393,malware,1,0.9946418960739838,1,malware
com.lianaibiji.dev,malware,1,0.15751058510744978,0,benign
edu.synthetic.androzoo.malware.overlay_pin_stealer.0231,malware,1,0.9976242123042361,1,malware
com.iyuba.englishfm,malware,1,0.14665631761185483,0,benign
com.ultragames.ArmWrestler3D,benign,0,0.9436754096753001,1,malware
edu.synthetic.androzoo.malware.wallet_stealer.0485,malware,1,0.9998775553721263,1,malware
edu.synthetic.androzoo.malware.wallet_stealer.0392,malware,1,0.9776288439789201,1,malware
edu.synthetic.androzoo.malware.sms_otp_stealer.0817,malware,1,0.9999994807273883,1,malware
com.quiply.leimerkg,benign,0,0.6898038889910709,1,malware
conversor.conversaotaxasbasico.gbpsdg,benign,0,0.9999999999999871,1,malware
com.u8.pblast,benign,0,0.2835629320418115,0,benign
com.easilydo.mail,benign,0,0.9999738434635432,1,malware
com.easyhome.fucai,malware,1,0.09949595265638789,0,benign
br.com.mestria.mx100TF,benign,0,0.9739456031347128,1,malware
jp.nakano.tokyo.rsa,benign,0,0.5106895865562945,1,malware
edu.synthetic.androzoo.malware.banker_accessibility.0155,malware,1,0.9994315136003138,1,malware
edu.synthetic.androzoo.malware.banker_accessibility.1638,malware,1,0.9919663970560973,1,malware
it.xmenu.mandarinosushi,benign,0,0.3470277706296496,0,benign
com.transcore.android.commuterLink,benign,0,0.8820980456967978,1,malware
air.android.evolutionalpaca,malware,1,0.5407572967341054,1,malware
dk.tactile.lilysgarden,benign,0,0.1589904012687027,0,benign
com.watchface.heartratetracker.heartratemonitor,benign,0,0.9999998910532427,1,malware
com.ccspltms,benign,0,0.191384130606795,0,benign
edu.synthetic.androzoo.malware.sms_otp_stealer.1771,malware,1,0.999999937437177,1,malware
com.crescentmoongames.hammerbomb_st,malware,1,0.9468241678064206,1,malware
vn.icheck.android,benign,0,0.5115396711441602,1,malware
com.laoniao.leaperkim,malware,1,0.3309116550567228,0,benign
com.padu.paduapp,benign,0,0.9955704439996262,1,malware
in.tradebulls.trading,benign,0,1.2018359899398148e-08,0,benign
edu.synthetic.androzoo.malware.spyware_surveillance.0191,malware,1,0.9999990623743732,1,malware
com.tallurigames.nurserykids,benign,0,0.965497449252915,1,malware
edu.synthetic.androzoo.malware.overlay_pin_stealer.0331,malware,1,0.9994607021930819,1,malware
com.app4joy.world_flags_free,benign,0,0.6746466942132613,1,malware
edu.synthetic.androzoo.malware.ransomware_locker.0853,malware,1,0.9768941147763767,1,malware
edu.synthetic.androzoo.malware.banker_accessibility.1707,malware,1,0.9999861718110576,1,malware
edu.synthetic.androzoo.malware.overlay_pin_stealer.0435,malware,1,0.9992824201230207,1,malware
com.trainerize.fitnesswithfranapp,benign,0,0.9956145477308938,1,malware
vn.payoo,benign,0,0.848217815962099,1,malware
edu.synthetic.androzoo.malware.sms_otp_stealer.1007,malware,1,0.9999999999879845,1,malware
com.ayome.sg,benign,0,0.9999999941302165,1,malware
com.dreamo.xxsf,benign,0,0.34449336994977586,0,benign
com.julyz.babyenglish,malware,1,0.785283160753496,1,malware
edu.synthetic.androzoo.malware.banker_accessibility.1173,malware,1,0.9999752164941608,1,malware
com.lomolsoft.language.learnslovak,benign,0,0.6706094629504005,1,malware
air.nn.VEhFUEFQQVNIT1RET0dHRVJJQQ.ThePapasHotDoggeria,malware,1,0.5442716822764305,1,malware
app.jkmichaelspm.com,benign,0,0.3767340830820142,0,benign
au.com.solus.GlenEiraLibraries,benign,0,0.9883453421626017,1,malware
edu.synthetic.androzoo.malware.ransomware_locker.1580,malware,1,0.47706238328081396,0,benign
com.HardcoreGamesStudio.DoomZDay,benign,0,0.9999999999727356,1,malware
biblia.reina.valera.virtual,malware,1,0.9121693283973552,1,malware
us.game.a5,malware,1,0.25221836173564993,0,benign
com.KurikulumMerdeka.BukuGuruMatematikaKelas7L,benign,0,0.6700350481642807,1,malware
edu.synthetic.androzoo.malware.banker_accessibility.1687,malware,1,0.9999967508908157,1,malware
com.airkast.tunekast1613_132,benign,0,0.9999999999533096,1,malware
no.compilo.civis,benign,0,0.002440066635969699,0,benign
com.apptegy.balticsd,benign,0,0.18234922535082837,0,benign
com.programmisty.emiasapp,benign,0,1.0,1,malware
com.lstapps.batterywidget,malware,1,0.20830135068016947,0,benign
net.megastudy.qube,benign,0,0.07657260323389693,0,benign
com.perfectdraft,benign,0,0.9999936143059249,1,malware
com.rise.mobile,benign,0,0.9995206528031427,1,malware
au.com.nrl.tipping,benign,0,0.0006476134483316377,0,benign
com.craftgames.plntcrft,benign,0,0.8577623593327479,1,malware
edu.synthetic.androzoo.malware.adware_clicker.0336,malware,1,0.02027545599838432,0,benign
edu.synthetic.androzoo.malware.wallet_stealer.1019,malware,1,0.9997253062649885,1,malware
net.fmstudio.forgottenhillfirststeps,malware,1,0.12269598713325565,0,benign
com.temobi.zhibojiangmen,malware,1,0.6403735222137781,1,malware
mn.ard.android,benign,0,0.6545560499945383,1,malware
com.expoplatform.beauty.app1,benign,0,1.0,1,malware
com.orientapps.idlecitymafiaclicker,malware,1,0.999148247143309,1,malware
com.oclocher.mobileApp,benign,0,0.9999935463485393,1,malware
com.runawayplay.birdgame,benign,0,0.2277531873494767,0,benign
orphy.orphyDrive,benign,0,0.9535036735858087,1,malware
com.mais.smairtherov2,benign,0,0.06711927980258946,0,benign
barbeariaolympia.bestbarbers.app,benign,0,0.9435110616493042,1,malware
com.BERLITZDC.DprincessHDWallpaper2019,benign,0,0.16375035248121422,0,benign
com.gps.gpskids,benign,0,0.1065903391762511,0,benign
com.grmrk.dressupgames,malware,1,0.6279871583880138,1,malware
hr.app.n207002376,benign,0,0.2823413971851235,0,benign
com.innovatise.coastalmovement,benign,0,0.16967519460084796,0,benign
com.praharaj_sqlite.app,benign,0,0.9999597420160539,1,malware
edu.synthetic.androzoo.malware.spyware_surveillance.1013,malware,1,0.9999999962583428,1,malware
edu.synthetic.androzoo.malware.ransomware_locker.0319,malware,1,0.9007559897400629,1,malware
edu.synthetic.androzoo.malware.dropper_loader.0250,malware,1,0.9999999997470133,1,malware
edu.synthetic.androzoo.malware.banker_accessibility.1202,malware,1,0.9999580659978348,1,malware
com.schooleye.tps,benign,0,0.9828234230084028,1,malware
io.ionic.indichords,benign,0,0.2754121603789638,0,benign
cn.com.vau,benign,0,7.75672968889703e-27,0,benign
cz.fio.sb2,benign,0,0.8326459218357815,1,malware
com.eea.android,benign,0,0.12181611619060871,0,benign
pi.browser,benign,0,0.9857034858391652,1,malware
com.sinyee.babybus.foodcity,benign,0,0.3277303002889535,0,benign
com.appsmart.delivery.pizzeriacaravellaa5272,benign,0,0.11883362755722707,0,benign
com.realvisiontv,benign,0,0.9666298811351633,1,malware
dbzzz.dragon.ssj.battle,malware,1,0.893120005356515,1,malware
com.yuwanxiong.yzddtwo,malware,1,0.9996889201529224,1,malware
com.humor.talking.archaeopteryx,benign,0,0.26060233104111996,0,benign
ch.ceres24.app2,benign,0,0.20436204435037056,0,benign
com.lunarway.app,benign,0,0.14323231318678029,0,benign
edu.synthetic.androzoo.malware.ransomware_locker.0188,malware,1,0.24830643929235055,0,benign
com.h4lsoft.scandroid,benign,0,0.6362386482906751,1,malware
com.pregnancyapp.babyinside,benign,0,6.706631675694484e-05,0,benign
com.zl.hlvideo,malware,1,0.0623489579377922,0,benign
edu.synthetic.androzoo.malware.spyware_surveillance.1281,malware,1,0.9999999917063699,1,malware
com.flaregames.rrtournament,benign,0,0.999999999874533,1,malware
com.wLeOInsights_12057002,malware,1,0.060750398848154585,0,benign
conversor.conversaotaxasbasico.jpygyd,benign,0,0.9999999999972742,1,malware
com.sebferrer.life_notes,benign,0,0.12923166016618612,0,benign
edu.synthetic.androzoo.malware.wallet_stealer.1762,malware,1,0.9999002095335536,1,malware
com.phonelocator.mobile.number.locationfinder.callerid,benign,0,3.982284928220188e-15,0,benign
org.smap.smapTask.android,benign,0,0.31707104280036497,0,benign
edu.synthetic.androzoo.malware.adware_clicker.0356,malware,1,0.16560532599274266,0,benign
com.azgame.app.poolcity,benign,0,0.1423800542493459,0,benign
global.untolddubai,benign,0,0.9386419914666776,1,malware
edu.synthetic.androzoo.malware.overlay_pin_stealer.1792,malware,1,0.9831661660466026,1,malware
edu.synthetic.androzoo.malware.overlay_pin_stealer.1103,malware,1,0.9997619124075099,1,malware
etg.extranet,benign,0,0.00045598538164412847,0,benign
com.projectx.mripl,malware,1,0.09686028293630344,0,benign
com.edxavier.wheels_equivalent,benign,0,0.4581723759259591,0,benign
edu.synthetic.androzoo.malware.banker_accessibility.1557,malware,1,0.9999418853631618,1,malware
edu.synthetic.androzoo.malware.adware_clicker.1063,malware,1,0.10320398381996465,0,benign
com.lumilabs.LingoLooper,benign,0,0.9778894211978538,1,malware
com.laixue.lxagent,malware,1,0.9288616112797834,1,malware
vk.chungju,benign,0,0.11237793925787759,0,benign
edu.synthetic.androzoo.malware.dropper_loader.0796,malware,1,0.009790979176185667,0,benign
edu.synthetic.androzoo.malware.dropper_loader.0999,malware,1,0.7311173618470855,1,malware
com.microfund.app,malware,1,0.9999865342923636,1,malware
edu.synthetic.androzoo.malware.overlay_pin_stealer.0901,malware,1,0.9994553462214079,1,malware
com.apazine.floral,benign,0,0.09699248661614135,0,benign
com.singlife.mobile,benign,0,0.12207539786675889,0,benign
cz.hipercalc,benign,0,0.9300858188704781,1,malware
com.pizzanova.ui,benign,0,0.03901130546283844,0,benign
com.gameme5.FTHDHD,malware,1,0.9839157254961267,1,malware
net.ethervision.noworriesclub,benign,0,0.738583826447025,1,malware
com.lifree1.agent,benign,0,0.6999135415981477,1,malware
com.tentech.remote,benign,0,0.12808597138218009,0,benign
edu.synthetic.androzoo.malware.banker_accessibility.0612,malware,1,0.9999619775037304,1,malware
com.smartlife.nebula,benign,0,0.9999999999999984,1,malware
com.subsplashconsulting.s_XNK3P6,benign,0,0.999846605523753,1,malware
com.kenangan.my,benign,0,0.46956271156355767,0,benign
com.DigitalOxygen.FireFly,benign,0,0.1786040546291909,0,benign
edu.synthetic.androzoo.malware.dropper_loader.0863,malware,1,0.0010156448413402648,0,benign
virtue.android.ddp,malware,1,0.28511543659808036,0,benign
edu.synthetic.androzoo.malware.dropper_loader.0355,malware,1,0.39514054927764675,0,benign
dev.Frases.deAmor.jado,benign,0,0.0642555819816816,0,benign
com.mu.mmo.rpg.game,benign,0,0.18678916741450333,0,benign
com.sinyee.babybus.song,malware,1,0.6832601928952152,1,malware
edu.synthetic.androzoo.malware.spyware_surveillance.0481,malware,1,0.9999999996514959,1,malware
edu.synthetic.androzoo.malware.banker_accessibility.0706,malware,1,0.9999988927275812,1,malware
cc.septnet.student,malware,1,0.6361946330779374,1,malware
com.audaxis.nordlittoral,benign,0,0.9959162539504659,1,malware
com.uncleroccos,benign,0,4.1638357327485606e-06,0,benign
edu.synthetic.androzoo.malware.wallet_stealer.1210,malware,1,0.9999995677978347,1,malware
jp.co.obunsha.dic.browser,benign,0,0.9572840004066271,1,malware
com.OMCDev.Mockup3D,benign,0,0.7035342169352886,1,malware
abs.homeworkout.fit.packs.healthy,benign,0,0.21816299423152322,0,benign
edu.synthetic.androzoo.malware.banker_accessibility.0456,malware,1,0.9997712538520502,1,malware
cn.hundun.app.data,malware,1,0.9931586457254264,1,malware
com.gangguwang.yewugo,malware,1,0.08676347515337966,0,benign
edu.synthetic.androzoo.malware.wallet_stealer.1800,malware,1,0.9998531345358177,1,malware
com.inovcares.patient,benign,0,0.6012787471644648,1,malware
com.aizu.lite,malware,1,0.4815392400923197,0,benign
com.biz.android.mbanking,benign,0,0.03933813708019948,0,benign
edu.synthetic.androzoo.malware.overlay_pin_stealer.0909,malware,1,0.9999021797158176,1,malware
com.benqu.wuta,malware,1,0.9965529126013081,1,malware
com.tanggo.frogjump,malware,1,0.9950602335233427,1,malware
com.songkick,benign,0,0.3602777383530503,0,benign
com.kaneep.dmang,malware,1,0.7453136847773607,1,malware
edu.synthetic.androzoo.malware.adware_clicker.1562,malware,1,0.5881543121608473,1,malware
edu.synthetic.androzoo.malware.ransomware_locker.0267,malware,1,0.954484109892364,1,malware
com.szmg.zhinews,malware,1,0.9999999931971482,1,malware
jp.co.excite.radiotalk,benign,0,0.7002164832944929,1,malware
edu.synthetic.androzoo.malware.ransomware_locker.0351,malware,1,0.9838621809098741,1,malware
com.hqyl.freebot,benign,0,0.6995003977952818,1,malware
com.lemon.play.linecolor,malware,1,0.2539542561143297,0,benign
com.hulldailymail,benign,0,0.9681069030435993,1,malware
games.syrupy.sandwichshop,benign,0,0.37046445518316035,0,benign
com.prospre,benign,0,0.42960401145358756,0,benign
com.nrpriore.TT2RaidOptimizer,benign,0,0.8304362215070751,1,malware
com.rd.huatest,malware,1,0.1328241835090162,0,benign
edu.synthetic.androzoo.malware.ransomware_locker.0166,malware,1,0.2790033711849214,0,benign
edu.synthetic.androzoo.malware.banker_accessibility.1139,malware,1,0.9999511972144657,1,malware
edu.synthetic.androzoo.malware.banker_accessibility.1105,malware,1,0.9833273063801359,1,malware
edu.synthetic.androzoo.malware.adware_clicker.1892,malware,1,0.8432984084221286,1,malware
com.bayasaver.baya,benign,0,0.9828780383784537,1,malware
edu.synthetic.androzoo.malware.wallet_stealer.0619,malware,1,0.9994457825217529,1,malware
de.tutao.tutanota,benign,0,0.6196087981033508,1,malware
edu.synthetic.androzoo.malware.wallet_stealer.1088,malware,1,0.9999765127229812,1,malware
com.revolve,benign,0,0.9989059932172621,1,malware
com.abacuschampsacademy.abacusChamp,benign,0,0.09036090706361995,0,benign
edu.synthetic.androzoo.malware.dropper_loader.1437,malware,1,0.003043407657161939,0,benign
edu.synthetic.androzoo.malware.wallet_stealer.1338,malware,1,0.9999997548127361,1,malware
edu.synthetic.androzoo.malware.ransomware_locker.0783,malware,1,0.21573009131682905,0,benign
com.IVR.horoscopocancer,benign,0,0.08172237777538349,0,benign
edu.synthetic.androzoo.malware.spyware_surveillance.1909,malware,1,0.9999999999859346,1,malware
edu.synthetic.androzoo.malware.banker_accessibility.1746,malware,1,0.9999906971567691,1,malware
com.englishkeyboard.voicetyping.speaktotype.translator,benign,0,0.7438040671708464,1,malware
com.happy.box.draw.shapes.game.cn,malware,1,0.4897127904368143,0,benign
com.dictionary.englishtoswahilidic,malware,1,1.0,1,malware
com.pgc.propertygaincalculator,benign,0,0.18382198229828645,0,benign
com.healthfitnessnordic.gxbooking,benign,0,0.9997338998018417,1,malware
edu.synthetic.androzoo.malware.banker_accessibility.1315,malware,1,0.9999981852660266,1,malware
shamimsoft.sahar,malware,1,0.07567257965682776,0,benign
edu.synthetic.androzoo.malware.banker_accessibility.1748,malware,1,0.9988410354637954,1,malware
edu.synthetic.androzoo.malware.overlay_pin_stealer.1642,malware,1,0.9994114851800767,1,malware
channelmentor.travelgrid.nh,benign,0,0.8309534894136686,1,malware
net.usb.usby4,benign,0,0.04947088685191418,0,benign
com.vamoos.apps.tourcompass,benign,0,0.9828878305138449,1,malware
tictactoe.game.imagebutton_group,benign,0,0.04096744167942402,0,benign
com.ddfkgab.bhuva,malware,1,0.07244888907437418,0,benign
edu.synthetic.androzoo.malware.wallet_stealer.1125,malware,1,0.999967762873545,1,malware
en.murmli.espressotrackster,benign,0,0.1464281389002355,0,benign
com.ydsrsssl,malware,1,0.9131393458556394,1,malware
io.breezeway.Breezeway,benign,0,0.2893987049943932,0,benign
edu.synthetic.androzoo.malware.sms_otp_stealer.0163,malware,1,0.9999999396694194,1,malware
com.iwanzbiz.megacarp,benign,0,0.9830848749348163,1,malware
core.writer,benign,0,0.12474586135667992,0,benign
io.bravon.pureliink,benign,0,0.9894448871780681,1,malware
giraffic.traffic,benign,0,0.9531318259244561,1,malware
com.makeshop.podbbang,benign,0,0.9975080344169817,1,malware
br.com.guiasos.app53on,benign,0,2.4031034449553823e-05,0,benign
edu.synthetic.androzoo.malware.overlay_pin_stealer.0179,malware,1,0.9053553359370231,1,malware
jp.co.inte.miidas,benign,0,0.9989142667384788,1,malware
com.southradios,benign,0,1.544795384152734e-08,0,benign
edu.synthetic.androzoo.malware.sms_otp_stealer.0239,malware,1,0.999999989156736,1,malware
com.degoo.android.hsclinic,malware,1,0.9999999692603162,1,malware
edu.synthetic.androzoo.malware.spyware_surveillance.1323,malware,1,0.9999999999960283,1,malware
com.frolicfoxstudio.bssd,malware,1,0.9999865563542945,1,malware
com.trainerize.gentrygym,benign,0,0.8908043341908636,1,malware
com.inscore.inscore,benign,0,0.08803211531639796,0,benign
com.subsplashconsulting.s_VTHQCQ,benign,0,0.9999999998208782,1,malware
com.mwaa.digital.signage.tc.iad,benign,0,0.0836424367091393,0,benign
edu.synthetic.androzoo.malware.overlay_pin_stealer.1297,malware,1,0.9748261642564322,1,malware
com.e.fratebookingapp,benign,0,0.20509419309595123,0,benign
edu.synthetic.androzoo.malware.spyware_surveillance.0806,malware,1,0.9999999999767339,1,malware
edu.synthetic.androzoo.malware.ransomware_locker.1384,malware,1,0.5667726727352251,1,malware
edu.synthetic.androzoo.malware.spyware_surveillance.0983,malware,1,0.9999999946583005,1,malware
com.dada.songshu,malware,1,0.9907287511508712,1,malware
edu.synthetic.androzoo.malware.ransomware_locker.1744,malware,1,0.9393699449577076,1,malware
edu.synthetic.androzoo.malware.ransomware_locker.1637,malware,1,0.9438275656274484,1,malware
edu.synthetic.androzoo.malware.sms_otp_stealer.0825,malware,1,0.9999999986084267,1,malware
eu.mobile_alerts.thermoconnect,benign,0,0.0355217489225148,0,benign
com.jewel.drop.slide.block.puzzlegame,benign,0,0.24200263685258952,0,benign
com.hkaa.carshare,benign,0,0.9999999225891938,1,malware
edu.synthetic.androzoo.malware.overlay_pin_stealer.1440,malware,1,0.9998552712152592,1,malware
com.kigle.cocobi.hospital,benign,0,0.15072610873160058,0,benign
edu.synthetic.androzoo.malware.banker_accessibility.1042,malware,1,0.9999589047460735,1,malware
com.vanniktech.meditationtimer,benign,0,0.619784252260602,1,malware
edu.synthetic.androzoo.malware.banker_accessibility.1797,malware,1,0.9956495068554597,1,malware
com.ridetaskapp.store,benign,0,0.9973122055214954,1,malware
edu.synthetic.androzoo.malware.sms_otp_stealer.0834,malware,1,0.9999965697468279,1,malware
edu.synthetic.androzoo.malware.overlay_pin_stealer.0439,malware,1,0.9382214375360203,1,malware
com.urbandroid.lux,benign,0,0.3232765599319708,0,benign
edu.synthetic.androzoo.malware.overlay_pin_stealer.0103,malware,1,0.9928581148936966,1,malware
com.yuanlue.chongwu,malware,1,0.9999946359153439,1,malware
com.gomemyc.mylc.android,malware,1,0.9995873679806457,1,malware
com.cjump.clothing.store.sim.game,benign,0,0.7872218408633886,1,malware
edu.synthetic.androzoo.malware.banker_accessibility.1454,malware,1,0.9998709156597889,1,malware
com.gabama.monopostolite,benign,0,0.9956276832051849,1,malware
com.EdicionesAlborada.PiensaMateALM2AR2023,benign,0,0.11413362915632196,0,benign
com.threeminutegames.lifelinehalftoinfinitygoog.st,malware,1,0.9749810516373209,1,malware
com.webbergate.chs,benign,0,0.36017018306428644,0,benign
com.despdev.silver_and_gold_price_calc,benign,0,0.42336889500216984,0,benign
com.steinberg.cubasisle3,benign,0,0.9431376267158842,1,malware
com.EvolutionOfGames.EvolutionOfSpecies2,benign,0,0.08697152078376526,0,benign
com.dyg.presstheodds,benign,0,0.10097939894524097,0,benign
io.shiftee.app,benign,0,0.9617908147698221,1,malware
com.restaumatic.sivas_kebab_production,benign,0,0.09972178050386954,0,benign
com.tuboapps.vmate,benign,0,0.8545577175882186,1,malware
com.bible.dailyprayer.verse.devotion.guide,benign,0,1.0427578937791855e-05,0,benign
com.vanilatechmta.fgv,benign,0,0.467834575555622,0,benign
com.shelvz.fieldForce,benign,0,0.12714144226271304,0,benign
com.telematicssdk.zenroad,benign,0,0.6175975478124999,1,malware
edu.synthetic.androzoo.malware.ransomware_locker.1699,malware,1,0.7309946625922515,1,malware
jp.studysapurienglish.student,benign,0,4.187217260531161e-06,0,benign
edu.synthetic.androzoo.malware.spyware_surveillance.1143,malware,1,0.9999999092092968,1,malware
edu.synthetic.androzoo.malware.overlay_pin_stealer.0510,malware,1,0.9998031810461553,1,malware
edu.synthetic.androzoo.malware.dropper_loader.1425,malware,1,0.343934740214931,0,benign
edu.synthetic.androzoo.malware.overlay_pin_stealer.1893,malware,1,0.9999970993733585,1,malware
com.bushiroad.BushiroadFightersNavigator,benign,0,0.4473085651122868,0,benign
ua.com.etnocode.minecraftpacks,benign,0,0.9999545122784897,1,malware
com.Alaa.Akl.App.Quran.Karime,benign,0,0.9299671701809352,1,malware
edu.synthetic.androzoo.malware.adware_clicker.0703,malware,1,0.13479240544484528,0,benign
com.startsecurityapptool.scanner,malware,1,0.9999122673161014,1,malware
edu.synthetic.androzoo.malware.ransomware_locker.1084,malware,1,0.938591404192143,1,malware
jp.co.sony.hes.home,benign,0,0.9999955543957806,1,malware
edu.synthetic.androzoo.malware.dropper_loader.1036,malware,1,0.11042121786934765,0,benign
app.nepaliapp.successbusiness,malware,1,0.2672052257576198,0,benign
com.jygame.qqtyt.kbls3d.yyh,malware,1,0.9999999991926469,1,malware
com.tpltrakker.main,benign,0,0.38986089525433465,0,benign
com.visma.ruby,benign,0,0.4846247378478187,0,benign
edu.synthetic.androzoo.malware.spyware_surveillance.1698,malware,1,0.9999931385309089,1,malware
jp.co.fukuibank.bankingappli,benign,0,0.009271401499697325,0,benign
edu.synthetic.androzoo.malware.sms_otp_stealer.0922,malware,1,0.9999998581071255,1,malware
edu.synthetic.androzoo.malware.ransomware_locker.0819,malware,1,0.9966490768083325,1,malware
edu.synthetic.androzoo.malware.overlay_pin_stealer.1634,malware,1,0.9998867865220568,1,malware
com.sei.sevencharge.ca,benign,0,0.457439683316396,0,benign
edu.synthetic.androzoo.malware.dropper_loader.1387,malware,1,0.00037961705018459406,0,benign
com.radefffactory.simplelauncher,benign,0,0.17134080785979286,0,benign
stock.xiaomi.mi.mix.fold.poco.redmi.k50.launcher.wallpaper,benign,0,0.5404274618774587,1,malware
com.deere.myoperations,benign,0,0.9999999748834869,1,malware
com.fantasticostudio.cuccchi,malware,1,0.09185181592146047,0,benign
com.bigduckgames.flowshapes,benign,0,0.9601869391785716,1,malware
com.tourradar.traveller.app,benign,0,0.6209045921240809,1,malware
edu.synthetic.androzoo.malware.overlay_pin_stealer.1543,malware,1,0.9999993067840784,1,malware
no.ibooking.membroapp,benign,0,0.9628421338771209,1,malware
edu.synthetic.androzoo.malware.overlay_pin_stealer.1504,malware,1,0.9869122999774805,1,malware
edu.synthetic.androzoo.malware.spyware_surveillance.1056,malware,1,0.9999999999991103,1,malware
com.tahara.tahara_app,benign,0,0.9666472331650213,1,malware
com.cslm.abc,malware,1,0.19411116354659977,0,benign
edu.synthetic.androzoo.malware.banker_accessibility.0444,malware,1,0.9985192703081708,1,malware
edu.synthetic.androzoo.malware.banker_accessibility.0021,malware,1,0.9994598957991495,1,malware
nl.negentwee,benign,0,0.9648329226730744,1,malware
com.alhuda.learnquran,benign,0,0.9512997521037122,1,malware
edu.synthetic.androzoo.malware.spyware_surveillance.0543,malware,1,0.9999999959775236,1,malware
edu.synthetic.androzoo.malware.dropper_loader.1737,malware,1,0.2894583418789679,0,benign
com.znam_majstora.android,benign,0,0.18215965285434488,0,benign
lv.bite.manabite,benign,0,1.0,1,malware
in.indwealth,benign,0,0.999808607484859,1,malware
com.leltek.leltekultrasound,benign,0,0.9231799663314565,1,malware
ru.biletpdd,benign,0,0.9998911740706579,1,malware
com.howtobiz.innoutm,benign,0,0.9985730361361463,1,malware
jp.arrano.dogyearscalc,benign,0,0.21245110001838222,0,benign
com.famobi.neontower,benign,0,0.9980300759994155,1,malware
edu.synthetic.androzoo.malware.banker_accessibility.1751,malware,1,0.999966484138974,1,malware
edu.synthetic.androzoo.malware.adware_clicker.1862,malware,1,0.9999811913331449,1,malware
com.onevision.workspace.workstations,benign,0,0.7958746487053758,1,malware
edu.synthetic.androzoo.malware.spyware_surveillance.1908,malware,1,0.9999998601153066,1,malware
com.angry.brei,benign,0,0.28230789808762313,0,benign
com.solucionesandinas.depositoon_line,benign,0,0.3828956023295951,0,benign
com.sinyee.babybus.angie,malware,1,0.9999905652851439,1,malware
edu.synthetic.androzoo.malware.ransomware_locker.0018,malware,1,0.9018173952038863,1,malware
com.innobe.apps.farmdiary.vnext,benign,0,0.2823373423508067,0,benign
com.icbc.wapc,malware,1,0.6832793886259138,1,malware
edu.synthetic.androzoo.malware.overlay_pin_stealer.1858,malware,1,0.9309389428321507,1,malware
com.asfcraftsmansupercraftingcraft.asfcraft,malware,1,0.9970607763289959,1,malware
com.WriterInformation.dharana,benign,0,0.994356469689485,1,malware
edu.synthetic.androzoo.malware.banker_accessibility.1931,malware,1,0.9935452971401333,1,malware
edu.synthetic.androzoo.malware.spyware_surveillance.1591,malware,1,0.9999988502574247,1,malware
com.apptegy.wheelertx,benign,0,0.9999999999999947,1,malware
edu.synthetic.androzoo.malware.banker_accessibility.0467,malware,1,0.9923753653745546,1,malware
edu.synthetic.androzoo.malware.sms_otp_stealer.1766,malware,1,0.9999351650991176,1,malware
edu.synthetic.androzoo.malware.overlay_pin_stealer.0207,malware,1,0.9981674096112582,1,malware
edu.synthetic.androzoo.malware.sms_otp_stealer.0218,malware,1,0.9999985269444075,1,malware
edu.synthetic.androzoo.malware.wallet_stealer.1034,malware,1,0.999979069669508,1,malware
com.eonsoft.MultiTimer,benign,0,0.3055903669773298,0,benign
edu.synthetic.androzoo.malware.spyware_surveillance.0736,malware,1,0.9999993644823062,1,malware
com.tap_to_translate.snap_translate,malware,1,0.2715145226161299,0,benign
com.dcngame.yasuo,malware,1,0.9999998967442367,1,malware
uk.takeaway.android,benign,0,1.7249547696524766e-07,0,benign
com.dreamcast.junglee,benign,0,0.19003581283563217,0,benign
com.provigil.vgs,benign,0,0.23207317788532367,0,benign
in.odiaportal.odiajataka,malware,1,0.020636474857231128,0,benign
edu.synthetic.androzoo.malware.spyware_surveillance.1548,malware,1,0.9999999997934241,1,malware
com.business.vidcomapp,benign,0,0.08776993678640137,0,benign
dev.SellAnnuityPayment.WaterDropLiveWallpaper,benign,0,0.9999999999999953,1,malware
com.woycnl.cxdyxhk,malware,1,0.8563629295702911,1,malware
edu.synthetic.androzoo.malware.ransomware_locker.1803,malware,1,0.026800087566222795,0,benign
de.bild.MeinKlub,benign,0,0.466136001188012,0,benign
com.wyj.snake,malware,1,0.999999363347737,1,malware
cat.bcn.llumbcn,benign,0,0.9991143596684854,1,malware
edu.synthetic.androzoo.malware.adware_clicker.0536,malware,1,0.619987482728761,1,malware
com.dazheng,malware,1,0.9999999999998492,1,malware
com.docterz.connect.velocity,benign,0,0.018654240606289552,0,benign
je.fit,benign,0,9.11382402518131e-05,0,benign
com.hstech.cretamaris,benign,0,0.9978277426338221,1,malware
in.org.vaishnaviconsultancy,benign,0,0.36025390859441914,0,benign
edu.synthetic.androzoo.malware.spyware_surveillance.0150,malware,1,0.9999999875975284,1,malware
edu.synthetic.androzoo.malware.sms_otp_stealer.1317,malware,1,0.9999210592300666,1,malware
no.aftenbladet,benign,0,0.9999660278904265,1,malware
uk.co.solus.WindsorMaidenheadLibraries,benign,0,0.9999998436388482,1,malware
com.zivanafa.PirateWallpaperShip,benign,0,0.12627425509374177,0,benign
fi.eventbrokers.sporttipassimobile,benign,0,0.999998090509973,1,malware
com.mogo.DropBubble,malware,1,1.0,1,malware
com.akd.luxurycars,malware,1,1.0,1,malware
edu.synthetic.androzoo.malware.sms_otp_stealer.0045,malware,1,0.9999979324598872,1,malware
com.subsplashconsulting.s_H9CPMS,benign,0,0.9999999999933227,1,malware
com.appernewsr.zambiaradiostations,benign,0,1.0,1,malware
com.pixticle.bokuboku.yg,malware,1,0.999581030003525,1,malware
com.tengniu.p2p.tnp2p,malware,1,0.30724355981662416,0,benign
com.redroserestaurantonlineee,benign,0,3.579624806999218e-06,0,benign
edu.synthetic.androzoo.malware.overlay_pin_stealer.0929,malware,1,0.992423593086841,1,malware
stoameditation.stoa,benign,0,0.5709585223755312,1,malware
com.yingedu.ppst,malware,1,0.9955938827777113,1,malware
edu.synthetic.androzoo.malware.banker_accessibility.1864,malware,1,0.9999839691613547,1,malware
com.whalo.games.fishoffortune,benign,0,0.294024465550488,0,benign
fr.mutlab.lmp,benign,0,0.5767949889323204,1,malware
fr.geev.application,benign,0,2.065080948225763e-07,0,benign
com.wholesale7.yxm,malware,1,0.9999999999999998,1,malware
edu.synthetic.androzoo.malware.spyware_surveillance.0222,malware,1,0.9999998689978681,1,malware
com.openlms.myccmoodle,benign,0,0.2568523281988117,0,benign
com.tikalk.worktracker,benign,0,0.025085212502627664,0,benign
com.hrblock.AtHome,benign,0,2.847665175913281e-23,0,benign
com.james.SmartCalculator,benign,0,0.7047507984692805,1,malware
com.clanified.virtual.rent.family.sim,benign,0,0.4151931018527629,0,benign
com.cqaizhe.cassette,malware,1,1.0,1,malware
edu.synthetic.androzoo.malware.sms_otp_stealer.0916,malware,1,0.9999992815331314,1,malware
app.pod1um.coach,benign,0,0.5469563144941153,1,malware
edu.synthetic.androzoo.malware.dropper_loader.0197,malware,1,0.011413453731517633,0,benign
com.hinews,malware,1,0.9551078576559445,1,malware
speaker.cleaner.remove.water.cleanspkrwater.speakerdustremover,malware,1,0.9492962464943917,1,malware
edu.synthetic.androzoo.malware.sms_otp_stealer.1280,malware,1,0.9999994099685598,1,malware
com.kyzook.travelx,benign,0,0.4190658565441583,0,benign
com.clickastro.freehoroscope.astrology,benign,0,0.18337504699382368,0,benign
edu.synthetic.androzoo.malware.ransomware_locker.1164,malware,1,0.7249449111024939,1,malware
edu.synthetic.androzoo.malware.banker_accessibility.0424,malware,1,0.9999978464690403,1,malware
com.classpro.enquiry,benign,0,0.9607144793161057,1,malware
com.xemplar.drive,malware,1,0.6652314245837607,1,malware
com.princeappstudio.ptu_cgpa_tracker,benign,0,0.7361112854144409,1,malware
com.magmalearning.magma,benign,0,0.6831810370653477,1,malware
com.yiqun.antmayi,malware,1,0.8562994360574171,1,malware
com.hb.xiaobien,malware,1,0.9716732902752211,1,malware
edu.synthetic.androzoo.malware.banker_accessibility.1895,malware,1,0.9993270807780744,1,malware
com.g5e.ghoststories.android,malware,1,0.9963635209310187,1,malware
fenshu.jisuanqi.yuyin,malware,1,0.12642041951947405,0,benign
com.endalia.mobile.hr,benign,0,0.8543976264410303,1,malware
com.tinytouchtales.cardthief,benign,0,0.4693586386286923,0,benign
com.webuildgroup.approve,benign,0,0.9850744423050354,1,malware
edu.synthetic.androzoo.malware.dropper_loader.0765,malware,1,0.1231778339643103,0,benign
com.myguitarchord.app,malware,1,0.9880188052295441,1,malware
edu.synthetic.androzoo.malware.dropper_loader.1752,malware,1,0.06504810885336089,0,benign
com.happigo.activity,malware,1,0.21170602348447617,0,benign
com.specialy.app,benign,0,0.10073104533208077,0,benign
com.chronogolf.booking.batchwood,benign,0,0.33597528087939227,0,benign
Uxpp.UC,benign,0,3.9801904789976e-05,0,benign
uk.co.redchillieskincardinee,benign,0,0.14113385665576755,0,benign
com.customchurchappsmtlassencommunitychurch,benign,0,0.8960806643677639,1,malware
com.rumble.denver_post_sports,benign,0,4.537449583833368e-06,0,benign
com.livextra.bible.awadhi,benign,0,1.0,1,malware
com.wishsoft.yyj.phone,malware,1,0.9999999954485468,1,malware
edu.synthetic.androzoo.malware.dropper_loader.0266,malware,1,0.8083526013363775,1,malware
com.coachcatalyst.covalcoaching,benign,0,0.3119449275135328,0,benign
edu.synthetic.androzoo.malware.wallet_stealer.1179,malware,1,0.9998790073880988,1,malware
edu.synthetic.androzoo.malware.adware_clicker.0807,malware,1,0.34748440749373005,0,benign
am.studio.poison.habit.of.force,benign,0,6.364395221179659e-07,0,benign
sk.mildev84.agendareminder,benign,0,0.059761869673839896,0,benign
com.plussmilea.lamhaa,benign,0,0.0012846267989518594,0,benign
com.opogo,benign,0,0.00406590223678508,0,benign
no.fishbuddy_playground.app,benign,0,0.0031622339158034396,0,benign
bhakti.sagar.mahamrityunjaya.mantra,benign,0,0.2522044087708094,0,benign
com.Fivestones.Alter,malware,1,0.9988062734835158,1,malware
com.vergolansw.vergola,benign,0,0.104489936975736,0,benign
org.chromium.webapk.a7b2684bdfb8a73b6_v2,benign,0,0.15767873554833967,0,benign
tiger.free.wild.wallpapers,benign,0,0.33560758266121565,0,benign
info.oturizme.shashki,benign,0,0.2727607413213021,0,benign
com.communi.app,benign,0,1.0,1,malware
edu.synthetic.androzoo.malware.sms_otp_stealer.0226,malware,1,0.9999986804392023,1,malware
com.distiller.distiller,benign,0,0.43303415710757764,0,benign
com.pumptrip.pumptrip,benign,0,0.5072314277520137,1,malware
com.wetu.android.wetuandroid,benign,0,0.9827221317187668,1,malware
com.GraubaumgameStudio.RennumdeinLeben,benign,0,0.5642999534923604,1,malware
com.hipu.yidian,malware,1,0.8717697168857318,1,malware
com.letsgetdigital.app3685x,benign,0,1.0,1,malware
edu.synthetic.androzoo.malware.banker_accessibility.1230,malware,1,0.9999132801677858,1,malware
com.bizico.socar,benign,0,0.7231038779514843,1,malware
edu.synthetic.androzoo.malware.dropper_loader.1809,malware,1,0.26446113743447563,0,benign
eu.duong.imagedatefixer,benign,0,0.8669400367240001,1,malware
com.cofox.kahunas.CameronLeemingFitness,benign,0,0.204680364782512,0,benign
edu.synthetic.androzoo.malware.dropper_loader.1889,malware,1,0.4563866928764261,0,benign
com.jernung.infinite.deu,benign,0,3.915755028690506e-05,0,benign
com.gamenug.hotdonutlite,malware,1,0.9999453225242795,1,malware
edu.synthetic.androzoo.malware.wallet_stealer.1590,malware,1,0.9919463864844681,1,malware
edu.synthetic.androzoo.malware.overlay_pin_stealer.0255,malware,1,0.9988549451750603,1,malware
com.coolcollege.kxy,malware,1,0.9993649415832571,1,malware
edu.synthetic.androzoo.malware.ransomware_locker.1408,malware,1,0.9989129109625109,1,malware
com.grunkr.facelock,malware,1,0.2299486909581408,0,benign
com.telek.smarthome.android,malware,1,0.7997234131042984,1,malware
au.gov.nsw.service,benign,0,0.6862999977575956,1,malware
edu.synthetic.androzoo.malware.dropper_loader.1268,malware,1,0.0062194405403025515,0,benign
f.info.actualites.france.infos.direct,benign,0,0.9796367547013476,1,malware
com.ds.mf.dhansampan,benign,0,0.9789557229901397,1,malware
edu.synthetic.androzoo.malware.spyware_surveillance.1633,malware,1,0.9999999976484604,1,malware
edu.synthetic.androzoo.malware.banker_accessibility.0553,malware,1,0.9999995744442437,1,malware
edu.synthetic.androzoo.malware.banker_accessibility.1711,malware,1,0.9907747828941305,1,malware
edu.synthetic.androzoo.malware.ransomware_locker.1585,malware,1,0.9806019952304673,1,malware
edu.synthetic.androzoo.malware.overlay_pin_stealer.1718,malware,1,0.999022741915743,1,malware
edu.synthetic.androzoo.malware.dropper_loader.1731,malware,1,0.009248026185280448,0,benign
com.newclassic.doublerich,benign,0,2.029142418331068e-06,0,benign
org.kalvari.ignite,malware,1,0.17266178133816154,0,benign
edu.synthetic.androzoo.malware.spyware_surveillance.0636,malware,1,0.999999999939748,1,malware
com.baijiayun.hanfeng,malware,1,0.9995199831751717,1,malware
com.ggstudio.yeloli,benign,0,0.9675822262460784,1,malware
edu.synthetic.androzoo.malware.ransomware_locker.0238,malware,1,0.9974230897773483,1,malware
edu.synthetic.androzoo.malware.sms_otp_stealer.0573,malware,1,0.9999977810041106,1,malware
org.mobilegpstracker.client,benign,0,0.6635682251638154,1,malware
com.ysg.ejt,malware,1,0.6787157558183684,1,malware
com.androidwasabi.wallpaper.cosmic,benign,0,0.11816622984003392,0,benign
com.doc360.client,malware,1,0.9280671195635942,1,malware
com.onewaycab,benign,0,0.5816844738713904,1,malware
com.infiniplay.merge.fashion.romance.story,benign,0,1.0,1,malware
de.crysxd.octoapp,benign,0,2.5917281637139028e-05,0,benign
com.washify,benign,0,0.6808150710718028,1,malware
com.colobu.flyrunner,malware,1,0.24886311423023305,0,benign
edu.synthetic.androzoo.malware.banker_accessibility.0309,malware,1,0.9962691087887801,1,malware
com.fiya.android,benign,0,0.809918929611287,1,malware
ott.buildandburn,benign,0,0.08479230436977774,0,benign
app.call.com,benign,0,0.9659655780974915,1,malware
free_translator.mnzh,benign,0,0.9194927273003352,1,malware
com.genji.zimiscq,malware,1,0.4078724929578044,0,benign
com.microsoft.planner,benign,0,0.3203653323031053,0,benign
edu.synthetic.androzoo.malware.sms_otp_stealer.0615,malware,1,0.9999997521544067,1,malware
edu.synthetic.androzoo.malware.banker_accessibility.0761,malware,1,0.9627293779855793,1,malware
com.fiveloyalty.nutbutter,benign,0,0.9829573544915179,1,malware
io.expopass.expo,benign,0,0.00016683975365407888,0,benign
edu.synthetic.androzoo.malware.banker_accessibility.0453,malware,1,0.999479441560992,1,malware
com.SunnyMoonProject.SweetStacksV2,benign,0,0.9999487859414026,1,malware
edu.synthetic.androzoo.malware.spyware_surveillance.0622,malware,1,0.9999999972521567,1,malware
ld.learn.acupressure.points.acupuncture.tips,malware,1,0.12269139674968094,0,benign
com.subsplashconsulting.s_83272W,benign,0,0.9999999999999782,1,malware
com.funlabs.ironRangerMarvelPacificman2,benign,0,0.7474810417480818,1,malware
com.fairfaxmedia.ink.metro.smh,benign,0,0.48619466621005264,0,benign
com.sstech.suh.dic.hau,malware,1,0.06095558063496008,0,benign
org.wycliffe.mixtecosurpuebla.mit,benign,0,0.944155523430535,1,malware
com.rubeacon.niceandjoy,benign,0,0.9622557566000157,1,malware
edu.synthetic.androzoo.malware.banker_accessibility.1169,malware,1,0.9536462629546908,1,malware
com.mod.downloader.menu,malware,1,0.01836823468115814,0,benign
com.pregnant.bestpregnancytime,benign,0,0.09616944822222485,0,benign
com.chariloto.cla,benign,0,0.9896941459346706,1,malware
com.bis.bisapp,benign,0,0.03466934263007201,0,benign
ireport.liberia.mobile,benign,0,0.7001677032164688,1,malware
edu.synthetic.androzoo.malware.spyware_surveillance.0493,malware,1,0.9999998492109902,1,malware
com.eventodivertido.eventodivertido,benign,0,0.8807841676693656,1,malware
br.com.wiki4fit.marcusvinicius,benign,0,0.8188145353821527,1,malware
edu.synthetic.androzoo.malware.banker_accessibility.0230,malware,1,0.9752462941906795,1,malware
edu.synthetic.androzoo.malware.dropper_loader.1316,malware,1,0.0023335872473726877,0,benign
com.simyasolutions.ling.lv,benign,0,0.007994781399046014,0,benign
edu.synthetic.androzoo.malware.ransomware_locker.1332,malware,1,0.5319471536586816,1,malware
com.funny.voicechanger.free.voiceeditor.voiceeffects.soundeffects,benign,0,0.7339716321283785,1,malware
edu.synthetic.androzoo.malware.banker_accessibility.1564,malware,1,0.9999799358332904,1,malware
edu.synthetic.androzoo.malware.banker_accessibility.0498,malware,1,0.9999999927429302,1,malware
com.bxsoftx.spxdatareover,malware,1,0.09660607265692008,0,benign
com.beliapp.myapp,benign,0,0.9999992966129245,1,malware
kr.railnetwork.app.railnetwork,benign,0,0.9829470848733499,1,malware
com.baole.blap,malware,1,0.7239143461826291,1,malware
edu.synthetic.androzoo.malware.overlay_pin_stealer.1018,malware,1,0.9499408228996399,1,malware
com.williamsinteractive.goldfish,benign,0,0.012193928804595081,0,benign
edu.synthetic.androzoo.malware.dropper_loader.1514,malware,1,0.999999718684545,1,malware
edu.synthetic.androzoo.malware.dropper_loader.1254,malware,1,0.9999960404116957,1,malware
nz.school.npbhstraining.train.own,benign,0,0.6730382275787256,1,malware
lingauto.gczx.shop4s.wsjb,malware,1,0.8857474640024077,1,malware
com.dungmori.dungmoriapp,benign,0,0.9847344302987064,1,malware
com.mobincube.homiletica.sc_HU3B1K,malware,1,0.5913653224870339,1,malware
com.prepaid.inncableguy,benign,0,0.9882841021984223,1,malware
edu.synthetic.androzoo.malware.wallet_stealer.1031,malware,1,0.9975324925477164,1,malware
com.wenext.wayak,benign,0,0.5949441869461902,1,malware
com.intermaps.iskituerkiye,benign,0,0.00810963077702176,0,benign
edu.synthetic.androzoo.malware.wallet_stealer.1447,malware,1,0.9996818064138072,1,malware
com.netease.too.netease,malware,1,0.523287413562676,1,malware
edu.synthetic.androzoo.malware.wallet_stealer.1614,malware,1,0.999997541531565,1,malware
com.kahunas.io.LEANERSTRONGERFASTER,benign,0,0.006742369038487211,0,benign
edu.synthetic.androzoo.malware.dropper_loader.1416,malware,1,0.9959666069170908,1,malware
com.hishabee.business,benign,0,0.0057670548334507665,0,benign
com.MapsAndVirtualCompass,benign,0,0.838350265866604,1,malware
edu.synthetic.androzoo.malware.banker_accessibility.1135,malware,1,1.0,1,malware
za.co.discovery.consumer.remedi,benign,0,0.9965287813188975,1,malware
cc.meowssage.astroweather,benign,0,0.26806963548081497,0,benign
com.anji.plus.crm,malware,1,0.0789431596418928,0,benign
ai.hyke.dealer,benign,0,0.9999999706290486,1,malware
edu.synthetic.androzoo.malware.overlay_pin_stealer.0443,malware,1,0.9988492635042,1,malware
jp.co.bronco.app.bronco,benign,0,0.5732560425075414,1,malware
edu.synthetic.androzoo.malware.banker_accessibility.1037,malware,1,0.7491874519810419,1,malware
es.duocom.reloj_laboral,benign,0,0.9827637849831881,1,malware
edu.synthetic.androzoo.malware.spyware_surveillance.1201,malware,1,0.9999999999997238,1,malware
com.lotus.lianliankan,malware,1,0.999721901797142,1,malware
com.sinyee.babybus.stroke,malware,1,0.999996158806262,1,malware
com.pdit.sausagelady,malware,1,0.9997223510595816,1,malware
com.magzter.architectureplusdesign,benign,0,0.00011732979358055956,0,benign
edu.synthetic.androzoo.malware.wallet_stealer.1473,malware,1,0.9993270555617086,1,malware
com.hf.findmaster,malware,1,0.16034036071454558,0,benign
com.yesihome.smartlife,benign,0,0.9999935936349512,1,malware
com.color.busfrenzy,benign,0,0.3157301985815696,0,benign
com.zuzuChe.wz.sh,malware,1,0.2099145589756801,0,benign
com.heitao.mhj.appchina,malware,1,0.9916594061277884,1,malware
com.app.tpvpak,benign,0,0.18303423081795928,0,benign
gen.tech.keiki.world.learning,benign,0,0.22369489587996172,0,benign
com.kiarygames.tinyroom,malware,1,1.0,1,malware
edu.synthetic.androzoo.malware.banker_accessibility.0264,malware,1,0.9976298163723915,1,malware
com.zhiliaoxl.lingyun,malware,1,0.9999999999791005,1,malware
com.tt.customer.us,benign,0,0.9257368336014087,1,malware
edu.synthetic.androzoo.malware.sms_otp_stealer.0285,malware,1,0.9999999999998634,1,malware
com.expert.eplive,benign,0,0.4053442046148491,0,benign
com.deadwarfare.gungames,malware,1,0.9998626044533793,1,malware
edu.synthetic.androzoo.malware.overlay_pin_stealer.1239,malware,1,0.9936117179188155,1,malware
com.reliantparking.resident,benign,0,0.7523328921458982,1,malware
mobilesoftgame.grandwarssa,malware,1,0.4509082838737807,0,benign
com.asobimo.alchemiastory,benign,0,0.28681002785394005,0,benign
com.suppapp,benign,0,0.6771773724796681,1,malware
com.apptegy.michael,benign,0,0.04910833763034594,0,benign
com.meiya.airprice,malware,1,0.9913418194826565,1,malware
edu.synthetic.androzoo.malware.banker_accessibility.1410,malware,1,0.9834744307168252,1,malware
edu.synthetic.androzoo.malware.spyware_surveillance.1450,malware,1,0.9999999998914573,1,malware
com.coastonemortgage,benign,0,0.991473101036173,1,malware
edu.synthetic.androzoo.malware.overlay_pin_stealer.0631,malware,1,0.9987724260776865,1,malware
com.ffreward.namit,malware,1,0.36694926275105016,0,benign
co.strongteam.gwapovpn,benign,0,0.9999935631202325,1,malware
com.Emozzes.TheEmozzes,benign,0,0.9503902382566007,1,malware
com.wallpaper.express.daily,malware,1,0.9994840129032126,1,malware
edu.synthetic.androzoo.malware.wallet_stealer.0182,malware,1,0.9995726550920532,1,malware
edu.synthetic.androzoo.malware.sms_otp_stealer.0912,malware,1,0.9999999952196341,1,malware
edu.synthetic.androzoo.malware.adware_clicker.0708,malware,1,0.5678463719909562,1,malware
edu.synthetic.androzoo.malware.sms_otp_stealer.0421,malware,1,0.9999999736434044,1,malware
edu.synthetic.androzoo.malware.spyware_surveillance.0895,malware,1,0.9999998798762446,1,malware
net.tonysoft.bookmory,benign,0,0.9999444323062169,1,malware
eu.bookrepublic_webnovels.narae.production,benign,0,0.9827548227835039,1,malware
com.ujobsdriver.provider,benign,0,1.0,1,malware
edu.synthetic.androzoo.malware.overlay_pin_stealer.1825,malware,1,0.8958457665023404,1,malware
edu.synthetic.androzoo.malware.dropper_loader.1600,malware,1,0.8476526533155927,1,malware
app.itera,benign,0,0.9829729903284989,1,malware
nl.aareon.mybricr,benign,0,0.312738384474917,0,benign
com.cookapps.catshinobi,benign,0,0.8563981936540832,1,malware
edu.synthetic.androzoo.malware.banker_accessibility.1420,malware,1,0.9911742958297387,1,malware
edu.synthetic.androzoo.malware.dropper_loader.0958,malware,1,0.3663969330166658,0,benign
appinventor.ai_jhugo_meraka.Mon4x4,benign,0,0.21601374085227987,0,benign
com.niuwa.zsmz.yyh,malware,1,0.9999921482855781,1,malware
cn.com.dareway.mhsc_binzhou,malware,1,0.7327888261422041,1,malware
co.diy17.jnbvs,benign,0,0.6785533061024684,1,malware
com.bloodsugartrak.one,benign,0,1.0,1,malware
com.jumpgames.rswrb,benign,0,0.00840791330052382,0,benign
net.xinhuamm.d0537,malware,1,0.992855334141257,1,malware
edu.synthetic.androzoo.malware.ransomware_locker.1417,malware,1,0.8381693451258122,1,malware
com.sinyee.babybus.papermaking,malware,1,0.999908147284097,1,malware
edu.synthetic.androzoo.malware.banker_accessibility.1676,malware,1,0.9999609631798504,1,malware
com.homeprotech.homeproalarm,benign,0,0.9999999428255494,1,malware
edu.synthetic.androzoo.malware.ransomware_locker.0574,malware,1,0.960666820515,1,malware
com.digeam.a.mhgl,benign,0,0.05932587962202895,0,benign
edu.synthetic.androzoo.malware.overlay_pin_stealer.1647,malware,1,0.9913164922223313,1,malware
edu.synthetic.androzoo.malware.banker_accessibility.0607,malware,1,0.9998197163125836,1,malware
jp.co.yupiteru.nobmaru,benign,0,0.2665443319730976,0,benign
com.appseed.famipoi,benign,0,0.08066286669355603,0,benign
com.subsplashconsulting.s_RT2T5K,benign,0,0.9999941252877067,1,malware
in.co.woco,benign,0,0.11349354369423942,0,benign
com.scoolinary.app,benign,0,0.8887934992717617,1,malware
com.orbit.cooking.carnival.restro.game,benign,0,0.5600980423107298,1,malware
edu.synthetic.androzoo.malware.banker_accessibility.1165,malware,1,0.9997133266837197,1,malware
fr.rainetcom.indoorcenter,benign,0,0.9565724290114478,1,malware
edu.synthetic.androzoo.malware.spyware_surveillance.0598,malware,1,0.9999999999628768,1,malware
com.miragine.MiragineWar,benign,0,0.5645104119025626,1,malware
com.tianxiang.skputonghua,malware,1,1.0,1,malware
edu.synthetic.androzoo.malware.dropper_loader.1118,malware,1,0.01972038315450069,0,benign
com.bullb.austin,benign,0,9.873854956375143e-06,0,benign
com.ulster.clearspend,benign,0,0.7232803722601441,1,malware
edu.synthetic.androzoo.malware.banker_accessibility.1685,malware,1,0.9996985535034935,1,malware
edu.synthetic.androzoo.malware.sms_otp_stealer.1273,malware,1,0.9999993558768033,1,malware
com.mgif.ball.v,benign,0,5.103265198621516e-06,0,benign
edu.synthetic.androzoo.malware.spyware_surveillance.1882,malware,1,0.9999998681548009,1,malware
dk.bitlizard.ultimatelive,benign,0,0.9999935187947652,1,malware
com.salicru.equinox,benign,0,0.4435396398037592,0,benign
com.pokulan.thehobo.st,malware,1,0.9957653632202663,1,malware
com.englishbay.App,benign,0,0.8753517700800816,1,malware
com.pushpress.chopshopphysiques,benign,0,0.46837152452653835,0,benign
com.click_sec.gmoclickcfd,benign,0,0.9828202382078048,1,malware
com.icck.Elespectador,benign,0,0.08855123486559577,0,benign
ayulearn.adxx,malware,1,1.0,1,malware
com.CarWallpapers.Ferrari,benign,0,0.03794265712193133,0,benign
edu.synthetic.androzoo.malware.overlay_pin_stealer.1567,malware,1,0.9991919718918849,1,malware
com.edujia.ime,malware,1,0.8304482490051984,1,malware
com.leighton.kbrf,benign,0,0.9999999999949438,1,malware
com.balimedia.ramalan,benign,0,0.9999995287932146,1,malware
com.crossfit05.kevinboirel.strivee,benign,0,0.5314952991300413,1,malware
com.tinmanarts.TwoGoodFriendsPhone,malware,1,0.9999863897861239,1,malware
edu.synthetic.androzoo.malware.wallet_stealer.0832,malware,1,0.9983960019602063,1,malware
com.ongreen,benign,0,0.015406297694933652,0,benign
com.gallerypro.photosgalleryalbum,benign,0,1.0,1,malware
edu.synthetic.androzoo.malware.overlay_pin_stealer.1223,malware,1,0.9966807347264417,1,malware
com.ylogame.kghj,malware,1,0.9595355434234127,1,malware
net.xinhuamm.d3049,malware,1,0.9999286407902406,1,malware
edu.synthetic.androzoo.malware.spyware_surveillance.1366,malware,1,0.9999999992627568,1,malware
com.habby.archero,benign,0,0.8388320284333438,1,malware
com.huge.betting.tips,malware,1,0.25313520565211306,0,benign
edu.synthetic.androzoo.malware.ransomware_locker.0457,malware,1,0.2613197822638995,0,benign
com.funeasylearn.english.american,benign,0,0.8268499407698845,1,malware
com.harri.employer,benign,0,1.0,1,malware
heart.rate.monitor.tracker,malware,1,0.9972933845167428,1,malware
com.zinio.mobile.android.reader,benign,0,0.5025304667684478,1,malware
com.vero.neomiAR,benign,0,0.999916581017845,1,malware
edu.synthetic.androzoo.malware.ransomware_locker.1815,malware,1,0.44415433635247703,0,benign
com.ftnetid.dogeminerlite,malware,1,0.1123839687259818,0,benign
org.osmosis.med,benign,0,0.9768053982501879,1,malware
com.canlang.weixiaojizhang,malware,1,0.9228551875495756,1,malware
edu.synthetic.androzoo.malware.banker_accessibility.1768,malware,1,0.9980926496428131,1,malware
fr.djma.app,benign,0,0.4742282199625933,0,benign
com.macroscop.mobile,benign,0,0.9498342619225281,1,malware
edu.synthetic.androzoo.malware.banker_accessibility.1359,malware,1,0.6671073734112831,1,malware
com.ujigu.ytb,malware,1,0.9349759687215311,1,malware
com.yunuo.zsxt,malware,1,0.9999999998464615,1,malware
com.jcdecaux.vls.maribor,benign,0,1.3223731771811449e-08,0,benign
com.bestfuncoolapps.TakeYourPills,benign,0,0.9999979743188654,1,malware
se.appcorn.Blocket,benign,0,2.2686142840669244e-05,0,benign
com.skoda.skoda_inspection_android_app,benign,0,0.24349772060690725,0,benign
edu.synthetic.androzoo.malware.wallet_stealer.0979,malware,1,0.9999999436138919,1,malware
com.innosoftfusion.play,benign,0,0.9992256735304443,1,malware
com.kktcell.onlineservices2,benign,0,0.9327106834302277,1,malware
com.smartup.veedz,benign,0,0.9179564494809387,1,malware
com.bulkypix.calimero,malware,1,0.7798492149052444,1,malware
edu.synthetic.androzoo.malware.adware_clicker.1705,malware,1,0.9998128423012532,1,malware
edu.synthetic.androzoo.malware.spyware_surveillance.1271,malware,1,0.9999999879974212,1,malware
indian.army.photo.suit,benign,0,0.9883461138495507,1,malware
com.logisk.chronos,malware,1,0.1981603060623276,0,benign
com.moseiki.moseiki,benign,0,0.6937111052588366,1,malware
com.apptegy.norputnam,benign,0,0.00931805967125053,0,benign
com.estoty.riverjump,malware,1,1.0,1,malware
edu.synthetic.androzoo.malware.banker_accessibility.1899,malware,1,0.9998844727389639,1,malware
es.iberdrola.ibdistrconsumidores,benign,0,0.43146322714629015,0,benign
com.VideoEditor.videomakerpro,benign,0,0.1892202450024966,0,benign
com.moyun365.android.zkenglish,malware,1,0.8721258802548723,1,malware
edu.synthetic.androzoo.malware.ransomware_locker.1390,malware,1,0.653343601031561,1,malware
com.roadside.drive,benign,0,0.999999960514746,1,malware
br.com.gomesmartins.gomesmartins,benign,0,0.7132928500056384,1,malware
com.frugalflyer.airport.bgy,benign,0,0.1941764510272632,0,benign
com.Kidoverse.HairSalon,benign,0,0.9635518035928955,1,malware
app.hallow.android,benign,0,0.0007825810682344663,0,benign
com.plndr.activity,benign,0,2.0860813631965216e-07,0,benign
edu.synthetic.androzoo.malware.overlay_pin_stealer.1093,malware,1,0.8513207033828708,1,malware
com.tutotoons.app.fluvsies.free,benign,0,0.24302755685067526,0,benign
com.newgenerationhub.speedtest.meter.wifi.coverage.speed.test,benign,0,0.9998735203785125,1,malware
com.shortbox.drama,benign,0,5.971912391173547e-44,0,benign
com.ulab.treasurehunter,benign,0,0.150762254155974,0,benign
com.polypal.app,benign,0,0.9995211887583986,1,malware
uz.yubor.app,benign,0,0.9999934830783558,1,malware
co.ninj.bikinihd,malware,1,0.47938126639972023,0,benign
com.cheche365.cheche.android,malware,1,0.9965714067914042,1,malware
secret.hide.calculator,malware,1,0.24438889288052382,0,benign
com.biemore.android.ExploreSupermarket,malware,1,0.9997310823697095,1,malware
edu.synthetic.androzoo.malware.dropper_loader.0735,malware,1,0.0034000650034823015,0,benign
com.translator.morse_code,benign,0,0.9181064013496985,1,malware
com.wellspring.main,benign,0,0.3296884135668179,0,benign
edu.synthetic.androzoo.malware.wallet_stealer.0383,malware,1,0.9999490532961756,1,malware
edu.synthetic.androzoo.malware.spyware_surveillance.1649,malware,1,0.9999999997643243,1,malware
edu.synthetic.androzoo.malware.sms_otp_stealer.0053,malware,1,0.9999999892776902,1,malware
com.pupilleader.android.apps.stfrancis,benign,0,0.3423694908621248,0,benign
edu.synthetic.androzoo.malware.wallet_stealer.0445,malware,1,0.9995958771485031,1,malware
com.appsolutionslab.discoverusa,benign,0,1.0,1,malware
alldictdict.alldict.fizh,benign,0,0.628373696153927,1,malware
com.qconline.android,benign,0,0.8013075006915338,1,malware
com.CanttGames.GoldenEggCatcher,malware,1,0.425639924172621,0,benign
edu.synthetic.androzoo.malware.banker_accessibility.1730,malware,1,0.998958264211637,1,malware
cn.zhui.client827935,malware,1,0.9999992431473228,1,malware
org.impactindia.llemeddocket,benign,0,0.09832768270671392,0,benign
uk.bitlands.mobonovels,benign,0,0.982761928337413,1,malware
com.bulkypix.orborun,malware,1,0.5764392713933553,1,malware
jp.co.nomura.onestock,benign,0,0.011987397530293303,0,benign
taptap.twoaccounts.dual.space,malware,1,5.123078773092379e-07,0,benign
edu.synthetic.androzoo.malware.overlay_pin_stealer.1576,malware,1,0.9988466434027864,1,malware
com.wtjwrpk.yx.yyk,malware,1,0.8562218011579362,1,malware
com.LuB.RoyalRealms,benign,0,0.27747891103259575,0,benign
com.zy.feiji2014,malware,1,0.9998657985288071,1,malware
com.vandersw.wenderlogbook,malware,1,0.7337238710126506,1,malware
syj.youngfhsher,malware,1,0.1199819673014595,0,benign
edu.synthetic.androzoo.malware.overlay_pin_stealer.0835,malware,1,0.9997399776720127,1,malware
edu.synthetic.androzoo.malware.ransomware_locker.0039,malware,1,0.9719800921011637,1,malware
edu.synthetic.androzoo.malware.banker_accessibility.0557,malware,1,0.9103678475273327,1,malware
com.shenqi.app.vvlive,benign,0,0.9828102281634457,1,malware
io.refold.ghostsandapples,malware,1,0.1430325538018677,0,benign
jp.co.skyperfectv.baseball.android,benign,0,0.08617114672767968,0,benign
edu.synthetic.androzoo.malware.adware_clicker.0043,malware,1,0.7706311257343001,1,malware
ru.ftc.faktura.kbhmb,benign,0,0.7430200199068903,1,malware
com.audiobooks.androidapp,benign,0,0.5011584218433821,1,malware
hr.asseco.android.jimba.cecro,benign,0,0.997239331588278,1,malware
com.evolution.hyper,benign,0,0.49295456075188604,0,benign
com.fourth.marketplace,benign,0,0.9744713094414685,1,malware
edu.synthetic.androzoo.malware.overlay_pin_stealer.0347,malware,1,0.9811724555710793,1,malware
edu.synthetic.androzoo.malware.spyware_surveillance.0838,malware,1,0.9999999996581503,1,malware
com.bananaapps.kidappgames.pets.cartoon.sounds.free,malware,1,1.0,1,malware
com.worldwidetranscriptss.client,benign,0,0.9981640326191331,1,malware
edu.synthetic.androzoo.malware.banker_accessibility.0084,malware,1,0.9917939422000296,1,malware
edu.synthetic.androzoo.malware.dropper_loader.0792,malware,1,0.06351533750293423,0,benign
com.inpeaceapp.quadrangularavareregionalieq.sp,benign,0,0.9987138832583163,1,malware
org.nativescript.bmicalculator,benign,0,0.1999076712707972,0,benign
com.azena.gemini,benign,0,0.13622753936521267,0,benign
edu.synthetic.androzoo.malware.banker_accessibility.0893,malware,1,0.9999692865561528,1,malware
com.brc.keyline,benign,0,0.09328738414759745,0,benign
edu.synthetic.androzoo.malware.ransomware_locker.0462,malware,1,0.6363704673757118,1,malware
edu.synthetic.androzoo.malware.spyware_surveillance.1639,malware,1,0.9999999204907787,1,malware
edu.synthetic.androzoo.malware.spyware_surveillance.1582,malware,1,0.9999764490435054,1,malware
edu.synthetic.androzoo.malware.sms_otp_stealer.0363,malware,1,0.9999999995609106,1,malware
edu.synthetic.androzoo.malware.banker_accessibility.0433,malware,1,0.9773923060283202,1,malware
edu.synthetic.androzoo.malware.sms_otp_stealer.0261,malware,1,0.999999999992444,1,malware
ridewithvia.bra.branttransit,benign,0,1.0,1,malware
com.delightgames.medievalfantasy,benign,0,0.0007562729078306753,0,benign
cutanddry.acmesteak.mobile.android,benign,0,0.025843363119558992,0,benign
air.jp.globalgear.shere.pj,malware,1,0.4245189053928006,0,benign
edu.synthetic.androzoo.malware.banker_accessibility.1544,malware,1,0.9998765575798617,1,malware
com.maketore.kintorememo,benign,0,0.3707861280790819,0,benign
edu.synthetic.androzoo.malware.overlay_pin_stealer.0195,malware,1,0.9986276509304023,1,malware
com.the.std7englishexams,benign,0,0.9999995838465463,1,malware
edu.synthetic.androzoo.malware.spyware_surveillance.0225,malware,1,0.9999999993153703,1,malware
edu.synthetic.androzoo.malware.adware_clicker.1432,malware,1,0.025818712954374483,0,benign
com.weetechmarcosfishandchips,benign,0,0.01221420768098832,0,benign
com.gurwi,benign,0,0.9798301410418963,1,malware
com.moyun365.android.gkchemistrytong,malware,1,0.5627265824651276,1,malware
edu.synthetic.androzoo.malware.banker_accessibility.0940,malware,1,0.9960379465375184,1,malware
com.MPProductions.GalacticSparkMission,benign,0,0.492900018023352,0,benign
com.mogo.dongmanpuzzle,malware,1,0.999944423012054,1,malware
com.snapbreak.doors,malware,1,0.2993332164209239,0,benign
edu.synthetic.androzoo.malware.spyware_surveillance.1282,malware,1,0.9999999993673001,1,malware
edu.synthetic.androzoo.malware.banker_accessibility.0858,malware,1,0.9991754411637515,1,malware
edu.synthetic.androzoo.malware.overlay_pin_stealer.1508,malware,1,0.9996190796760326,1,malware
edu.synthetic.androzoo.malware.wallet_stealer.1083,malware,1,0.9998740932452279,1,malware
com.couplower.jing,malware,1,0.9708929935061054,1,malware
com.crescentmoongames.mazeman,malware,1,0.12414768649659312,0,benign
com.stilog.VPGOU,benign,0,0.9985205099301853,1,malware
com.riftergames.ovi.android,benign,0,0.9595220768177547,1,malware
com.ShahPTPIS,benign,0,0.8750474880694294,1,malware
com.chitralekha.evolution,benign,0,0.17780102068816878,0,benign
psychiatrie.pro,benign,0,0.14464331460213306,0,benign
edu.synthetic.androzoo.malware.ransomware_locker.0766,malware,1,0.9999999999999996,1,malware
edu.synthetic.androzoo.malware.dropper_loader.1085,malware,1,0.9998577026292885,1,malware
com.communi.fegmuehlacker,benign,0,0.9999999533948576,1,malware
com.arizonasunrays.icp,benign,0,0.0002143178875175907,0,benign
com.ubestkid.jigsawpuzzle.a,malware,1,0.8177312792105637,1,malware
au.com.jll.tqt.member.app,benign,0,0.4265012190295857,0,benign
jyeoo.app.ystudy,malware,1,0.6449284421186916,1,malware
edu.synthetic.androzoo.malware.banker_accessibility.1924,malware,1,0.9986676876565193,1,malware
com.xtrend.app,benign,0,0.9999999240739006,1,malware
it.tecnoconference.MITO,benign,0,0.12212343865274856,0,benign
chat.delta,benign,0,0.21731614484948125,0,benign
com.anexat.realCarRace,malware,1,0.8594147429507644,1,malware
com.liubowang.drawingboard,malware,1,0.9999999999882325,1,malware
edu.synthetic.androzoo.malware.banker_accessibility.1403,malware,1,0.983246869480125,1,malware
com.moimob.drinkable,benign,0,0.22189523041599765,0,benign
com.souche.apps.destiny,malware,1,0.9983091024006935,1,malware
com.indiandevelopershailendra.tailorbookpro,benign,0,0.005549821441283905,0,benign
com.indiggcommunity,benign,0,0.20686582195132244,0,benign
com.TironiumTech.IdlePlanetMiner,benign,0,0.06841388073852274,0,benign
net.slions.fulguris.full.playstore,benign,0,0.19152976780102807,0,benign
com.gallagher.am.mobile.android.eshepherd,benign,0,0.999999990850423,1,malware
com.jfox.huntersss.tw,malware,1,0.22215637829846246,0,benign
edu.synthetic.androzoo.malware.banker_accessibility.0446,malware,1,0.9999861994599161,1,malware
com.BraDev.RedPanda102,benign,0,0.01858169005784404,0,benign
com.iproyal.android,malware,1,0.0014262850726054666,0,benign
com.beyondthewhiteboard.johnnyutah,benign,0,0.6907924127854467,1,malware
edu.synthetic.androzoo.malware.dropper_loader.0107,malware,1,0.40427304904629,0,benign
com.flipkart.seller,benign,0,0.9999999999979889,1,malware
uk.co.olsonapps.fiveMinPilates,benign,0,0.9999999996091162,1,malware
edu.synthetic.androzoo.malware.wallet_stealer.1302,malware,1,0.999981274427122,1,malware
edu.synthetic.androzoo.malware.ransomware_locker.1694,malware,1,0.7732206999242115,1,malware
com.funeasylearn.danish,benign,0,0.9665246183319331,1,malware
com.starom1.ome222,malware,1,0.46423173194827577,0,benign
edu.synthetic.androzoo.malware.overlay_pin_stealer.1840,malware,1,0.999501660615729,1,malware
com.digidust.leucate.infotravaux,benign,0,0.01337125859043099,0,benign
com.shionplus_android,benign,0,0.3447142049528546,0,benign
com.coopresapps.free.antivirus,malware,1,0.958717576688718,1,malware
edu.synthetic.androzoo.malware.spyware_surveillance.0402,malware,1,0.9999999995156033,1,malware
edu.synthetic.androzoo.malware.banker_accessibility.1255,malware,1,0.9996411946973659,1,malware
edu.synthetic.androzoo.malware.spyware_surveillance.1495,malware,1,0.9999999997938027,1,malware
edu.synthetic.androzoo.malware.overlay_pin_stealer.1579,malware,1,0.9998700670302785,1,malware
air.com.vikrams.telugucalendar2014,benign,0,0.05703069198667416,0,benign
com.pronunciatorllc.bluebird.persian,benign,0,0.6961706884338986,1,malware
edu.synthetic.androzoo.malware.adware_clicker.1298,malware,1,0.14182121333160858,0,benign
co.wesper.sleep,malware,1,0.9986254189702443,1,malware
com.rift.no.wifi.offline.puzzles.offline.games,benign,0,0.8641680876902287,1,malware
edu.synthetic.androzoo.malware.wallet_stealer.0008,malware,1,0.9999526913876671,1,malware
edu.synthetic.androzoo.malware.sms_otp_stealer.0674,malware,1,0.999999999972752,1,malware
edu.synthetic.androzoo.malware.sms_otp_stealer.0790,malware,1,0.9999999583486472,1,malware
com.kamoer.x1dosingpump,malware,1,0.1337551924062657,0,benign
edu.synthetic.androzoo.malware.overlay_pin_stealer.1545,malware,1,0.999564697890593,1,malware
com.myworkoutplan.myworkoutplan,benign,0,0.9964249458561587,1,malware
com.boxwiki.app,benign,0,0.17185456512431926,0,benign
mohot.fit.booking,benign,0,0.005054220674567286,0,benign
edu.synthetic.androzoo.malware.spyware_surveillance.1329,malware,1,0.9999999997095477,1,malware
edu.synthetic.androzoo.malware.sms_otp_stealer.0180,malware,1,0.9999999949941198,1,malware
edu.synthetic.androzoo.malware.overlay_pin_stealer.1558,malware,1,0.9999999999999885,1,malware
edu.synthetic.androzoo.malware.dropper_loader.0892,malware,1,0.001313850799449289,0,benign
com.trainerize.lift4life,benign,0,0.29785182779079294,0,benign
secolink.manager,malware,1,0.4986630948826619,0,benign
edu.synthetic.androzoo.malware.sms_otp_stealer.1830,malware,1,0.9999984189360165,1,malware
com.ciyun.oneshop,malware,1,0.14314442526112772,0,benign
edu.synthetic.androzoo.malware.spyware_surveillance.1653,malware,1,0.9999999999554217,1,malware
com.lycamobile.no,benign,0,0.9995207511599338,1,malware
com.dalongtech.cloud,malware,1,0.9818497942290596,1,malware
edu.synthetic.androzoo.malware.adware_clicker.0115,malware,1,0.9999407787402199,1,malware
edu.synthetic.androzoo.malware.overlay_pin_stealer.1433,malware,1,0.9580868867495942,1,malware
com.rz.caller.name.announcer,benign,0,1.2007866824978416e-47,0,benign
com.hachette.hereaderepubv2,benign,0,0.9999183367995345,1,malware
boxnmove.mover.driver,malware,1,0.06644958813366479,0,benign
edu.synthetic.androzoo.malware.adware_clicker.1459,malware,1,0.17263470685912713,0,benign
com.amila.parenting,benign,0,0.12022983607076021,0,benign
com.udemy.android,benign,0,0.43817427255282565,0,benign
edu.synthetic.androzoo.malware.banker_accessibility.0795,malware,1,0.999982513073519,1,malware
com.qupil,benign,0,0.450343571289071,0,benign
com.google.android.apps.tachyon,benign,0,0.8736133318957224,1,malware
edu.synthetic.androzoo.malware.spyware_surveillance.0273,malware,1,0.9999999319954109,1,malware
edu.synthetic.androzoo.malware.wallet_stealer.1603,malware,1,0.9998554655921833,1,malware
edu.synthetic.androzoo.malware.dropper_loader.0338,malware,1,0.9998664661563657,1,malware
edu.synthetic.androzoo.malware.overlay_pin_stealer.1475,malware,1,0.9985318524314432,1,malware
com.task.calendar,benign,0,1.0,1,malware
per.zhj.seefunc,malware,1,0.11485303087038774,0,benign
edu.synthetic.androzoo.malware.banker_accessibility.0528,malware,1,0.9999683600218279,1,malware
com.spiritapps.thethoroughbred,benign,0,0.11895465390241394,0,benign
com.xiangha.homecoke,malware,1,0.09054681222374925,0,benign
com.cinemaxx.activity,benign,0,1.0,1,malware
imagine.ai.art.photo.image.generator,malware,1,0.9969792884564348,1,malware
mycity.popstar.pt,malware,1,0.21779825265375446,0,benign
edu.synthetic.androzoo.malware.overlay_pin_stealer.1340,malware,1,0.9995412712407472,1,malware
ly.omegle.android,benign,0,0.018841500408653067,0,benign
com.fastgame.p001012,benign,0,0.9965792096904054,1,malware
com.easy_wallpapers.plants,benign,0,0.9999999999858358,1,malware
com.maxart.crazy_bricks,benign,0,0.07610749825511255,0,benign
com.sssfight.shiba,malware,1,0.3491594176272803,0,benign
com.dhadbadati.apps.ram_katha_hindi,benign,0,1.0,1,malware
com.trainerize.fibrofitwarriors,benign,0,0.698681803591231,1,malware
jp.co.a_tm.android.plus_umito_kaigarato_shinju,benign,0,0.011571844304982338,0,benign
edu.synthetic.androzoo.malware.overlay_pin_stealer.1635,malware,1,0.9972832684845737,1,malware
edu.synthetic.androzoo.malware.dropper_loader.1413,malware,1,0.16994318039815148,0,benign
com.cgs.FruitGemsClassicMatch3,benign,0,0.12970849877216448,0,benign
com.biemore.android.kidsFireman,malware,1,0.9744805322050667,1,malware
edu.synthetic.androzoo.malware.spyware_surveillance.0695,malware,1,0.9999998611159662,1,malware
edu.synthetic.androzoo.malware.sms_otp_stealer.1261,malware,1,0.9996836392759604,1,malware
com.swapcard.apps.android.irmeet,benign,0,0.9229997921322747,1,malware
edu.synthetic.androzoo.malware.sms_otp_stealer.1517,malware,1,0.9999999275654193,1,malware
moneytracker.expensetracker.budgetplanner.spendingtracker,malware,1,1.0,1,malware
com.droidcorp.magicaljigsawpuzzles,malware,1,0.35051350677730425,0,benign
edu.synthetic.androzoo.malware.wallet_stealer.1114,malware,1,0.9999992357553847,1,malware
edu.synthetic.androzoo.malware.wallet_stealer.1869,malware,1,0.999999999831455,1,malware
co.langlang.translator_for_wsp,benign,0,0.9124108488122689,1,malware
edu.synthetic.androzoo.malware.spyware_surveillance.1336,malware,1,0.9999999971797042,1,malware
ai.mybuddy.talkingflashcards_new,benign,0,0.2086826690192778,0,benign
com.natewren.lightvoidfree,benign,0,1.0,1,malware
com.impp.forklift.driver.games,benign,0,0.8920939679666653,1,malware
edu.synthetic.androzoo.malware.spyware_surveillance.0035,malware,1,0.9999999938689268,1,malware
com.sg.free.prado.car.parking.games,benign,0,0.36376921074286206,0,benign
com.appazur.chss,benign,0,0.9829256186914566,1,malware
edu.synthetic.androzoo.malware.overlay_pin_stealer.0229,malware,1,0.9996401364131131,1,malware
edu.synthetic.androzoo.malware.sms_otp_stealer.0984,malware,1,0.9999999982639327,1,malware
edu.synthetic.androzoo.malware.banker_accessibility.0074,malware,1,0.9999599386634402,1,malware
com.milleniumfmelectrodj.radio,benign,0,0.9416285355713189,1,malware
edu.synthetic.androzoo.malware.banker_accessibility.1790,malware,1,0.9999981761230557,1,malware
com.curatedplanet.client.ophorus.release,benign,0,0.5204694317646347,1,malware
com.ripstone.flyhunter,malware,1,0.930140902603499,1,malware
edu.synthetic.androzoo.malware.overlay_pin_stealer.1489,malware,1,0.9984995712429339,1,malware
com.enupgames.qp,benign,0,0.9826509753051108,1,malware
edu.synthetic.androzoo.malware.spyware_surveillance.0509,malware,1,0.9999999999761862,1,malware
com.wildlife.games.battle.royale.free.zooba,benign,0,0.3359852527044805,0,benign
edu.synthetic.androzoo.malware.spyware_surveillance.1832,malware,1,0.99999996979209,1,malware
com.bladexdesigns.helpdesk,benign,0,0.028192950267897116,0,benign
io.stockapp.starter,benign,0,0.8445063944975607,1,malware
edu.synthetic.androzoo.malware.ransomware_locker.0373,malware,1,0.8859856419804425,1,malware
edu.synthetic.androzoo.malware.banker_accessibility.0240,malware,1,0.9970423311098279,1,malware
com.kidzian.binaryconverter,benign,0,0.16661426143242203,0,benign
com.codebug.hindi.physics1,benign,0,0.6501448259053879,1,malware
edu.synthetic.androzoo.malware.spyware_surveillance.0009,malware,1,0.999996361652205,1,malware
com.showclix.crowd,benign,0,0.4943395960059817,0,benign
com.gigabyte.e7linecloud,benign,0,0.15976667412181203,0,benign
com.webook.android,benign,0,0.5140320702770782,1,malware
edu.synthetic.androzoo.malware.adware_clicker.0251,malware,1,0.009953607147080759,0,benign
com.ea.emiratesauction,benign,0,0.6343072471642881,1,malware
app.habitedge.chrono_cat,benign,0,0.6888009738885058,1,malware
com.activtrades.app,benign,0,1.6055893035419876e-05,0,benign
com.hexin.plat.android.ZhongyuanSecurity,malware,1,0.8560699594509446,1,malware
edu.synthetic.androzoo.malware.overlay_pin_stealer.1307,malware,1,0.9599728851926084,1,malware
edu.synthetic.androzoo.malware.overlay_pin_stealer.0879,malware,1,0.9953781666408055,1,malware
edu.synthetic.androzoo.malware.spyware_surveillance.1586,malware,1,0.9999999982286476,1,malware
com.speed.svpn,malware,1,0.9332613221985931,1,malware
app.rosario.it,benign,0,0.7568473968653122,1,malware
edu.synthetic.androzoo.malware.spyware_surveillance.0396,malware,1,0.9999999999562283,1,malware
com.alight.motion.preset,malware,1,0.694453405248022,1,malware
com.tempgame.mysteryexit,malware,1,0.7200799825009058,1,malware
com.easi.customer,benign,0,0.9728000012523634,1,malware
edu.synthetic.androzoo.malware.spyware_surveillance.1129,malware,1,0.9999989102652032,1,malware
com.garhijp.Yokero,benign,0,0.8590677473723587,1,malware
com.gears42.surelock,malware,1,0.052553012311487686,0,benign
com.sanmao.threeupenglishpro,malware,1,0.855645509506361,1,malware
com.BloompixStudios.HouseOfTerrorVRFree,malware,1,0.6481404581753458,1,malware
edu.synthetic.androzoo.malware.overlay_pin_stealer.1677,malware,1,0.9997682675275814,1,malware
com.garda.gardaadc,benign,0,0.1753829259145075,0,benign
com.app.punctualiti,benign,0,0.21717523051111162,0,benign
edu.synthetic.androzoo.malware.wallet_stealer.1918,malware,1,0.999997220344446,1,malware
edu.synthetic.androzoo.malware.spyware_surveillance.1081,malware,1,0.9999998066205417,1,malware
edu.synthetic.androzoo.malware.sms_otp_stealer.0886,malware,1,0.9998955512399282,1,malware
org.stocktwits.android.activity,benign,0,0.9999999999999987,1,malware
edu.synthetic.androzoo.malware.dropper_loader.1875,malware,1,0.29165485048802625,0,benign
com.mcleansmartialarts.mcleans,benign,0,0.44693021812259764,0,benign
br.com.inchurch.gochurch,benign,0,0.905778878393658,1,malware
edu.synthetic.androzoo.malware.spyware_surveillance.0152,malware,1,0.999999998890911,1,malware
com.greattimemusic.starmusic,benign,0,0.617100000920972,1,malware
mm.pndaza.atthakathanissaya,benign,0,0.884148462289894,1,malware
com.racing.racer.ly,malware,1,0.9999999984907186,1,malware
edu.synthetic.androzoo.malware.ransomware_locker.0425,malware,1,0.6845421729962281,1,malware
edu.synthetic.androzoo.malware.overlay_pin_stealer.0491,malware,1,0.9918488315589692,1,malware
edu.synthetic.androzoo.malware.spyware_surveillance.0508,malware,1,0.9999995825519923,1,malware
edu.synthetic.androzoo.malware.ransomware_locker.0080,malware,1,0.8785685633009146,1,malware
com.mustafayigit.tabula,benign,0,0.8563508378867668,1,malware
com.beautiful.wallpaper.backgrounds.interesting,malware,1,0.9999979880588841,1,malware
edu.synthetic.androzoo.malware.spyware_surveillance.1319,malware,1,0.9999999981717702,1,malware
edu.synthetic.androzoo.malware.overlay_pin_stealer.0625,malware,1,0.9991117142016533,1,malware
free.Gps_Maps,benign,0,0.9999999999707798,1,malware
com.bhadartech.saint_rita_novena,benign,0,0.3346682060900598,0,benign
co.ninetynine.android,benign,0,0.867392549068445,1,malware
edu.synthetic.androzoo.malware.spyware_surveillance.0022,malware,1,0.999999997929351,1,malware
it.eolo.appeolo,benign,0,1.0,1,malware
com.softwareillusions.cashblaster,benign,0,0.8660789695060207,1,malware
edu.synthetic.androzoo.malware.ransomware_locker.0168,malware,1,0.5741214800173036,1,malware
edu.synthetic.androzoo.malware.spyware_surveillance.1478,malware,1,0.9999999038661954,1,malware
edu.synthetic.androzoo.malware.dropper_loader.0139,malware,1,0.28706298812717507,0,benign
com.trainerize.stephenholtfitness,benign,0,0.9999028968143471,1,malware
com.writer.xzj,malware,1,0.03164987636001242,0,benign
edu.synthetic.androzoo.malware.ransomware_locker.0405,malware,1,0.3713505294143295,0,benign
edu.synthetic.androzoo.malware.banker_accessibility.0745,malware,1,0.9939594114397119,1,malware
edu.synthetic.androzoo.malware.ransomware_locker.0545,malware,1,0.2936582583748278,0,benign
edu.synthetic.androzoo.malware.spyware_surveillance.1907,malware,1,0.9999997042541411,1,malware
com.my.xwenar1,malware,1,0.24944794579849872,0,benign
com.pip.yxppp.yyh,malware,1,0.004351870760132428,0,benign
com.aaron.grabredpacket,malware,1,0.9999999186940178,1,malware
com.iok.childwordhan,malware,1,1.0,1,malware
com.responsivedata.anoviteprospector,benign,0,0.07146520972137965,0,benign
edu.synthetic.androzoo.malware.wallet_stealer.1345,malware,1,0.9995794281827948,1,malware
io.axip.inneralchemy,benign,0,0.7474119949775568,1,malware
edu.synthetic.androzoo.malware.dropper_loader.1060,malware,1,0.6433217968261066,1,malware
edu.synthetic.androzoo.malware.sms_otp_stealer.0151,malware,1,0.9999991115390221,1,malware
neronovs.urlplayer,benign,0,0.0007320014447799867,0,benign
com.linj,malware,1,0.11701574153361247,0,benign
de.ndr.app.ndrhh,benign,0,0.6869331412146824,1,malware
com.fireworkcreator,benign,0,0.7400304539985086,1,malware
com.theheyyapp,benign,0,0.9981551752081725,1,malware
com.nuqiapp.mayzallari,benign,0,0.14766543745673213,0,benign
edu.synthetic.androzoo.malware.spyware_surveillance.1783,malware,1,0.9999998073801684,1,malware
kr.neolab.edu.collector,benign,0,0.15083938369929537,0,benign
com.sigmasport.ebikeapp,benign,0,0.9827591982172564,1,malware
com.fromsolvers.r10,benign,0,0.5933380709442025,1,malware
edu.synthetic.androzoo.malware.ransomware_locker.1461,malware,1,0.5678745717168099,1,malware
edu.synthetic.androzoo.malware.banker_accessibility.0989,malware,1,0.9996476455947099,1,malware
edu.synthetic.androzoo.malware.wallet_stealer.1900,malware,1,0.9999999738603043,1,malware
edu.synthetic.androzoo.malware.overlay_pin_stealer.0339,malware,1,0.86976497059613,1,malware
com.bravolang.portuguese,malware,1,0.44444590618613855,0,benign
com.sino_net.cits,malware,1,0.8124131050854781,1,malware
edu.synthetic.androzoo.malware.overlay_pin_stealer.1301,malware,1,0.9791540378601905,1,malware
edu.synthetic.androzoo.malware.overlay_pin_stealer.1812,malware,1,0.9937727725961455,1,malware
edu.synthetic.androzoo.malware.dropper_loader.1632,malware,1,0.0415344321742491,0,benign
com.guazi.android.chesupai,malware,1,0.14147693757499238,0,benign
com.missu.bill,malware,1,0.9879924729169646,1,malware
gta.grandtheftauto.five.crime,benign,0,0.20150573532331675,0,benign
edu.synthetic.androzoo.malware.wallet_stealer.0875,malware,1,0.9999973565193603,1,malware
edu.synthetic.androzoo.malware.ransomware_locker.0192,malware,1,0.920303116169018,1,malware
com.workvivo.android,benign,0,1.0,1,malware
jp.foresta.dojo.math.pro,benign,0,0.18626637569121868,0,benign
edu.synthetic.androzoo.malware.banker_accessibility.1506,malware,1,0.9967733911731085,1,malware
fr.coopcycle.lcr,benign,0,0.8900341276180092,1,malware
jp.co.lavan7.gakupuri_android,benign,0,0.45712447184380317,0,benign
en.lt.bestdict,benign,0,0.9011056266461213,1,malware
com.Upperpik.HairChallenge,benign,0,0.1901232421670143,0,benign
com.GoblinStudio.L4KApp,benign,0,0.21089739655182246,0,benign
com.homeMenu,malware,1,0.8220357603882414,1,malware
com.microsoft.windowsintune.companyportal,benign,0,0.9999997695998988,1,malware
edu.synthetic.androzoo.malware.banker_accessibility.1153,malware,1,0.9979302924099868,1,malware
dto.ee.barprephero.genius,benign,0,0.9828538836196885,1,malware
edu.synthetic.androzoo.malware.spyware_surveillance.0799,malware,1,0.999999999463191,1,malware
no.nettavisen.phonegap.na,benign,0,0.001054361154576817,0,benign
com.mobilepcmonitor,benign,0,0.9995900303871417,1,malware
edu.synthetic.androzoo.malware.spyware_surveillance.1291,malware,1,0.9999999995931006,1,malware
com.tyou.daizhu,malware,1,0.685260487598295,1,malware
ch.ringier.beobachter,benign,0,0.9851999173975785,1,malware
com.simlabstudio.thief.simulator,malware,1,0.11173440421790919,0,benign
com.haichuan.wjzb.yyh,malware,1,0.42019743788145336,0,benign
com.wireguard.android,benign,0,0.11302551950312223,0,benign
edu.synthetic.androzoo.malware.dropper_loader.0262,malware,1,0.009875753944351036,0,benign
edu.synthetic.androzoo.malware.overlay_pin_stealer.1067,malware,1,0.9942616508610348,1,malware
io.liaopin.NI2DD730B,malware,1,0.9515727907470325,1,malware
com.ludoy.colorhole,malware,1,0.2357964334691984,0,benign
com.thumbtel.anothernumber,malware,1,0.5733710703657103,1,malware
nl.trackitt.app,benign,0,0.8107656586846578,1,malware
edu.synthetic.androzoo.malware.ransomware_locker.0380,malware,1,0.8785133461986401,1,malware
com.awcc.asan,benign,0,0.08145955993905737,0,benign
com.gff.car.transport.cargo.plane,malware,1,0.8059700208266583,1,malware
com.efulife.customer,benign,0,0.9994306269605853,1,malware
com.hubby.esim,benign,0,0.9781763383199619,1,malware
com.fungames.flightpilot,benign,0,0.716527074280766,1,malware
com.uniriho.szt,malware,1,0.9999999998818763,1,malware
com.sg.spinner.merge.fight,benign,0,0.16578157150885164,0,benign
edu.synthetic.androzoo.malware.overlay_pin_stealer.1367,malware,1,0.9999951725899014,1,malware
com.uniforest.connect,benign,0,0.20750860894932918,0,benign
edu.synthetic.androzoo.malware.overlay_pin_stealer.0359,malware,1,0.9837262283967885,1,malware
edu.synthetic.androzoo.malware.wallet_stealer.0711,malware,1,0.9999984952404616,1,malware
com.kddglm.xjl,malware,1,0.20839112180068414,0,benign
com.exeysoft.mathcalculator,benign,0,0.9937756996016409,1,malware
edu.synthetic.androzoo.malware.dropper_loader.0539,malware,1,0.6125637499151815,1,malware
sudoku.puzzle.free.game.brain,benign,0,0.7889746925301707,1,malware
edu.synthetic.androzoo.malware.banker_accessibility.1525,malware,1,0.9934287617894465,1,malware
hr.hac.enc_mobile,benign,0,0.9795204937858238,1,malware
com.sinyee.babybus.foodstuff,malware,1,0.24220120789423272,0,benign
edu.synthetic.androzoo.malware.sms_otp_stealer.1334,malware,1,0.9999993010514807,1,malware
edu.synthetic.androzoo.malware.overlay_pin_stealer.0124,malware,1,0.9853815757591338,1,malware
co.davos.mathme,benign,0,0.9999999999999503,1,malware
com.fornetjob.neonballs,benign,0,0.11018378291013559,0,benign
com.relax.wordsearch,benign,0,0.7606739291841303,1,malware
com.nexmachina.grupsoletict,benign,0,0.23871072556662118,0,benign
com.aduro.amp,benign,0,0.9623498468779849,1,malware
com.examin8.exam,benign,0,0.16575952770621744,0,benign
edu.synthetic.androzoo.malware.sms_otp_stealer.0753,malware,1,0.999999854752901,1,malware
webviewgold.iTipFooty,benign,0,0.9704417059718773,1,malware
ru.simple.wine,benign,0,0.953173755205743,1,malware
com.nsd.mysteryOfFortune,malware,1,0.8242541395336662,1,malware
com.utec.utec,malware,1,0.013267512284264342,0,benign
com.tidemedia.bozhou,malware,1,0.8336727507825652,1,malware
com.ledpixelart.piledriver,benign,0,0.15734122094119923,0,benign
com.hazratferozmemon,benign,0,0.0022651843990825057,0,benign
com.kahunas.io.OsborneCoaching,benign,0,0.38933969643802707,0,benign
com.pdf.reader.pdfviewer.pdfeditor.forandroid,benign,0,1.0,1,malware
com.Edugamus.CityPatrol,benign,0,0.9999903030976149,1,malware
com.fywork.ballwa,malware,1,0.9999993432288586,1,malware
com.iphigenie,benign,0,0.8818475628341871,1,malware
com.happybirthdaysms.happybirthdaysms,malware,1,0.1394499015233849,0,benign
com.app.mycatholiclifeinc,benign,0,0.5394377640809234,1,malware
com.coolandroidappzfree.freesudoku,benign,0,0.10499002474847596,0,benign
li.mmc.app,benign,0,0.1985561822876651,0,benign
com.ggxfj.frog,malware,1,0.9999966914385587,1,malware
com.boltrend.castleburn.nesh,malware,1,0.9999999999999987,1,malware
edu.synthetic.androzoo.malware.wallet_stealer.0165,malware,1,0.9859047428394522,1,malware
com.jeffreytht.gobblet,benign,0,0.7275378568870929,1,malware
com.studdywise,benign,0,0.7163249912249554,1,malware
jp.digitallab.kawachi,benign,0,0.9999999790724847,1,malware
com.youdao.translator,malware,1,0.6260324032106824,1,malware
com.pvp_online.naval.warship.tactics,benign,0,0.9318243805806056,1,malware
edu.synthetic.androzoo.malware.banker_accessibility.0937,malware,1,0.9990802289617294,1,malware
edu.synthetic.androzoo.malware.wallet_stealer.0024,malware,1,0.9988741298749878,1,malware
edu.synthetic.androzoo.malware.banker_accessibility.1476,malware,1,0.9953219844536118,1,malware
edu.synthetic.androzoo.malware.ransomware_locker.0620,malware,1,0.9934011233633466,1,malware
com.activecampaign.androidcrm,benign,0,0.15750155754924267,0,benign
ai.plaud.android.plaud,benign,0,0.9997717739835472,1,malware
edu.synthetic.androzoo.malware.banker_accessibility.1604,malware,1,0.9997670532189448,1,malware
com.flighthub.app,benign,0,0.9708680092411601,1,malware
nc.zygo.taxi.passenger,benign,0,0.0004341234121917637,0,benign
com.youvisit.hybridvr59971,malware,1,0.9417566014021947,1,malware
edu.synthetic.androzoo.malware.spyware_surveillance.1933,malware,1,0.999999990329946,1,malware
com.stb.v2,benign,0,0.8912760848006391,1,malware
com.entrolabs.ncdap,benign,0,0.40084280459217975,0,benign
edu.synthetic.androzoo.malware.adware_clicker.0587,malware,1,0.09772968595550242,0,benign
edu.synthetic.androzoo.malware.banker_accessibility.0049,malware,1,0.9999849993654695,1,malware
com.PAglosario,benign,0,0.9970190445164836,1,malware
com.eni.communication,benign,0,0.0009049710769938519,0,benign
com.sportq.fit,malware,1,0.7982721319264577,1,malware
edu.synthetic.androzoo.malware.dropper_loader.0495,malware,1,0.9216981652919286,1,malware
io.flic.app,benign,0,0.04234383710063147,0,benign
edu.synthetic.androzoo.malware.banker_accessibility.1655,malware,1,0.9998688335381503,1,malware
com.aura.suite,malware,1,0.0010357817774947792,0,benign
edu.synthetic.androzoo.malware.adware_clicker.0145,malware,1,0.08409865545607967,0,benign
edu.synthetic.androzoo.malware.sms_otp_stealer.0541,malware,1,0.9999999225749507,1,malware
com.longkoo.fighter,malware,1,0.9129476234000782,1,malware
edu.synthetic.androzoo.malware.dropper_loader.0836,malware,1,0.0637415590524242,0,benign
com.next.nlp.stemfield,benign,0,0.3973857627039532,0,benign
edu.synthetic.androzoo.malware.banker_accessibility.0716,malware,1,0.9974703534194549,1,malware
com.grunkr.gravitylockscreen,malware,1,0.6241379027484169,1,malware
com.zamplus.marathonsh,malware,1,0.9999999999999563,1,malware
jp.go.kunaicho.iha,benign,0,0.9982788938698754,1,malware
com.sega.ColorfulStage.en,benign,0,0.996988052497008,1,malware
edu.synthetic.androzoo.malware.spyware_surveillance.1521,malware,1,0.9999998917284145,1,malware
edu.synthetic.androzoo.malware.ransomware_locker.1631,malware,1,0.6587671932504032,1,malware
edu.synthetic.androzoo.malware.banker_accessibility.0943,malware,1,0.9997497589014114,1,malware
com.styleseat.promobile,benign,0,0.9833148772805211,1,malware
edu.synthetic.androzoo.malware.sms_otp_stealer.1375,malware,1,0.9999901933214207,1,malware
edu.synthetic.androzoo.malware.banker_accessibility.1091,malware,1,0.9997660651414562,1,malware
edu.synthetic.androzoo.malware.ransomware_locker.1242,malware,1,0.9620941275166013,1,malware
com.ai.womendrag,malware,1,0.13750848266300694,0,benign
com.card.carddiary,malware,1,0.0014578461603692206,0,benign
com.simpfect.mrsilver.easyklassmember,benign,0,0.5689138262618606,1,malware
com.ubestkid.collection.a,malware,1,0.9999999999999793,1,malware
digifit.android.virtuagym.pro.ywcaofasheville,benign,0,0.901629966494266,1,malware
edu.synthetic.androzoo.malware.spyware_surveillance.0116,malware,1,0.9999999887779708,1,malware
com.appeasybuild.apps6093bab1a04b5,benign,0,0.9897224094403607,1,malware
uk.co.newsquest.dorsetecho,benign,0,0.9999999707642087,1,malware
com.subsplashconsulting.s_S9QW82,benign,0,2.691522953700664e-07,0,benign
com.grandgames.carmatch,benign,0,0.3066868512887214,0,benign
com.mnightt.slices,benign,0,0.33000855202367213,0,benign
edu.synthetic.androzoo.malware.overlay_pin_stealer.1442,malware,1,0.9999542623321439,1,malware
com.myunitel.activities,benign,0,0.2849544181731174,0,benign
com.guidebook.apps.IES.android,benign,0,0.9999936203668388,1,malware
edu.synthetic.androzoo.malware.overlay_pin_stealer.0968,malware,1,0.9997622795884898,1,malware
edu.synthetic.androzoo.malware.spyware_surveillance.1650,malware,1,0.9999999999912665,1,malware
edu.synthetic.androzoo.malware.overlay_pin_stealer.1076,malware,1,0.9997552536596447,1,malware
com.yizhilu.caidiantong,malware,1,0.05097168577062268,0,benign
com.pheaa.mobile.aspire,benign,0,0.1465924210352263,0,benign
org.pattersonclippers.pattersonapp,malware,1,0.09193747724803858,0,benign
com.eztcn.user,malware,1,1.0,1,malware
edu.synthetic.androzoo.malware.spyware_surveillance.1064,malware,1,0.9999999999899845,1,malware
goldensoft.com.goldenpedidos,benign,0,0.6631066980929436,1,malware
com.expertsuggestion.percentagecalculator,benign,0,0.8844650850671913,1,malware
jp.pya.tenten.app.minuterogue,benign,0,0.3347704812261332,0,benign
sharedesk.net.optixapp.launchcowork,benign,0,1.0,1,malware
com.TarterStudio.MRIProtocolosdeResonancia,benign,0,0.9866193136042262,1,malware
com.rajgrowup.djmusicmixer,benign,0,0.002658784963161447,0,benign
com.mysticmobileapps.terrain.radar,benign,0,1.0,1,malware
com.free.ttdj,malware,1,0.033872889504338415,0,benign
com.CSswankychicboutique.android,benign,0,0.8208204859642353,1,malware
com.eduven.cc.italian,benign,0,2.9519294886425813e-40,0,benign
edu.synthetic.androzoo.malware.dropper_loader.1452,malware,1,0.0014671812379353358,0,benign
fr.gestionsports.dijonpadel,benign,0,0.9998757070385739,1,malware
com.thepattern.app,benign,0,0.6395298993590987,1,malware
com.sobrr.agnes,benign,0,0.6486750560421848,1,malware
com.coeursoft.bbdeathpitch,benign,0,0.2583091957810247,0,benign
com.champapps.gtp,benign,0,0.5987772263257427,1,malware
edu.synthetic.androzoo.malware.adware_clicker.0722,malware,1,0.9883436134557196,1,malware
nl.speakap.linda,benign,0,0.09450645927635025,0,benign
edu.synthetic.androzoo.malware.sms_otp_stealer.1136,malware,1,0.9999997075647684,1,malware
com.groupebayard.prionseneglise.iphone,benign,0,0.9999780141062805,1,malware
com.aljazeera.mobile,benign,0,0.8656067355757054,1,malware
edu.synthetic.androzoo.malware.banker_accessibility.0289,malware,1,0.9998171087088578,1,malware
com.dailyworkhoroscopes.net,benign,0,0.9997318983736025,1,malware
br.com.controlezootecnico.lactalis,benign,0,0.22953136035956054,0,benign
edu.synthetic.androzoo.malware.wallet_stealer.0815,malware,1,0.998863019527556,1,malware
com.play.merge.restyle,benign,0,0.9999999999999998,1,malware
com.rainbow.shreecarpenter,benign,0,0.03879188279772974,0,benign
com.saubcy.games.puzzle.Palm,malware,1,0.2250298895896133,0,benign
com.moov.jets.sharingapp2,benign,0,0.9982766679421803,1,malware
com.easytor.ohadshemesh,benign,0,0.9458638634949805,1,malware
edu.synthetic.androzoo.malware.wallet_stealer.1898,malware,1,0.9999936410167042,1,malware
com.sug3rs.manypaper,malware,1,0.4666145524448823,0,benign
com.huaban.android,malware,1,0.613432517154439,1,malware
com.google.android.youtube,benign,0,0.0839863848033695,0,benign
com.apptegy.centralca,benign,0,0.9047656075291352,1,malware
com.hiwell,benign,0,1.0,1,malware
com.swissborg.android,benign,0,0.9744644720449958,1,malware
edu.synthetic.androzoo.malware.banker_accessibility.0812,malware,1,0.9999796218054428,1,malware
edu.synthetic.androzoo.malware.dropper_loader.0896,malware,1,0.0036300985245886807,0,benign
com.nznlabs.litpro_mx,benign,0,0.9941585110285611,1,malware
com.melodygames.royaldreamindianwedding,benign,0,0.8412701759338728,1,malware
de.geos.app,benign,0,0.3888089137907653,0,benign
com.app.goldnlilies,benign,0,0.5130752643904177,1,malware
edu.synthetic.androzoo.malware.spyware_surveillance.0379,malware,1,0.9999999999854257,1,malware
ak.christmasshooter,malware,1,0.5133146281476878,1,malware
com.playspare.pizzarestaurant,malware,1,0.060121084938068683,0,benign
edu.synthetic.androzoo.malware.overlay_pin_stealer.1168,malware,1,0.9999880363439958,1,malware
it.bigstudio.bigstudio3,malware,1,0.6692396595983753,1,malware
com.trexit.trexedia,benign,0,0.48281532687299417,0,benign
edu.synthetic.androzoo.malware.adware_clicker.0645,malware,1,0.691537003828544,1,malware
com.chief.mobile,benign,0,0.1643090174405926,0,benign
com.vs.mena,benign,0,0.997853918268583,1,malware
com.berrycomm.smarthome,benign,0,0.0005079222820896438,0,benign
com.tocaboca.tocamini,malware,1,0.8299835017458408,1,malware
edu.synthetic.androzoo.malware.wallet_stealer.1356,malware,1,0.9998135714800924,1,malware
com.gotoup.amenhelper,malware,1,0.9999999999964737,1,malware
com.dongbao.ygzj,malware,1,0.957375661218722,1,malware
com.subsplashconsulting.s_G5V9SS,benign,0,0.9999999971230622,1,malware
edu.synthetic.androzoo.malware.sms_otp_stealer.0382,malware,1,0.999973570397152,1,malware
edu.synthetic.androzoo.malware.overlay_pin_stealer.1823,malware,1,0.9996537447126705,1,malware
com.sybirex.wingoplan,benign,0,0.1299956092052451,0,benign
edu.synthetic.androzoo.malware.dropper_loader.1077,malware,1,0.09293651898369645,0,benign
jp.co.machicomi,benign,0,0.9499519904885141,1,malware
com.upperpik.beadtoyasmr,benign,0,0.8554880368068084,1,malware
com.ebsig.shop,malware,1,0.8561794401412541,1,malware
com.sxb.answer.activity,malware,1,0.9571181451355418,1,malware
com.twitter.videodownload.videodownloaderfortwitter,benign,0,0.8974328208111239,1,malware
com.motionmetrics.carv,benign,0,0.9999916684479782,1,malware
edu.synthetic.androzoo.malware.banker_accessibility.0307,malware,1,0.9197926972897604,1,malware
edu.synthetic.androzoo.malware.banker_accessibility.1087,malware,1,0.9995105890381484,1,malware
com.ghs.sortpuz.bottle.game,benign,0,0.22582752606546624,0,benign
edu.synthetic.androzoo.malware.ransomware_locker.1679,malware,1,0.955048283062791,1,malware
com.trainerize.noahlyftsfitness,benign,0,0.6979392679672483,1,malware
com.hexun.caidaopro,malware,1,0.20105006405780393,0,benign
edu.synthetic.androzoo.malware.ransomware_locker.1378,malware,1,0.3281659746006979,0,benign
edu.synthetic.androzoo.malware.wallet_stealer.0976,malware,1,0.9999851108326342,1,malware
zeljkoa.games.planetdrop,malware,1,0.9995338912972931,1,malware
com.padeldev.stat,benign,0,0.08387639504814373,0,benign
com.phone.contact.call.phonecontact,malware,1,0.0005824574409614862,0,benign
kr.ninth.sol2,benign,0,1.0,1,malware
edu.synthetic.androzoo.malware.adware_clicker.0216,malware,1,0.9717047020238206,1,malware
com.cosentino.cconnect,benign,0,0.12120678647994516,0,benign
com.pixplus.ali,malware,1,0.999999994915276,1,malware
com.equipmentgroup.AlignerSX1,benign,0,0.0,0,benign
com.fubar.mobile,benign,0,0.9501296655792756,1,malware
com.silky.apps.gold.lock,benign,0,0.19589806979313548,0,benign
edu.synthetic.androzoo.malware.adware_clicker.1231,malware,1,0.5859158074550411,1,malware
edu.synthetic.androzoo.malware.dropper_loader.1784,malware,1,0.03179094416429289,0,benign
org.cocos2dx.LittleBattle,malware,1,0.9999999996945224,1,malware
com.anbe.app,benign,0,0.4377800084110199,0,benign
com.garantiemeklilik.cepsube,benign,0,1.0,1,malware
com.nampadesign.train,benign,0,0.9878939275099796,1,malware
edu.synthetic.androzoo.malware.overlay_pin_stealer.0377,malware,1,0.9983311404387923,1,malware
edu.synthetic.androzoo.malware.spyware_surveillance.0729,malware,1,0.9999999999362224,1,malware
edu.synthetic.androzoo.malware.sms_otp_stealer.1311,malware,1,0.9999998429176633,1,malware
com.onaliro.mpa,benign,0,0.8100540980439926,1,malware
teletalk.teletalkcustomerapp,benign,0,0.18370360444933,0,benign
edu.synthetic.androzoo.malware.dropper_loader.1636,malware,1,0.9999999996743731,1,malware
au.com.cheq,benign,0,0.15066379171047567,0,benign
com.zanaxu.wordcounter,benign,0,0.3670780032499321,0,benign
com.mogo.shuiguollk,malware,1,0.995992692706487,1,malware
jp.co.iyobank.dhdl.safety.playstore,benign,0,0.4572488931577733,0,benign
ae.silal.fms,benign,0,0.9829126203216143,1,malware
edu.synthetic.androzoo.malware.overlay_pin_stealer.0065,malware,1,0.7552195769815637,1,malware
com.apptegy.ocostawa,benign,0,7.293584271553388e-05,0,benign
jp.co.welpjob,benign,0,0.16472497539176675,0,benign
edu.synthetic.androzoo.malware.sms_otp_stealer.1905,malware,1,0.9999989076086622,1,malware
com.funiza.poolstrikeoffline,benign,0,0.9652331374587207,1,malware
com.citizenobserver.wildtipnc,benign,0,0.9156965176291202,1,malware
com.game168.gameofmafia,benign,0,0.9055429007806395,1,malware
com.vanceandhines.fp4,benign,0,0.027293061536734293,0,benign
com.shubhlaxmi.option.stoploss.target,malware,1,0.9999999999959075,1,malware
com.epay.wallet.epmm,benign,0,0.9372858686973485,1,malware
gr.delhaize,benign,0,0.4378416782777855,0,benign
com.brewgames.coinmatch,benign,0,0.8347272075613859,1,malware
bd.com.upay.customer,malware,1,0.9999999999999856,1,malware
com.qiuwen.android,malware,1,0.1503010248662185,0,benign
com.getgarner.app,benign,0,0.9232618843883796,1,malware
com.goodapp.camera,malware,1,0.9826808505977163,1,malware
com.resetfitness.tribe,benign,0,0.11136630943743488,0,benign
com.huazhenginfo.HZDailyqd,malware,1,0.11055463210058124,0,benign
edu.synthetic.androzoo.malware.dropper_loader.1178,malware,1,0.1298474295926207,0,benign
com.subsplashconsulting.s_859K4B,benign,0,0.9999948353939072,1,malware
edu.synthetic.androzoo.malware.overlay_pin_stealer.1852,malware,1,0.999729898029565,1,malware
edu.synthetic.androzoo.malware.spyware_surveillance.1234,malware,1,0.9999998824003932,1,malware
com.attack.longlegs.yyh,malware,1,0.9998567153931253,1,malware
com.venusjewel,benign,0,0.3043858861144659,0,benign
edu.synthetic.androzoo.malware.banker_accessibility.0044,malware,1,0.9959336767692981,1,malware
com.chillnstudy.enhu,benign,0,0.33266758817295955,0,benign
edu.synthetic.androzoo.malware.spyware_surveillance.1296,malware,1,0.999999999990054,1,malware
projet824.menorah,benign,0,0.43948463081054007,0,benign
edu.synthetic.androzoo.malware.overlay_pin_stealer.0410,malware,1,0.9856314937906415,1,malware
edu.synthetic.androzoo.malware.banker_accessibility.1910,malware,1,0.9927475196248725,1,malware
edu.synthetic.androzoo.malware.banker_accessibility.1865,malware,1,0.9994135988802991,1,malware
edu.synthetic.androzoo.malware.overlay_pin_stealer.1128,malware,1,0.9868929316152726,1,malware
mn.zerotech.boostibev1,benign,0,0.9830403836150956,1,malware
com.cyta.selfcare,benign,0,0.7864632660111707,1,malware
com.scsoft.maldivesrtl,benign,0,0.9596334073123135,1,malware
com.quitoque,benign,0,0.9744635659837221,1,malware
com.Prompt.MuApp,benign,0,0.21683113249811062,0,benign
edu.synthetic.androzoo.malware.ransomware_locker.1054,malware,1,0.7738698427684664,1,malware
keikyu.kq_app,benign,0,0.609336949843264,1,malware
edu.synthetic.androzoo.malware.sms_otp_stealer.0797,malware,1,0.9999999372230576,1,malware
com.sibisoft.lakemoni,benign,0,1.0,1,malware
com.tinmanarts.IWantToWatchTVPhone,malware,1,0.9999831276126625,1,malware
net.meshkorea.vroongfriends,benign,0,0.027917142271190673,0,benign
au.com.digivista.wordpipes,benign,0,0.09880986528789218,0,benign
com.csasecurity.app,benign,0,0.982861533778578,1,malware
com.Radyoye.Kurdi,benign,0,0.8622736790109131,1,malware
com.hrs.decibelmobilesolution,malware,1,0.8604703449081099,1,malware
edu.synthetic.androzoo.malware.ransomware_locker.1678,malware,1,0.9236828937923196,1,malware
com.openworld.carsimulatorct,benign,0,0.7100884918319016,1,malware
com.simyasolutions.ling,benign,0,0.010681353126306517,0,benign
cc.sidi.SigmaScript,benign,0,0.39783261583944607,0,benign
edu.synthetic.androzoo.malware.overlay_pin_stealer.1571,malware,1,0.9830229961679382,1,malware
com.canva.editor,benign,0,0.9999854881332795,1,malware
edu.synthetic.androzoo.malware.ransomware_locker.0388,malware,1,0.9688289035559775,1,malware
linguado.com.linguado,benign,0,0.09013642879866922,0,benign
lsh.nzcp4,malware,1,0.9987082920004254,1,malware
edu.synthetic.androzoo.malware.dropper_loader.0173,malware,1,0.9999991572673647,1,malware
com.autobid.val,benign,0,0.9659324808845984,1,malware
com.gps.routefinder.livetraffic.map,benign,0,0.9817444365402821,1,malware
com.razzlepuzzles.dotconnect,benign,0,1.0,1,malware
io.mediaworks.android.dnevnohr,benign,0,0.9746108058231105,1,malware
com.luckystargame.funbigtwo,malware,1,0.9995482492939147,1,malware
edu.synthetic.androzoo.malware.banker_accessibility.0413,malware,1,0.9997234883201771,1,malware
com.bridgebase.BridgeBase,benign,0,0.34362203208605085,0,benign
com.shuiyinbao.android,malware,1,0.4016588314680079,0,benign
com.BloonClicker.playgameservices,benign,0,0.7085496878018751,1,malware
com.eflasoft.fradeufree,benign,0,0.10112707695127267,0,benign
edu.synthetic.androzoo.malware.overlay_pin_stealer.0272,malware,1,0.9997913382011693,1,malware
com.zonedeliveryservicerider,benign,0,0.013964645843013056,0,benign
edu.synthetic.androzoo.malware.sms_otp_stealer.1068,malware,1,0.9999999993908009,1,malware
com.babe.bliss.studio.Kids.Fun.Car.Repair.Race.Game,benign,0,0.5619074909321554,1,malware
water.drink.reminder.tracker,benign,0,0.5749666885479303,1,malware
edu.synthetic.androzoo.malware.dropper_loader.0843,malware,1,0.9952485298635825,1,malware
net.hanulsoft.nenc,benign,0,0.1517648579086557,0,benign
com.mywidz.mwp.hb.app.di.android,benign,0,0.9999999994055537,1,malware
com.cleverapps.adventure,benign,0,0.0929056641664885,0,benign
edu.synthetic.androzoo.malware.spyware_surveillance.0939,malware,1,0.9999999858287456,1,malware
fi.digilehdet,benign,0,0.008575540227664335,0,benign
com.recode.pregis,benign,0,0.5998165067090668,1,malware
com.bongopharma.bd,malware,1,0.6239128777082419,1,malware
edu.synthetic.androzoo.malware.banker_accessibility.0640,malware,1,0.9955257035321845,1,malware
com.bookmyartist.app,benign,0,0.9999934798032141,1,malware
edu.synthetic.androzoo.malware.overlay_pin_stealer.1373,malware,1,0.9997240034327143,1,malware
com.ovuline.fertility,benign,0,0.99999973758144,1,malware
appsolutions.HMT,benign,0,0.8897549935135404,1,malware
com.fibrum.froggyvr,malware,1,0.7125571365077169,1,malware
edu.synthetic.androzoo.malware.overlay_pin_stealer.0525,malware,1,0.9914709311751817,1,malware
com.yango.driver.beta,benign,0,0.9662483973043371,1,malware
com.dii.demosphere.prod,benign,0,0.3426323501623537,0,benign
com.economicview.jingwei,malware,1,0.9999999999528801,1,malware
edu.synthetic.androzoo.malware.adware_clicker.0102,malware,1,0.5370844433366304,1,malware
edu.synthetic.androzoo.malware.spyware_surveillance.0723,malware,1,0.9999998726618895,1,malware
com.asngames.basketballdunkgame,malware,1,0.9352379048644675,1,malware
com.everysing.lysn,benign,0,0.8564017196661089,1,malware
com.bol.shop,benign,0,1.8076250386626382e-06,0,benign
edu.synthetic.androzoo.malware.overlay_pin_stealer.1915,malware,1,0.9983815113328391,1,malware
edu.synthetic.androzoo.malware.dropper_loader.1499,malware,1,0.014309846588188069,0,benign
edu.synthetic.androzoo.malware.dropper_loader.1675,malware,1,0.10974686290399158,0,benign
tr.turkgram.messenger,benign,0,0.4509782794505983,0,benign
com.ca.ppm.mobile.v1,benign,0,0.9777306317939438,1,malware
tv.uscreen.haumyoga,benign,0,0.9999999801578769,1,malware
com.bulkypix.wiredefuser,malware,1,0.9918607147553935,1,malware
com.ogemary.smarthome,malware,1,0.07630724250437303,0,benign
com.aimo.quin.colibri,benign,0,0.14278590209646552,0,benign
com.bardovpn,malware,1,0.9786350086350941,1,malware
game.brain.games.iq.test.brain.test.teasers,benign,0,0.9992377104146178,1,malware
com.tree.dayleft,benign,0,7.151758934681013e-19,0,benign
com.wyt.iexuetang.hd.gs,malware,1,0.001285114853494558,0,benign
com.nexudusspaces.theshop,benign,0,0.9999457099945704,1,malware
edu.synthetic.androzoo.malware.dropper_loader.1609,malware,1,0.12286538889081412,0,benign
com.es.mengmobile.yyh,malware,1,0.996648341219923,1,malware
com.getnotion.android,benign,0,0.9830675451173889,1,malware
ie.uniquepublishing.limericketss,benign,0,0.9999832939694813,1,malware
org.lestuck.mobile,benign,0,0.9427928625438454,1,malware
com.cjol,malware,1,0.08945515541042248,0,benign
com.star.laogh.qiuqian,malware,1,0.9924229518939773,1,malware
edu.synthetic.androzoo.malware.spyware_surveillance.0872,malware,1,0.999999450570057,1,malware
website.lookandfindapp.app,benign,0,0.9676500167681883,1,malware
com.zhihui.chinese,malware,1,0.20083530746405323,0,benign
edu.synthetic.androzoo.malware.banker_accessibility.1747,malware,1,0.9971562993183114,1,malware
com.melesta.coffeeshop,benign,0,0.02144454474778974,0,benign
com.risingapps.photoenhancer,benign,0,1.0,1,malware
io.sequr,benign,0,0.9829268853781155,1,malware
edu.synthetic.androzoo.malware.overlay_pin_stealer.0862,malware,1,0.9966252858747799,1,malware
com.subsplashconsulting.s_7BFPKG,benign,0,0.999999040455568,1,malware
apps.muslim_musafir_khana,benign,0,0.3785570307166954,0,benign
feather.notes,malware,1,0.25875132506180465,0,benign
com.wzhx.mobile.sgbxdw,malware,1,0.7437150056535304,1,malware
app.outsystems.ipppooling.PalletHero,benign,0,0.05679737066247946,0,benign
com.toccata.games.cannonman,malware,1,0.6045080223957329,1,malware
edu.synthetic.androzoo.malware.spyware_surveillance.1507,malware,1,0.9999999979212677,1,malware
edu.synthetic.androzoo.malware.banker_accessibility.0114,malware,1,0.9997570631350025,1,malware
cn.com.drivedu.chexuetang,malware,1,0.9303868193308061,1,malware
edu.synthetic.androzoo.malware.wallet_stealer.0051,malware,1,0.9999854415079953,1,malware
ru.frolovvv.asd,benign,0,0.10087096444077884,0,benign
edu.synthetic.androzoo.malware.spyware_surveillance.0561,malware,1,0.9999990868669613,1,malware
com.esiwei.yyasianshop,malware,1,0.2809754769402707,0,benign
edu.synthetic.androzoo.malware.overlay_pin_stealer.1412,malware,1,0.9996633385623132,1,malware
com.magicapp.keepclean.phonebooster,malware,1,0.9999991277071361,1,malware
edu.synthetic.androzoo.malware.spyware_surveillance.1284,malware,1,0.9999999988605466,1,malware
com.clowngames.mobgio.st,malware,1,0.9900927484263,1,malware
com.colanotes.android,malware,1,1.2351147127159974e-05,0,benign
com.bananaapps.kidapps.cowboys.contourdots.free,malware,1,1.0,1,malware
edu.synthetic.androzoo.malware.spyware_surveillance.0774,malware,1,0.9999999981502803,1,malware
com.appslab.blackgospelradio,benign,0,0.2412520707230182,0,benign
edu.synthetic.androzoo.malware.banker_accessibility.0914,malware,1,0.9994655748230216,1,malware
com.babbel.mobile.android.en,benign,0,1.0,1,malware
pro.bacca.uralairlines,benign,0,0.9991877614754732,1,malware
edu.synthetic.androzoo.malware.spyware_surveillance.1853,malware,1,0.9999999151149189,1,malware
edu.synthetic.androzoo.malware.overlay_pin_stealer.0586,malware,1,0.9986092943116658,1,malware
com.style_7.lightanalogclocklw_7,benign,0,0.9912099349867048,1,malware
edu.synthetic.androzoo.malware.overlay_pin_stealer.1719,malware,1,0.9996120043125933,1,malware
com.rym.door,benign,0,0.9827957093360055,1,malware
com.poetry.fk.cm,malware,1,0.9999999999761879,1,malware
com.zjlandm.indkuang,malware,1,0.8563241307540523,1,malware
ru.nexttehnika.sos112ru.wrtc,benign,0,0.17303863355104446,0,benign
com.nelliemaevip.android,benign,0,0.2042596608959712,0,benign
com.bithack.apparatus.st,malware,1,0.9995549287457276,1,malware
edu.synthetic.androzoo.malware.spyware_surveillance.1623,malware,1,0.9999999577711731,1,malware
com.pfhcard.production,benign,0,0.7508124765818436,1,malware
kr.co.smartskin.sseoqkr7,benign,0,0.9050104566881828,1,malware
com.napoleon.bookoffate,benign,0,0.9999999999999594,1,malware
com.antpool.app.android,benign,0,0.39896813196175024,0,benign
com.topnewgames.car.parking.game.free,benign,0,0.1358802490407954,0,benign
com.kick.wild.lion.attack,malware,1,0.34076266013154216,0,benign
com.tappocket.dragonvillage,benign,0,0.4269152212807953,0,benign
com.thefishing.hawaii,benign,0,0.15562977098493247,0,benign
com.tippingcanoe.pepperpl,benign,0,0.999905379396679,1,malware
edu.synthetic.androzoo.malware.dropper_loader.0760,malware,1,0.004587507100815711,0,benign
tech.jm,benign,0,0.0020127887684695954,0,benign
com.florasense,benign,0,5.485053631909021e-11,0,benign
com.mse.monumentalnetworks,benign,0,9.313609436205698e-09,0,benign
com.isharing.isharing,benign,0,0.0879783626404611,0,benign
br.com.inchurch.pazchurchguaratuba,benign,0,0.9988576122801436,1,malware
dk.klaravik.app,benign,0,0.7981703424347215,1,malware
edu.synthetic.androzoo.malware.adware_clicker.1122,malware,1,0.9999433738892933,1,malware
com.rvappstudios.tile.connect.link.puzzle.game,benign,0,0.9895424430536848,1,malware
com.moblin.israeltrain,benign,0,0.10313798099499744,0,benign
com.emcan.emarat,benign,0,0.9999999999996698,1,malware
se.svd.start,benign,0,0.013692985539738248,0,benign
com.tplink.omada,benign,0,0.9114676990498457,1,malware
com.bssys.mbcphone.akbars,benign,0,0.9891149366841983,1,malware
com.morega.ldsg,malware,1,0.9977767395157126,1,malware
com.guidebook.apps.uos.android,benign,0,0.5923941644907007,1,malware
ru.DmitryLomakin.ReanimationInc.yg,malware,1,0.9999530715627993,1,malware
com.renderedideas.idlefarmingtycoon,benign,0,0.99999999835928,1,malware
com.walainteractive.roshambodash,benign,0,0.9684779821171114,1,malware
edu.synthetic.androzoo.malware.dropper_loader.1127,malware,1,0.0036175069589326333,0,benign
com.subsplashconsulting.s_983JH4,benign,0,0.9999999903126363,1,malware
edu.synthetic.androzoo.malware.spyware_surveillance.1683,malware,1,0.9999999999999136,1,malware
com.infra.jkgb,benign,0,0.200737951721858,0,benign
edu.synthetic.androzoo.malware.adware_clicker.1524,malware,1,0.5233648296409831,1,malware
com.qumu.viewer,benign,0,0.00025364685478285095,0,benign
com.mobirix.jp.bubblebobble1,benign,0,0.37219015569643854,0,benign
com.neighbors.darkriddle,benign,0,0.9920576672635247,1,malware
com.subsplashconsulting.s_HBP7KC,benign,0,0.9535387601185268,1,malware
com.wave.lalkar,benign,0,0.8162703789386775,1,malware
com.helplove.shbf,malware,1,0.3052810716293437,0,benign
net.nijigen_chat,benign,0,0.9826986574929824,1,malware
com.estgames.cm.jp,benign,0,0.8087185225102732,1,malware
io.iftech.android.box,malware,1,0.18740107014605173,0,benign
edu.synthetic.androzoo.malware.ransomware_locker.1185,malware,1,0.9978122065481145,1,malware
com.wanmeizhensuo.zhensuo,malware,1,0.9521291919030749,1,malware
com.yulin.VertexVerveInc.Games,malware,1,0.9999904783075593,1,malware
org.fcbh.xalibt.n2.n,benign,0,0.47963743755628585,0,benign
edu.synthetic.androzoo.malware.overlay_pin_stealer.1396,malware,1,0.9997527701696126,1,malware
edu.synthetic.androzoo.malware.overlay_pin_stealer.1402,malware,1,0.9988832705679366,1,malware
com.my6.android,benign,0,1.0,1,malware
com.mike.gifmaker,benign,0,0.6500468496298505,1,malware
com.shici,malware,1,0.5076511764156322,1,malware
edu.synthetic.androzoo.malware.overlay_pin_stealer.0221,malware,1,1.0,1,malware
edu.synthetic.androzoo.malware.dropper_loader.0867,malware,1,0.6628453990744668,1,malware
com.thuanlumi.gentlesunny,benign,0,0.44960898837911384,0,benign
pl.netigen.perfect.bouzouki.tuner,benign,0,0.9999676521145907,1,malware
edu.synthetic.androzoo.malware.wallet_stealer.0878,malware,1,0.9984539247122003,1,malware
py.com.sudameris,benign,0,0.11270402842551068,0,benign
com.sice_app,benign,0,1.0,1,malware
com.cloudtech.weatherradar,malware,1,0.8433625060784193,1,malware
com.nikinorm.gus,benign,0,0.3460192743910021,0,benign
edu.synthetic.androzoo.malware.spyware_surveillance.0246,malware,1,0.9999999969855016,1,malware
jp.app.flipit,benign,0,0.2898004967721052,0,benign
edu.synthetic.androzoo.malware.banker_accessibility.1040,malware,1,0.9999801013690078,1,malware
edu.synthetic.androzoo.malware.overlay_pin_stealer.1292,malware,1,0.9504867057160198,1,malware
com.loopdfs.consumer,malware,1,0.9796560076915194,1,malware
edu.synthetic.androzoo.malware.wallet_stealer.0472,malware,1,0.9999457248605358,1,malware
com.cellit.cellitnews.wset,benign,0,0.9959044308486102,1,malware
edu.synthetic.androzoo.malware.overlay_pin_stealer.1245,malware,1,0.9999999999093139,1,malware
com.nahdi.main,benign,0,0.5163293916034992,1,malware
com.xd_geospatial.andorra,benign,0,0.8297481242548572,1,malware
com.wishfinityinc.wishfinity,benign,0,0.39275285416670264,0,benign
edu.synthetic.androzoo.malware.spyware_surveillance.1318,malware,1,0.9997629323735827,1,malware
com.inforcrom.android.avfarena,malware,1,0.9999999999789118,1,malware
HitTheBottle.com,malware,1,0.6658723190478104,1,malware
uk.co.stefsquared.vanguard,benign,0,0.1785545747437491,0,benign
com.kingsoft.mobile3d.iloli91,malware,1,0.12074637776612833,0,benign
com.LDRLY.budmatch,benign,0,0.22109191147769455,0,benign
com.h8games.helixjump,malware,1,0.9959033012011228,1,malware
com.repsly.android.feed,benign,0,0.3101615645970496,0,benign
com.coachcare.lifetimehnmhj,benign,0,0.7177147748267547,1,malware
com.wizeyes.colorcapture,malware,1,0.1484724736480373,0,benign
edu.synthetic.androzoo.malware.wallet_stealer.0068,malware,1,0.9999666862208278,1,malware
com.sixfootthreefoot.elevensup,benign,0,0.26989447501323666,0,benign
com.global.pnck,benign,0,0.9999989382608965,1,malware
edu.synthetic.androzoo.malware.sms_otp_stealer.1144,malware,1,0.999930971166903,1,malware
no.nyby,benign,0,0.11068207555161444,0,benign
com.blaszmo.bthere,benign,0,0.9156811254483439,1,malware
edu.synthetic.androzoo.malware.wallet_stealer.0070,malware,1,0.8881348702817972,1,malware
edu.synthetic.androzoo.malware.spyware_surveillance.0200,malware,1,0.9999999999979845,1,malware
digifit.android.virtuagym.pro.eindhovengym,benign,0,0.2359813500066183,0,benign
edu.synthetic.androzoo.malware.banker_accessibility.1626,malware,1,0.8677004978777124,1,malware
games.doro.busstation,benign,0,0.19878572907458955,0,benign
com.ddsafricaltd.fieldmetrics,benign,0,0.00028058567672258343,0,benign
com.exys2008.over,benign,0,0.1326386102469592,0,benign
com.prvidr.paas.coles.prod,benign,0,8.992598621557183e-05,0,benign
shamimsoft.vares,malware,1,0.048726032991116434,0,benign
co.com.hgi.hginetmovil,benign,0,0.08457957943527346,0,benign
com.mojobybobo.komunitikita,benign,0,0.8869468944748448,1,malware
edu.synthetic.androzoo.malware.sms_otp_stealer.0980,malware,1,0.9999998623139036,1,malware
com.yimishiji.app,malware,1,0.04006047251369463,0,benign
app.streetracefury,benign,0,0.9952532429555078,1,malware
com.communi.agl,benign,0,1.0,1,malware
edu.synthetic.androzoo.malware.ransomware_locker.0004,malware,1,0.9773095164986387,1,malware
edu.synthetic.androzoo.malware.ransomware_locker.0190,malware,1,0.6836252620807721,1,malware
com.lge.laundryinstaller,benign,0,0.26753242579833775,0,benign
aexyn.stereogramviewer,benign,0,9.67769134972147e-07,0,benign
com.unitybars.corplight.oschadbank,benign,0,0.024677460650795003,0,benign
guide.portugal.lisbon.prod,benign,0,0.5235796373540795,1,malware
jp.co.masa21.app.masa21scapp,benign,0,0.16202727523508578,0,benign
com.apptegy.dawson,benign,0,0.9887557317548168,1,malware
tv.sensical.android,benign,0,0.9946148418367621,1,malware
com.wnapp.id1717297840426,benign,0,0.2691186723045889,0,benign
edu.synthetic.androzoo.malware.dropper_loader.1587,malware,1,0.9045608588505882,1,malware
com.pivotcreates.universalchurchdirectory,benign,0,0.998428588945795,1,malware
app.donkeymobile.interkerkelijkdovenpastoraat,benign,0,3.893963686014044e-42,0,benign
com.holucent.grammarde,benign,0,0.0011181552740517793,0,benign
com.comptoirdespecheurs.app.dkt,benign,0,0.798074407388193,1,malware
com.kiloo.subwaysurf,malware,1,0.9999908464925085,1,malware
com.arryved,benign,0,0.9962809843647243,1,malware
brazil.chatsansar.com,benign,0,0.17576461230455553,0,benign
com.recode.aerodyneapex,benign,0,0.6194053501311407,1,malware
edu.synthetic.androzoo.malware.dropper_loader.0876,malware,1,0.459615323715815,0,benign
events.seminairepartenaires.iwi,benign,0,0.8904686389298103,1,malware
edu.synthetic.androzoo.malware.sms_otp_stealer.0256,malware,1,0.9999978458148138,1,malware
com.ttk.hdl,malware,1,0.8289674322208561,1,malware
com.horizonfitnessexperience.programs,benign,0,0.8331236888132386,1,malware
com.sinyee.babybus.share,malware,1,0.9999906380528766,1,malware
com.ionicframework.cs0786,benign,0,0.5496553656621066,1,malware
com.subsplashconsulting.s_W98M7N,benign,0,1.0,1,malware
coza.globalchoices.infinitiassist,benign,0,0.10110863170583691,0,benign
com.gmfr.heavy.excavator.simulator2,malware,1,0.946325413046782,1,malware
com.mitsu.ColorNo33_autumn,benign,0,0.9969721158977582,1,malware
com.arbella.myarbella,benign,0,0.020871662151649248,0,benign
edu.synthetic.androzoo.malware.wallet_stealer.0650,malware,1,0.9984373972953654,1,malware
edu.synthetic.androzoo.malware.ransomware_locker.0003,malware,1,0.542269229241908,1,malware
com.bmac.usbsnc,benign,0,0.00018379753746285114,0,benign
edu.synthetic.androzoo.malware.sms_otp_stealer.0997,malware,1,0.9999999412522879,1,malware
edu.synthetic.androzoo.malware.banker_accessibility.1881,malware,1,0.950585728019906,1,malware
com.onetake,benign,0,0.5070423599703071,1,malware
com.blackthorn.clipmaker,benign,0,0.10617678163239547,0,benign
edu.synthetic.androzoo.malware.spyware_surveillance.0429,malware,1,0.999999999762545,1,malware
com.ritzdeligames.eraserblast,benign,0,0.2856194263632036,0,benign
com.subsplashconsulting.s_5MFNFH,benign,0,9.141519741042732e-10,0,benign
io.pushpay.hcnazarene,benign,0,0.00010136694445295355,0,benign
edu.synthetic.androzoo.malware.banker_accessibility.0323,malware,1,0.9991420161609251,1,malware
com.vacationtracker.app,benign,0,0.945285155486034,1,malware
com.grocerkey.frontendapp.woodmans,benign,0,0.9999999981396104,1,malware
edu.synthetic.androzoo.malware.adware_clicker.0965,malware,1,0.34258576779435795,0,benign
com.ssgz.pica,benign,0,0.5446632692985526,1,malware
com.linker.scyt,malware,1,0.26792774270987396,0,benign
com.bitmango.go.unblockcasual,benign,0,0.040622812777622884,0,benign
com.capitalairlines.dingpiao,malware,1,0.40140830510554043,0,benign
jp.co.a_tm.android.plus_kawaii_hamster,benign,0,0.04199817084820998,0,benign
edu.synthetic.androzoo.malware.banker_accessibility.0419,malware,1,0.9998059387031247,1,malware
edu.synthetic.androzoo.malware.sms_otp_stealer.0370,malware,1,0.9999993428720969,1,malware
edu.synthetic.androzoo.malware.sms_otp_stealer.0713,malware,1,0.999999982085929,1,malware
edu.synthetic.androzoo.malware.sms_otp_stealer.0583,malware,1,0.9999999978782466,1,malware
edu.synthetic.androzoo.malware.ransomware_locker.0296,malware,1,0.6431862029485574,1,malware
com.Sunscool.Sunscool,benign,0,0.9874578128425217,1,malware
it.gasparilab.myroverchiara,benign,0,0.5519164475482411,1,malware
com.rescue.machine,benign,0,0.997156435393064,1,malware
com.filerecoverypro.master.frp,malware,1,1.0,1,malware
com.lduboscq.goodvibesdaily,benign,0,0.21933682311246827,0,benign
com.newindiadevs.weedseed,benign,0,0.11807650691328615,0,benign
edu.synthetic.androzoo.malware.overlay_pin_stealer.1755,malware,1,0.9830855950403639,1,malware
edu.synthetic.androzoo.malware.banker_accessibility.0507,malware,1,0.9997459968939744,1,malware
com.wonderfulgames.princesscatlearun,benign,0,0.1885019301568802,0,benign
edu.synthetic.androzoo.malware.dropper_loader.0675,malware,1,0.7900921816684755,1,malware
com.MyCollege.app,benign,0,0.12029073102514047,0,benign
me.hxyfj.rk,malware,1,0.9939862127110032,1,malware
edu.synthetic.androzoo.malware.banker_accessibility.0803,malware,1,0.9961577470542265,1,malware
com.trainerize.unconventionaltrainingapp,benign,0,0.578268775095794,1,malware
edu.synthetic.androzoo.malware.overlay_pin_stealer.0281,malware,1,0.9995680276392439,1,malware
uk.co.storlann.faclanfalaichte.faclan_falaichte,benign,0,0.1700662911631978,0,benign
com.mavi.kartus,benign,0,0.9785648497834164,1,malware
com.team17.escapists,malware,1,0.9999999740117564,1,malware
uk.co.aifactory.sudokufree,benign,0,0.8949989351223835,1,malware
com.my.jump.lab,benign,0,0.01004619616322777,0,benign
com.ayibang.ayb,malware,1,0.8344672582754739,1,malware
co.hopon.client,benign,0,0.43291880393282656,0,benign
edu.synthetic.androzoo.malware.overlay_pin_stealer.1841,malware,1,0.9926009932247123,1,malware
edu.synthetic.androzoo.malware.banker_accessibility.0046,malware,1,0.998624449526965,1,malware
com.noqta.noqtadispetchdriver,benign,0,0.14984523175765177,0,benign
com.subsplashconsulting.s_VM45B6,benign,0,2.5912812342180382e-05,0,benign
com.soft.ware.lock.hd,malware,1,8.756196219850342e-05,0,benign
com.scg.anime.family.simulator,malware,1,0.9993601476453624,1,malware
com.facilitygrid.mobile,benign,0,0.6529674394017588,1,malware
edu.synthetic.androzoo.malware.spyware_surveillance.0394,malware,1,1.0,1,malware
edu.synthetic.androzoo.malware.dropper_loader.0213,malware,1,0.004904778353207396,0,benign
com.sabe.brevet,benign,0,0.027850746115665147,0,benign
edu.synthetic.androzoo.malware.overlay_pin_stealer.1920,malware,1,0.9994578231166675,1,malware
com.adventure.streamwalkertribes,benign,0,0.17204156886874827,0,benign
com.yong.bible_plus,malware,1,0.20821832213725192,0,benign
art.teamlab.exhibitions.app,benign,0,0.5555042146352186,1,malware
com.isl.sifootball,benign,0,4.7680832715680053e-07,0,benign
edu.synthetic.androzoo.malware.banker_accessibility.1824,malware,1,0.9996846509326902,1,malware
com.hungrypanda.waimai,benign,0,0.990466935826867,1,malware
edu.synthetic.androzoo.malware.overlay_pin_stealer.0432,malware,1,0.9941877472637903,1,malware
com.best.quick.browser,malware,1,1.0800547404899423e-22,0,benign
com.momsitter.android.hybridapp,benign,0,0.9999579187227695,1,malware
get.lokal.localjobs,benign,0,0.22895843290016304,0,benign
edu.synthetic.androzoo.malware.dropper_loader.1346,malware,1,0.8542706431437993,1,malware
edu.synthetic.androzoo.malware.banker_accessibility.0791,malware,1,0.9903455549476247,1,malware
com.citizenobserver.dodgecitypd,benign,0,0.9885307997726087,1,malware
ca.craver.aptthreeespbar,benign,0,0.9980408303337612,1,malware
com.lungtransplant,benign,0,0.004868009954408755,0,benign
edu.synthetic.androzoo.malware.overlay_pin_stealer.0167,malware,1,0.9994893008635845,1,malware
com.sibisoft.leisure,benign,0,0.9997320679726797,1,malware
edu.synthetic.androzoo.malware.dropper_loader.0365,malware,1,0.9275494244024423,1,malware
com.sh.tlzgh,malware,1,0.8640471134735743,1,malware
com.hs.leadi,benign,0,0.6514913854041556,1,malware
edu.synthetic.androzoo.malware.banker_accessibility.0280,malware,1,0.9995289039665283,1,malware
edu.synthetic.androzoo.malware.dropper_loader.1785,malware,1,0.9773694719877802,1,malware
jp.gr.java_conf.koni.warasibe.pj,malware,1,0.11841745633005042,0,benign
me.magicgirl.magicgirl,benign,0,3.528325709626194e-24,0,benign
com.bravolang.dutch,malware,1,0.9999998840575098,1,malware
br.com.sistemaprover.pibvidacrista,benign,0,0.26059087949975035,0,benign
edu.synthetic.androzoo.malware.sms_otp_stealer.1688,malware,1,0.9999975657764215,1,malware
edu.synthetic.androzoo.malware.sms_otp_stealer.1844,malware,1,0.9999997873468177,1,malware
com.luyun.diary,malware,1,0.9999999967507756,1,malware
com.corridor.rots,malware,1,0.9988350021077487,1,malware
edu.synthetic.androzoo.malware.dropper_loader.1759,malware,1,0.4572014445643056,0,benign
words.puzzle.wordgame.free.connect,benign,0,0.22375985895261635,0,benign
com.subsplash.thechurchapp.s_2KTBXN,benign,0,0.999999999999998,1,malware
edu.synthetic.androzoo.malware.banker_accessibility.1733,malware,1,0.9999824828514894,1,malware
edu.synthetic.androzoo.malware.wallet_stealer.0842,malware,1,0.999947513685268,1,malware
com.ustcsoft.zshl.app,malware,1,0.5801958399715788,1,malware
de.appack.project.tv_bruckhausen,benign,0,0.5587766393610957,1,malware
com.YsoCorp.Bacteria,benign,0,0.9543547416008333,1,malware
com.scenix.mlearning,malware,1,0.5210253429578731,1,malware
com.octotelematics.creditras,benign,0,0.9999999999999074,1,malware
edu.synthetic.androzoo.malware.sms_otp_stealer.1419,malware,1,0.9998048603038506,1,malware
com.loner.fruitclear,malware,1,0.8472254264954406,1,malware
com.moyun365.android.zkhistory,malware,1,0.5660577285842662,1,malware
com.mta.videotube.playtube,benign,0,0.1785836296106906,0,benign
jp.co.muse.matsuro,malware,1,0.12107102019295368,0,benign
edu.synthetic.androzoo.malware.dropper_loader.1666,malware,1,0.9992322747025045,1,malware
com.dwwang.staff,malware,1,0.9999998573845227,1,malware
edu.synthetic.androzoo.malware.banker_accessibility.1736,malware,1,0.9998343729628334,1,malware
com.communi.stamiapp,benign,0,0.9999651070671486,1,malware
edu.synthetic.androzoo.malware.dropper_loader.0132,malware,1,0.003410796749079946,0,benign
com.vip.bet.predict,malware,1,0.9999999999451505,1,malware
com.ptwired.betapt,benign,0,0.1454592940095699,0,benign
com.aitype.android.lang.ru,benign,0,0.8685971284387745,1,malware
edu.synthetic.androzoo.malware.wallet_stealer.0138,malware,1,0.999858274085159,1,malware
edu.synthetic.androzoo.malware.banker_accessibility.0955,malware,1,0.9905511429129061,1,malware
com.youxigongchang.chuanyuexiyou.a323.yyh,malware,1,0.9339810748086432,1,malware
edu.synthetic.androzoo.malware.ransomware_locker.0161,malware,1,0.9948129768127647,1,malware
edu.synthetic.androzoo.malware.overlay_pin_stealer.0823,malware,1,0.9977590067627262,1,malware
edu.synthetic.androzoo.malware.banker_accessibility.0871,malware,1,0.9998170311145165,1,malware
com.bayt,benign,0,0.4294795001013365,0,benign
com.herogame.gplay.eternalevolution.idlerpg,benign,0,0.9999921576717716,1,malware
com.app4joy.tunisia_free,benign,0,0.9999999999998044,1,malware
edu.synthetic.androzoo.malware.wallet_stealer.0944,malware,1,0.9999993147370043,1,malware
au.com.seatfrog.icarus,benign,0,0.9748079999935017,1,malware
br.com.vsvdrive.passenger.drivermachine,benign,0,0.9833944958075803,1,malware
ru.ifmo.itmostudents,benign,0,0.8134147282198912,1,malware
com.trukkeruae.trukker_vender,benign,0,0.19183527946545817,0,benign
edu.synthetic.androzoo.malware.spyware_surveillance.0395,malware,1,0.99999998912517,1,malware
com.matrix_digi.ma_remote,malware,1,1.0,1,malware
com.acemoneytransfer.android,benign,0,0.5742700428989387,1,malware
com.bhmginc.id2997,benign,0,0.44057616211837913,0,benign
ru.psbank.invest,benign,0,0.03428378180209582,0,benign
edu.synthetic.androzoo.malware.overlay_pin_stealer.0436,malware,1,0.9965523495908232,1,malware
ca.lockedup.teleporte,benign,0,0.7471755363977308,1,malware
edu.synthetic.androzoo.malware.dropper_loader.0780,malware,1,0.06488659565518673,0,benign
edu.synthetic.androzoo.malware.overlay_pin_stealer.0128,malware,1,0.9923455893559584,1,malware
jp.co.jal.flightfun,benign,0,0.2498009155271069,0,benign
edu.synthetic.androzoo.malware.overlay_pin_stealer.1270,malware,1,0.9999002240114502,1,malware
com.echurchapps.newspringks,benign,0,0.9975141452817533,1,malware
com.zhan.runhealthy,benign,0,0.9999905256759746,1,malware
com.eka.Resist,benign,0,0.022705386122678677,0,benign
com.sneakmartapp,benign,0,0.9999974192484576,1,malware
edu.synthetic.androzoo.malware.sms_otp_stealer.0957,malware,1,0.999999916530739,1,malware
com.blackbird.card.aata,benign,0,0.19314886149911487,0,benign
edu.synthetic.androzoo.malware.banker_accessibility.0059,malware,1,0.9995832001567034,1,malware
wsh.shuizhu.boook,malware,1,0.0980233911947642,0,benign
net.plazz.mea.octopusfreightnetwork,benign,0,0.9890624132162192,1,malware
com.soft.blued,malware,1,0.8540838585157452,1,malware
com.regula.documentreader,benign,0,0.013232549812008648,0,benign
edu.synthetic.androzoo.malware.spyware_surveillance.1606,malware,1,0.9999999999979081,1,malware
edu.synthetic.androzoo.malware.ransomware_locker.0894,malware,1,0.9946679997310637,1,malware
com.mampod.ergedd,malware,1,0.9749858125387122,1,malware
edu.synthetic.androzoo.malware.overlay_pin_stealer.1331,malware,1,0.9994027063422027,1,malware
rod.WebView.apps,malware,1,0.5455935229803238,1,malware
com.wego.android,benign,0,7.474778487892892e-30,0,benign
edu.synthetic.androzoo.malware.overlay_pin_stealer.1142,malware,1,0.9999997693620241,1,malware
com.meuradinho.radio40039,benign,0,0.8593709627444214,1,malware
com.minimotors.escooter,benign,0,6.17839657690101e-05,0,benign
com.subsplash.thechurchapp.reallife,benign,0,0.9999935868173445,1,malware
com.application.zomato.district,benign,0,3.4388907024451764e-18,0,benign
edu.synthetic.androzoo.malware.spyware_surveillance.0198,malware,1,0.999999708178131,1,malware
edu.synthetic.androzoo.malware.overlay_pin_stealer.1016,malware,1,0.9682141439260452,1,malware
com.tgame.sand.box,benign,0,0.0299238255004916,0,benign
weather.forecast.storm.radar,malware,1,0.9155028887211646,1,malware
edu.synthetic.androzoo.malware.banker_accessibility.0808,malware,1,0.9999972316283348,1,malware
jp.co.aree_cosme.AREE,benign,0,0.9977944374315891,1,malware
edu.synthetic.androzoo.malware.wallet_stealer.0618,malware,1,0.9999978185890258,1,malware
edu.synthetic.androzoo.malware.wallet_stealer.1187,malware,1,0.9999961092403375,1,malware
com.mitake.mls,benign,0,0.0,0,benign
com.appsphereinnovations.tamilcomedystickers,benign,0,0.00023875898110375924,0,benign
com.igg.android.galaxyonline3_beta,malware,1,0.6826172203649387,1,malware
gr.itworx.solidcore,benign,0,0.029394055271348002,0,benign
com.aaritya.sahi_trade_app,benign,0,0.9896588432610796,1,malware
edu.synthetic.androzoo.malware.banker_accessibility.1860,malware,1,0.9978822827342111,1,malware
edu.synthetic.androzoo.malware.adware_clicker.1851,malware,1,0.28882725964043976,0,benign
com.asapps.learnfrench,benign,0,0.9999999999923326,1,malware
com.etcgamestudioo.pixel,malware,1,0.999887844989014,1,malware
coach.zing.fitness,benign,0,5.446236394772767e-54,0,benign
com.idmobile.norwaymeteo,benign,0,0.3132412880005153,0,benign
com.weatherteam.dailyweather.forecast,benign,0,0.999997247015307,1,malware
com.coloring.games.color.by.numbers,benign,0,0.8379171568690473,1,malware
com.appmocion.club_gourmet,benign,0,0.0910738745225144,0,benign
com.giantfish.survive.thelong.drive,malware,1,0.14511504272671105,0,benign
com.boyaa.androidmarketfr,benign,0,0.9596771177164237,1,malware
com.lgtech.checktime_io,benign,0,0.4957742730344729,0,benign
edu.synthetic.androzoo.malware.banker_accessibility.0930,malware,1,0.9999962599895575,1,malware
si.triglavskladi.app,benign,0,0.7698138534219987,1,malware
edu.synthetic.androzoo.malware.spyware_surveillance.0551,malware,1,0.999999999308482,1,malware
com.gergelynagy.wordfinder,benign,0,0.42980417627257145,0,benign
com.shoujiduoduo.dj,malware,1,0.40935443215209083,0,benign
com.alan.mod.skin.for.mcpe,malware,1,0.7801251976119188,1,malware
com.wyt.iexuetang.hd.xxtb,malware,1,0.9997418387442611,1,malware
gool.mobile,benign,0,0.1624457449961099,0,benign
edu.synthetic.androzoo.malware.spyware_surveillance.0158,malware,1,0.9999999878047551,1,malware
com.afgame.app.poolball,benign,0,0.31240233765225767,0,benign
com.estsoft.alyac,benign,0,0.9982457034348374,1,malware
com.ios.callscreen.icalldialer,benign,0,0.8341981219814292,1,malware
edu.synthetic.androzoo.malware.sms_otp_stealer.0623,malware,1,0.9999998564559318,1,malware
com.medpresso.Lonestar.currcardio,benign,0,0.27234762512476157,0,benign
edu.synthetic.androzoo.malware.overlay_pin_stealer.1566,malware,1,0.9988466842614719,1,malware
edu.synthetic.androzoo.malware.overlay_pin_stealer.1361,malware,1,0.9999852268953935,1,malware
com.DiyPalletsAndCrates.andidev,benign,0,0.09941155288668181,0,benign
edu.synthetic.androzoo.malware.ransomware_locker.1814,malware,1,0.5758341074455726,1,malware
com.upbean.appcmcoop,benign,0,0.5965836953619181,1,malware
edu.synthetic.androzoo.malware.ransomware_locker.1357,malware,1,0.9983283469192887,1,malware
com.cgs.flying.monster.robot.transformer,malware,1,0.5128114531081794,1,malware
edu.synthetic.androzoo.malware.dropper_loader.0501,malware,1,0.2810107952590493,0,benign
edu.synthetic.androzoo.malware.ransomware_locker.0737,malware,1,0.6688113407602618,1,malware
edu.synthetic.androzoo.malware.overlay_pin_stealer.1561,malware,1,0.9764718227119004,1,malware
com.iyuba.camstory,malware,1,0.08210019381357128,0,benign
com.appazur.nsspartans,benign,0,0.6863655698253485,1,malware
it.bolognafc.app,benign,0,0.925440693225426,1,malware
edu.synthetic.androzoo.malware.spyware_surveillance.0112,malware,1,0.9999999973462375,1,malware
com.chownow.mimistoobagelsdeli,benign,0,0.9534043130312663,1,malware
mmorpg.main,benign,0,0.669533662765999,1,malware
info.ishared.gwy_xc,malware,1,0.08789276371013467,0,benign
com.cheche365.a.chebaoyi,malware,1,0.9530596384105717,1,malware
edu.synthetic.androzoo.malware.dropper_loader.0177,malware,1,0.01260230349368798,0,benign
com.focustech.abizbest.app.moblie,malware,1,0.6523029306540744,1,malware
kh.com.wooribank.ibanking,benign,0,0.19709036089482995,0,benign
com.mysports.branded.icekalt,benign,0,0.9746183567984429,1,malware
edu.synthetic.androzoo.malware.sms_otp_stealer.0360,malware,1,0.9999993885312866,1,malware
com.burningthumb.mobile.iDrone,benign,0,0.9911815786330881,1,malware
water.sort.soda.color.puzzle.games,benign,0,0.9954690013820109,1,malware
edu.synthetic.androzoo.malware.overlay_pin_stealer.0212,malware,1,0.9844605875051682,1,malware
com.zaggle,benign,0,0.9999991146336774,1,malware
edu.synthetic.androzoo.malware.wallet_stealer.0482,malware,1,0.9998614712669642,1,malware
com.tbs.incredible.monster.ghost.superhero.aliens,malware,1,0.2088542505323823,0,benign
com.chargepass.presto,benign,0,0.9999134403355064,1,malware
edu.synthetic.androzoo.malware.sms_otp_stealer.1659,malware,1,0.9999996514627616,1,malware
net.capitalfirst.fi,benign,0,0.2518106653590847,0,benign
edu.synthetic.androzoo.malware.wallet_stealer.1773,malware,1,0.9999496516421935,1,malware
edu.synthetic.androzoo.malware.dropper_loader.0932,malware,1,0.0009033448044322215,0,benign
edu.synthetic.androzoo.malware.spyware_surveillance.1503,malware,1,0.9999999037745558,1,malware
com.metta.mindfulness,malware,1,0.11772226481321353,0,benign
com.thinkive.android.hbtyb,malware,1,0.8023526881474179,1,malware
com.Nubapp.Resawod,benign,0,0.9925648654753888,1,malware
com.bds.orthodox_bible,benign,0,0.6870672019206308,1,malware
edu.synthetic.androzoo.malware.spyware_surveillance.1555,malware,1,0.99999999916406,1,malware
edu.synthetic.androzoo.malware.banker_accessibility.0343,malware,1,0.9954779608211677,1,malware
pl.pkobp.iko,benign,0,1.0,1,malware
com.games.trucksimulator.indiantruck.free,malware,1,0.4515485584240445,0,benign
com.auyou.eqy,malware,1,0.5140450547592681,1,malware
edu.synthetic.androzoo.malware.spyware_surveillance.1188,malware,1,0.9999995977690556,1,malware
com.peterhohsy.mybowling,benign,0,0.40748415420560374,0,benign
com.was.city.traffic.control.simulator3d,malware,1,0.7978734500396376,1,malware
com.moon.baby.learn.pinying,malware,1,0.13144653759904165,0,benign
com.subsplashconsulting.s_V9XJC8,benign,0,0.9999032075206113,1,malware
com.tools.web.hi.browser,benign,0,1.0,1,malware
edu.synthetic.androzoo.malware.dropper_loader.0085,malware,1,0.32829941774742816,0,benign
com.sage.jiecai,malware,1,0.9999953336493973,1,malware
com.falan.humanfall,benign,0,0.9896258623864568,1,malware
com.backupeamoozesh3,malware,1,0.6145600989832019,1,malware
com.simcoachgames.gethired,benign,0,0.07939724046884948,0,benign
edu.synthetic.androzoo.malware.wallet_stealer.1011,malware,1,0.9999743360584016,1,malware
com.jsdx.hsdj,malware,1,0.9189547064046512,1,malware
com.acesoft.ninjajump,benign,0,0.31269319327426737,0,benign
edu.synthetic.androzoo.malware.spyware_surveillance.1575,malware,1,0.9999999958175538,1,malware
com.cocos2dx.hobbit,malware,1,0.7210085812746665,1,malware
jp.Ruta56.SlantGauge,benign,0,0.4383402951905793,0,benign
edu.synthetic.androzoo.malware.banker_accessibility.1861,malware,1,0.9894326542093231,1,malware
edu.synthetic.androzoo.malware.spyware_surveillance.0459,malware,1,0.9999978425420663,1,malware
edu.synthetic.androzoo.malware.ransomware_locker.1267,malware,1,0.8562665931321204,1,malware
com.yeoniyouni.readbooks,benign,0,0.9798843974865173,1,malware
com.trainerize.holismo,benign,0,0.9981607530269867,1,malware
com.mondadori.scienceetvie,benign,0,0.42689492050230116,0,benign
com.battledragonrpg.death,malware,1,1.0,1,malware
com.sizestream.sah,benign,0,0.4554746352603306,0,benign
com.subsplashconsulting.s_FJMDHB,benign,0,0.9999924964837361,1,malware
edu.synthetic.androzoo.malware.overlay_pin_stealer.1518,malware,1,0.9959178508289802,1,malware
ua.com.goodwine.app,benign,0,0.9999999860687618,1,malware
es.odilo.merck,benign,0,1.5835586036815703e-07,0,benign
com.ThreeCatGames.HamsterAttack,malware,1,0.4660188099009751,0,benign
com.ahs.gaipapp.gaipapp,benign,0,0.9236587919930803,1,malware
edu.synthetic.androzoo.malware.banker_accessibility.0854,malware,1,0.9999985656079338,1,malware
edu.synthetic.androzoo.malware.dropper_loader.0357,malware,1,0.8138189297575512,1,malware
com.whetcloud.forunpoint.user,benign,0,0.4953500089854009,0,benign
com.exmge.app,benign,0,0.5990930564466161,1,malware
com.ballfoot.kingzq,malware,1,0.8563770360686004,1,malware
edu.synthetic.androzoo.malware.overlay_pin_stealer.0178,malware,1,0.9176100627269446,1,malware
solitaire.cardgames.solitairegames.free.klondike,benign,0,0.9999389990566749,1,malware
com.fibrum.propastvr,malware,1,0.830872463194148,1,malware
com.livemcq.livemcq,benign,0,0.9196049506577963,1,malware
edu.synthetic.androzoo.malware.dropper_loader.1601,malware,1,0.0069403448205038664,0,benign
com.lixil.hmnet.android.smartjp,benign,0,0.9731166302604982,1,malware
com.ingin.games.hangryplant,benign,0,0.9998112928018048,1,malware
edu.synthetic.androzoo.malware.wallet_stealer.0692,malware,1,0.9609178298389245,1,malware
edu.synthetic.androzoo.malware.overlay_pin_stealer.1667,malware,1,0.9975370740685353,1,malware
edu.synthetic.androzoo.malware.spyware_surveillance.1877,malware,1,0.9999999999961364,1,malware
sandbox.numberbycolor.pixelart,malware,1,0.9999999999994662,1,malware
edu.synthetic.androzoo.malware.overlay_pin_stealer.0740,malware,1,0.7925295788641191,1,malware
com.inhouse.chinesewriter,benign,0,0.42484982476347644,0,benign
edu.synthetic.androzoo.malware.ransomware_locker.0055,malware,1,0.8768630218260566,1,malware
edu.synthetic.androzoo.malware.sms_otp_stealer.0694,malware,1,0.9999999975478531,1,malware
edu.synthetic.androzoo.malware.dropper_loader.0849,malware,1,0.3532277230710872,0,benign
edu.synthetic.androzoo.malware.spyware_surveillance.1488,malware,1,0.999999987278107,1,malware
edu.synthetic.androzoo.malware.sms_otp_stealer.1728,malware,1,0.9999981163435,1,malware
com.mskj.riwei,malware,1,0.12232878114956725,0,benign
edu.synthetic.androzoo.malware.spyware_surveillance.1407,malware,1,0.999999809629958,1,malware
edu.synthetic.androzoo.malware.banker_accessibility.1906,malware,1,0.9992141879712834,1,malware
edu.synthetic.androzoo.malware.overlay_pin_stealer.0873,malware,1,0.9978405085072858,1,malware
com.nonghyupit.with,benign,0,0.8415298670449088,1,malware
edu.synthetic.androzoo.malware.sms_otp_stealer.1163,malware,1,0.9999998304891674,1,malware
edu.synthetic.androzoo.malware.banker_accessibility.1409,malware,1,0.9999999999999216,1,malware
com.medpresso.Lonestar.emsnotes,benign,0,0.016037214635899993,0,benign
edu.synthetic.androzoo.malware.dropper_loader.1556,malware,1,0.0846198124446254,0,benign
edu.synthetic.androzoo.malware.ransomware_locker.0147,malware,1,0.9701752049432733,1,malware
io.github.trojan_gfw.igniterfst,malware,1,0.30397868234630515,0,benign
uy.com.Santander,benign,0,0.8576713358731437,1,malware
com.bluegolf.android.ntpga,benign,0,0.12981412663250183,0,benign
com.rich.person.roll,malware,1,0.9999984433402935,1,malware
com.whoisup.app,benign,0,0.442190748531509,0,benign
edu.synthetic.androzoo.malware.banker_accessibility.0597,malware,1,0.9926716146212433,1,malware
com.game.officelife.pt,malware,1,0.9989304745241563,1,malware
com.apextiming.speeders,benign,0,0.03092086441232927,0,benign
edu.synthetic.androzoo.malware.overlay_pin_stealer.1293,malware,1,0.9946331990812687,1,malware
com.Jarvis.AI.Mzansi.Hustle.Game,benign,0,0.18605928272367533,0,benign
com.android.kmax.noisecheck,malware,1,0.9999604028822519,1,malware
com.leadertask.app,benign,0,0.9745548248849293,1,malware
com.ikdong.recipe.b07491ycs9,benign,0,0.060710653533624925,0,benign
com.solou.catendless.run.mg.ly,malware,1,0.5687746162173721,1,malware
com.AnderK.WheelScale.pt,malware,1,0.9378766704073398,1,malware
com.app.alershad,benign,0,0.9826988498881641,1,malware
nl.marktplaats.android,benign,0,0.9999999921744344,1,malware
com.ymatou.shop,malware,1,0.07348520822866972,0,benign
com.igratstudios.joindotswars,malware,1,0.14344775462996262,0,benign
com.redgamesinc.loserwithrope,malware,1,0.9101571463846706,1,malware
com.cykj.chuangyingdiy,malware,1,0.999999999999996,1,malware
edu.synthetic.androzoo.malware.dropper_loader.1194,malware,1,0.0033105170009857226,0,benign
com.sinyee.babybus.help,malware,1,0.9999905055298578,1,malware
com.oliveyoung,benign,0,0.9656965935812449,1,malware
com.cnr.hkradio,malware,1,0.9580781505603777,1,malware
edu.synthetic.androzoo.malware.banker_accessibility.1147,malware,1,0.9634393742290855,1,malware
com.absolutist.witchpranksfreegame,benign,0,0.9940563390601949,1,malware
com.zhkj.lawquerysystem,malware,1,0.8704716565903673,1,malware
com.creativeconsultant.comcomcoin,benign,0,0.12237998780825478,0,benign
edu.synthetic.androzoo.malware.spyware_surveillance.0386,malware,1,0.9999999578839194,1,malware
com.bigduckgames.sparkart.beautyfire,malware,1,0.32072454753945173,0,benign
net.gntalk.oitalk,benign,0,0.08880942994463205,0,benign
edu.unisim.backpack,benign,0,0.004387299356150135,0,benign
com.promo360.promo360,benign,0,0.2616646262171192,0,benign
com.pyngmobile,benign,0,0.6715073232023092,1,malware
com.chuangkit,malware,1,0.17770051656921218,0,benign
edu.synthetic.androzoo.malware.wallet_stealer.1897,malware,1,0.8921228239956664,1,malware
com.loyverse.dashboard,benign,0,0.18267172125729067,0,benign
edu.synthetic.androzoo.malware.spyware_surveillance.1458,malware,1,0.9999999999895635,1,malware
com.cradlepoint.verify,benign,0,1.0,1,malware
com.cafe24.ec.pluslemango,benign,0,0.9999022999636564,1,malware
com.mobiloids.findjoe.mystery_of_the_stones.margaret,benign,0,0.11496401878868825,0,benign
com.eastsidegames.ccmatch,benign,0,0.31919423560573706,0,benign
com.ariesapp.elisi.elisiwrapper,benign,0,1.5934109992288038e-06,0,benign
edu.synthetic.androzoo.malware.sms_otp_stealer.0742,malware,1,0.9999999969093887,1,malware
com.amixys.ami,malware,1,0.9886058410207769,1,malware
edu.synthetic.androzoo.malware.dropper_loader.1349,malware,1,0.846508273012828,1,malware
edu.synthetic.androzoo.malware.dropper_loader.1684,malware,1,0.02218711186796488,0,benign
jp.dotgames.maouyusya_hh,malware,1,0.3709724076276491,0,benign
edu.synthetic.androzoo.malware.banker_accessibility.0041,malware,1,0.9998347506764164,1,malware
com.divmob.impostor,benign,0,0.8603076394555506,1,malware
com.iacad.apps,benign,0,0.9936886137309373,1,malware
com.debragga.debraggaapp,benign,0,1.0,1,malware
edu.synthetic.androzoo.malware.spyware_surveillance.1870,malware,1,0.9999998014565173,1,malware
com.hemzstudios.slimemerge,benign,0,0.1791592576183389,0,benign
com.kyivstar.tv.mobile,benign,0,0.026113492603574408,0,benign
edu.synthetic.androzoo.malware.banker_accessibility.0160,malware,1,0.9999883716393289,1,malware
wb.gc.xmxx.zxb.yyh,malware,1,0.8257762523006793,1,malware
geo.gpsfence.mapster,benign,0,0.9764390931152345,1,malware
ru.zigmund.online,benign,0,0.6951276678359838,1,malware
edu.synthetic.androzoo.malware.banker_accessibility.0900,malware,1,0.9967286795698805,1,malware
edu.synthetic.androzoo.malware.sms_otp_stealer.1602,malware,1,0.9999998749309932,1,malware
com.tiamaes.busassistant,malware,1,0.8560346283131489,1,malware
edu.synthetic.androzoo.malware.ransomware_locker.1277,malware,1,0.9675151859443257,1,malware
com.gwhizmobile.lippincottpathology,benign,0,3.3384525861869933e-10,0,benign
com.akdeveloper.staffregister,benign,0,0.9999999073975366,1,malware
ch.beekeeper.bellfoodgroup,benign,0,0.9834058504897873,1,malware
edu.synthetic.androzoo.malware.banker_accessibility.0547,malware,1,0.9999999999989715,1,malware
jp.mixi,benign,0,0.16737549521196932,0,benign
com.studioclangore.escaperoom,benign,0,0.3025906478570771,0,benign
com.easytor.barbel,benign,0,0.09483774335888016,0,benign
com.dijitalvarliklar.tgrthaber,benign,0,0.24601788801053195,0,benign
com.evendo.global_guide,benign,0,0.6943229615184506,1,malware
com.StatusSaver.forWhatsapp,malware,1,1.0,1,malware
my.com.cosway.team,benign,0,0.16254194196837676,0,benign
com.finance.hotline,benign,0,0.9165794504248301,1,malware
com.bindassgames.csstrike.gun.shooting.game2020,benign,0,0.2632066446361298,0,benign
com.codewai.radios.uk.hsm,benign,0,0.08402348533392212,0,benign
com.takeoffbolts.screw.puzzle,benign,0,0.38350046181773306,0,benign
com.privatevpn.internetaccess,benign,0,2.114565756380205e-11,0,benign
com.batix.wrapper.KomBus,benign,0,0.04181567953985007,0,benign
com.anykrowd.luckyclub_app,benign,0,0.9856451632606619,1,malware
com.pricelesscarrental.app,benign,0,0.1005859295274197,0,benign
com.oscar.videochat.wow,benign,0,0.8843510317748995,1,malware
edu.synthetic.androzoo.malware.overlay_pin_stealer.1708,malware,1,0.9995016427010176,1,malware
com.spiritshack.sls,benign,0,0.3235185392891916,0,benign
com.bloommushroom.fourworlds.shiba,malware,1,0.9999999999027642,1,malware
com.screamgo.onion,malware,1,0.9932274604298147,1,malware
com.mobile.number.location.call.number.locator.call.tracker,benign,0,0.6628708841310628,1,malware
com.video.downloader.vitmate.allvideodownloader,malware,1,0.8159677479404521,1,malware
edu.synthetic.androzoo.malware.sms_otp_stealer.0851,malware,1,0.9999862546240581,1,malware
cc.ottclub.android,benign,0,0.0010669078409926097,0,benign
shenzhen.com.cn,malware,1,0.9908786617029219,1,malware
edu.synthetic.androzoo.malware.dropper_loader.1818,malware,1,0.29149754177708503,0,benign
com.mobincube.estudios_biblicos_mujeres.sc_H2AC4E,malware,1,0.5474979629165904,1,malware
ie.flipdish.fd18352,benign,0,0.9375214926927514,1,malware
dev.wafu.classgrad,benign,0,0.4407660796834435,0,benign
com.apcurium.MK.Alberta,benign,0,1.0,1,malware
com.trainerize.eastwesthealth,benign,0,0.9430883134866398,1,malware
com.bbumgames.opa,benign,0,0.4240968741999996,0,benign
edu.synthetic.androzoo.malware.banker_accessibility.0605,malware,1,0.9998729769961626,1,malware
com.amuvirus.hookvpn,malware,1,0.009257658783563287,0,benign
com.NanoMedix.EasyGameDev,malware,1,0.3193219281510206,0,benign
edu.synthetic.androzoo.malware.banker_accessibility.0646,malware,1,0.9998925364103569,1,malware
com.mobiweb.bizcloud,benign,0,0.08910960209013948,0,benign
com.is.android.modalis,benign,0,1.0,1,malware
com.mobeasyapp.app227612917576,benign,0,0.9953437998534385,1,malware
store_app_interface.elmaayergy,benign,0,0.7351732910413957,1,malware
in.sunfox.healthcare.spandanecg,benign,0,0.9999934759455864,1,malware
com.eonsoft.DiscV2,benign,0,0.999999999999718,1,malware
edu.synthetic.androzoo.malware.dropper_loader.1885,malware,1,0.45380047428488973,0,benign
edu.synthetic.androzoo.malware.banker_accessibility.0162,malware,1,0.9931290740385138,1,malware
dev.tuantv.android.quickaccess,benign,0,0.2609613983839718,0,benign
com.apiomni.kikkle,benign,0,0.007202917121623603,0,benign
jp.sally_inc.uzu,benign,0,0.8895840586433178,1,malware
edu.synthetic.androzoo.malware.banker_accessibility.0755,malware,1,0.9999749304014206,1,malware
com.centr.app,benign,0,0.3748203233600007,0,benign
edu.synthetic.androzoo.malware.spyware_surveillance.1166,malware,1,0.9999999996944786,1,malware
com.free.vpn.super.hotspot.open,benign,0,0.5281771904373082,1,malware
com.mnblessgt.sefdidf,malware,1,0.8562994360574171,1,malware
edu.synthetic.androzoo.malware.adware_clicker.1777,malware,1,0.544296195080379,1,malware
jp.co.mplanning.grow,benign,0,0.02251616421085514,0,benign
com.linebet.tebenil.line.bet,malware,1,0.10602756831464069,0,benign
gr.imove.passenger,benign,0,0.9998978272764194,1,malware
edu.synthetic.androzoo.malware.dropper_loader.1811,malware,1,0.9882455514320595,1,malware
com.nurseio,benign,0,0.0304630638242017,0,benign
news.cnr.cn,malware,1,0.6032218018602107,1,malware
com.askme.application,benign,0,0.9464436195648636,1,malware
com.appsmart.delivery.chillipizzeria15232,benign,0,0.8954249497733872,1,malware
edu.synthetic.androzoo.malware.sms_otp_stealer.0364,malware,1,0.9999998622633289,1,malware
edu.synthetic.androzoo.malware.overlay_pin_stealer.1117,malware,1,0.967648056109435,1,malware
edu.synthetic.androzoo.malware.banker_accessibility.1175,malware,1,0.9955723789748623,1,malware
com.qihoo.cleandroid_cn,malware,1,0.856419348645334,1,malware
com.erow.oneguncat,benign,0,0.8836642530917622,1,malware
com.nechapps.hairdress,benign,0,1.0,1,malware
cc.ldsd.yxt,malware,1,1.0,1,malware
wireless.forum,malware,1,0.11089876831036913,0,benign
edu.synthetic.androzoo.malware.wallet_stealer.1770,malware,1,0.9999922995427566,1,malware
com.app.worldwinorder,benign,0,0.11796959284758833,0,benign
com.buzzato.lungcancer,benign,0,0.1774758724057492,0,benign
edu.synthetic.androzoo.malware.spyware_surveillance.1880,malware,1,0.9999977643600438,1,malware
edu.synthetic.androzoo.malware.banker_accessibility.1141,malware,1,0.9998991330954453,1,malware
com.trucorp.trumonitor,benign,0,0.7977239650541449,1,malware
com.triviaquiz.funtriviaquestions,benign,0,0.2942743148963506,0,benign
com.TDF.ShellRacingLegends,benign,0,0.9761588804635195,1,malware
com.suivo.timelogger,benign,0,0.9536803050892494,1,malware
com.t20000.lvji,malware,1,0.9969412501595921,1,malware
com.radiopatsh.libia_arab,benign,0,0.48923293629715126,0,benign
water.sort.puzzle.color.sort.games,benign,0,0.41015304669639435,0,benign
com.aboutjsp.memowidget,benign,0,1.0,1,malware
com.planeth.rhythm,benign,0,1.3881187615957263e-05,0,benign
edu.synthetic.androzoo.malware.banker_accessibility.1226,malware,1,0.999994802717394,1,malware
com.fatmerge.global,benign,0,0.5143566070739519,1,malware
edu.synthetic.androzoo.malware.ransomware_locker.0720,malware,1,0.9869259019301848,1,malware
com.frp.garbage.truck.simulator,benign,0,0.09654536417050089,0,benign
alarmclock.alarm.simplealarm.clock.alarmapp,malware,1,3.4217842184187843e-07,0,benign
com.vagell.kv4pht,benign,0,0.16277359088389318,0,benign
edu.synthetic.androzoo.malware.sms_otp_stealer.0169,malware,1,0.9999776532801586,1,malware
com.multibrains.taxi.passenger.ulendotaxizambia,benign,0,0.011140095215277956,0,benign
com.perfect.organizing.tidy.games,benign,0,0.9518600536265118,1,malware
org.viewspark.admin,benign,0,1.0,1,malware
edu.synthetic.androzoo.malware.banker_accessibility.0350,malware,1,0.9999504314000122,1,malware
edu.synthetic.androzoo.malware.dropper_loader.0684,malware,1,0.4116758093267148,0,benign
edu.synthetic.androzoo.malware.banker_accessibility.1195,malware,1,0.9999768884799227,1,malware
edu.synthetic.androzoo.malware.spyware_surveillance.0589,malware,1,0.9999999993829878,1,malware
edu.synthetic.androzoo.malware.spyware_surveillance.0143,malware,1,0.999999994500768,1,malware
edu.synthetic.androzoo.malware.spyware_surveillance.0562,malware,1,0.9999999985062233,1,malware
com.trainerize.kettlebellkim,benign,0,0.9630565347223596,1,malware
com.unyte.relaxingrhythms2,benign,0,0.6941540038389418,1,malware
edu.synthetic.androzoo.malware.sms_otp_stealer.1313,malware,1,0.9999990486276981,1,malware
com.aptener.bluarmor.app,benign,0,0.9655684651725819,1,malware
com.numbers.pop.puzzlegames.block,benign,0,0.8902570647343968,1,malware
net.myarx.placesbeen,benign,0,0.9583090332785047,1,malware
edu.synthetic.androzoo.malware.overlay_pin_stealer.0224,malware,1,0.9999998310823194,1,malware
edu.synthetic.androzoo.malware.dropper_loader.0977,malware,1,0.9869437601583909,1,malware
io.covalue.www.covalueapp,benign,0,0.09636582680465769,0,benign
br.com.pampa.liberdade,benign,0,0.04247723792342781,0,benign
com.gribbon.android.rocketbosang,benign,0,1.0,1,malware
eu.screensoft.vigneullesinfos,benign,0,0.05706109068092719,0,benign
com.andrutyk.waiterbolt,benign,0,0.7797295103918692,1,malware
edu.synthetic.androzoo.malware.sms_otp_stealer.0105,malware,1,0.999963471431305,1,malware
com.gtsy.capturing.heroes,benign,0,0.0009275525157541282,0,benign
pl.appworks.holzberg_totem,benign,0,4.3520447605197796e-05,0,benign
com.rootershub.psx,benign,0,0.8014599505706588,1,malware
com.amitech.alleventsorg,benign,0,0.8918387455117339,1,malware
edu.synthetic.androzoo.malware.banker_accessibility.0259,malware,1,0.7131310875249754,1,malware
cn.com.vtmarkets,benign,0,0.5682734628150535,1,malware
app.zeal.wallet,benign,0,0.21609868050097494,0,benign
com.YsoCorp.DinoDomination,benign,0,0.9773476493472527,1,malware
edu.synthetic.androzoo.malware.overlay_pin_stealer.1148,malware,1,0.9997053911389322,1,malware
com.mynayatel,benign,0,2.3209925544305453e-10,0,benign
com.delcedo.app.improasis,benign,0,0.1763638798066912,0,benign
com.pixeleater.nocturneheights,malware,1,0.2915117762739504,0,benign
net.spookygames.sacrifices,benign,0,0.999999999999936,1,malware
com.aiyu.kaipanla,malware,1,0.11781246500559649,0,benign
com.lt.shakeme,malware,1,0.09091300735532937,0,benign
com.subsplashconsulting.s_R5VRVM,benign,0,0.9999999281021087,1,malware
com.quicdent,benign,0,0.9650738798604896,1,malware
edu.synthetic.androzoo.malware.banker_accessibility.1720,malware,1,0.9976945426026465,1,malware
com.ottai.seas,benign,0,0.9476017103039125,1,malware
com.ptwired.bpr,benign,0,0.048058610175833724,0,benign
edu.synthetic.androzoo.malware.spyware_surveillance.1200,malware,1,0.9999998484929568,1,malware
com.gm.ordering.customer.app.babia,benign,0,0.9993193026146476,1,malware
com.netease.blockchain,malware,1,0.005265902238595203,0,benign
cc.flyblue.quickspot,malware,1,0.23727071268999103,0,benign
edu.synthetic.androzoo.malware.dropper_loader.1515,malware,1,0.9537578861140494,1,malware
com.eZone.app,benign,0,0.21456163865827327,0,benign
com.plant.identifier.plantcare.app,benign,0,3.418106989757309e-61,0,benign
com.timuzgames.missioncounterattack.ly,malware,1,0.46933303182405783,0,benign
com.jdb.mbanking,benign,0,0.9828587016085539,1,malware
com.robtheis.android.phrasebook.tc.md,benign,0,0.016727470272115567,0,benign
edu.synthetic.androzoo.malware.overlay_pin_stealer.1522,malware,1,0.9999520713407691,1,malware
com.kogi.mirrorfootball,benign,0,0.9999126448131976,1,malware
com.saubcy.games.puzzle.Pokemon.B,malware,1,0.6887866397128782,1,malware
edu.synthetic.androzoo.malware.spyware_surveillance.0653,malware,1,0.9999999999248279,1,malware
com.simyasolutions.ling.sk,benign,0,0.8801415739443319,1,malware
edu.synthetic.androzoo.malware.adware_clicker.0141,malware,1,0.7565987662527729,1,malware
com.mttnow.android.bcd.production,benign,0,1.2716934587069206e-06,0,benign
com.barkoder.demoscanner,benign,0,0.945416272818328,1,malware
edu.synthetic.androzoo.malware.adware_clicker.1350,malware,1,0.026055127095947168,0,benign
com.swash.transitworld.ottawa,benign,0,1.0,1,malware
com.bunbunstudio.magicblocktiles,benign,0,0.3792624354828742,0,benign
com.markodevcic.python_code_pad,benign,0,0.9997719407858928,1,malware
com.yindan.jiazhengmerchant,malware,1,0.608256225769451,1,malware
app.seniorsafety,malware,1,0.43005122489876774,0,benign
edu.synthetic.androzoo.malware.banker_accessibility.0567,malware,1,0.9994617773411756,1,malware
com.toomanyrequests.fluencymeasurement,benign,0,0.9827136647490236,1,malware
com.kuberbullion,benign,0,0.28678568157382983,0,benign
my.com.maxis.hotlink.production,benign,0,0.9998854553393789,1,malware
edu.synthetic.androzoo.malware.overlay_pin_stealer.1351,malware,1,0.9999830019911496,1,malware
edu.synthetic.androzoo.malware.ransomware_locker.1308,malware,1,0.13869111308694293,0,benign
com.CitrusLife.CatchtheMammoth,benign,0,0.9095969547233325,1,malware
edu.synthetic.androzoo.malware.sms_otp_stealer.0515,malware,1,0.9999999850168448,1,malware
com.subhash.ghosh.sg.gita,malware,1,0.9970871207936787,1,malware
edu.synthetic.androzoo.malware.banker_accessibility.1131,malware,1,0.9958273699977085,1,malware
com.olimsoft.android.oplayer,malware,1,1.0,1,malware
edu.synthetic.androzoo.malware.wallet_stealer.1753,malware,1,0.9999997871274138,1,malware
com.mahasty.song.bouchinc,benign,0,0.9999999999999944,1,malware
com.airble.airble,benign,0,0.17108091235405298,0,benign
com.rumbo.mobile.android,benign,0,1.0,1,malware
edu.synthetic.androzoo.malware.wallet_stealer.1057,malware,1,0.999604234469097,1,malware
edu.synthetic.androzoo.malware.overlay_pin_stealer.1061,malware,1,0.9998544649975017,1,malware
edu.synthetic.androzoo.malware.dropper_loader.0913,malware,1,0.0010381507504730006,0,benign
edu.synthetic.androzoo.malware.adware_clicker.0556,malware,1,0.02579828091336169,0,benign
com.redshieldvpn.app,benign,0,0.7973345635775172,1,malware
com.wawagame.app.colorfulworld,malware,1,0.9021830455508525,1,malware
com.finch.finch,benign,0,0.4744469286041517,0,benign
edu.synthetic.androzoo.malware.wallet_stealer.0058,malware,1,0.9999878207590535,1,malware
edu.synthetic.androzoo.malware.ransomware_locker.0504,malware,1,0.8063311420877546,1,malware
com.subsplashconsulting.s_PV3GSX,benign,0,0.9999963061890412,1,malware
edu.synthetic.androzoo.malware.overlay_pin_stealer.0756,malware,1,0.9999760485476508,1,malware
com.newscope.news.wk,benign,0,0.5874271076415968,1,malware
com.FortuneMine.WonderGo,benign,0,0.21750982083298934,0,benign
com.trainerize.rec,benign,0,0.6736003919257302,1,malware
hu.vodafone.apps.myvodafone,benign,0,0.00043607604527169013,0,benign
com.IAA360.REIMA,benign,0,0.09788150456473652,0,benign
edu.synthetic.androzoo.malware.ransomware_locker.0655,malware,1,0.8066637870597967,1,malware
de.horsimann.pixelc,benign,0,0.9999991472442855,1,malware
edu.synthetic.androzoo.malware.overlay_pin_stealer.1080,malware,1,0.9531792781577839,1,malware
edu.synthetic.androzoo.malware.overlay_pin_stealer.0367,malware,1,0.9997083815846857,1,malware
com.kairogame.android.Depart,malware,1,0.9997330192427274,1,malware
edu.synthetic.androzoo.malware.ransomware_locker.0078,malware,1,0.3648945429352328,0,benign
com.scopely.gardenjoy,benign,0,1.381552425996496e-09,0,benign
edu.synthetic.androzoo.malware.sms_otp_stealer.0137,malware,1,0.9999999923622939,1,malware
net.motortalk.android.board,benign,0,0.3448465506552998,0,benign
io.aira.explorer,benign,0,0.653899831031914,1,malware
com.liappsan.chansonmusique,benign,0,0.07798690673243318,0,benign
org.graffon.tabula,benign,0,0.9986477253626466,1,malware
appinventor.ai_illescasjesica.Eticaconchaire,benign,0,0.00027038058447278004,0,benign
edu.synthetic.androzoo.malware.banker_accessibility.1137,malware,1,0.9999763706928233,1,malware
com.freebird.zsp.DailyAccounting,malware,1,0.9999999998786149,1,malware
com.sibisoft.sinclair,benign,0,1.0,1,malware
digifit.android.virtuagym.pro.apgsactiefpleziergezondsportief,benign,0,0.9391475425332702,1,malware
com.ma.ld.dict.mechanical,malware,1,0.9796819013323392,1,malware
edu.synthetic.androzoo.malware.spyware_surveillance.1646,malware,1,0.9999529852107248,1,malware
edu.synthetic.androzoo.malware.overlay_pin_stealer.0634,malware,1,0.9994660837138793,1,malware
edu.synthetic.androzoo.malware.overlay_pin_stealer.1424,malware,1,0.9881005108538062,1,malware
com.under.water.fishing.vr,malware,1,0.6430425955193182,1,malware
edu.synthetic.androzoo.malware.overlay_pin_stealer.0091,malware,1,0.4283374252433571,0,benign
com.apptegy.greenar,benign,0,0.17888197345984996,0,benign
com.shenyaocn.android.usbcamera,benign,0,0.9686708521583566,1,malware
edu.synthetic.androzoo.malware.dropper_loader.0123,malware,1,0.0996766120596405,0,benign
com.madotter.vhmmo,benign,0,0.3173877927084607,0,benign
edu.synthetic.androzoo.malware.spyware_surveillance.1467,malware,1,0.9999999999382279,1,malware
com.gl.wood_blockpro,benign,0,0.11466734758314848,0,benign
com.bob.luckystar,malware,1,0.9940637020001036,1,malware
com.FunLandGames.BlockPuzzle,benign,0,0.16954175342286731,0,benign
uon.earth,benign,0,0.9916816001988722,1,malware
com.coffreo.coffreo.coffreo,benign,0,0.5869921793098598,1,malware
edu.synthetic.androzoo.malware.ransomware_locker.0390,malware,1,0.750306254594905,1,malware
com.valeriosevillagames.countless,benign,0,0.7796105477406212,1,malware
edu.synthetic.androzoo.malware.dropper_loader.1749,malware,1,0.7144659612310525,1,malware
com.appsforagri.smartfarm,benign,0,0.09005351089067809,0,benign
com.aurorealty.ace.member,benign,0,0.7380034661916648,1,malware
com.auyou.qpqj,malware,1,0.503056075974973,1,malware
com.xweisoft.wx.family,malware,1,0.9953256133151095,1,malware
edu.synthetic.androzoo.malware.overlay_pin_stealer.0073,malware,1,0.9950692608331457,1,malware
com.sinyee.babybus.animal,malware,1,0.9999348666659655,1,malware
edu.synthetic.androzoo.malware.banker_accessibility.0235,malware,1,0.9884378344131263,1,malware
com.alexeymorozua.orbittimefree,benign,0,0.15161673042900276,0,benign
edu.synthetic.androzoo.malware.spyware_surveillance.0099,malware,1,0.9999999914072969,1,malware
com.mgsstudio.totemofherope,malware,1,0.9873382040222679,1,malware
com.web.sytacle,malware,1,0.1672148536037117,0,benign
com.shping,benign,0,0.5720034555193166,1,malware
com.flyersoft.seekbooks,malware,1,0.24992357423007955,0,benign
com.onefitstop.atora,benign,0,0.05983848045793543,0,benign
edu.synthetic.androzoo.malware.sms_otp_stealer.0827,malware,1,0.9998602429608155,1,malware
it.mic.terremoto,benign,0,0.8863818555175877,1,malware
ua.radio.autolife,benign,0,0.07499010573717856,0,benign
com.appabc.paopaolong,malware,1,0.9717089198648327,1,malware
edu.synthetic.androzoo.malware.overlay_pin_stealer.0789,malware,1,0.9999777884715841,1,malware
edu.synthetic.androzoo.malware.wallet_stealer.0572,malware,1,0.9939034761195928,1,malware
edu.synthetic.androzoo.malware.ransomware_locker.1050,malware,1,0.999521972996414,1,malware
edu.synthetic.androzoo.malware.sms_otp_stealer.1158,malware,1,0.9999956127577163,1,malware
edu.synthetic.androzoo.malware.spyware_surveillance.0196,malware,1,0.9999292485053355,1,malware
edu.synthetic.androzoo.malware.dropper_loader.0279,malware,1,0.034458184370210324,0,benign
com.ipv.memberapp,benign,0,0.7616690761992155,1,malware
com.yotoplay.yoto,benign,0,0.5624261457582987,1,malware
edu.synthetic.androzoo.malware.adware_clicker.0477,malware,1,0.7510205364896595,1,malware
com.ocv.a685,benign,0,4.103377168567023e-13,0,benign
kr.co.mobine.blockpuzzle,benign,0,0.1179508885796421,0,benign
com.lijordan.terra,benign,0,0.8120199587468516,1,malware
edu.synthetic.androzoo.malware.banker_accessibility.1843,malware,1,0.9931989197527321,1,malware
com.phonegap.bigben,benign,0,0.9189029961815824,1,malware
edu.synthetic.androzoo.malware.banker_accessibility.0465,malware,1,0.997634677765489,1,malware
com.mobicrea.vidal,benign,0,0.9981590944936839,1,malware
edu.synthetic.androzoo.malware.banker_accessibility.0608,malware,1,0.9999966487871758,1,malware
com.demansol.santaescape.free,malware,1,0.9924530401466183,1,malware
masar.bluetoothsplitter.free,benign,0,0.5139537830788189,1,malware
com.destroyingdust.horrorasylum,malware,1,0.566025413805717,1,malware
com.gg.lighthand,malware,1,0.3292731616041627,0,benign
com.duyleo.hannomdict,benign,0,1.0,1,malware
edu.synthetic.androzoo.malware.ransomware_locker.0654,malware,1,0.990515396531001,1,malware
com.timonemobile,benign,0,0.6774842927564944,1,malware
edu.synthetic.androzoo.malware.spyware_surveillance.0793,malware,1,0.9999991563653087,1,malware
com.life.palm,malware,1,0.9610540154209606,1,malware
wjs.mobile.myquicknote,benign,0,0.6283908331589017,1,malware
com.khetigaadi,benign,0,0.5375172086009286,1,malware
com.kaleris.stationlog,benign,0,0.999159207402955,1,malware
de.check24.check24,benign,0,0.9999999995381188,1,malware
edu.synthetic.androzoo.malware.spyware_surveillance.0298,malware,1,0.9999999999761859,1,malware
com.miaomiaoapp.tinydungeon1.all,malware,1,0.5603022615117473,1,malware
net.felinger.dashboard,benign,0,0.0736620208389299,0,benign
com.jitendrasurve.pipingspacingcalculator,benign,0,0.6863721397884822,1,malware
edu.synthetic.androzoo.malware.wallet_stealer.0468,malware,1,0.9990103662057879,1,malware
com.slb.drillops.touch,benign,0,0.9998696138164357,1,malware
ie.flipdish.fd14633,benign,0,1.0,1,malware
com.app.naijaacres,benign,0,0.8528416414767567,1,malware
applock.lockapps.fingerprint.password.maxlock,malware,1,1.0,1,malware
com.dar.dar,benign,0,0.022125457383688762,0,benign
com.birodic.tafsir.ahlam,benign,0,0.7650495937805095,1,malware
edu.synthetic.androzoo.malware.overlay_pin_stealer.1485,malware,1,0.9990069977052278,1,malware
edu.synthetic.androzoo.malware.sms_otp_stealer.1673,malware,1,0.9999999940474853,1,malware
edu.synthetic.androzoo.malware.banker_accessibility.0479,malware,1,0.9998480736053686,1,malware
com.subsplashconsulting.s_PKD7DK,benign,0,0.9951883223092288,1,malware
edu.synthetic.androzoo.malware.spyware_surveillance.1279,malware,1,0.9999999004880028,1,malware
edu.synthetic.androzoo.malware.banker_accessibility.1534,malware,1,0.9735871713455672,1,malware
fr.mysam.driver,benign,0,0.9991399834251694,1,malware
edu.synthetic.androzoo.malware.wallet_stealer.0113,malware,1,0.9999832824866702,1,malware
edu.synthetic.androzoo.malware.overlay_pin_stealer.0744,malware,1,0.9999125773754065,1,malware
tk.turkmenistan_viktorina_synag.millioner_millionaire,benign,0,0.9999663559659918,1,malware
edu.synthetic.androzoo.malware.banker_accessibility.1355,malware,1,0.9998147924026783,1,malware
com.bengigi.runcowrun,benign,0,0.993002215599803,1,malware
islamic.apps.mahmoud.khalil.al.hussary.mp3.quran.offline.full,benign,0,0.9906881585420139,1,malware
com.canadiantire.noma,benign,0,0.9999897389482126,1,malware
ru.one.shot,benign,0,0.9999935401524183,1,malware
edu.synthetic.androzoo.malware.overlay_pin_stealer.0506,malware,1,0.9988336031569337,1,malware
edu.synthetic.androzoo.malware.ransomware_locker.0548,malware,1,0.9700915119166721,1,malware
com.subsplashconsulting.s_JKQH7Q,benign,0,0.7841104149256659,1,malware
gr.christianikatragoudia.app,benign,0,0.9203601187486623,1,malware
edu.synthetic.androzoo.malware.overlay_pin_stealer.1320,malware,1,0.9998816186567019,1,malware
com.shogunstudios.poikatsutile,benign,0,0.3222694275917234,0,benign
com.aullan.aullan,benign,0,0.7480319664392712,1,malware
edu.synthetic.androzoo.malware.overlay_pin_stealer.1429,malware,1,0.9999573104426333,1,malware
edu.synthetic.androzoo.malware.wallet_stealer.0719,malware,1,0.999929946399372,1,malware
com.huoban,malware,1,0.02711780093066365,0,benign
edu.synthetic.androzoo.malware.ransomware_locker.0093,malware,1,0.38152144803357285,0,benign
edu.synthetic.androzoo.malware.dropper_loader.0883,malware,1,0.1408822984342016,0,benign
vitalypanov.phototracker,benign,0,0.005464707565166239,0,benign
jp.co.atis.atis_googleapp,benign,0,0.8663480564529302,1,malware
com.YuZhenLi.ColorTree,malware,1,0.961507935887156,1,malware
edu.synthetic.androzoo.malware.dropper_loader.0404,malware,1,0.14316245131944902,0,benign
com.joinrh.ead,benign,0,0.8370648830850466,1,malware
edu.synthetic.androzoo.malware.banker_accessibility.1444,malware,1,0.9976962600070314,1,malware
edu.synthetic.androzoo.malware.dropper_loader.1059,malware,1,0.9835520172064097,1,malware
edu.synthetic.androzoo.malware.ransomware_locker.0907,malware,1,0.24899703370441353,0,benign
com.themafiagames.helpthegirl,benign,0,0.9345294263892149,1,malware
com.virtualmaze.offlinemapnavigationtracker,benign,0,0.9041734874802877,1,malware
edu.qau.queenarwauniversity.yemen,benign,0,0.23429618535981908,0,benign
no.membro.adrenalin,benign,0,0.6104387534808252,1,malware
com.chinesemenuonline.asianwoklouisville,benign,0,0.973135794120883,1,malware
edu.synthetic.androzoo.malware.overlay_pin_stealer.0739,malware,1,0.9998506005957634,1,malware
com.golinks.io,benign,0,0.06334641581920064,0,benign
edu.synthetic.androzoo.malware.overlay_pin_stealer.0420,malware,1,0.9993577832903601,1,malware
edu.synthetic.androzoo.malware.overlay_pin_stealer.1337,malware,1,0.9996043821372523,1,malware
app.aivora.exchange,benign,0,0.9998457330334876,1,malware
com.applicate.simasg.app,benign,0,0.9928379267629796,1,malware
com.rueblur,benign,0,0.890920737195621,1,malware
edu.synthetic.androzoo.malware.dropper_loader.1482,malware,1,0.9642790203183897,1,malware
tv.uscreen.newwineonline,benign,0,0.8670623635478559,1,malware
edu.synthetic.androzoo.malware.banker_accessibility.0959,malware,1,0.9985535448036537,1,malware
com.soundmaster,malware,1,0.9757868897194052,1,malware
edu.synthetic.androzoo.malware.overlay_pin_stealer.0770,malware,1,0.9993571727240439,1,malware
edu.synthetic.androzoo.malware.overlay_pin_stealer.0071,malware,1,0.9999863733977157,1,malware
edu.synthetic.androzoo.malware.wallet_stealer.0899,malware,1,0.9998494801645551,1,malware
cz.etnetera.mobile.rossmann,benign,0,1.6550809598106563e-08,0,benign
com.prim.app.primarkmf,benign,0,0.09635738787930231,0,benign
com.coyoapp.hobbyyou.engage.android,benign,0,0.9829415064906273,1,malware
edu.synthetic.androzoo.malware.spyware_surveillance.1326,malware,1,0.9999999851160761,1,malware
edu.synthetic.androzoo.malware.wallet_stealer.1411,malware,1,0.9999491822268138,1,malware
com.appking.adz_dzariyah,benign,0,0.07846471318797196,0,benign
edu.synthetic.androzoo.malware.ransomware_locker.1062,malware,1,0.16478163445038127,0,benign
edu.synthetic.androzoo.malware.spyware_surveillance.0403,malware,1,0.9999999989608679,1,malware
com.pointcore.geov5mon,benign,0,0.6952134391061936,1,malware
com.ipeaksoft.pitDadGame.qianxun.gp1,malware,1,0.9927436154244513,1,malware
com.active.lantern,benign,0,0.9997008804402994,1,malware
edu.synthetic.androzoo.malware.overlay_pin_stealer.0998,malware,1,0.999999999999599,1,malware
com.semtech.android.trackerscanner,benign,0,0.054211333402941334,0,benign
digifit.android.virtuagym.pro.fitnessbay,benign,0,0.9999134315835236,1,malware
com.passporterapp.android,benign,0,1.2716074706839316e-09,0,benign
edu.synthetic.androzoo.malware.ransomware_locker.1066,malware,1,0.15813559925496798,0,benign
com.techmetrica.apps.codegenius.pizero_eduok,benign,0,0.006808300551280915,0,benign
com.lorgame.adventure.gp,benign,0,0.8789619561005674,1,malware
com.android.daoway,malware,1,0.6571655145165746,1,malware
com.crossfield.jewel8,malware,1,0.6354812094077765,1,malware
com.fsgpay,benign,0,0.9828779067866305,1,malware
com.gymchina.tomato.art,malware,1,0.8258047985872151,1,malware
edu.synthetic.androzoo.malware.overlay_pin_stealer.1314,malware,1,0.9974759630024215,1,malware
edu.synthetic.androzoo.malware.wallet_stealer.1197,malware,1,0.9968292012265668,1,malware
com.loafish.erpfzb,malware,1,0.9463203362899222,1,malware
com.partnerize.platform,benign,0,0.5413170940543103,1,malware
com.record.voice.day.all,malware,1,0.9999999999916955,1,malware
com.tpcm.crisis,benign,0,0.8748101704883298,1,malware
edu.synthetic.androzoo.malware.sms_otp_stealer.1697,malware,1,0.9999992556614798,1,malware
edu.synthetic.androzoo.malware.overlay_pin_stealer.0233,malware,1,0.7812092009977776,1,malware
com.alexiaclark.com,malware,1,0.9999791867644298,1,malware
com.clearmindhypnotherapy.app,benign,0,0.9915875476644107,1,malware
edu.synthetic.androzoo.malware.sms_otp_stealer.0110,malware,1,0.999999260528983,1,malware
edu.synthetic.androzoo.malware.ransomware_locker.1203,malware,1,0.7197658402127232,1,malware
edu.synthetic.androzoo.malware.sms_otp_stealer.0845,malware,1,0.999999998991967,1,malware
com.m360.android.orpi,benign,0,0.5261807734684809,1,malware
edu.synthetic.androzoo.malware.spyware_surveillance.1547,malware,1,0.9999999640022761,1,malware
edu.synthetic.androzoo.malware.spyware_surveillance.1776,malware,1,0.999999373642896,1,malware
it.gasparilab.mypozzomaggiore,benign,0,0.7671132013905289,1,malware
org.commitglobal.votemonitor.app,benign,0,0.1338372231597315,0,benign
edu.synthetic.androzoo.malware.adware_clicker.1171,malware,1,0.3257647187758583,0,benign
edu.synthetic.androzoo.malware.ransomware_locker.0964,malware,1,0.8034671642859066,1,malware
com.credit9.funding,benign,0,0.6681958013797803,1,malware
com.tenon.connect,benign,0,0.24787146844055322,0,benign
edu.synthetic.androzoo.malware.dropper_loader.1381,malware,1,0.01610106867574822,0,benign
eu.versine.sapporo,benign,0,0.6339137439736797,1,malware
com.noru.cursos,benign,0,0.951941904665251,1,malware
uk.playdrop.cherrytree_idletextrpg,benign,0,0.2820359416346956,0,benign
edu.synthetic.androzoo.malware.banker_accessibility.0220,malware,1,0.9999648002440475,1,malware
com.choptsalad.choptsalad.android.app,benign,0,0.0024727266938921657,0,benign
com.kunpeng.babyting,malware,1,0.9996987117571059,1,malware
com.ayudevices.ayushare2,benign,0,0.9999935543470911,1,malware
com.jacobsmedia.bluelake,benign,0,0.6948299478505672,1,malware
com.rkplayerjolite.rkjo,benign,0,0.7275026535415896,1,malware
edu.synthetic.androzoo.malware.spyware_surveillance.0859,malware,1,0.9999999950680332,1,malware
kr.co.pksoft.ri3710,benign,0,0.16626667663589856,0,benign
edu.synthetic.androzoo.malware.banker_accessibility.1493,malware,1,0.9848692421733964,1,malware
com.ario.tor,malware,1,0.1446477150058786,0,benign
edu.synthetic.androzoo.malware.ransomware_locker.1468,malware,1,0.9896986873672412,1,malware
edu.synthetic.androzoo.malware.wallet_stealer.0784,malware,1,0.9998688123405443,1,malware
edu.synthetic.androzoo.malware.dropper_loader.0683,malware,1,0.24358534265901216,0,benign
edu.synthetic.androzoo.malware.banker_accessibility.0203,malware,1,0.9997168408305455,1,malware
service.ueco.coins,malware,1,0.1483047970769508,0,benign
edu.synthetic.androzoo.malware.ransomware_locker.0069,malware,1,0.866650626981903,1,malware
com.jmchn.weather,malware,1,0.8562465069562698,1,malware
net.peakgames.ginrummyplus,benign,0,0.27125270612892505,0,benign
edu.synthetic.androzoo.malware.dropper_loader.0121,malware,1,0.06095367703396401,0,benign
com.subsplash.thechurchapp.s_XSKXQX,benign,0,0.984512340144177,1,malware
edu.synthetic.androzoo.malware.overlay_pin_stealer.1236,malware,1,0.9958613679506333,1,malware
com.grinasys.fwl,benign,0,0.6224405403004015,1,malware
cz.praetorsystems.praetor2,benign,0,0.25663008082071725,0,benign
com.dhgate.buyermob,malware,1,0.8558755489087653,1,malware
com.illtip.app.ios,malware,1,0.8300518106939971,1,malware
com.Elytra.DeathIsland,benign,0,0.6337431975818236,1,malware
org.sdcarddatarecovery,benign,0,0.6170909078243346,1,malware
alldictdict.alldict.pltr,benign,0,0.7810865854224641,1,malware
edu.synthetic.androzoo.malware.wallet_stealer.0247,malware,1,0.986414149993554,1,malware
com.aladinfun.islandking.android,benign,0,0.16275597927064764,0,benign
com.evgeniusdev.fallingblocks,benign,0,0.9551389333741113,1,malware
com.subsplash.thechurchapp.skyline,benign,0,0.9999999995431632,1,malware
edu.synthetic.androzoo.malware.overlay_pin_stealer.1372,malware,1,0.9996452743279477,1,malware
com.restaumatic.bar_saigon_z_gwiazdka_michalin_production,benign,0,0.20881784222759434,0,benign
com.tmgreengrouptimesheets,benign,0,0.23966340809814762,0,benign
cn.motoon.reader,malware,1,0.9994471524218448,1,malware
rsba.erv.bible.study.app,benign,0,0.2409274615709332,0,benign
com.aok.xyygame.K57,malware,1,0.995679024288728,1,malware
com.mitsubishi_motors.miland,benign,0,0.9747258234916245,1,malware
com.techarts.hexa.sort.master.color.puzzle,benign,0,0.5312963641041711,1,malware
me.fleka.hipotekarna,benign,0,0.9999936367961894,1,malware
com.noctualabs.android.hamstercheese,benign,0,0.5264329817499176,1,malware
com.easeinc.beacon,benign,0,0.5000831170836348,1,malware
edu.synthetic.androzoo.malware.wallet_stealer.1228,malware,1,0.9999999999998583,1,malware
nl.halalspots.alafassyquranmp3,benign,0,0.9579907316383293,1,malware
cn.duome.winnerc,malware,1,0.9061395511658136,1,malware
com.mike.touxiangdashi,malware,1,0.0983449018681093,0,benign
at.harnisch.android.planets,benign,0,0.0013517841958878864,0,benign
mn.mobicom.candy,benign,0,0.4965631399059883,0,benign
edu.synthetic.androzoo.malware.spyware_surveillance.0781,malware,1,0.9999970972588155,1,malware
edu.synthetic.androzoo.malware.ransomware_locker.0265,malware,1,0.9991122192642905,1,malware
com.nordicid.rfidwedgeservice,benign,0,0.9095950054405062,1,malware
edu.synthetic.androzoo.malware.banker_accessibility.1926,malware,1,0.9960239266045039,1,malware
com.ofotech.app.in,benign,0,0.9021311417419643,1,malware
edu.synthetic.androzoo.malware.spyware_surveillance.1492,malware,1,0.9999999471813775,1,malware
com.riyu365.pkusky,malware,1,0.9995344687407481,1,malware
kada.negativeimage.InvertImage,benign,0,0.9828184752994152,1,malware
edu.synthetic.androzoo.malware.banker_accessibility.1240,malware,1,0.9999999671983124,1,malware
edu.synthetic.androzoo.malware.adware_clicker.1096,malware,1,0.02037868762010318,0,benign
pl.com.pwm.con.sol.la,benign,0,0.5962820071317584,1,malware
com.pik.roxstar,benign,0,0.011971229367955432,0,benign
jp.Marvelous.BMWC,benign,0,0.10314664460595999,0,benign
com.boyneresorts.loon,benign,0,1.0,1,malware
com.salik.smartsalik,malware,1,0.09557288299928639,0,benign
com.dotgames.CrazyRoadGP,malware,1,0.6360499545869985,1,malware
com.etips.lugano.travel.guide,benign,0,0.9414541624202245,1,malware
edu.synthetic.androzoo.malware.spyware_surveillance.0426,malware,1,0.9999999998481643,1,malware
net.windcloud.explorer,malware,1,0.10934509618646017,0,benign
edu.synthetic.androzoo.malware.wallet_stealer.0915,malware,1,0.9999376010447616,1,malware
au.com.investa.insite,benign,0,0.9995658381418996,1,malware
az.studio.gkztc,malware,1,1.0,1,malware
edu.synthetic.androzoo.malware.dropper_loader.0881,malware,1,0.9542904042093473,1,malware
ru.premiumbonus.tapchan,benign,0,0.47445160120150215,0,benign
com.acesoft.pacman,benign,0,0.655187003507189,1,malware
com.orio.finance.sas,benign,0,0.9830230259792442,1,malware
com.meta.inno.sticker,benign,0,0.9521120865287,1,malware
edu.synthetic.androzoo.malware.banker_accessibility.0295,malware,1,0.9999239550679003,1,malware
edu.synthetic.androzoo.malware.spyware_surveillance.0106,malware,1,0.9999998708153714,1,malware
com.aroma.flowers.salesapp,benign,0,0.9970096544169296,1,malware
edu.synthetic.androzoo.malware.banker_accessibility.1732,malware,1,0.8215278488264692,1,malware
edu.synthetic.androzoo.malware.adware_clicker.0427,malware,1,0.8880321157549366,1,malware
com.ak.ta.dainikbhaskar.activity,benign,0,1.1571463661715034e-23,0,benign
edu.synthetic.androzoo.malware.wallet_stealer.1835,malware,1,0.9999575744733817,1,malware
com.EscapeFactory.CursedSchool,benign,0,0.397041262290356,0,benign
com.jianfeng.argame,malware,1,0.737521059614085,1,malware
edu.synthetic.androzoo.malware.banker_accessibility.1327,malware,1,0.9998184857080831,1,malware
edu.synthetic.androzoo.malware.banker_accessibility.0903,malware,1,0.9999679779961883,1,malware
net.passone.itbankcyber,benign,0,0.10193569366073925,0,benign
com.sooperbooks.SooperBooks,benign,0,0.13232259940319993,0,benign
com.women.fitness.body.inspire.herworkout,malware,1,0.003175587094946509,0,benign
com.earku.main,malware,1,0.758136727481416,1,malware
appinventor.ai_kayipkayik.Maps,malware,1,0.8464940371202894,1,malware
edu.synthetic.androzoo.malware.ransomware_locker.0067,malware,1,0.983934668103492,1,malware
edu.synthetic.androzoo.malware.banker_accessibility.1434,malware,1,0.9987822779160385,1,malware
co.bytemark.nycf,benign,0,0.9259027670974246,1,malware
edu.synthetic.androzoo.malware.ransomware_locker.1757,malware,1,0.9941461333392639,1,malware
edu.synthetic.androzoo.malware.ransomware_locker.1008,malware,1,0.09395673962319341,0,benign
com.application.collegehockeynews,benign,0,0.744247908433631,1,malware
edu.synthetic.androzoo.malware.dropper_loader.0014,malware,1,0.7254553792854593,1,malware
ru.FoodSoul.VelikiyNovgorodSkazkafood,benign,0,0.11368087938309177,0,benign
com.andrea,benign,0,0.99991363001055,1,malware
mixchatroom.chatsansar.com,benign,0,0.17263488065144572,0,benign
com.kaderisoft.islam,benign,0,0.8641381768001516,1,malware
com.zhangshang.zuhao,malware,1,0.796364607151864,1,malware
com.cricketmood.android,benign,0,0.8244011710349195,1,malware
com.primexbt.trade,benign,0,0.9998004797470946,1,malware
com.chunyuqiufeng.gaozhongapp,malware,1,0.9391103896334,1,malware
com.mtd.ccis,benign,0,0.6864932431241294,1,malware
no.sit.membro,benign,0,0.9827724571012573,1,malware
com.yxkj.medicine,malware,1,0.08350313133338666,0,benign
com.bayer.cs.mscapp,benign,0,0.9993228732499203,1,malware
com.subsplash.thechurchapp.TheUrbanAlternative,benign,0,0.011524215092879531,0,benign
sh.dms,malware,1,0.9999999999988851,1,malware
com.feelingtouch.bugswar,malware,1,0.3616566081835802,0,benign
silverlime.casesimulatorultimate,benign,0,0.10822656695468612,0,benign
com.pulsmo.StrayCatTowers,benign,0,0.9995845986054871,1,malware
applivingbypreceptsministriesorg.wpapp,benign,0,0.16218601023460905,0,benign
com.ai.voice.recorder,malware,1,0.9999978382026098,1,malware
ru.kingkongsushi.client,benign,0,0.9680253059227205,1,malware
edu.synthetic.androzoo.malware.ransomware_locker.1874,malware,1,0.9904124146889578,1,malware
edu.synthetic.androzoo.malware.banker_accessibility.0120,malware,1,0.9999983242018556,1,malware
com.tangiappsit.shiva.herorescue,benign,0,0.2589372631448573,0,benign
edu.synthetic.androzoo.malware.spyware_surveillance.1537,malware,1,0.999999296681754,1,malware
com.widex.arc,benign,0,0.0279227693437803,0,benign
com.automatedyogamarketing.app,benign,0,0.8110632074450875,1,malware
com.moodle.taheriacademy,benign,0,0.17533963800641525,0,benign
io.dcloud.H582BAF34,malware,1,0.9351019911422068,1,malware
com.g2us.armedwarriors,malware,1,0.9404730591690585,1,malware
edu.synthetic.androzoo.malware.ransomware_locker.0042,malware,1,0.9724749581344913,1,malware
net.gastfreund.Bruggerhof,benign,0,0.999963387249357,1,malware
edu.synthetic.androzoo.malware.spyware_surveillance.0315,malware,1,0.9999999954121077,1,malware
com.moex.finuslugi,benign,0,0.00038055648417112094,0,benign
com.modtool.boxapp,malware,1,0.325495231995103,0,benign
edu.synthetic.androzoo.malware.wallet_stealer.1222,malware,1,0.9999998678950762,1,malware
edu.synthetic.androzoo.malware.overlay_pin_stealer.1322,malware,1,0.9998682050166392,1,malware
com.xiaodong.rengongjisuan,malware,1,0.29816463447346,0,benign
eu.mycabin.mycabin.preview,benign,0,0.5243521870013574,1,malware
edu.synthetic.androzoo.malware.ransomware_locker.0987,malware,1,0.1174230281486998,0,benign
com.dengyu.coolvideo,malware,1,0.9911848024164985,1,malware
com.todoorstep.store,benign,0,0.9999999999990095,1,malware
com.trayport.joule.mobile,benign,0,0.8633253571564523,1,malware
com.dws.armyantz,malware,1,0.9530822845179143,1,malware
edu.synthetic.androzoo.malware.banker_accessibility.1496,malware,1,0.9999778689365623,1,malware
com.PSD.Catastrophes,benign,0,0.43251002375604075,0,benign
com.idcardsapp,benign,0,0.09386073468988348,0,benign
com.sinyee.babybus.popsicles,malware,1,1.0,1,malware
com.jetpack.android,benign,0,0.6040101756990874,1,malware
edu.synthetic.androzoo.malware.spyware_surveillance.0527,malware,1,0.9999999998566138,1,malware
com.webflow.my_team,benign,0,0.9827431236607643,1,malware
com.tvsmartview.tvcast.mirroring,benign,0,1.0,1,malware
com.zumoapps.curso.teologia.evangelica,malware,1,0.3737279776275983,0,benign
edu.synthetic.androzoo.malware.adware_clicker.0546,malware,1,0.2477245329670765,0,benign
com.bracits.progoti,benign,0,0.9659537391330709,1,malware
com.rookieme.connect,benign,0,1.0,1,malware
com.t2s.cookiecrumble798808,benign,0,0.9845524144835465,1,malware
com.appsmart.delivery.bacchusrestt3982,benign,0,1.0,1,malware
com.ls.cake.cakemaker.diy.baking.girls.cooking.birthdaycake,benign,0,0.6345128689699828,1,malware
com.tangerine.live.cake,malware,1,0.999999225149844,1,malware
com.marvelous.runbot,malware,1,0.20805903785570667,0,benign
edu.synthetic.androzoo.malware.banker_accessibility.1490,malware,1,0.9979548315295611,1,malware
net.winrx.rx_2_go,benign,0,0.10947858753486749,0,benign
edu.synthetic.androzoo.malware.ransomware_locker.0387,malware,1,0.9248412042805764,1,malware
edu.synthetic.androzoo.malware.spyware_surveillance.1793,malware,1,0.9999999773834888,1,malware
edu.synthetic.androzoo.malware.banker_accessibility.1343,malware,1,0.9958255798830147,1,malware
az.kapitalbank.mbanking,benign,0,0.8559816180799492,1,malware
edu.synthetic.androzoo.malware.banker_accessibility.0581,malware,1,0.9993893578790759,1,malware
com.evrotrust.app,benign,0,0.698444055506265,1,malware
com.marshmallowgameslab.fruit.melody.match.three.games.free.offline,benign,0,0.07814529386997725,0,benign
com.zoomcouriersoftwaredev,benign,0,0.9424061733357615,1,malware
edu.synthetic.androzoo.malware.dropper_loader.1258,malware,1,0.004702911943610134,0,benign
edu.synthetic.androzoo.malware.sms_otp_stealer.1607,malware,1,0.9999816338183176,1,malware
com.assistant.file.clean.pro,malware,1,0.9179775703006459,1,malware
edu.synthetic.androzoo.malware.wallet_stealer.0988,malware,1,0.9999792320998774,1,malware
com.breboucas.suecoparaviajar,benign,0,0.9999129716033405,1,malware
edu.synthetic.androzoo.malware.sms_otp_stealer.1039,malware,1,0.9999982154866266,1,malware
com.trinity.edupam,malware,1,0.25915048249838757,0,benign
edu.synthetic.androzoo.malware.dropper_loader.1123,malware,1,0.0018101064161386274,0,benign
edu.synthetic.androzoo.malware.overlay_pin_stealer.1599,malware,1,0.9994541967415337,1,malware
com.cosmos.universe,malware,1,0.8563594027655416,1,malware
cn.zepeto.main,malware,1,0.5835661367800599,1,malware
com.buyma.buymaapp,benign,0,0.23549281461579175,0,benign
edu.synthetic.androzoo.malware.spyware_surveillance.1027,malware,1,0.999999999268415,1,malware
com.plusme.live,malware,1,0.37927806363793465,0,benign
com.victie.reader,benign,0,0.36285662446492195,0,benign
edu.synthetic.androzoo.malware.banker_accessibility.0184,malware,1,0.995262673291795,1,malware
com.alfanetwork.cloudmineapp,malware,1,0.7823603181449797,1,malware
com.onebit.iqtestraven,benign,0,6.38047640475305e-08,0,benign
com.moodle.unisinos,benign,0,0.9274800143808499,1,malware
com.inpeaceapp.iglesiamybethel.fl,benign,0,0.9998552669303625,1,malware
edu.synthetic.androzoo.malware.banker_accessibility.0734,malware,1,0.9993676182262057,1,malware
edu.synthetic.androzoo.malware.banker_accessibility.0005,malware,1,0.999988397496482,1,malware
edu.synthetic.androzoo.malware.banker_accessibility.1243,malware,1,0.9997955424634518,1,malware
com.lyd.mobilely,malware,1,0.9984250126597473,1,malware
edu.synthetic.androzoo.malware.dropper_loader.0927,malware,1,0.007628199951038983,0,benign
edu.synthetic.androzoo.malware.sms_otp_stealer.0518,malware,1,0.9999999980258192,1,malware
com.OwnGames.OwnKingdom,malware,1,0.9627660954463878,1,malware
com.mindalcove.mental.health.app,benign,0,0.9978929476221412,1,malware
edu.synthetic.androzoo.malware.ransomware_locker.1172,malware,1,0.9774808582298974,1,malware
edu.synthetic.androzoo.malware.ransomware_locker.1150,malware,1,0.9929873099865469,1,malware
com.schooleverywhere.royalhouse,benign,0,0.9984262880613123,1,malware
com.travel.flybooking,benign,0,0.14909035578421742,0,benign
edu.synthetic.androzoo.malware.banker_accessibility.0664,malware,1,0.9999150137638859,1,malware
saude.mrc.saude,benign,0,0.8344765916623804,1,malware
fmcode.Ccboxqml,benign,0,2.6966507002246317e-07,0,benign
com.qlbeoka.fda,benign,0,0.986230441379923,1,malware
com.shatteredpixel.shatteredpixeldungeon7,benign,0,0.17670573067628775,0,benign
com.RegionXIBLSSMO,benign,0,0.3414705070036309,0,benign
com.sandsmedia.apps.android.entwicklerkiosk,benign,0,0.05113324451463037,0,benign
com.eximdj.faida,benign,0,0.8281028731147169,1,malware
com.jewelblast.puzzlelegend,benign,0,0.999986441195913,1,malware
edu.synthetic.androzoo.malware.overlay_pin_stealer.1696,malware,1,0.9350853627284088,1,malware
edu.synthetic.androzoo.malware.dropper_loader.1112,malware,1,0.8428111404226589,1,malware
com.xdtech.news.greatriver,malware,1,0.8856867677710977,1,malware
com.lunosoft.puuung1,benign,0,0.9999945480427286,1,malware
vk.milyang,benign,0,0.5187049544810188,1,malware
edu.synthetic.androzoo.malware.wallet_stealer.0687,malware,1,0.9999958814725552,1,malware
edu.synthetic.androzoo.malware.sms_otp_stealer.1663,malware,1,0.9999999271405213,1,malware
edu.synthetic.androzoo.malware.dropper_loader.1616,malware,1,0.7297800315308013,1,malware
edu.synthetic.androzoo.malware.sms_otp_stealer.1863,malware,1,0.9999999995653106,1,malware
com.nouslib.NousLibApp,benign,0,0.9827347096672407,1,malware
edu.synthetic.androzoo.malware.banker_accessibility.0400,malware,1,0.9742868963742629,1,malware
edu.synthetic.androzoo.malware.dropper_loader.0299,malware,1,0.06121475419685611,0,benign
edu.synthetic.androzoo.malware.banker_accessibility.0077,malware,1,0.9999876315062218,1,malware
com.lily.times.tweenshusky.all,benign,0,0.445164484626207,0,benign
tw.com.fontrip.citypass.taipei.production,benign,0,0.934338699190619,1,malware
edu.synthetic.androzoo.malware.spyware_surveillance.0804,malware,1,0.999999999991765,1,malware
edu.synthetic.androzoo.malware.wallet_stealer.1250,malware,1,0.9980083396135107,1,malware
edu.synthetic.androzoo.malware.spyware_surveillance.1157,malware,1,0.9999999996848343,1,malware
de.nextbike,benign,0,0.10697202082213156,0,benign
lgc.zhousMandarin.activity,malware,1,0.9997756505231709,1,malware
com.chillingo.tinytroopers2.android.rowgplay,malware,1,0.7573197769714178,1,malware
weightloss.weightlossforwomen.workoutforwomen.womenworkout,benign,0,0.8574920213365268,1,malware
com.angel.cuentachistesia,benign,0,0.12491366229377443,0,benign
edu.synthetic.androzoo.malware.overlay_pin_stealer.1108,malware,1,0.9967940602994303,1,malware
com.firebear.androil,malware,1,0.8744684161151778,1,malware
edu.synthetic.androzoo.malware.ransomware_locker.0868,malware,1,0.9148440183418122,1,malware
edu.synthetic.androzoo.malware.wallet_stealer.0712,malware,1,0.9999225786487573,1,malware
com.inditex.ecommerce.zarahome.android,benign,0,0.03526208360128844,0,benign
com.lahitaksi.passengerapp,benign,0,0.8147106437289487,1,malware
com.holiday.women.formed.newsletter,malware,1,0.9998985974159093,1,malware
com.yayday.app,benign,0,0.21825261019234743,0,benign
com.yc.games,malware,1,0.8413711449797383,1,malware
com.finger2finger.games.chickeninline.lite,malware,1,0.9932511343541128,1,malware
edu.synthetic.androzoo.malware.dropper_loader.0081,malware,1,0.351207751488642,0,benign
com.cordic.isleworth.parker,benign,0,0.034586511510988675,0,benign
za.co.pnet.andr,benign,0,0.6294382627792304,1,malware
com.subsplashconsulting.s_NCJPB7,benign,0,0.0047663279956780165,0,benign
edu.synthetic.androzoo.malware.ransomware_locker.0864,malware,1,0.9996017901090164,1,malware
edu.synthetic.androzoo.malware.banker_accessibility.1146,malware,1,0.999999999994998,1,malware
com.playcus.crossstitch.coloring.mandala,benign,0,0.7533991548555157,1,malware
com.milkcrate,benign,0,0.0050066922999436846,0,benign
net.wakit.wamr,benign,0,0.5744799106352532,1,malware
edu.synthetic.androzoo.malware.banker_accessibility.0430,malware,1,0.981731268664669,1,malware
com.xingyukeji.ylyb,malware,1,0.8486750961222799,1,malware
com.ttdic.synonymsru,benign,0,0.00017683209816045703,0,benign
edu.synthetic.androzoo.malware.wallet_stealer.0050,malware,1,0.999996040320892,1,malware
edu.synthetic.androzoo.malware.spyware_surveillance.0715,malware,1,0.9999999764339432,1,malware
edu.synthetic.androzoo.malware.banker_accessibility.0066,malware,1,0.9978311184592725,1,malware
com.ucroo.augusta,benign,0,0.8162516944924995,1,malware
com.sala.RuVBKKProd,benign,0,0.9982395676654177,1,malware
com.dubaiculture,benign,0,0.9999914407483139,1,malware
edu.synthetic.androzoo.malware.banker_accessibility.0951,malware,1,0.9939673110590218,1,malware
com.scsoft.boribori,benign,0,0.9928237260559956,1,malware
com.freelancesakamoto.ZombieInterview,benign,0,0.6321315896498162,1,malware
com.spendesk.spendesk,benign,0,0.6030177300745049,1,malware
edu.synthetic.androzoo.malware.overlay_pin_stealer.1531,malware,1,0.9997901061921606,1,malware
edu.synthetic.androzoo.malware.spyware_surveillance.0276,malware,1,0.9999998739694361,1,malware
com.lavaclan.vesuvio.appchina,malware,1,0.44586881064645306,0,benign
com.pushpress.crossfittrivium,benign,0,0.9326068099665018,1,malware
com.jmita.bibliasagrada2,malware,1,0.5472757526576711,1,malware
com.xtornado.ghostsofwar2,benign,0,0.22566873520543881,0,benign
com.boa.elearning,benign,0,0.4182028942847036,0,benign
com.astron.kisikates,benign,0,0.3259799738831783,0,benign
schoolgirl.supervisor.saori.sato.multiplayer,malware,1,0.6840381419571437,1,malware
nl.pinkelephant.pink.crm,benign,0,0.17347643218294556,0,benign
com.puzzle.blast.block.game,benign,0,0.9972426420740366,1,malware
edu.synthetic.androzoo.malware.wallet_stealer.1873,malware,1,0.9999890779952414,1,malware
edu.synthetic.androzoo.malware.banker_accessibility.0656,malware,1,0.9364184950272866,1,malware
com.sinyee.babybus.digging,malware,1,0.9999999865232592,1,malware
com.scriptoind.coinsim,benign,0,0.8021479612025038,1,malware
com.icready.apps.gallery_with_file_manager,benign,0,0.9999982567015269,1,malware
edu.synthetic.androzoo.malware.ransomware_locker.1377,malware,1,0.8237343699984208,1,malware
com.gangster.crime.stickman.rob.kill.topfreegames,benign,0,0.0008782816144747834,0,benign
com.pirate.plunder,benign,0,0.26077327889967505,0,benign
aventaplus.si.bulbshare,benign,0,0.00026282544682161395,0,benign
com.godplace.gpen,benign,0,0.9999999999999505,1,malware
com.zombie.ahead.ly,malware,1,0.9999999998983968,1,malware
modmenupubg.toolhack.espmodbgmi.v,malware,1,0.9313408803380205,1,malware
edu.synthetic.androzoo.malware.ransomware_locker.1912,malware,1,0.9970801806591817,1,malware
com.femaleinvest.mobileapp,benign,0,0.06043792177485092,0,benign
com.inditex.pullandbear,benign,0,0.6069216171563967,1,malware
com.s626.LoopDiggernew,benign,0,0.9854499805731203,1,malware
com.standartn.ru.inventarization,benign,0,0.10411437961359529,0,benign
com.silvercrk.euchre_free,benign,0,1.0,1,malware
edu.synthetic.androzoo.malware.sms_otp_stealer.1023,malware,1,0.9999999994842852,1,malware
com.ecgamesstudio.radiospiritboxecnew,benign,0,0.9999950033578427,1,malware
edu.synthetic.androzoo.malware.dropper_loader.1664,malware,1,0.19819308661432908,0,benign
com.mobeasyapp.app1308622866805,benign,0,0.9999930332015609,1,malware
edu.synthetic.androzoo.malware.wallet_stealer.0211,malware,1,0.9991942582252903,1,malware
en.co.atm.unison,benign,0,0.5293039438900266,1,malware
com.master.ball.v5.yyh,malware,1,0.6796280459436896,1,malware
edu.synthetic.androzoo.malware.wallet_stealer.1710,malware,1,0.9851459576247742,1,malware
jp.co.kdl.yukiyama,benign,0,0.35309564878252125,0,benign
com.mthaler.ferments,benign,0,0.09932641516073899,0,benign
edu.synthetic.androzoo.malware.sms_otp_stealer.1923,malware,1,0.9999986004743222,1,malware
com.mysticmobileapps.android.boat.tracker,benign,0,0.983760250184913,1,malware
sk.bouli.lc,benign,0,0.0797783941138061,0,benign
com.paperdoll.diary.dressup.game,benign,0,0.8671126240149257,1,malware
fr.acd_groupe.PLURI,benign,0,0.9947276739840177,1,malware
com.theappcompany.rationaltraining,benign,0,0.18671815612957926,0,benign
cn.w3cschool.android.python,malware,1,0.9999890467017623,1,malware
edu.synthetic.androzoo.malware.dropper_loader.1914,malware,1,0.08482170675173652,0,benign
edu.synthetic.androzoo.malware.ransomware_locker.0577,malware,1,0.31129328506355675,0,benign
edu.synthetic.androzoo.malware.banker_accessibility.0689,malware,1,0.9999715778687417,1,malware
jp.co.timepedia.tokisuki,benign,0,0.33178868292350383,0,benign
com.tocaboca.tocavacation,malware,1,0.9925287601080267,1,malware
edu.synthetic.androzoo.malware.banker_accessibility.1928,malware,1,0.9997009162168197,1,malware
edu.synthetic.androzoo.malware.banker_accessibility.1535,malware,1,0.9997869627338247,1,malware
australia.news.au.newspapers.magazines,benign,0,1.0,1,malware
edu.synthetic.androzoo.malware.banker_accessibility.0828,malware,1,0.9996658527417399,1,malware
com.cta.liquorlineup,benign,0,0.888780737067168,1,malware
com.androidbull.incognitobrowser.lite,malware,1,4.711664233120869e-34,0,benign
se.sormlandsmedia.sn,benign,0,0.5547827194528887,1,malware
com.radios.en.linea.de.venezuela,benign,0,0.9782000533296732,1,malware
com.mgsstudio.offroadcarpe,malware,1,0.9705044312031509,1,malware
com.pearlabyss.pearlapp,benign,0,0.01218534302341091,0,benign
com.almashines.iihmr,benign,0,0.9232053775627512,1,malware
com.magicube.live,malware,1,0.05195234793258695,0,benign
edu.synthetic.androzoo.malware.banker_accessibility.0500,malware,1,0.9985362979480779,1,malware
com.mindsethealth.ibs,benign,0,0.5231438608362098,1,malware
edu.synthetic.androzoo.malware.dropper_loader.1911,malware,1,0.007397238767019735,0,benign
com.wave.personal,benign,0,0.3269308973976586,0,benign
edu.synthetic.androzoo.malware.banker_accessibility.1819,malware,1,0.9997804835717917,1,malware
edu.synthetic.androzoo.malware.overlay_pin_stealer.0670,malware,1,0.9408615921875427,1,malware
edu.synthetic.androzoo.malware.spyware_surveillance.1713,malware,1,0.9999999999053526,1,malware
com.tradera,benign,0,0.9385858586212518,1,malware
edu.synthetic.androzoo.malware.ransomware_locker.1189,malware,1,0.16665628226392998,0,benign
edu.synthetic.androzoo.malware.dropper_loader.1446,malware,1,0.022418682659563788,0,benign
com.visioncit.mudita,benign,0,0.8164988632233987,1,malware
step.counter.walkmate.android,malware,1,0.9984307965580008,1,malware
edu.synthetic.androzoo.malware.overlay_pin_stealer.1854,malware,1,0.9941410407406638,1,malware
com.nttdocomo.keitai.payment,benign,0,0.005876249301679256,0,benign
edu.synthetic.androzoo.malware.overlay_pin_stealer.1804,malware,1,0.9999898067009316,1,malware
com.bonbongame.hairdresser.hair.style.salon.game,benign,0,0.12380839749277063,0,benign
edu.synthetic.androzoo.malware.dropper_loader.0002,malware,1,0.03478152604142823,0,benign
com.cookapps.myperfecthouse,benign,0,0.8755986088456125,1,malware
com.adwo.android.games.mine,malware,1,0.9990514669944931,1,malware
com.kumobius.android.wal,malware,1,0.09315138000891172,0,benign
vmd.windowphotoeditor,benign,0,0.0447416566602319,0,benign
com.llj.apple,malware,1,0.9999999999917433,1,malware
edu.synthetic.androzoo.malware.banker_accessibility.0368,malware,1,0.9983198679913945,1,malware
edu.synthetic.androzoo.malware.overlay_pin_stealer.0908,malware,1,0.9936027007467817,1,malware
com.yumicorebody.mobile,benign,0,0.7802276132353578,1,malware
com.zeoniqgo,benign,0,0.9991223246971448,1,malware
acumen.track.gps,benign,0,0.2924343163936576,0,benign
edu.synthetic.androzoo.malware.dropper_loader.1769,malware,1,0.020987197226770858,0,benign
com.propelswim.icp,benign,0,0.9321558444370275,1,malware
com.maxxipoint.android,malware,1,0.2059746156652832,0,benign
com.otobeas.horus,benign,0,0.11509815259589698,0,benign
com.ntsoft.android.photogaffe,malware,1,0.9563461008371852,1,malware
edu.synthetic.androzoo.malware.spyware_surveillance.0134,malware,1,0.9999999999999296,1,malware
com.mobicage.rogerthat.be.meerhout,benign,0,0.7426537472203968,1,malware
edu.synthetic.androzoo.malware.dropper_loader.1474,malware,1,0.022528558089923226,0,benign
jp.bakuraku,benign,0,0.982983101519977,1,malware
edu.synthetic.androzoo.malware.banker_accessibility.0617,malware,1,0.9999891151870378,1,malware
edu.synthetic.androzoo.malware.spyware_surveillance.0658,malware,1,0.999999997466086,1,malware
com.dajia.view.ncgjsd,malware,1,0.9991484571183638,1,malware
com.chamelio.alcatmist,benign,0,0.843829484807653,1,malware
ljm.course.app,malware,1,0.18387906154087755,0,benign
edu.synthetic.androzoo.malware.dropper_loader.0434,malware,1,0.0950758520024627,0,benign
com.jacks_flights,benign,0,0.9581222420258904,1,malware
com.dxysolutions.scihist,benign,0,0.2053337114081177,0,benign
it.creareunapp.editor.android5fe4be4037921,benign,0,0.764957930558172,1,malware
com.sanmao.newlearnwordpro,malware,1,0.630701877444464,1,malware
br.gov.fazenda.receita.eprocesso,benign,0,0.002731616148175256,0,benign
edu.synthetic.androzoo.malware.banker_accessibility.0025,malware,1,0.9998485847511024,1,malware
edu.synthetic.androzoo.malware.dropper_loader.1788,malware,1,0.1009359608180341,0,benign
com.ac.englishtoburmesetranslator,malware,1,0.9819666401450577,1,malware
edu.synthetic.androzoo.malware.wallet_stealer.0483,malware,1,0.9999928101162029,1,malware
com.moyun365.android.zkchemistry,malware,1,0.8775077442632815,1,malware
edu.synthetic.androzoo.malware.banker_accessibility.1358,malware,1,0.9999826059719882,1,malware
com.gofa.mobile,benign,0,0.9999999982632468,1,malware
edu.synthetic.androzoo.malware.banker_accessibility.0911,malware,1,0.9996525630722498,1,malware
cn.meihuiapp.videomaker,malware,1,1.0,1,malware
edu.synthetic.androzoo.malware.wallet_stealer.1849,malware,1,0.9999983170400106,1,malware
com.rebbix.modnakasta,benign,0,0.43731463423632455,0,benign
com.chronogolf.booking.westlock,benign,0,0.9450866075789741,1,malware
edu.synthetic.androzoo.malware.dropper_loader.1665,malware,1,0.1539624682806398,0,benign
com.careate.qyi,malware,1,0.040427487869256,0,benign
com.stephen.teleprompter.treasure,malware,1,0.7786835743722226,1,malware
edu.synthetic.androzoo.malware.sms_otp_stealer.1469,malware,1,0.9998223111089477,1,malware
com.betelge.divetru,benign,0,1.226539418897173e-197,0,benign
edu.synthetic.androzoo.malware.overlay_pin_stealer.0671,malware,1,0.9999001039090922,1,malware
edu.synthetic.androzoo.malware.spyware_surveillance.1921,malware,1,0.9999999811827459,1,malware
com.apptegy.edgewoodtx,benign,0,0.10049015597166179,0,benign
com.kagccollege,benign,0,0.982845533938025,1,malware
com.jlahhw.sl096,benign,0,0.3833708468167739,0,benign
com.cetinkaya.time_balance,benign,0,0.965499044316108,1,malware
com.quicktool.applock.lockapps.fingerprint.password,benign,0,0.9999999999999842,1,malware
com.snappyappz.c_calc,benign,0,1.0,1,malware
makeover.merge,benign,0,0.5288653152135697,1,malware
com.doumi.jianzhi,malware,1,0.5983144786276265,1,malware
com.collectorz.javamobile.android.music,benign,0,0.18105725311171636,0,benign
edu.synthetic.androzoo.malware.sms_otp_stealer.1565,malware,1,0.9999999999422411,1,malware
com.publicmediaapps.brpsw,benign,0,2.046323317274618e-08,0,benign
com.shopgate.android.app10238,benign,0,0.9999999999999998,1,malware
com.amayasoft.toddler.learning.baby.games,benign,0,0.4693795554158108,0,benign
com.subsplashconsulting.s_SSS86K,benign,0,0.9997406556049921,1,malware
com.sinyee.babybus.changeable,benign,0,0.27114492063023843,0,benign
com.oslonokkel,benign,0,0.0038999048583738235,0,benign
com.square_enix.android_googleplay.FFPR,malware,1,0.12099997574147237,0,benign
edu.synthetic.androzoo.malware.spyware_surveillance.0217,malware,1,0.9999999996448021,1,malware
com.conformit.intervention,benign,0,0.194016075649189,0,benign
cn.shredjz.soundxmaker,malware,1,0.9998338140493828,1,malware
com.productmadness.cashmancasino,benign,0,0.9814312548107411,1,malware
com.technore.lolipopvip,malware,1,0.03265464879331766,0,benign
it.nexi.merchant,benign,0,3.476957173750859e-18,0,benign
com.huch.kosmopolit,benign,0,0.9993459770905723,1,malware
com.geovictoriasupervisor,benign,0,0.10334956873119391,0,benign
com.rebelvox.voxer,benign,0,0.664239651449963,1,malware
edu.synthetic.androzoo.malware.adware_clicker.0324,malware,1,0.5183932243093614,1,malware
com.convergence.dwarflab,benign,0,0.9332552515169946,1,malware
edu.synthetic.androzoo.malware.banker_accessibility.0431,malware,1,0.9999475374423362,1,malware
edu.synthetic.androzoo.malware.spyware_surveillance.0153,malware,1,0.9999999348637854,1,malware
com.orimuse.android,malware,1,0.07498336029967226,0,benign
com.mmc.fengshui.pass.gm,benign,0,0.4442868045249739,0,benign
com.tetrahedron.cubo3d,malware,1,0.11618103609449704,0,benign
edu.synthetic.androzoo.malware.banker_accessibility.0866,malware,1,0.9961160693172095,1,malware
edu.synthetic.androzoo.malware.sms_otp_stealer.1470,malware,1,0.9999990666021276,1,malware
com.yamaha.av.musiccastcontroller,benign,0,0.8661354498350927,1,malware
com.trust.smarthome,benign,0,0.9999936426919922,1,malware
com.hhll.learningchinese,benign,0,0.6854216728402867,1,malware
edu.synthetic.androzoo.malware.ransomware_locker.1107,malware,1,0.387695617991608,0,benign
edu.synthetic.androzoo.malware.overlay_pin_stealer.1184,malware,1,0.9997786045353844,1,malware
edu.synthetic.androzoo.malware.adware_clicker.1692,malware,1,0.3841242567050776,0,benign
cn.changsha.xczxapp,malware,1,0.8948169116971024,1,malware
jp.pxv.android,benign,0,0.9999999730840444,1,malware
edu.synthetic.androzoo.malware.spyware_surveillance.1620,malware,1,0.9999999992419255,1,malware
edu.synthetic.androzoo.malware.banker_accessibility.0672,malware,1,0.9999890830131434,1,malware
edu.synthetic.androzoo.malware.spyware_surveillance.0032,malware,1,0.9999999937759552,1,malware
com.easytech.wc4.android,benign,0,0.10793391067505616,0,benign
conversor.conversaotaxasbasico.eurttd,benign,0,0.6305233310132049,1,malware
edu.synthetic.androzoo.malware.banker_accessibility.1871,malware,1,0.9980549477784478,1,malware
nz.co.solus.Kotui.HawkesBay,benign,0,0.19678365894293592,0,benign
com.quanm.saiche,malware,1,0.8563770360686004,1,malware
com.mili.cbttherapy,benign,0,0.15675568836858386,0,benign
com.zhuofu,malware,1,0.06137680675139445,0,benign
net.xinhuamm.d3099,malware,1,0.8559851526005278,1,malware
app.mylekha.client.mobile_dashboard,benign,0,0.8429878190361704,1,malware
edu.synthetic.androzoo.malware.wallet_stealer.0594,malware,1,0.9998926570168631,1,malware
edu.synthetic.androzoo.malware.dropper_loader.1551,malware,1,0.009778418638875108,0,benign
com.app.professionalcamera,benign,0,0.13571463830814717,0,benign
edu.synthetic.androzoo.malware.banker_accessibility.1167,malware,1,0.9999898913889657,1,malware
com.ask.teachertop,malware,1,0.08385411915761205,0,benign
com.moyun365.android.gkphysicaltong,malware,1,0.5524650499219431,1,malware
edu.synthetic.androzoo.malware.spyware_surveillance.1831,malware,1,0.9999999297996416,1,malware
edu.synthetic.androzoo.malware.ransomware_locker.1662,malware,1,0.6084039883050942,1,malware
com.glodon.drawingexplorer,malware,1,0.2873484008374294,0,benign
com.paketin.paketinapp,malware,1,0.16130103715127256,0,benign
com.trainerize.primalcoaching,benign,0,0.13773933400979202,0,benign
vus.edu.vn.parents.ovi,benign,0,0.9829696369699547,1,malware
edu.synthetic.androzoo.malware.ransomware_locker.0714,malware,1,0.9977542539891006,1,malware
edu.synthetic.androzoo.malware.overlay_pin_stealer.1288,malware,1,0.9999025219728083,1,malware
com.sheepyard.clickersimulator.idlecreepypark,malware,1,0.9556202996550995,1,malware
edu.synthetic.androzoo.malware.dropper_loader.0348,malware,1,0.0054775024684314035,0,benign
edu.synthetic.androzoo.malware.ransomware_locker.0679,malware,1,0.41031893575475403,0,benign
edu.synthetic.androzoo.malware.banker_accessibility.1465,malware,1,0.938984090225999,1,malware
edu.synthetic.androzoo.malware.banker_accessibility.1510,malware,1,0.9999943208440331,1,malware
com.visable.ep,benign,0,0.5911280685578326,1,malware
com.fintasys.weddy,benign,0,0.5125824988616735,1,malware
edu.synthetic.androzoo.malware.banker_accessibility.1003,malware,1,0.9999753733772374,1,malware
com.ba.mobile,benign,0,0.9234198114166954,1,malware
com.sinyee.babybus.custom,malware,1,0.9999904089971299,1,malware
com.euroscoreboard.euroscoreboard,benign,0,0.0030043317750795776,0,benign
edu.synthetic.androzoo.malware.wallet_stealer.1431,malware,1,0.9998272351981478,1,malware
edu.synthetic.androzoo.malware.banker_accessibility.1439,malware,1,0.999999530108535,1,malware
in.crossy.daily_crossword,benign,0,0.8458322825397208,1,malware
com.edictonary.Sociology.Dictionary,malware,1,0.9999999999972264,1,malware
edu.synthetic.androzoo.malware.banker_accessibility.1527,malware,1,0.9999604859871812,1,malware
com.matchaupair,benign,0,0.9999999323986165,1,malware
com.androtv.autoallstars,benign,0,0.9520584180195986,1,malware
com.makeshop.powerapp.swad120,benign,0,0.1447023526752062,0,benign
edu.synthetic.androzoo.malware.ransomware_locker.1385,malware,1,0.11407485482972139,0,benign
edu.synthetic.androzoo.malware.ransomware_locker.1856,malware,1,0.07442577860480916,0,benign
edu.synthetic.androzoo.malware.overlay_pin_stealer.1878,malware,1,0.9985997006422774,1,malware
com.ets100.pupil,malware,1,0.14780195635286625,0,benign
edu.synthetic.androzoo.malware.sms_otp_stealer.1674,malware,1,0.9999999768458353,1,malware
edu.synthetic.androzoo.malware.spyware_surveillance.1082,malware,1,0.9999998306093496,1,malware
edu.synthetic.androzoo.malware.spyware_surveillance.0826,malware,1,0.9999999999146296,1,malware
com.acvauctions.acvauctions,benign,0,7.18433829394207e-15,0,benign
com.ai.chat.bot.aichat,malware,1,0.9986700968990646,1,malware
com.southwestairlines.mobile,benign,0,1.0,1,malware
com.MaxwellPlay.LiminalX,benign,0,0.9950145674077198,1,malware
com.restaumatic.bosca_pizzeria_production,benign,0,0.23335578141566385,0,benign
com.realsys.poem,malware,1,0.9451464571456769,1,malware
com.turbo.turboplus,malware,1,0.4776071705334379,0,benign
at.falstaff.gourmet,benign,0,1.9284901232155748e-10,0,benign
edu.synthetic.androzoo.malware.overlay_pin_stealer.1214,malware,1,0.9838226661453544,1,malware
com.lh.bog.global,benign,0,0.8843262078324091,1,malware
edu.synthetic.androzoo.malware.spyware_surveillance.0571,malware,1,0.9999991353364048,1,malware
com.issmobile.datang.case_dough,malware,1,0.9937778746782108,1,malware
com.app.p4812EB,benign,0,0.6539708276832151,1,malware
com.owner.clevelandparkbarandgrill,benign,0,0.30079637321356734,0,benign
edu.synthetic.androzoo.malware.overlay_pin_stealer.0126,malware,1,0.9999793194456509,1,malware
edu.synthetic.androzoo.malware.overlay_pin_stealer.1051,malware,1,0.9999950409696681,1,malware
co.bitx.android.wallet,benign,0,0.9916578989392967,1,malware
com.loyal.musicality,benign,0,0.9891710536275816,1,malware
com.simonclub.dominoaccesible,benign,0,0.12084607329549978,0,benign
li.mews.android.commander,benign,0,0.9999956290537456,1,malware
edu.synthetic.androzoo.malware.adware_clicker.1069,malware,1,0.5924145207282512,1,malware
com.body_scanner.cloth_remover,benign,0,0.6810743874650066,1,malware
edu.synthetic.androzoo.malware.wallet_stealer.0423,malware,1,0.9980550466746729,1,malware
com.index.aeedc022019,benign,0,0.6139462831055263,1,malware
edu.synthetic.androzoo.malware.banker_accessibility.0428,malware,1,0.994286478352882,1,malware
com.mods.maps.mine,benign,0,0.9884880199543078,1,malware
com.lilithgame.sgame.gp.oss,benign,0,0.552017027831829,1,malware
com.linchuan.vademecum,malware,1,0.9999999995632125,1,malware
com.customchurchapps.appooghwy0c,benign,0,0.9999998461687248,1,malware
edu.synthetic.androzoo.malware.dropper_loader.1516,malware,1,0.025291275632436282,0,benign
edu.synthetic.androzoo.malware.overlay_pin_stealer.0991,malware,1,0.9988397427997164,1,malware
br.com.ideia2001.CatalogoFConfuorto,benign,0,0.8747894874544898,1,malware
in.nirals.aiscbe,benign,0,0.7855373602535206,1,malware
com.proxxinative,benign,0,0.08870645126767882,0,benign
pl.netigen.simplemandolinrtuner,benign,0,0.9999999857096256,1,malware
edu.synthetic.androzoo.malware.dropper_loader.1782,malware,1,0.030999396279009304,0,benign
com.supersendcustomer,malware,1,0.6685922502503623,1,malware
com.manuel.pagliai.tsol,benign,0,0.1893970481614058,0,benign
edu.synthetic.androzoo.malware.sms_otp_stealer.0533,malware,1,0.99999953577962,1,malware
com.rez.minebuild,malware,1,0.9229456801083654,1,malware
edu.synthetic.androzoo.malware.dropper_loader.0810,malware,1,0.7981185131658776,1,malware
abudhabi.healthlink,benign,0,1.0,1,malware
shanks.scgl,malware,1,0.009070152068963593,0,benign
br.com.wiki4fit.flashstudio,benign,0,0.9438368747770477,1,malware
org.redsnow.Jiffy,malware,1,0.9995229287252334,1,malware
edu.synthetic.androzoo.malware.banker_accessibility.0409,malware,1,0.987694231176672,1,malware
edu.synthetic.androzoo.malware.banker_accessibility.0449,malware,1,0.9720139749587489,1,malware
edu.synthetic.androzoo.malware.ransomware_locker.1729,malware,1,0.9152181925681171,1,malware
tws.vision.viaim.headset,benign,0,0.9923241981574367,1,malware
edu.synthetic.androzoo.malware.sms_otp_stealer.1553,malware,1,0.9999999962353283,1,malware
edu.synthetic.androzoo.malware.ransomware_locker.1193,malware,1,0.20024696019904775,0,benign
com.gozem.provider,benign,0,1.0,1,malware
com.navitime.local.bike,benign,0,0.9999936325978266,1,malware
com.subsplashconsulting.s_WWWDTZ,benign,0,6.607592239059598e-07,0,benign
edu.synthetic.androzoo.malware.overlay_pin_stealer.1183,malware,1,0.9895571633383141,1,malware
edu.synthetic.androzoo.malware.banker_accessibility.1398,malware,1,0.9999379388184098,1,malware
com.ticimax.androidbase.disentismodest,benign,0,0.9367327581568178,1,malware
com.abiitur.gridlayout,benign,0,0.04290264432268992,0,benign
com.xinxiu.AvatarMaker,malware,1,0.8365785428833666,1,malware
redwhite.cricket.liveline.score,benign,0,0.9999999999898721,1,malware
edu.synthetic.androzoo.malware.ransomware_locker.1211,malware,1,0.9776478085047907,1,malware
com.artbookmagazine.lisa,benign,0,0.5477338647758352,1,malware
com.wanderlog.android,benign,0,0.999924932151977,1,malware
edu.synthetic.androzoo.malware.sms_otp_stealer.0794,malware,1,0.9999567028057004,1,malware
com.ximi.weightrecord,malware,1,0.21610307454585842,0,benign
edu.synthetic.androzoo.malware.ransomware_locker.0822,malware,1,0.985746184941264,1,malware
com.alaeat.customer.android.cafeofeastbay,benign,0,0.9897122891447452,1,malware
meditofoundation.medito,benign,0,1.0,1,malware
com.educabiz.educabiz.mobile,benign,0,1.0,1,malware
asan.gharelu.ilaj.asangharelunuskhay,benign,0,0.6093234898929262,1,malware
com.architurk.rainbow,benign,0,0.9999999674756197,1,malware
com.ailiyong.pinyin,malware,1,0.9883075496090715,1,malware
edu.synthetic.androzoo.malware.banker_accessibility.0486,malware,1,0.9769763599493594,1,malware
com.kanchufang.privatedoctor,malware,1,0.8123179076983417,1,malware
edu.synthetic.androzoo.malware.banker_accessibility.0846,malware,1,0.9999994546406806,1,malware
com.addietudeculturalartsctrapp.mi,benign,0,0.11792942747302199,0,benign
com.app.a1f4W00000199bZQAQ,benign,0,0.999993582101329,1,malware
edu.synthetic.androzoo.malware.overlay_pin_stealer.0232,malware,1,0.9946836627265176,1,malware
com.eltok.scoreboardliveumpireapp,benign,0,0.10093883508023645,0,benign
edu.synthetic.androzoo.malware.banker_accessibility.1610,malware,1,0.9803321672833563,1,malware
edu.synthetic.androzoo.malware.wallet_stealer.0733,malware,1,0.9999994139287216,1,malware
com.blupearl.healthocarepath,benign,0,0.923011298375006,1,malware
uni.UNI8EFADFE,malware,1,0.9367210458806358,1,malware
edu.synthetic.androzoo.malware.dropper_loader.1160,malware,1,0.09547270279926874,0,benign
com.dalcomsoft.mysu.a,benign,0,0.9800357350805886,1,malware
com.Fibrum.vrfall,malware,1,0.667803918462409,1,malware
com.instabridge.android,benign,0,4.385020815440723e-42,0,benign
com.chating.messages.chat.fun,malware,1,0.8670094771507998,1,malware
com.ipreto.android.ageofconquerors.st,malware,1,0.9999999799429629,1,malware
io.ionic.idcp,benign,0,0.9873465001464294,1,malware
com.letsgetdigital.app3790x,benign,0,1.0,1,malware
com.slimesmash.android,malware,1,0.9999995830044384,1,malware
com.stepstone.totaljobs,benign,0,0.5175849891239233,1,malware
com.yamabus.pocha.pj,malware,1,0.5626464488099691,1,malware
com.merge.townhorizon.puzzlegame,benign,0,0.14447255899527994,0,benign
com.gentdev.piglow,benign,0,0.251345475797892,0,benign
com.subsplashconsulting.s_R5GMWK,benign,0,0.9999999999701037,1,malware
edu.synthetic.androzoo.malware.sms_otp_stealer.1421,malware,1,0.9999999999804898,1,malware
com.zakg.scaryteacher.hellgame,benign,0,0.9408795716710588,1,malware
com.psma.videosplitter,benign,0,0.057251626855290796,0,benign
cz.prumsys.s7plchmi,benign,0,0.15512415131359933,0,benign
com.intellect_soft_apps.photowarp,benign,0,0.9999999999959428,1,malware
com.bitmango.go.fruitsmaniamatch3,benign,0,0.605976210159135,1,malware
com.dastyar.io,benign,0,0.9987916723237376,1,malware
jp.co.umk.umkapp,benign,0,0.0957473778870647,0,benign
com.emri.upcitizenapp,benign,0,0.8244412178628787,1,malware
com.openmygame.games.android.wordpizza,benign,0,0.9572176986865193,1,malware
edu.synthetic.androzoo.malware.adware_clicker.1328,malware,1,0.7694364508474653,1,malware
com.sayeh.view,benign,0,0.0860875981295704,0,benign
com.easyfastapp.app,benign,0,0.9658246497508054,1,malware
com.MA.LosAngelesCrimes,malware,1,0.999999999994015,1,malware
xyz.xoventechdev.saifnetudplite,malware,1,0.027807182909286784,0,benign
com.ryumoto.gfx,malware,1,0.35440338400045873,0,benign
com.trainerize.dutifitness,benign,0,0.9800081640683161,1,malware
app.unitime,benign,0,0.47208970643483195,0,benign
io.zerion.android,benign,0,0.40297548624450524,0,benign
edu.synthetic.androzoo.malware.adware_clicker.0593,malware,1,0.9957278460770435,1,malware
com.sinyee.babybus.forest,malware,1,0.9999776126143775,1,malware
com.ita.scaleup,benign,0,0.14869785788110887,0,benign
br.org.admanancial.appEK1811,benign,0,0.47925890101228064,0,benign
com.gh.eurobus.driving.simulator.bus.game,benign,0,0.9595570959845419,1,malware
com.appwallet.fightphotoeditor,benign,0,0.51268572720718,1,malware
au.com.weguide.genv,benign,0,0.6327677864605452,1,malware
com.kihno.kihnoplay,benign,0,0.8338754116256684,1,malware
ru.projectpoint.app,benign,0,0.982851352637749,1,malware
com.bhgames.spades,benign,0,0.195918017943407,0,benign
com.softcraft.frenchbible,benign,0,0.7364611627453274,1,malware
com.taskgo.app,benign,0,0.553877168324522,1,malware
edu.synthetic.androzoo.malware.spyware_surveillance.0778,malware,1,1.0,1,malware
edu.synthetic.androzoo.malware.sms_otp_stealer.0052,malware,1,0.9999952637899876,1,malware
org.qpython.qpy,malware,1,0.10460703328889508,0,benign
edu.synthetic.androzoo.malware.wallet_stealer.0490,malware,1,0.9999971091453961,1,malware
com.goldenapps05.happyfathersday2020,benign,0,0.898295388923189,1,malware
edu.synthetic.androzoo.malware.banker_accessibility.0986,malware,1,0.9454028980678224,1,malware
edu.synthetic.androzoo.malware.banker_accessibility.1246,malware,1,0.999929395921181,1,malware
com.subsplashconsulting.s_KNX3RK,benign,0,0.9280443302168649,1,malware
edu.synthetic.androzoo.malware.dropper_loader.1546,malware,1,0.9986506699284577,1,malware
com.ambrotechs.bluebay,benign,0,0.2984601805158718,0,benign
com.newsparkapps.indianheavydrivercheatcodes,benign,0,0.7200012486978775,1,malware
com.trainerize.fightfitness,benign,0,0.8978168948553518,1,malware
net.peakgames.toonblast,benign,0,0.25936864773604396,0,benign
io.c2dev.mypastpapers,benign,0,0.7954995767109259,1,malware
com.lei.kongzhan,malware,1,0.9997461204011314,1,malware
com.sdyxjd.yony,malware,1,0.9935950163813253,1,malware
edu.synthetic.androzoo.malware.banker_accessibility.1513,malware,1,0.999999721578392,1,malware
edu.synthetic.androzoo.malware.banker_accessibility.0361,malware,1,0.9999845108947472,1,malware
edu.synthetic.androzoo.malware.sms_otp_stealer.1269,malware,1,0.9999999705950533,1,malware
com.ionicframework.ionicapp410897,benign,0,2.768671723028404e-20,0,benign
edu.synthetic.androzoo.malware.dropper_loader.1669,malware,1,0.33169879358811666,0,benign
com.android.weici.senior.teacher,malware,1,0.507794245391903,1,malware
com.lazyboydevelopments.footballsuperstar2,malware,1,0.6214995674320527,1,malware
edu.synthetic.androzoo.malware.banker_accessibility.1126,malware,1,0.999999999999996,1,malware
edu.synthetic.androzoo.malware.adware_clicker.1161,malware,1,0.6602985229987286,1,malware
edu.synthetic.androzoo.malware.spyware_surveillance.1325,malware,1,0.9999999887884746,1,malware
com.okioki.ws,benign,0,0.9899220838576663,1,malware
