package_name,label,label_bin,malware_probability,prediction_bin,prediction,seq_len
com.nznlabs.litpro_mx,benign,0,0.011022544465959072,0,benign,64
com.was.city.traffic.control.simulator3d,malware,1,0.008408245630562305,0,benign,67
com.arizonasunrays.icp,benign,0,0.5702073574066162,1,malware,149
com.infolink.limeiptv,benign,0,0.993569016456604,1,malware,153
edu.synthetic.androzoo.malware.sms_otp_stealer.1306,malware,1,0.9941733479499817,1,malware,64
com.chownow.mimistoobagelsdeli,benign,0,0.09715656191110611,0,benign,139
com.styleseat.promobile,benign,0,0.9860728979110718,1,malware,133
com.demaecan.shop.manager,benign,0,0.19852270185947418,0,benign,37
com.tap4fun.reignofwar.androidme,benign,0,0.11179222911596298,0,benign,117
com.myworkoutplan.myworkoutplan,benign,0,0.001060879323631525,0,benign,13
edu.synthetic.androzoo.malware.ransomware_locker.1384,malware,1,0.9974786639213562,1,malware,188
br.tv.horizonte.android.premierefc,benign,0,0.4945889115333557,0,benign,96
com.coachcare.lifetimehnmhj,benign,0,0.26313474774360657,0,benign,21
com.mobilepcmonitor,benign,0,0.0013676682719960809,0,benign,106
com.kk.game.bubble,malware,1,0.9954792261123657,1,malware,60
com.match.club,benign,0,0.03559763729572296,0,benign,152
uk.co.redchillieskincardinee,benign,0,0.16342848539352417,0,benign,177
edu.synthetic.androzoo.malware.overlay_pin_stealer.1433,malware,1,0.9991447925567627,1,malware,65
com.ruk.usastudio.mosshotassistant,benign,0,0.9939162135124207,1,malware,190
com.udemy.android.ufb,benign,0,0.001817416399717331,0,benign,11
com.bca,benign,0,0.7386725544929504,1,malware,74
edu.synthetic.androzoo.malware.dropper_loader.1552,malware,1,0.9896298050880432,1,malware,246
com.xweisoft.wx.family,malware,1,0.8974464535713196,1,malware,113
edu.synthetic.androzoo.benign.utility_background.0011,benign,0,0.27744653820991516,0,benign,68
edu.synthetic.androzoo.malware.dropper_loader.1194,malware,1,0.9528474807739258,1,malware,214
edu.synthetic.androzoo.malware.ransomware_locker.0088,malware,1,0.9721387028694153,1,malware,183
it.gasparilab.mypozzomaggiore,benign,0,0.5887059569358826,1,malware,98
edu.synthetic.androzoo.malware.overlay_pin_stealer.1838,malware,1,0.8364315629005432,1,malware,189
com.sinyee.babybus.food,malware,1,0.9648786783218384,1,malware,54
musica.musicfree.snaptube.weezer.mp3app,malware,1,0.6054547429084778,1,malware,223
edu.synthetic.androzoo.malware.banker_accessibility.1707,malware,1,0.9974746108055115,1,malware,117
edu.synthetic.androzoo.malware.wallet_stealer.0976,malware,1,0.9992140531539917,1,malware,60
edu.synthetic.androzoo.malware.banker_accessibility.0184,malware,1,0.9967750906944275,1,malware,193
com.mobiquest.gmelectrical,benign,0,0.15667258203029633,0,benign,21
com.mhl.pathworks2,benign,0,0.003177986480295658,0,benign,10
com.kyivstar.tv.mobile,benign,0,0.0006033907411620021,0,benign,170
com.jianfeng.argame,malware,1,0.8378984928131104,1,malware,113
com.youloft.health,benign,0,0.06095633655786514,0,benign,14
edu.synthetic.androzoo.malware.wallet_stealer.1627,malware,1,0.9292800426483154,1,malware,119
com.taymay.alarm.thief,benign,0,0.003966484218835831,0,benign,117
edu.synthetic.androzoo.benign.webview_content.0105,benign,0,0.91469806432724,1,malware,114
com.klopfensteinsoftware.forager,benign,0,0.00027988682268187404,0,benign,10
com.realxworld.soccerjerseymaker,benign,0,0.9292269945144653,1,malware,147
com.threed.spider.hero.flying.bike.city.battle,malware,1,0.07115425914525986,0,benign,70
edu.synthetic.androzoo.malware.overlay_pin_stealer.0910,malware,1,0.8981393575668335,1,malware,133
edu.synthetic.androzoo.malware.wallet_stealer.0024,malware,1,0.9990110397338867,1,malware,61
edu.synthetic.androzoo.malware.ransomware_locker.1541,malware,1,0.5127358436584473,1,malware,39
com.bulkypix.wiredefuser,malware,1,0.9990887641906738,1,malware,55
com.staminatech.leaveoffice,benign,0,0.0024090642109513283,0,benign,105
com.razzlepuzzles.dotconnect,benign,0,0.9977577328681946,1,malware,296
com.wellspring.main,benign,0,0.42560431361198425,0,benign,69
com.fruit.hexa.sort,benign,0,0.0013205889845266938,0,benign,109
com.jetpack.android,benign,0,0.9269257187843323,1,malware,65
com.happigo.activity,malware,1,0.7147142291069031,1,malware,75
com.sinyee.babybus.foodstuff,malware,1,0.9982430934906006,1,malware,187
edu.synthetic.androzoo.malware.overlay_pin_stealer.0739,malware,1,0.9994056224822998,1,malware,82
com.speed.svpn,malware,1,0.11593278497457504,0,benign,84
edu.synthetic.androzoo.malware.overlay_pin_stealer.0016,malware,1,0.9982445240020752,1,malware,91
com.indiggcommunity,benign,0,0.0778978168964386,0,benign,96
edu.synthetic.androzoo.malware.sms_otp_stealer.0922,malware,1,0.9974355101585388,1,malware,36
edu.synthetic.androzoo.malware.ransomware_locker.0265,malware,1,0.7047292590141296,1,malware,39
jp.moneyeasy.combank,benign,0,0.0044913385063409805,0,benign,33
edu.synthetic.androzoo.malware.dropper_loader.1759,malware,1,0.9293457865715027,1,malware,117
edu.synthetic.androzoo.malware.banker_accessibility.0716,malware,1,0.8194106221199036,1,malware,180
co.diy17.jnbvs,benign,0,0.003909494262188673,0,benign,130
com.neat.escapegallery,malware,1,0.9605104327201843,1,malware,115
com.gy.amobile.company,malware,1,0.9958270192146301,1,malware,145
com.inso.app,malware,1,0.42222172021865845,0,benign,22
com.apptegy.rosebudlott,benign,0,0.0010135724442079663,0,benign,136
fr.rainetcom.indoorcenter,benign,0,0.0036823765840381384,0,benign,118
doctorjob.com.cn,malware,1,0.5850347280502319,1,malware,71
edu.synthetic.androzoo.malware.overlay_pin_stealer.0625,malware,1,0.9993390440940857,1,malware,56
edu.synthetic.androzoo.benign.commerce_social.0228,benign,0,0.021892594173550606,0,benign,127
com.nwagu.chai,benign,0,0.0024723561946302652,0,benign,38
edu.synthetic.androzoo.malware.adware_clicker.0102,malware,1,0.8300339579582214,1,malware,72
com.trainerize.aspirecoaching,benign,0,0.9912499189376831,1,malware,139
studio.biom.app,benign,0,0.000899443868547678,0,benign,120
game.brain.games.iq.test.brain.test.teasers,benign,0,0.012012867256999016,0,benign,11
com.skm.spk.biblestories,benign,0,0.9949605464935303,1,malware,134
com.tplink.omada,benign,0,0.5632999539375305,1,malware,155
edu.synthetic.androzoo.malware.ransomware_locker.0353,malware,1,0.9967105388641357,1,malware,190
edu.synthetic.androzoo.malware.sms_otp_stealer.0370,malware,1,0.9977771639823914,1,malware,41
edu.synthetic.androzoo.malware.banker_accessibility.0295,malware,1,0.9714651107788086,1,malware,123
com.swaas.hidoctor,benign,0,0.005046043545007706,0,benign,68
com.rebbix.modnakasta,benign,0,0.008681786246597767,0,benign,75
edu.synthetic.androzoo.malware.overlay_pin_stealer.1396,malware,1,0.9993871450424194,1,malware,42
com.isl.sifootball,benign,0,0.00022565458493772894,0,benign,178
com.moyun365.android.zkgeography,malware,1,0.9372901320457458,1,malware,32
com.sbi.costco,malware,1,0.016723088920116425,0,benign,19
edu.synthetic.androzoo.benign.utility_background.0035,benign,0,0.08056918531656265,0,benign,178
edu.synthetic.androzoo.benign.commerce_social.0111,benign,0,0.011237225495278835,0,benign,69
com.sendit.senditapp,benign,0,0.039358898997306824,0,benign,43
edu.synthetic.androzoo.malware.overlay_pin_stealer.1624,malware,1,0.9973680377006531,1,malware,88
com.eastsidegames.ccmatch,benign,0,0.00250726449303329,0,benign,100
air.com.vikrams.telugucalendar2014,benign,0,0.0020246433559805155,0,benign,46
edu.synthetic.androzoo.malware.banker_accessibility.0185,malware,1,0.9916143417358398,1,malware,137
com.pronunciatorllc.bluebird.persian,benign,0,0.7078001499176025,1,malware,22
channelmentor.travelgrid.nh,benign,0,0.04269931837916374,0,benign,17
com.goldtouch.mako,benign,0,0.052080754190683365,0,benign,289
com.sayhi.app,benign,0,0.00039743221714161336,0,benign,261
com.sgs.xamarin.engage,benign,0,0.001511882641352713,0,benign,70
com.henteri.addressfinder,benign,0,0.23725752532482147,0,benign,22
edu.synthetic.androzoo.malware.dropper_loader.1192,malware,1,0.9783458113670349,1,malware,128
org.redsnow.Jiffy,malware,1,0.9621049165725708,1,malware,120
it.cineca.app.unime,benign,0,0.9863569736480713,1,malware,36
edu.synthetic.androzoo.malware.sms_otp_stealer.0827,malware,1,0.9905509948730469,1,malware,144
com.champapps.gtp,benign,0,0.006024135276675224,0,benign,52
com.mango.sanguo15.plsz,malware,1,0.9982500672340393,1,malware,20
sa.absher.business,benign,0,0.002304829191416502,0,benign,22
com.notartel.esignotp,benign,0,0.9129458069801331,1,malware,119
edu.synthetic.androzoo.benign.maps_cloud.0120,benign,0,0.0023369051050394773,0,benign,49
edu.synthetic.androzoo.malware.banker_accessibility.1721,malware,1,0.9759422540664673,1,malware,162
com.migastone.app.app57fbb72fadd13,benign,0,0.9994439482688904,1,malware,38
com.sug3rs.manypaper,malware,1,0.8421030640602112,1,malware,78
com.mcpe.skins.barbie,benign,0,0.8455675840377808,1,malware,65
fgs.com.simulation,benign,0,0.0015523575711995363,0,benign,102
tw.com.thsrc.texpress,benign,0,0.004659464582800865,0,benign,16
radio.szent.istvan,benign,0,0.0009953755652531981,0,benign,26
com.morbid_tech.morbid,benign,0,0.14560741186141968,0,benign,67
com.radiopatsh.libia_arab,benign,0,0.00047646500752307475,0,benign,22
com.peguin.pinsart,malware,1,0.15820762515068054,0,benign,169
com.subsplashconsulting.s_V9XJC8,benign,0,0.004351165145635605,0,benign,201
edu.synthetic.androzoo.malware.banker_accessibility.0049,malware,1,0.9982500672340393,1,malware,128
com.dengyu.coolvideo,malware,1,0.023214904591441154,0,benign,16
com.yc.games,malware,1,0.9575881361961365,1,malware,12
edu.synthetic.androzoo.malware.spyware_surveillance.1973,malware,1,0.9975401163101196,1,malware,181
com.longkoo.fighter,malware,1,0.9582328200340271,1,malware,30
com.kraftwerk9.firetv,benign,0,0.009671801701188087,0,benign,107
edu.synthetic.androzoo.malware.banker_accessibility.1024,malware,1,0.9981377124786377,1,malware,78
com.digeam.a.mhgl,benign,0,0.0005003006081096828,0,benign,149
edu.synthetic.androzoo.malware.sms_otp_stealer.0790,malware,1,0.9983715415000916,1,malware,68
edu.synthetic.androzoo.malware.sms_otp_stealer.0916,malware,1,0.9684454798698425,1,malware,159
com.ThreeCatGames.HamsterAttack,malware,1,0.11291610449552536,0,benign,87
edu.synthetic.androzoo.malware.wallet_stealer.0468,malware,1,0.9879853129386902,1,malware,143
com.klickl4u.apps,benign,0,0.04195471480488777,0,benign,23
com.cqaizhe.cassette,malware,1,0.998155415058136,1,malware,233
com.auyou.eqy,malware,1,0.8792877197265625,1,malware,55
com.ionicframework.vezeetapatientsmobile694843,benign,0,0.5885258316993713,1,malware,49
com.repsly.android.feed,benign,0,0.0013003485510125756,0,benign,161
kr.neolab.edu.collector,benign,0,0.999809205532074,1,malware,13
app.smartspaces.eqbristol,benign,0,0.009669622406363487,0,benign,35
co.ivyonline.app,benign,0,0.3351317048072815,0,benign,36
com.ubestkid.jigsawpuzzle.a,malware,1,0.976740300655365,1,malware,61
edu.synthetic.androzoo.malware.banker_accessibility.1626,malware,1,0.9547020792961121,1,malware,180
uk.co.unibuses,benign,0,0.020171187818050385,0,benign,112
com.smartlife.nebula,benign,0,0.9238730072975159,1,malware,200
com.angel.cuentachistesia,benign,0,0.32672250270843506,0,benign,44
com.BERLITZDC.DprincessHDWallpaper2019,benign,0,0.03844341263175011,0,benign,19
stock.xiaomi.mi.mix.fold.poco.redmi.k50.launcher.wallpaper,benign,0,0.9787458777427673,1,malware,164
edu.synthetic.androzoo.malware.banker_accessibility.0689,malware,1,0.9986489415168762,1,malware,65
com.marinahome,benign,0,0.0008497482631355524,0,benign,139
edu.synthetic.androzoo.malware.sms_otp_stealer.1774,malware,1,0.9964154958724976,1,malware,164
mmorpg.main,benign,0,0.03889261186122894,0,benign,66
com.livextra.bible.awadhi,benign,0,0.8929023742675781,1,malware,213
edu.synthetic.androzoo.malware.banker_accessibility.0816,malware,1,0.9304278492927551,1,malware,142
com.mthaler.ferments,benign,0,0.006063985172659159,0,benign,20
apprendre.francais.rapidement.facilement,benign,0,0.00355602172203362,0,benign,10
edu.synthetic.androzoo.malware.banker_accessibility.0608,malware,1,0.9954662322998047,1,malware,89
ru.ivi.client,benign,0,0.01653454825282097,0,benign,190
com.apptegy.sundowntx,benign,0,0.9989307522773743,1,malware,125
com.cn.yikaosouti,malware,1,0.9908265471458435,1,malware,61
com.makotsl.app,benign,0,0.04047553613781929,0,benign,155
com.visma.hryou,benign,0,0.008587339892983437,0,benign,35
gta.grandtheftauto.five.crime,benign,0,0.06504172086715698,0,benign,44
edu.synthetic.androzoo.malware.sms_otp_stealer.2074,malware,1,0.8077905178070068,1,malware,124
edu.synthetic.androzoo.malware.banker_accessibility.0945,malware,1,0.9487580060958862,1,malware,174
website.lookandfindapp.app,benign,0,0.13729067146778107,0,benign,30
com.newoffroadgames.cargotruck.driver3d.offroad.truck.simulator.free,benign,0,0.0016867498634383082,0,benign,101
com.ario.tor,malware,1,0.0010564080439507961,0,benign,77
com.ny33333.ti.shangchong,malware,1,0.9995754361152649,1,malware,121
com.oldmutual.myoldmutual,benign,0,0.21174173057079315,0,benign,49
com.app4joy.world_flags_free,benign,0,0.9982543587684631,1,malware,114
tiger.free.wild.wallpapers,benign,0,0.00422426825389266,0,benign,175
edu.synthetic.androzoo.malware.spyware_surveillance.0040,malware,1,0.9994841814041138,1,malware,62
edu.synthetic.androzoo.malware.wallet_stealer.2019,malware,1,0.9977779984474182,1,malware,42
edu.synthetic.androzoo.malware.spyware_surveillance.1038,malware,1,0.9976563453674316,1,malware,140
edu.synthetic.androzoo.malware.spyware_surveillance.0838,malware,1,0.996885359287262,1,malware,77
edu.synthetic.androzoo.malware.adware_clicker.1529,malware,1,0.8951737880706787,1,malware,150
com.rift.no.wifi.offline.puzzles.offline.games,benign,0,0.013187195174396038,0,benign,109
edu.synthetic.androzoo.malware.banker_accessibility.1890,malware,1,0.9965916872024536,1,malware,38
two.factor.authenticator.generator.code,benign,0,0.0025329189375042915,0,benign,218
edu.synthetic.androzoo.malware.sms_otp_stealer.0997,malware,1,0.88739013671875,1,malware,129
edu.synthetic.androzoo.malware.ransomware_locker.1035,malware,1,0.9043912887573242,1,malware,186
com.sh.tlzgh,malware,1,0.9986238479614258,1,malware,164
edu.synthetic.androzoo.malware.overlay_pin_stealer.1245,malware,1,0.9990353584289551,1,malware,42
edu.synthetic.androzoo.benign.maps_cloud.0224,benign,0,0.0027267816476523876,0,benign,96
com.ntsoft.android.photogaffe,malware,1,0.9875003099441528,1,malware,61
com.asmr.color.master,benign,0,0.0015874850796535611,0,benign,149
com.hanweb.ganfutong,malware,1,0.17516715824604034,0,benign,80
com.gl.wood_blockpro,benign,0,0.0005603880854323506,0,benign,49
com.nt.games.busjam,benign,0,0.0012537832371890545,0,benign,143
edu.synthetic.androzoo.malware.dropper_loader.0028,malware,1,0.614517867565155,1,malware,59
com.sagi.barrett,benign,0,0.002516635227948427,0,benign,130
edu.synthetic.androzoo.malware.spyware_surveillance.1376,malware,1,0.9582971334457397,1,malware,114
com.gradientwallpapers,benign,0,0.5152971148490906,1,malware,108
com.vietplaygames.tienlenmiennam,benign,0,0.021155809983611107,0,benign,18
edu.synthetic.androzoo.malware.spyware_surveillance.1953,malware,1,0.9965869188308716,1,malware,91
edu.synthetic.androzoo.malware.dropper_loader.1446,malware,1,0.9323782324790955,1,malware,155
edu.synthetic.androzoo.malware.wallet_stealer.0241,malware,1,0.999477207660675,1,malware,38
photoeditor.photoretouch.removeobjects.retouch,benign,0,0.0007998499786481261,0,benign,272
edu.synthetic.androzoo.benign.media_game.0160,benign,0,0.0029382649809122086,0,benign,161
edu.synthetic.androzoo.malware.adware_clicker.0960,malware,1,0.9930115342140198,1,malware,190
com.rd.huatest,malware,1,0.0009365201112814248,0,benign,18
edu.synthetic.androzoo.malware.overlay_pin_stealer.1108,malware,1,0.9962511658668518,1,malware,82
com.lungtransplant,benign,0,0.0013803842011839151,0,benign,31
edu.synthetic.androzoo.malware.wallet_stealer.1365,malware,1,0.9931839108467102,1,malware,124
edu.synthetic.androzoo.malware.banker_accessibility.0332,malware,1,0.9976547956466675,1,malware,47
com.deere.myoperations,benign,0,0.0121225044131279,0,benign,136
com.skymobi.battletowers,malware,1,0.9876041412353516,1,malware,115
com.ionicframework.cs0786,benign,0,0.951306164264679,1,malware,66
edu.synthetic.androzoo.malware.banker_accessibility.0484,malware,1,0.9919784069061279,1,malware,238
com.newscope.news.wk,benign,0,0.0012782660778611898,0,benign,163
com.elian.lambabible,benign,0,0.9913328289985657,1,malware,199
com.workvivo.android,benign,0,0.03017645701766014,0,benign,27
com.sxb.answer.activity,malware,1,0.9994655251502991,1,malware,29
hu.vodafone.apps.myvodafone,benign,0,0.00027649724506773055,0,benign,205
nz.co.solus.Kotui.Selwyn,benign,0,0.9974543452262878,1,malware,30
edu.synthetic.androzoo.malware.ransomware_locker.0685,malware,1,0.9242161512374878,1,malware,140
edu.synthetic.androzoo.malware.spyware_surveillance.0872,malware,1,0.9781168699264526,1,malware,155
com.trinity.edupam,malware,1,0.27193254232406616,0,benign,58
edu.synthetic.androzoo.malware.wallet_stealer.1648,malware,1,0.9718106985092163,1,malware,134
nz.co.snapper.mobile,benign,0,0.002277323277667165,0,benign,156
edu.synthetic.androzoo.malware.banker_accessibility.1638,malware,1,0.9936331510543823,1,malware,190
com.finger2finger.games.chickeninline.lite,malware,1,0.9854599833488464,1,malware,67
com.qasidtandoori,benign,0,0.7144994735717773,1,malware,101
edu.synthetic.androzoo.benign.utility_background.0242,benign,0,0.39361056685447693,0,benign,72
pro.arendacar.carsandgoapp,benign,0,0.9991706609725952,1,malware,47
com.sheepyard.clickersimulator.idlecreepypark,malware,1,0.9337917566299438,1,malware,170
com.loyal.musicality,benign,0,0.002458727452903986,0,benign,109
com.appsolutionslab.discoverusa,benign,0,0.0003836617397610098,0,benign,35
cc.meowssage.astroweather,benign,0,0.9480581283569336,1,malware,137
ovh.sauzanaprod.meteovenezuela,benign,0,0.003974328748881817,0,benign,161
com.picturest.my,malware,1,0.9921200275421143,1,malware,47
com.lq.speedracingGP,malware,1,0.034604307264089584,0,benign,15
com.scoolinary.app,benign,0,0.02424655668437481,0,benign,13
edu.synthetic.androzoo.malware.overlay_pin_stealer.0178,malware,1,0.9960947632789612,1,malware,145
com.tradeindia.apps.timessenger,benign,0,0.9096825122833252,1,malware,112
com.hy.csj,malware,1,0.9963282942771912,1,malware,230
edu.synthetic.androzoo.malware.ransomware_locker.0067,malware,1,0.9282346963882446,1,malware,89
edu.synthetic.androzoo.malware.overlay_pin_stealer.1263,malware,1,0.9985118508338928,1,malware,159
edu.synthetic.androzoo.malware.dropper_loader.0699,malware,1,0.6395173668861389,1,malware,176
com.redshieldvpn.app,benign,0,0.02343498356640339,0,benign,48
edu.synthetic.androzoo.benign.commerce_social.0244,benign,0,0.00225346558727324,0,benign,180
webviewgold.iTipFooty,benign,0,0.1941281110048294,0,benign,126
edu.synthetic.androzoo.malware.spyware_surveillance.1456,malware,1,0.9927956461906433,1,malware,170
edu.synthetic.androzoo.malware.dropper_loader.0266,malware,1,0.9953234791755676,1,malware,57
com.binary.hrms,benign,0,0.05817074701189995,0,benign,55
com.gaudium.skoob,benign,0,0.0010682466672733426,0,benign,175
com.egeio.fangcloud,malware,1,0.03231683373451233,0,benign,28
com.sebferrer.life_notes,benign,0,0.016990939155220985,0,benign,41
edu.synthetic.androzoo.benign.maps_cloud.0031,benign,0,0.0024700015783309937,0,benign,208
edu.synthetic.androzoo.malware.spyware_surveillance.1574,malware,1,0.8324001431465149,1,malware,102
ru.nexttehnika.sos112ru.wrtc,benign,0,0.1371702402830124,0,benign,32
com.pricelesscarrental.app,benign,0,0.005313468165695667,0,benign,88
com.arketa.herehotyoga,benign,0,0.0006843972951173782,0,benign,25
edu.synthetic.androzoo.malware.spyware_surveillance.1220,malware,1,0.9960857629776001,1,malware,154
com.subsplashconsulting.s_98GV3H,benign,0,0.3265070617198944,0,benign,174
com.openworld.carsimulatorct,benign,0,0.6716623902320862,1,malware,89
edu.synthetic.androzoo.malware.banker_accessibility.1410,malware,1,0.9945952296257019,1,malware,101
se.selfmadeacademy,benign,0,0.05402218922972679,0,benign,11
org.alias,benign,0,0.7055574059486389,1,malware,151
com.subsplashconsulting.s_FT5NQC,benign,0,0.9527676105499268,1,malware,142
app.hallow.android,benign,0,0.0041131568141281605,0,benign,173
com.u8.pblast,benign,0,0.008855018764734268,0,benign,129
com.transsion.healthlife,benign,0,0.017826324328780174,0,benign,12
com.scriptoind.coinsim,benign,0,0.00257142074406147,0,benign,118
edu.synthetic.androzoo.malware.dropper_loader.1551,malware,1,0.9343022108078003,1,malware,198
edu.synthetic.androzoo.malware.wallet_stealer.0392,malware,1,0.9631360769271851,1,malware,119
edu.synthetic.androzoo.malware.dropper_loader.0796,malware,1,0.9370464086532593,1,malware,202
edu.synthetic.androzoo.malware.spyware_surveillance.1872,malware,1,0.9973057508468628,1,malware,47
ai.hyke.dealer,benign,0,0.025677649304270744,0,benign,93
com.guesttoguest.android,benign,0,0.0769120529294014,0,benign,37
edu.synthetic.androzoo.malware.sms_otp_stealer.1905,malware,1,0.9964351654052734,1,malware,43
edu.synthetic.androzoo.malware.banker_accessibility.0500,malware,1,0.9988471269607544,1,malware,74
br.com.zeroeum.biblia,benign,0,0.5485938787460327,1,malware,75
com.innobe.apps.farmdiary.vnext,benign,0,0.9994491934776306,1,malware,46
edu.synthetic.androzoo.malware.banker_accessibility.1343,malware,1,0.9849869608879089,1,malware,203
com.global.pnck,benign,0,0.0012462337035685778,0,benign,228
edu.synthetic.androzoo.malware.sms_otp_stealer.1974,malware,1,0.9973652958869934,1,malware,143
com.plussmilea.lamhaa,benign,0,0.99257493019104,1,malware,95
com.leqi.ProfessionalIDPhoto,malware,1,0.8230947256088257,1,malware,49
com.tmgreengrouptimesheets,benign,0,0.0088685667142272,0,benign,64
com.hstech.cretamaris,benign,0,0.10515876114368439,0,benign,139
com.jeindevica.origamiairplanes,benign,0,0.003155990270897746,0,benign,99
edu.synthetic.androzoo.benign.maps_cloud.0104,benign,0,0.003832143498584628,0,benign,67
com.ab.vectronix,benign,0,0.05326942726969719,0,benign,112
com.dmitsoft.pinwheel,benign,0,0.7178829312324524,1,malware,69
edu.synthetic.androzoo.malware.ransomware_locker.0737,malware,1,0.7439057230949402,1,malware,107
edu.synthetic.androzoo.malware.banker_accessibility.1404,malware,1,0.9520408511161804,1,malware,165
com.ilicit.istanbul.metro.hd,malware,1,0.9998316764831543,1,malware,113
edu.synthetic.androzoo.malware.ransomware_locker.0548,malware,1,0.9596840739250183,1,malware,84
edu.synthetic.androzoo.malware.banker_accessibility.0407,malware,1,0.9845172762870789,1,malware,223
water.sort.soda.color.puzzle.games,benign,0,0.009008343331515789,0,benign,161
com.youth4work.BHU_TEST,benign,0,0.01136399619281292,0,benign,84
com.dengtadoctor.ear,malware,1,0.9978085160255432,1,malware,83
edu.synthetic.androzoo.malware.banker_accessibility.1740,malware,1,0.9992716908454895,1,malware,71
edu.synthetic.androzoo.malware.spyware_surveillance.0978,malware,1,0.887256920337677,1,malware,121
jp.arrano.dogyearscalc,benign,0,0.014675193466246128,0,benign,15
edu.synthetic.androzoo.malware.overlay_pin_stealer.1051,malware,1,0.9126851558685303,1,malware,172
com.softwareeurope.expensesmobile,benign,0,0.04995645210146904,0,benign,21
com.shopgate.android.app10238,benign,0,0.005768100265413523,0,benign,118
com.brooksee.boulderthon,benign,0,0.07479918003082275,0,benign,34
edu.synthetic.androzoo.malware.adware_clicker.1562,malware,1,0.9967666864395142,1,malware,81
com.cofox.kahunas.CameronLeemingFitness,benign,0,0.015920234844088554,0,benign,137
edu.synthetic.androzoo.malware.adware_clicker.1536,malware,1,0.9974785447120667,1,malware,177
edu.synthetic.androzoo.benign.media_game.0067,benign,0,0.007196891121566296,0,benign,157
edu.synthetic.androzoo.malware.banker_accessibility.1837,malware,1,0.9995582699775696,1,malware,82
com.abs_ns.vessel653,benign,0,0.9404091835021973,1,malware,43
edu.synthetic.androzoo.malware.spyware_surveillance.1706,malware,1,0.846638023853302,1,malware,154
appinventor.ai_illescasjesica.Eticaconchaire,benign,0,0.000890101189725101,0,benign,44
com.assistant.file.clean.pro,malware,1,0.9582318663597107,1,malware,54
br.com.mytrace.stark,benign,0,0.998805046081543,1,malware,36
com.indiandevelopershailendra.tailorbookpro,benign,0,0.0011677503352984786,0,benign,125
com.salla.badreig,benign,0,0.002234511077404022,0,benign,208
edu.synthetic.androzoo.malware.overlay_pin_stealer.1321,malware,1,0.7077569961547852,1,malware,118
com.truemythgames.beadssortcraft,benign,0,0.195316880941391,0,benign,117
com.pedidosya,benign,0,0.002913316711783409,0,benign,247
com.thuanlumi.gentlesunny,benign,0,0.24035511910915375,0,benign,35
com.t2s.cookiecrumble798808,benign,0,0.0019816539715975523,0,benign,165
com.istar.rclient,benign,0,0.31497833132743835,0,benign,22
com.microsoft.windowsintune.companyportal,benign,0,0.003262714482843876,0,benign,116
edu.synthetic.androzoo.malware.dropper_loader.1509,malware,1,0.7981570959091187,1,malware,91
com.lijordan.terra,benign,0,0.7678199410438538,1,malware,144
edu.synthetic.androzoo.malware.spyware_surveillance.0460,malware,1,0.9960789084434509,1,malware,190
edu.synthetic.androzoo.malware.sms_otp_stealer.0053,malware,1,0.98912513256073,1,malware,114
edu.synthetic.androzoo.malware.spyware_surveillance.0898,malware,1,0.9795671105384827,1,malware,113
com.vero.neomiAR,benign,0,0.039957694709300995,0,benign,10
net.manoloworks.Mecklenburg_Vorpommern_radiosender,benign,0,0.0013107198756188154,0,benign,150
edu.synthetic.androzoo.malware.spyware_surveillance.0487,malware,1,0.9411003589630127,1,malware,141
edu.synthetic.androzoo.malware.wallet_stealer.0682,malware,1,0.998420000076294,1,malware,56
edu.synthetic.androzoo.malware.wallet_stealer.0644,malware,1,0.9975739121437073,1,malware,156
edu.synthetic.androzoo.benign.maps_cloud.0149,benign,0,0.011016089469194412,0,benign,134
edu.synthetic.androzoo.malware.banker_accessibility.1768,malware,1,0.9890015125274658,1,malware,232
com.kddglm.xjl,malware,1,0.006395583041012287,0,benign,85
edu.synthetic.androzoo.malware.spyware_surveillance.1724,malware,1,0.9372703433036804,1,malware,44
com.ht96.trongdaotran.dongyapplication,benign,0,0.01153282355517149,0,benign,75
com.abacuschampsacademy.abacusChamp,benign,0,0.00355602172203362,0,benign,10
com.acid.app,benign,0,0.0006953344563953578,0,benign,102
edu.synthetic.androzoo.malware.spyware_surveillance.0153,malware,1,0.8921087980270386,1,malware,135
edu.synthetic.androzoo.malware.banker_accessibility.0829,malware,1,0.9960936903953552,1,malware,149
com.allup.ufc,benign,0,0.9219576716423035,1,malware,22
com.keytom.app.twa,benign,0,0.6068009734153748,1,malware,76
es.odilo.merck,benign,0,0.8585098385810852,1,malware,159
uk.co.stefsquared.vanguard,benign,0,0.7685726284980774,1,malware,111
com.lt.shakeme,malware,1,0.044153548777103424,0,benign,95
com.restaumatic.bosca_pizzeria_production,benign,0,0.24608665704727173,0,benign,67
edu.synthetic.androzoo.benign.utility_background.0140,benign,0,0.047564394772052765,0,benign,102
com.sstech.suh.dic.hau,malware,1,0.654120922088623,1,malware,65
com.taskgo.app,benign,0,0.9306652545928955,1,malware,100
com.otobeas.horus,benign,0,0.8223224878311157,1,malware,23
edu.synthetic.androzoo.malware.banker_accessibility.1173,malware,1,0.9981940388679504,1,malware,185
com.teccom.radiosdenicaraguaenvivo,benign,0,0.005036027170717716,0,benign,11
edu.synthetic.androzoo.malware.banker_accessibility.0321,malware,1,0.9945613741874695,1,malware,93
edu.synthetic.androzoo.malware.overlay_pin_stealer.1176,malware,1,0.9966614246368408,1,malware,42
edu.synthetic.androzoo.malware.ransomware_locker.0868,malware,1,0.8901321291923523,1,malware,148
com.cslm.abc,malware,1,0.0008333947043865919,0,benign,12
edu.synthetic.androzoo.malware.banker_accessibility.1299,malware,1,0.9959536790847778,1,malware,95
edu.synthetic.androzoo.malware.spyware_surveillance.1157,malware,1,0.9956560134887695,1,malware,61
com.fornetjob.neonballs,benign,0,0.33258864283561707,0,benign,102
edu.synthetic.androzoo.malware.ransomware_locker.1257,malware,1,0.982776403427124,1,malware,98
edu.synthetic.androzoo.benign.media_game.0115,benign,0,0.021769683808088303,0,benign,141
com.ingrails.motherland,benign,0,0.02213348262012005,0,benign,27
cs.cover.strike.gun.shooting.games.offline,benign,0,0.0039917053654789925,0,benign,21
com.nuqiapp.mayzallari,benign,0,0.9981338381767273,1,malware,40
com.evaapp.evacharging,benign,0,0.011006971821188927,0,benign,37
edu.synthetic.androzoo.malware.banker_accessibility.1685,malware,1,0.9965014457702637,1,malware,102
edu.synthetic.androzoo.malware.overlay_pin_stealer.0540,malware,1,0.9991801381111145,1,malware,39
ru.ftc.faktura.kbhmb,benign,0,0.0015044650062918663,0,benign,63
com.writer.xzj,malware,1,0.0003176662139594555,0,benign,41
jp.naver.linemanga.android,benign,0,0.014163549058139324,0,benign,50
com.freeappszone.mariachimusic,benign,0,0.0058843400329351425,0,benign,121
edu.synthetic.androzoo.malware.banker_accessibility.1195,malware,1,0.9972099661827087,1,malware,149
com.woqu.fruit.yyh,malware,1,0.0032673762179911137,0,benign,10
co.benx.weverse,benign,0,0.0006519323796965182,0,benign,159
edu.synthetic.androzoo.malware.overlay_pin_stealer.0505,malware,1,0.9983580708503723,1,malware,69
xyz.xoventechdev.saifnetudplite,malware,1,0.0004943460808135569,0,benign,18
com.wepartytt,benign,0,0.0014928871532902122,0,benign,207
com.clanified.virtual.rent.family.sim,benign,0,0.03348574414849281,0,benign,14
com.dictionary.englishtohinditranslator,malware,1,0.5554306507110596,1,malware,221
com.fibrum.froggyvr,malware,1,0.986935019493103,1,malware,15
com.lechneralexander.privatebrowser,malware,1,0.06229986622929573,0,benign,63
com.cashaa.app,benign,0,0.008556384593248367,0,benign,12
edu.synthetic.androzoo.malware.ransomware_locker.1799,malware,1,0.9687798023223877,1,malware,56
edu.synthetic.androzoo.malware.spyware_surveillance.1592,malware,1,0.9994239807128906,1,malware,91
com.august.bennu,benign,0,0.002415046561509371,0,benign,52
edu.synthetic.androzoo.malware.sms_otp_stealer.1766,malware,1,0.9882332682609558,1,malware,119
edu.synthetic.androzoo.malware.overlay_pin_stealer.1100,malware,1,0.6511719226837158,1,malware,171
com.chronogolf.booking.pinecrest,benign,0,0.0007678040419705212,0,benign,146
com.sinyee.babybus.digging,malware,1,0.008068793453276157,0,benign,18
edu.synthetic.androzoo.malware.wallet_stealer.0389,malware,1,0.9919379353523254,1,malware,132
edu.synthetic.androzoo.malware.dropper_loader.1955,malware,1,0.9684186577796936,1,malware,239
tv.nexstar.id3552,benign,0,0.5206196904182434,1,malware,186
edu.synthetic.androzoo.malware.spyware_surveillance.1772,malware,1,0.9939982891082764,1,malware,114
com.ggstudio.yeloli,benign,0,0.02509286254644394,0,benign,17
edu.synthetic.androzoo.malware.wallet_stealer.1701,malware,1,0.9979343414306641,1,malware,88
jp.studysapurienglish.student,benign,0,0.001434094738215208,0,benign,124
com.kuaiyou.loveplatform,malware,1,0.6427253484725952,1,malware,64
app.ledscrolldisplay,benign,0,0.02933211624622345,0,benign,126
com.yuwanxiong.yzddtwo,malware,1,0.06429284811019897,0,benign,181
edu.synthetic.androzoo.malware.dropper_loader.1491,malware,1,0.39330753684043884,0,benign,98
edu.synthetic.androzoo.malware.overlay_pin_stealer.1936,malware,1,0.9992109537124634,1,malware,48
pi.browser,benign,0,0.0012296728091314435,0,benign,138
edu.synthetic.androzoo.malware.adware_clicker.1851,malware,1,0.9997243285179138,1,malware,150
edu.synthetic.androzoo.benign.webview_content.0088,benign,0,0.019884975627064705,0,benign,69
io.aira.explorer,benign,0,0.23621098697185516,0,benign,25
no.nyby,benign,0,0.0009540615719743073,0,benign,112
edu.synthetic.androzoo.malware.spyware_surveillance.1027,malware,1,0.9204801321029663,1,malware,103
com.roadside.drive,benign,0,0.015250296331942081,0,benign,49
edu.synthetic.androzoo.malware.dropper_loader.0399,malware,1,0.011202475987374783,0,benign,46
com.funnygames.game.smania,benign,0,0.006428806111216545,0,benign,207
edu.synthetic.androzoo.malware.dropper_loader.0177,malware,1,0.9831619262695312,1,malware,163
acumen.track.gps,benign,0,0.12765014171600342,0,benign,39
com.rez.minebuild,malware,1,0.756534993648529,1,malware,35
edu.synthetic.androzoo.malware.adware_clicker.0965,malware,1,0.9929975271224976,1,malware,50
com.accor.appli.hybrid,benign,0,0.20329582691192627,0,benign,215
edu.synthetic.androzoo.benign.media_game.0146,benign,0,0.07962145656347275,0,benign,47
br.com.ideia2001.CatalogoFConfuorto,benign,0,0.8977582454681396,1,malware,52
news.cnr.cn,malware,1,0.12122248858213425,0,benign,103
com.gomemyc.mylc.android,malware,1,0.05025004968047142,0,benign,106
edu.synthetic.androzoo.malware.dropper_loader.0780,malware,1,0.9849323630332947,1,malware,180
edu.synthetic.androzoo.malware.ransomware_locker.1859,malware,1,0.9782630801200867,1,malware,71
edu.synthetic.androzoo.malware.overlay_pin_stealer.0585,malware,1,0.978069543838501,1,malware,192
com.habapp,benign,0,0.4972790479660034,0,benign,85
com.apextiming.speeders,benign,0,0.08280079811811447,0,benign,178
ai.qed.scanspectrum2.app.ss,benign,0,0.01463511772453785,0,benign,51
com.jfox.huntersss.tw,malware,1,0.001379029592499137,0,benign,59
com.trackingtopia.seoulairportguide,benign,0,0.15059170126914978,0,benign,111
fr.djma.app,benign,0,0.20002995431423187,0,benign,35
edu.synthetic.androzoo.malware.spyware_surveillance.1113,malware,1,0.895348310470581,1,malware,177
edu.synthetic.androzoo.malware.spyware_surveillance.0616,malware,1,0.9982234835624695,1,malware,151
net.dzyga.android.fishing,benign,0,0.950090765953064,1,malware,122
edu.synthetic.androzoo.benign.utility_background.0014,benign,0,0.003197447629645467,0,benign,44
com.gff.car.transport.cargo.plane,malware,1,0.9535169005393982,1,malware,13
com.roababusinessdirectory.roaba,benign,0,0.0004875549057032913,0,benign,32
org.lateral.app,benign,0,0.015750180929899216,0,benign,69
com.drcom.DuoDian,malware,1,0.9968433380126953,1,malware,17
com.productmadness.cashmancasino,benign,0,0.0016469423426315188,0,benign,113
com.xizi.quan,malware,1,0.13654164969921112,0,benign,106
jp.pxv.android,benign,0,0.0012759865494444966,0,benign,187
com.sinyee.babybus.babydrawing,malware,1,0.9860038161277771,1,malware,50
com.akhenaton.dr_shady,benign,0,0.0018634238513186574,0,benign,104
com.weappin.weappfitAquaSportsLanzarote,benign,0,0.8923868536949158,1,malware,15
com.lilithgame.sgame.gp.oss,benign,0,0.02166428416967392,0,benign,35
com.yxkj.medicine,malware,1,0.0006021179142408073,0,benign,34
edu.synthetic.androzoo.malware.banker_accessibility.1021,malware,1,0.9993054866790771,1,malware,111
edu.synthetic.androzoo.malware.dropper_loader.1499,malware,1,0.9673919677734375,1,malware,155
com.gravitygamestudio.hiddenobject,benign,0,0.9779361486434937,1,malware,82
com.touringplans.dlrlines.android,benign,0,0.07576414197683334,0,benign,93
edu.synthetic.androzoo.malware.overlay_pin_stealer.0691,malware,1,0.9994402527809143,1,malware,45
edu.synthetic.androzoo.benign.media_game.0076,benign,0,0.0031039065215736628,0,benign,130
com.arksur.navol,malware,1,0.5134660005569458,1,malware,157
edu.synthetic.androzoo.malware.dropper_loader.1539,malware,1,0.8465578556060791,1,malware,65
jp.co.jal.flightfun,benign,0,0.0010313444072380662,0,benign,76
edu.synthetic.androzoo.malware.sms_otp_stealer.0163,malware,1,0.9980931878089905,1,malware,82
com.ambrotechs.bluebay,benign,0,0.9990177154541016,1,malware,57
edu.synthetic.androzoo.malware.overlay_pin_stealer.1477,malware,1,0.9993280172348022,1,malware,44
com.prim.app.primarkmf,benign,0,0.009421778842806816,0,benign,16
edu.synthetic.androzoo.malware.spyware_surveillance.1002,malware,1,0.9798043966293335,1,malware,41
ecommerce_166.android.app,benign,0,0.016789520159363747,0,benign,100
com.nexon.bluearchive,benign,0,0.9986779093742371,1,malware,124
com.viva.vivamax,benign,0,0.0007556263008154929,0,benign,166
br.com.guiasos.app53on,benign,0,0.0046569486148655415,0,benign,137
edu.synthetic.androzoo.malware.overlay_pin_stealer.0366,malware,1,0.9755143523216248,1,malware,168
com.ibuild.isaving,benign,0,0.01010572537779808,0,benign,100
edu.synthetic.androzoo.malware.banker_accessibility.0011,malware,1,0.9828718900680542,1,malware,176
edu.synthetic.androzoo.malware.spyware_surveillance.0459,malware,1,0.9853858947753906,1,malware,122
in.mohalla.video,benign,0,0.42291393876075745,0,benign,298
com.cargo.gel,benign,0,0.9991568326950073,1,malware,26
com.vikingmaxx.hook,benign,0,0.009515157900750637,0,benign,17
com.appsphereinnovations.tamilcomedystickers,benign,0,0.9499033689498901,1,malware,131
edu.synthetic.androzoo.malware.overlay_pin_stealer.0696,malware,1,0.9991812109947205,1,malware,42
edu.synthetic.androzoo.malware.banker_accessibility.1985,malware,1,0.9990112781524658,1,malware,53
com.ysg.ejt,malware,1,0.998238205909729,1,malware,81
com.TrofyGames.UboatAttack,benign,0,0.0810917541384697,0,benign,70
com.tippingcanoe.pepperpl,benign,0,0.002945312764495611,0,benign,118
com.lotus.lianliankan,malware,1,0.9995542168617249,1,malware,159
edu.synthetic.androzoo.malware.banker_accessibility.0415,malware,1,0.9986996650695801,1,malware,68
com.linj,malware,1,0.0004159507225267589,0,benign,14
world.battle.army.power,benign,0,0.0066029829904437065,0,benign,129
com.funiza.poolstrikeoffline,benign,0,0.1159968450665474,0,benign,130
io.stockapp.starter,benign,0,0.9989615678787231,1,malware,76
com.bob.luckystar,malware,1,0.9961513876914978,1,malware,157
edu.synthetic.androzoo.malware.adware_clicker.1328,malware,1,0.9996165037155151,1,malware,40
edu.synthetic.androzoo.malware.banker_accessibility.1775,malware,1,0.9895696640014648,1,malware,232
edu.synthetic.androzoo.malware.banker_accessibility.0748,malware,1,0.9825025796890259,1,malware,169
edu.synthetic.androzoo.malware.dropper_loader.0874,malware,1,0.19160182774066925,0,benign,165
de.web.mobile.android.mail,benign,0,0.028764590620994568,0,benign,34
com.apptegy.citydesarc,benign,0,0.001833509188145399,0,benign,150
edu.synthetic.androzoo.benign.webview_content.0022,benign,0,0.9195191860198975,1,malware,157
com.mxtech.videoplayer.ad,benign,0,0.013284115120768547,0,benign,347
edu.synthetic.androzoo.malware.spyware_surveillance.1507,malware,1,0.999139666557312,1,malware,66
ai.atheneum,benign,0,0.007676080800592899,0,benign,17
edu.synthetic.androzoo.malware.dropper_loader.1486,malware,1,0.9858726263046265,1,malware,162
com.watercountry.mobile,benign,0,0.006662973202764988,0,benign,202
com.neema.android,benign,0,0.006339978892356157,0,benign,333
net.motortalk.android.board,benign,0,0.0021741343662142754,0,benign,111
com.maddevices.combatsmobile,malware,1,0.9980879426002502,1,malware,47
com.conformit.intervention,benign,0,0.06999317556619644,0,benign,84
com.codewai.radios.uk.hsm,benign,0,0.013051189482212067,0,benign,103
com.egitimyazilimlari.smartboard,benign,0,0.03579432889819145,0,benign,23
io.plagap.com,benign,0,0.9988409876823425,1,malware,55
edu.synthetic.androzoo.malware.spyware_surveillance.1942,malware,1,0.9973244667053223,1,malware,100
com.igg.android.galaxyonline3_beta,malware,1,0.0009161295020021498,0,benign,53
com.couplower.qin,malware,1,0.01688341423869133,0,benign,84
edu.synthetic.androzoo.malware.dropper_loader.1886,malware,1,0.9937193393707275,1,malware,138
com.bushiroad.BushiroadFightersNavigator,benign,0,0.0022382873576134443,0,benign,146
com.hishabee.business,benign,0,0.06145992502570152,0,benign,164
com.gizmodus.myswimcoach,benign,0,0.0012479770230129361,0,benign,128
com.trainerize.unconventionaltrainingapp,benign,0,0.022340990602970123,0,benign,41
com.ppapps.collections,benign,0,0.010098944418132305,0,benign,121
edu.synthetic.androzoo.malware.wallet_stealer.0878,malware,1,0.995926022529602,1,malware,57
com.newsparkapps.indianheavydrivercheatcodes,benign,0,0.13653340935707092,0,benign,179
edu.synthetic.androzoo.malware.wallet_stealer.1065,malware,1,0.9921790361404419,1,malware,154
com.kairogame.android.Depart,malware,1,0.3807435631752014,0,benign,89
com.immusician.musiclass,malware,1,0.8800978660583496,1,malware,58
com.nekki.shadowfight3,malware,1,0.002351283561438322,0,benign,121
edu.synthetic.androzoo.malware.banker_accessibility.1645,malware,1,0.9705818891525269,1,malware,172
edu.synthetic.androzoo.malware.spyware_surveillance.0788,malware,1,0.8079482913017273,1,malware,164
edu.synthetic.androzoo.malware.ransomware_locker.0451,malware,1,0.9427471160888672,1,malware,77
edu.synthetic.androzoo.malware.banker_accessibility.1094,malware,1,0.9982935786247253,1,malware,151
com.happy.box.draw.shapes.game.cn,malware,1,0.3265472948551178,0,benign,25
ld.learn.acupressure.points.acupuncture.tips,malware,1,0.0008145389729179442,0,benign,10
com.ledpixelart.piledriver,benign,0,0.00040341197745874524,0,benign,15
com.visionect.joan.desk,benign,0,0.0003841629659291357,0,benign,136
edu.synthetic.androzoo.benign.commerce_social.0066,benign,0,0.00410789018496871,0,benign,162
org.osmosis.med,benign,0,0.994022786617279,1,malware,18
com.pickle.HelicopterFlightPilotSimulator,benign,0,0.0008012375910766423,0,benign,143
com.kt.kids.playground,benign,0,0.0010415432043373585,0,benign,120
com.youvisit.hybridvr59971,malware,1,0.006988401524722576,0,benign,104
edu.synthetic.androzoo.malware.overlay_pin_stealer.1613,malware,1,0.9989147186279297,1,malware,33
com.funeasylearn.danish,benign,0,0.0011612605303525925,0,benign,149
com.facilitygrid.mobile,benign,0,0.9982725381851196,1,malware,58
com.kigle.seaanimals,benign,0,0.14531710743904114,0,benign,39
io.axip.inneralchemy,benign,0,0.9948059916496277,1,malware,105
com.barcode.picture.scanner.reader,malware,1,0.9983599781990051,1,malware,52
com.englishkeyboard.voicetyping.speaktotype.translator,benign,0,0.006374370772391558,0,benign,101
com.dhadbadati.apps.ram_katha_hindi,benign,0,0.4642428457736969,0,benign,177
ru.zebomba.find,benign,0,0.001574489288032055,0,benign,142
com.taxigo.ee,benign,0,0.024816207587718964,0,benign,165
edu.synthetic.androzoo.malware.banker_accessibility.0553,malware,1,0.9341322183609009,1,malware,216
edu.synthetic.androzoo.malware.spyware_surveillance.0715,malware,1,0.9835141897201538,1,malware,42
ruler.bubblelevel,benign,0,0.0013962507946416736,0,benign,129
com.grinasys.fwl,benign,0,0.07070959359407425,0,benign,23
com.colorful.colors.wallPapers,benign,0,0.020886309444904327,0,benign,188
edu.synthetic.androzoo.malware.overlay_pin_stealer.0435,malware,1,0.9975816011428833,1,malware,80
com.app.float_chat,malware,1,0.4357474744319916,0,benign,11
edu.synthetic.androzoo.malware.wallet_stealer.1411,malware,1,0.99834144115448,1,malware,64
org.getcompliant.getcompliantapp,benign,0,0.9955382943153381,1,malware,36
com.edurev.ielts,benign,0,0.0028922955971211195,0,benign,140
jp.co.zensho.sukiyamoap,benign,0,0.0007526890840381384,0,benign,123
com.esiwei.yyasianshop,malware,1,0.9938482642173767,1,malware,104
com.paysii.referral,benign,0,0.9970539808273315,1,malware,95
edu.synthetic.androzoo.malware.sms_otp_stealer.1068,malware,1,0.9921080470085144,1,malware,36
edu.synthetic.androzoo.malware.ransomware_locker.1044,malware,1,0.8907784223556519,1,malware,42
com.metta.mindfulness,malware,1,0.0015037176199257374,0,benign,95
edu.synthetic.androzoo.malware.sms_otp_stealer.0092,malware,1,0.6641852259635925,1,malware,30
uk.co.newsquest.dorsetecho,benign,0,0.013750653713941574,0,benign,189
edu.synthetic.androzoo.malware.spyware_surveillance.0304,malware,1,0.9977527260780334,1,malware,54
com.DevDragon.QuebraCabecasBenzemaPuzzles,benign,0,0.9990241527557373,1,malware,91
edu.synthetic.androzoo.malware.ransomware_locker.0897,malware,1,0.9822781085968018,1,malware,78
edu.synthetic.androzoo.malware.ransomware_locker.1641,malware,1,0.9931219220161438,1,malware,73
edu.synthetic.androzoo.malware.dropper_loader.0014,malware,1,0.05440950766205788,0,benign,69
com.trainerize.topnotchfitness,benign,0,0.23882296681404114,0,benign,36
edu.synthetic.androzoo.malware.dropper_loader.1769,malware,1,0.8499667048454285,1,malware,235
edu.synthetic.androzoo.malware.spyware_surveillance.1776,malware,1,0.8817035555839539,1,malware,94
edu.synthetic.androzoo.benign.maps_cloud.0045,benign,0,0.004692106042057276,0,benign,45
edu.synthetic.androzoo.malware.banker_accessibility.1864,malware,1,0.9929814338684082,1,malware,199
com.qysoft.zyhj,malware,1,0.998939573764801,1,malware,55
edu.synthetic.androzoo.malware.wallet_stealer.0844,malware,1,0.9978421926498413,1,malware,103
org.impactindia.llemeddocket,benign,0,0.0007350879022851586,0,benign,15
edu.synthetic.androzoo.malware.banker_accessibility.0323,malware,1,0.9912896156311035,1,malware,84
com.esuper.file.explorer,benign,0,0.10165603458881378,0,benign,266
com.frolicfoxstudio.bssd,malware,1,0.9634603261947632,1,malware,74
edu.synthetic.androzoo.malware.overlay_pin_stealer.1755,malware,1,0.9985854625701904,1,malware,121
swipestox.mobile,benign,0,0.0493544340133667,0,benign,21
com.beyondthewhiteboard.johnnyutah,benign,0,0.977880597114563,1,malware,21
com.fcy.wordgame,benign,0,0.0036428358871489763,0,benign,105
conversor.conversaotaxasbasico.clptop,benign,0,0.004838112276047468,0,benign,230
com.ifanr.activitys,malware,1,0.4128252863883972,0,benign,75
com.martian.yly.yyh,malware,1,0.9985648989677429,1,malware,85
com.saubcy.games.puzzle.Pokemon.B,malware,1,0.9983949065208435,1,malware,41
edu.synthetic.androzoo.malware.ransomware_locker.0210,malware,1,0.9959558248519897,1,malware,153
com.ubestkid.beilehu.android,malware,1,0.9946395754814148,1,malware,104
com.primeopinion.appname,benign,0,0.8433105945587158,1,malware,168
ridewithvia.bra.branttransit,benign,0,0.20171359181404114,0,benign,81
edu.synthetic.androzoo.malware.banker_accessibility.1819,malware,1,0.9983373880386353,1,malware,69
com.communi.app,benign,0,0.0071222479455173016,0,benign,36
com.is.android.modalis,benign,0,0.0027892179787158966,0,benign,146
de.tutao.tutanota,benign,0,0.9157565832138062,1,malware,24
edu.synthetic.androzoo.malware.overlay_pin_stealer.1142,malware,1,0.9851945042610168,1,malware,149
it.cardright,benign,0,0.5358232259750366,1,malware,19
edu.synthetic.androzoo.malware.banker_accessibility.0015,malware,1,0.9780033826828003,1,malware,215
edu.synthetic.androzoo.malware.banker_accessibility.0465,malware,1,0.9798324108123779,1,malware,163
com.threeminutegames.lifelinecrisislinegoog.st,malware,1,0.9992378950119019,1,malware,163
edu.synthetic.androzoo.benign.maps_cloud.0109,benign,0,0.0009810564806684852,0,benign,98
edu.synthetic.androzoo.malware.sms_otp_stealer.1673,malware,1,0.9972992539405823,1,malware,38
edu.synthetic.androzoo.malware.overlay_pin_stealer.1792,malware,1,0.9982823133468628,1,malware,79
edu.synthetic.androzoo.malware.dropper_loader.1258,malware,1,0.9138845801353455,1,malware,205
com.nu.production,benign,0,0.0003310165775474161,0,benign,54
com.souche.apps.destiny,malware,1,0.940800666809082,1,malware,20
com.app.fsinsight,benign,0,0.00569859379902482,0,benign,80
com.constanttherapy.android.main,benign,0,0.029674852266907692,0,benign,159
edu.synthetic.androzoo.malware.spyware_surveillance.1949,malware,1,0.9980130195617676,1,malware,100
com.Sunscool.Sunscool,benign,0,0.4810718595981598,0,benign,42
com.nttdocomo.keitai.payment,benign,0,0.00047693485976196826,0,benign,209
com.edujia.ime,malware,1,0.42550569772720337,0,benign,78
edu.synthetic.androzoo.malware.spyware_surveillance.0558,malware,1,0.9915939569473267,1,malware,92
edu.synthetic.androzoo.malware.dropper_loader.0663,malware,1,0.9873446822166443,1,malware,159
edu.synthetic.androzoo.malware.ransomware_locker.1032,malware,1,0.9963143467903137,1,malware,126
com.Playtime.CC0107,malware,1,0.9988304972648621,1,malware,30
sharedesk.net.optixapp.launchcowork,benign,0,0.0003241977537982166,0,benign,148
edu.synthetic.androzoo.malware.dropper_loader.0958,malware,1,0.9811640381813049,1,malware,171
com.zhihui.chinese,malware,1,0.0161755234003067,0,benign,17
jp.co.iyobank.dhdl.safety.playstore,benign,0,0.9471710324287415,1,malware,96
com.vool.app,benign,0,0.04351891949772835,0,benign,18
edu.synthetic.androzoo.malware.spyware_surveillance.0763,malware,1,0.9949244260787964,1,malware,175
edu.synthetic.androzoo.malware.overlay_pin_stealer.0278,malware,1,0.9991113543510437,1,malware,121
com.easytech.wc4.android,benign,0,0.0111860241740942,0,benign,79
com.xiyue.drama,benign,0,0.0025700428523123264,0,benign,34
com.mnightt.slices,benign,0,0.0018330345628783107,0,benign,134
edu.synthetic.androzoo.malware.dropper_loader.0085,malware,1,0.9631421566009521,1,malware,166
com.uniforest.connect,benign,0,0.99834144115448,1,malware,51
edu.synthetic.androzoo.malware.banker_accessibility.0433,malware,1,0.9260633587837219,1,malware,138
com.domicilien.aase,benign,0,0.9985407590866089,1,malware,32
edu.synthetic.androzoo.malware.overlay_pin_stealer.1412,malware,1,0.9968706965446472,1,malware,105
edu.synthetic.androzoo.malware.banker_accessibility.1251,malware,1,0.945796012878418,1,malware,117
com.udyam,benign,0,0.005533039104193449,0,benign,129
com.comptoirdespecheurs.app.dkt,benign,0,0.5324510931968689,1,malware,180
fi.upsi,benign,0,0.5494971871376038,1,malware,49
edu.synthetic.androzoo.malware.dropper_loader.1324,malware,1,0.991824209690094,1,malware,179
digifit.android.virtuagym.pro.personaltrainingastensomeren,benign,0,0.04439930245280266,0,benign,46
com.southradios,benign,0,0.06731931865215302,0,benign,176
edu.synthetic.androzoo.malware.wallet_stealer.0815,malware,1,0.9981809854507446,1,malware,127
dev.Frases.deAmor.jado,benign,0,0.05248083919286728,0,benign,32
com.hltcorp.footcare,benign,0,0.0014411418233066797,0,benign,175
com.aladinfun.islandking.android,benign,0,0.001902927877381444,0,benign,118
edu.synthetic.androzoo.malware.adware_clicker.2043,malware,1,0.9974446296691895,1,malware,98
edu.synthetic.androzoo.malware.spyware_surveillance.0890,malware,1,0.9781663417816162,1,malware,50
bin.mt.plus,malware,1,0.10124358534812927,0,benign,51
com.recode.pregis,benign,0,0.0036284197121858597,0,benign,34
com.fintasys.weddy,benign,0,0.1757037341594696,0,benign,30
com.joinrh.ead,benign,0,0.9995549321174622,1,malware,55
edu.synthetic.androzoo.malware.overlay_pin_stealer.0274,malware,1,0.9983817338943481,1,malware,55
com.inhouse.chinesewriter,benign,0,0.017740486189723015,0,benign,56
edu.synthetic.androzoo.malware.overlay_pin_stealer.1052,malware,1,0.9984234571456909,1,malware,82
com.compareinsurance.carinsurancecheckapp,malware,1,0.09385419636964798,0,benign,82
uk.co.aifactory.sudokufree,benign,0,0.1484120488166809,0,benign,56
com.focustech.abizbest.app.moblie,malware,1,0.057505253702402115,0,benign,79
com.lemellabs.differences,benign,0,0.0007856269949115813,0,benign,141
edu.synthetic.androzoo.malware.spyware_surveillance.0509,malware,1,0.9844192862510681,1,malware,125
com.ssgz.pica,benign,0,0.004872339311987162,0,benign,38
edu.synthetic.androzoo.malware.wallet_stealer.0711,malware,1,0.9993250370025635,1,malware,37
com.app.naijaacres,benign,0,0.9994926452636719,1,malware,13
edu.synthetic.androzoo.malware.wallet_stealer.1829,malware,1,0.9934388995170593,1,malware,158
com.m2sys.secugenpro,benign,0,0.1710636019706726,0,benign,70
edu.synthetic.androzoo.malware.ransomware_locker.1177,malware,1,0.9954180717468262,1,malware,63
com.trainerize.dutifitness,benign,0,0.03246768191456795,0,benign,16
edu.synthetic.androzoo.malware.ransomware_locker.1164,malware,1,0.988109290599823,1,malware,163
com.chairenhuo.qshuiynm.cookman.happiness,malware,1,0.3844445049762726,0,benign,121
com.customchurchapps.appooghwy0c,benign,0,0.10412381589412689,0,benign,164
cn.jiedh.app.jiedaihui,malware,1,0.9217401742935181,1,malware,199
edu.synthetic.androzoo.malware.dropper_loader.0173,malware,1,0.9986244440078735,1,malware,208
edu.synthetic.androzoo.malware.wallet_stealer.1088,malware,1,0.9976639747619629,1,malware,72
cutanddry.acmesteak.mobile.android,benign,0,0.022198792546987534,0,benign,147
com.magicapp.keepclean.phonebooster,malware,1,0.004746350459754467,0,benign,101
com.cambodianinvestorscorporation,benign,0,0.001415727660059929,0,benign,35
com.Revamp.SteampunkPuzzle2,malware,1,0.9530478715896606,1,malware,161
com.jasp.rosarioVirgenMaria,benign,0,0.06875905394554138,0,benign,92
com.bulkypix.orborun,malware,1,0.003862211247906089,0,benign,33
com.sahell.holyquran,benign,0,0.002436666516587138,0,benign,26
com.owlogue.mandrakeboys.kor,benign,0,0.2612399160861969,0,benign,141
com.cb.cakebaker.bakinggames.makergames,benign,0,0.0025581743102520704,0,benign,124
com.jewel.drop.slide.block.puzzlegame,benign,0,0.0008538279216736555,0,benign,122
com.hiwell,benign,0,0.9872182607650757,1,malware,79
edu.synthetic.androzoo.malware.sms_otp_stealer.1607,malware,1,0.9970338344573975,1,malware,71
com.studio27.MelonPlayground,benign,0,0.06123356148600578,0,benign,133
com.overworld.app,benign,0,0.09042412042617798,0,benign,164
edu.synthetic.androzoo.malware.overlay_pin_stealer.0140,malware,1,0.993355393409729,1,malware,107
io.flexprotect.mobile,benign,0,0.996301531791687,1,malware,22
com.best.quick.browser,malware,1,0.004397496581077576,0,benign,209
edu.synthetic.androzoo.benign.media_game.0162,benign,0,0.3408365249633789,0,benign,93
br.com.raise.app10239,benign,0,0.010040783323347569,0,benign,55
com.gutrendvision.robot,benign,0,0.36054548621177673,0,benign,82
com.kbpro.Fixiclicker,malware,1,0.010072270408272743,0,benign,238
com.pearlabyss.pearlapp,benign,0,0.0014061399269849062,0,benign,145
com.blackbird.card.aata,benign,0,0.0017347686225548387,0,benign,85
hr.asseco.android.jimba.cecro,benign,0,0.822168231010437,1,malware,140
com.dxysolutions.scihist,benign,0,0.9992617964744568,1,malware,35
edu.synthetic.androzoo.benign.utility_background.0080,benign,0,0.00206576194614172,0,benign,156
com.grocerkey.frontendapp.woodmans,benign,0,0.041514720767736435,0,benign,74
com.idcardsapp,benign,0,0.04124955087900162,0,benign,14
edu.synthetic.androzoo.malware.banker_accessibility.0083,malware,1,0.9981368780136108,1,malware,107
edu.synthetic.androzoo.malware.dropper_loader.1109,malware,1,0.7177717089653015,1,malware,89
com.MapsAndVirtualCompass,benign,0,0.0007303116144612432,0,benign,117
edu.synthetic.androzoo.malware.dropper_loader.1452,malware,1,0.005311847198754549,0,benign,168
heybarber.app,benign,0,0.9694748520851135,1,malware,15
com.directfn.universal_adx,benign,0,0.9717954397201538,1,malware,61
com.whetcloud.forunpoint.user,benign,0,0.04693903401494026,0,benign,56
com.gameme5.FTHDHD,malware,1,0.0008280838374048471,0,benign,10
edu.synthetic.androzoo.malware.dropper_loader.0523,malware,1,0.9733847975730896,1,malware,132
air.nn.VEhFUEFQQVNIT1RET0dHRVJJQQ.ThePapasHotDoggeria,malware,1,0.004523984622210264,0,benign,29
com.sobrr.agnes,benign,0,0.7363517880439758,1,malware,24
com.dailyworkhoroscopes.net,benign,0,0.9987088441848755,1,malware,58
edu.synthetic.androzoo.malware.dropper_loader.1745,malware,1,0.032960109412670135,0,benign,175
com.app.brik,benign,0,0.0024202310014516115,0,benign,90
com.CSlillians.android,benign,0,0.0008297528838738799,0,benign,103
com.flipkart.seller,benign,0,0.7702315449714661,1,malware,129
jp.co.dtpnet.user86.lc2,benign,0,0.00047927466221153736,0,benign,159
edu.synthetic.androzoo.malware.spyware_surveillance.1495,malware,1,0.9577194452285767,1,malware,142
org.commitglobal.votemonitor.app,benign,0,0.0017985189333558083,0,benign,17
edu.synthetic.androzoo.malware.overlay_pin_stealer.1647,malware,1,0.998069703578949,1,malware,88
com.storytaco.p25client,benign,0,0.0009349879692308605,0,benign,114
edu.synthetic.androzoo.malware.ransomware_locker.0906,malware,1,0.9426172375679016,1,malware,135
com.Alaa.Akl.App.Quran.Karime,benign,0,0.3485388457775116,0,benign,68
com.trainerize.theaxleworkout,benign,0,0.02424655668437481,0,benign,13
com.boa.elearning,benign,0,0.00025862015900202096,0,benign,26
com.classpro.enquiry,benign,0,0.0019892591517418623,0,benign,21
com.hqgames.pencil.sketch.photo,benign,0,0.0018349741585552692,0,benign,262
edu.synthetic.androzoo.malware.dropper_loader.1515,malware,1,0.6157358288764954,1,malware,35
edu.synthetic.androzoo.malware.banker_accessibility.0340,malware,1,0.9981497526168823,1,malware,198
timetrax.com.pk,benign,0,0.9989200830459595,1,malware,58
edu.synthetic.androzoo.malware.spyware_surveillance.0561,malware,1,0.9975109100341797,1,malware,61
com.stilog.VPGOU,benign,0,0.9948627352714539,1,malware,67
com.yk.banan,malware,1,0.6633738875389099,1,malware,19
com.unitel.mocha.app,benign,0,0.0006484847981482744,0,benign,32
com.blaszmo.bthere,benign,0,0.005502733401954174,0,benign,122
edu.synthetic.androzoo.malware.sms_otp_stealer.0110,malware,1,0.9991499185562134,1,malware,137
uk.playdrop.cherrytree_idletextrpg,benign,0,0.6559169292449951,1,malware,139
com.valentinewatchface.valentinesday.watchface,benign,0,0.004968005232512951,0,benign,117
edu.synthetic.androzoo.malware.dropper_loader.0768,malware,1,0.9754379391670227,1,malware,165
com.xd.impostor.alphabet,benign,0,0.0029987150337547064,0,benign,74
net.wordbit.enes,benign,0,0.1651218682527542,0,benign,167
edu.synthetic.androzoo.malware.overlay_pin_stealer.0639,malware,1,0.9952993392944336,1,malware,78
com.cheche365.cheche.android,malware,1,0.9876936078071594,1,malware,69
cn.com.ethank.mobilehotel,malware,1,0.9967581629753113,1,malware,203
edu.synthetic.androzoo.malware.dropper_loader.0555,malware,1,0.9992941617965698,1,malware,236
edu.synthetic.androzoo.malware.sms_otp_stealer.0746,malware,1,0.9959349632263184,1,malware,49
edu.synthetic.androzoo.malware.sms_otp_stealer.0809,malware,1,0.997986912727356,1,malware,93
edu.synthetic.androzoo.malware.overlay_pin_stealer.0195,malware,1,0.9986074566841125,1,malware,76
com.keeson.hotelmanagement,malware,1,0.0010474579175934196,0,benign,23
edu.synthetic.androzoo.benign.media_game.0132,benign,0,0.16094650328159332,0,benign,61
com.inditex.ecommerce.zarahome.android,benign,0,0.046336907893419266,0,benign,129
com.gtsy.capturing.heroes,benign,0,0.13300125300884247,0,benign,99
edu.synthetic.androzoo.malware.banker_accessibility.0667,malware,1,0.8945120573043823,1,malware,133
com.mds.tplus,benign,0,0.0016855739522725344,0,benign,89
com.crazy.doctor.hospital,benign,0,0.0003898183931596577,0,benign,169
com.supersendcustomer,malware,1,0.8067244291305542,1,malware,64
app.habitedge.chrono_cat,benign,0,0.026505589485168457,0,benign,21
edu.synthetic.androzoo.malware.adware_clicker.0536,malware,1,0.9651301503181458,1,malware,66
com.is.vitllinkSOS,malware,1,0.0005306676030158997,0,benign,37
edu.synthetic.androzoo.malware.ransomware_locker.0055,malware,1,0.9261376857757568,1,malware,132
edu.synthetic.androzoo.malware.banker_accessibility.1994,malware,1,0.9291393160820007,1,malware,183
com.chirayusoft.thashnabullion,benign,0,0.18676874041557312,0,benign,71
com.madotter.vhmmo,benign,0,0.006069560069590807,0,benign,115
com.audible.application,benign,0,0.0019009705865755677,0,benign,182
com.ftnetid.dogeminerlite,malware,1,0.07994228601455688,0,benign,82
edu.synthetic.androzoo.malware.spyware_surveillance.0598,malware,1,0.9906219840049744,1,malware,133
com.CSbossbabeboutiquellc.android,benign,0,0.0039681196212768555,0,benign,152
edu.synthetic.androzoo.malware.spyware_surveillance.1371,malware,1,0.9810061454772949,1,malware,97
edu.synthetic.androzoo.benign.webview_content.0083,benign,0,0.00761992996558547,0,benign,107
com.store.cardcaptor,benign,0,0.027274128049612045,0,benign,100
com.investors.leaderboard.android,benign,0,0.0007774749537929893,0,benign,141
com.simpfect.mrsilver.easyklassmember,benign,0,0.40149593353271484,0,benign,26
com.chief.mobile,benign,0,0.01060599647462368,0,benign,83
edu.synthetic.androzoo.malware.banker_accessibility.0646,malware,1,0.9923341274261475,1,malware,128
com.androtv.autoallstars,benign,0,0.005665672942996025,0,benign,131
com.qubits.fw3.tb,benign,0,0.04353172332048416,0,benign,137
musicplayer.hdvideoplayer.backgroundmusic,benign,0,0.0005022905534133315,0,benign,180
edu.synthetic.androzoo.malware.ransomware_locker.0894,malware,1,0.9317614436149597,1,malware,119
edu.synthetic.androzoo.malware.ransomware_locker.0322,malware,1,0.48679453134536743,0,benign,36
com.crisp.vertical,benign,0,0.007881232537329197,0,benign,35
edu.synthetic.androzoo.malware.wallet_stealer.1868,malware,1,0.9951328635215759,1,malware,35
it.fi.comune.ifmobilita,benign,0,0.0013312026858329773,0,benign,14
edu.synthetic.androzoo.malware.banker_accessibility.1730,malware,1,0.9931774139404297,1,malware,96
com.app4joy.tunisia_free,benign,0,0.0016828527441248298,0,benign,169
edu.synthetic.androzoo.malware.banker_accessibility.1354,malware,1,0.9768714308738708,1,malware,119
net.nightdevsolutions.easy_catalog,benign,0,0.0015691156731918454,0,benign,31
com.subhash.ghosh.sg.gita,malware,1,0.6138871908187866,1,malware,26
edu.synthetic.androzoo.malware.spyware_surveillance.1907,malware,1,0.9974948167800903,1,malware,125
io.covalue.www.covalueapp,benign,0,0.0007355735870078206,0,benign,138
radios.deparaguay3,benign,0,0.00036195595748722553,0,benign,156
com.expertsuggestion.percentagecalculator,benign,0,0.5364384055137634,1,malware,162
com.gm.ordering.customer.app.babia,benign,0,0.0007784152403473854,0,benign,14
com.zhaot.zhigj,malware,1,0.9968417882919312,1,malware,50
com.makeshop.powerapp.modooin,benign,0,0.00034579375642351806,0,benign,72
com.silverbat.knightage,malware,1,0.6974909901618958,1,malware,15
edu.synthetic.androzoo.benign.utility_background.0192,benign,0,0.0006906033959239721,0,benign,83
edu.synthetic.androzoo.malware.sms_otp_stealer.0673,malware,1,0.9991618394851685,1,malware,55
edu.synthetic.androzoo.malware.overlay_pin_stealer.0671,malware,1,0.9978362917900085,1,malware,85
com.kamoer.x1dosingpump,malware,1,0.0015392957720905542,0,benign,15
edu.synthetic.androzoo.malware.dropper_loader.0019,malware,1,0.42795881628990173,0,benign,41
com.ricoh.pfu.scansnaphome,benign,0,0.13229778409004211,0,benign,41
edu.synthetic.androzoo.malware.sms_otp_stealer.1833,malware,1,0.7845706939697266,1,malware,97
com.shelvz.fieldForce,benign,0,0.004599765874445438,0,benign,115
com.androtv.fvm,benign,0,0.006519678980112076,0,benign,127
edu.synthetic.androzoo.malware.wallet_stealer.1869,malware,1,0.9975290894508362,1,malware,54
com.goldenapps05.happyfathersday2020,benign,0,0.9968994855880737,1,malware,35
edu.synthetic.androzoo.benign.media_game.0042,benign,0,0.0006671284791082144,0,benign,254
com.gribbon.android.rocketbosang,benign,0,0.9310767650604248,1,malware,224
com.dotgames.CrazyRoadGP,malware,1,0.9930952191352844,1,malware,89
com.innovativedev.todolist,benign,0,0.054272446781396866,0,benign,54
com.renderedideas.idlefarmingtycoon,benign,0,0.8707013726234436,1,malware,218
com.leltek.leltekultrasound,benign,0,0.001817416399717331,0,benign,11
com.zzkko,malware,1,0.011931543238461018,0,benign,179
com.lloydsbank.businessmobile,benign,0,0.04129473865032196,0,benign,58
com.stb.v2,benign,0,0.0194991547614336,0,benign,12
com.htmobileapps.DollarSquad,benign,0,0.049431271851062775,0,benign,38
com.subsplashconsulting.s_SSS86K,benign,0,0.9166260957717896,1,malware,156
com.dgt.hairstyleforshorthairgirls,benign,0,0.9095432162284851,1,malware,73
edu.synthetic.androzoo.malware.spyware_surveillance.1064,malware,1,0.9988576173782349,1,malware,46
com.sca.skogsvard,benign,0,0.08582157641649246,0,benign,74
edu.synthetic.androzoo.malware.banker_accessibility.1687,malware,1,0.9375040531158447,1,malware,130
edu.synthetic.androzoo.malware.spyware_surveillance.1296,malware,1,0.9966385364532471,1,malware,71
com.demansol.santaescape.free,malware,1,0.9997137188911438,1,malware,60
edu.synthetic.androzoo.malware.spyware_surveillance.1200,malware,1,0.9940978288650513,1,malware,176
edu.synthetic.androzoo.malware.spyware_surveillance.2030,malware,1,0.9953144788742065,1,malware,49
nz.co.trademe.trademe,benign,0,0.0012283220421522856,0,benign,232
pharossolutions.app.schoolapp.home.sja,benign,0,0.9084519147872925,1,malware,142
com.filerecoverypro.master.frp,malware,1,0.01014171727001667,0,benign,227
edu.synthetic.androzoo.malware.ransomware_locker.0717,malware,1,0.9864237904548645,1,malware,143
edu.synthetic.androzoo.malware.banker_accessibility.1952,malware,1,0.9707584381103516,1,malware,158
de.dimock.shallowchess,benign,0,0.00355602172203362,0,benign,10
com.playrix.gardenscapes,benign,0,0.06238351762294769,0,benign,20
edu.synthetic.androzoo.benign.utility_background.0041,benign,0,0.004616039339452982,0,benign,42
com.trainerize.fightfitness,benign,0,0.0075456732884049416,0,benign,13
edu.synthetic.androzoo.malware.overlay_pin_stealer.0128,malware,1,0.9515507817268372,1,malware,134
com.sinyee.babybus.numberwriter,benign,0,0.08513637632131577,0,benign,122
edu.synthetic.androzoo.malware.banker_accessibility.1910,malware,1,0.9990715980529785,1,malware,49
com.JetToast.BlockyFarm.block,malware,1,0.9972990155220032,1,malware,193
edu.synthetic.androzoo.malware.wallet_stealer.0618,malware,1,0.9946540594100952,1,malware,35
edu.synthetic.androzoo.malware.overlay_pin_stealer.1368,malware,1,0.9672324657440186,1,malware,164
edu.synthetic.androzoo.malware.adware_clicker.1577,malware,1,0.9002352356910706,1,malware,145
com.subsplash.thechurchapp.s_5DSKHR,benign,0,0.0032590122427791357,0,benign,180
com.trimble.d2link,benign,0,0.6346476078033447,1,malware,164
edu.synthetic.androzoo.benign.media_game.0062,benign,0,0.003337956964969635,0,benign,133
com.colobu.flyrunner,malware,1,0.9970210194587708,1,malware,53
com.dmm.app.mvno,benign,0,0.000826530100312084,0,benign,146
com.mahasty.song.bouchinc,benign,0,0.94392991065979,1,malware,117
com.subsplashconsulting.s_5MFNFH,benign,0,0.18337221443653107,0,benign,156
rebar.com.yh,benign,0,0.0026699912268668413,0,benign,154
com.kiarygames.tinyroom,malware,1,0.0085024144500494,0,benign,153
net.absoluta.brpostefacil,benign,0,0.0008575091487728059,0,benign,159
com.estoty.riverjump,malware,1,0.9445337057113647,1,malware,263
edu.synthetic.androzoo.malware.ransomware_locker.1219,malware,1,0.977852463722229,1,malware,40
edu.synthetic.androzoo.malware.banker_accessibility.0751,malware,1,0.981654167175293,1,malware,164
com.simonclub.dominoaccesible,benign,0,0.0004769028164446354,0,benign,13
com.Nubapp.Resawod,benign,0,0.9313669800758362,1,malware,99
edu.synthetic.androzoo.malware.dropper_loader.0434,malware,1,0.9720936417579651,1,malware,153
com.mods.maps.mine,benign,0,0.000749568163882941,0,benign,180
com.padeldev.stat,benign,0,0.5332183837890625,1,malware,15
com.pujiagames.Grandmother,malware,1,0.7431913018226624,1,malware,15
com.chattanoogatakeaway,benign,0,0.0006259948713704944,0,benign,168
com.infiniplay.merge.fashion.romance.story,benign,0,0.9035045504570007,1,malware,300
com.drum.muse.pad.bit,malware,1,0.001666076248511672,0,benign,227
com.addimin,benign,0,0.9995439648628235,1,malware,72
com.desirepk.mountain.hitman.project.assasin.apps,malware,1,0.004764040932059288,0,benign,48
com.sinyee.babybus.number,malware,1,0.9648786783218384,1,malware,54
com.fairfaxmedia.ink.metro.smh,benign,0,0.35471221804618835,0,benign,36
net.gastfreund.Bruggerhof,benign,0,0.0005137241096235812,0,benign,25
com.lduboscq.goodvibesdaily,benign,0,0.002454376081004739,0,benign,12
edu.synthetic.androzoo.malware.overlay_pin_stealer.0272,malware,1,0.9968301653862,1,malware,76
com.ionic.enginehire,benign,0,0.004999987315386534,0,benign,112
edu.synthetic.androzoo.malware.wallet_stealer.0650,malware,1,0.9990899562835693,1,malware,44
edu.synthetic.androzoo.benign.utility_background.0147,benign,0,0.02722221612930298,0,benign,133
com.GoblinStudio.L4KApp,benign,0,0.01473204605281353,0,benign,68
edu.synthetic.androzoo.benign.webview_content.0092,benign,0,0.020946504548192024,0,benign,103
com.anexat.realCarRace,malware,1,0.9836447238922119,1,malware,22
edu.synthetic.androzoo.malware.spyware_surveillance.0291,malware,1,0.9954987168312073,1,malware,52
edu.synthetic.androzoo.malware.spyware_surveillance.1582,malware,1,0.9202778935432434,1,malware,129
com.regula.documentreader,benign,0,0.0004307480121497065,0,benign,139
com.estsoft.alyac,benign,0,0.9822485446929932,1,malware,206
edu.synthetic.androzoo.malware.ransomware_locker.0351,malware,1,0.9472931623458862,1,malware,145
edu.synthetic.androzoo.malware.dropper_loader.0554,malware,1,0.07474273443222046,0,benign,138
edu.synthetic.androzoo.malware.banker_accessibility.0467,malware,1,0.9992468357086182,1,malware,83
com.superspesa,benign,0,0.005909967701882124,0,benign,74
zombie.survival.craft.z,benign,0,0.07709438353776932,0,benign,90
edu.synthetic.androzoo.malware.sms_otp_stealer.2050,malware,1,0.9346500039100647,1,malware,97
edu.synthetic.androzoo.malware.sms_otp_stealer.2041,malware,1,0.8598674535751343,1,malware,107
edu.synthetic.androzoo.malware.spyware_surveillance.0824,malware,1,0.9906456470489502,1,malware,47
edu.synthetic.androzoo.malware.spyware_surveillance.1933,malware,1,0.7344353795051575,1,malware,119
edu.synthetic.androzoo.malware.dropper_loader.0357,malware,1,0.19154632091522217,0,benign,44
jp.co.excite.radiotalk,benign,0,0.04097912833094597,0,benign,69
edu.synthetic.androzoo.malware.ransomware_locker.0346,malware,1,0.9858627915382385,1,malware,154
cc.septnet.student,malware,1,0.30008384585380554,0,benign,65
edu.synthetic.androzoo.malware.dropper_loader.1666,malware,1,0.9646618962287903,1,malware,37
com.zaggle,benign,0,0.12486665695905685,0,benign,168
edu.synthetic.androzoo.malware.overlay_pin_stealer.0756,malware,1,0.997500479221344,1,malware,37
edu.synthetic.androzoo.malware.banker_accessibility.0814,malware,1,0.9939788579940796,1,malware,227
edu.synthetic.androzoo.malware.overlay_pin_stealer.0840,malware,1,0.9986488223075867,1,malware,46
edu.synthetic.androzoo.malware.dropper_loader.1352,malware,1,0.9970957040786743,1,malware,35
edu.synthetic.androzoo.malware.ransomware_locker.0296,malware,1,0.356225848197937,0,benign,121
com.saubcy.games.puzzle.Palm,malware,1,0.060527555644512177,0,benign,17
edu.synthetic.androzoo.malware.ransomware_locker.1912,malware,1,0.999645471572876,1,malware,99
com.zyxr.home.toulfhome,malware,1,0.9914566874504089,1,malware,196
edu.synthetic.androzoo.malware.spyware_surveillance.0702,malware,1,0.9969713687896729,1,malware,107
com.mobincube.diccionario_hebreo_biblico.sc_HPLU6P,malware,1,0.019860265776515007,0,benign,76
com.rsupport.remotemeeting.application.solution.kinfa,benign,0,0.13001671433448792,0,benign,48
edu.synthetic.androzoo.malware.banker_accessibility.1355,malware,1,0.9994311928749084,1,malware,42
edu.synthetic.androzoo.malware.spyware_surveillance.0641,malware,1,0.9942132830619812,1,malware,120
net.myarx.placesbeen,benign,0,0.004869057331234217,0,benign,27
edu.synthetic.androzoo.malware.adware_clicker.1862,malware,1,0.8768540024757385,1,malware,169
com.sibisoft.lakemoni,benign,0,0.0007474995218217373,0,benign,223
com.only.capy.parkour.up.six,benign,0,0.45242878794670105,0,benign,103
edu.synthetic.androzoo.malware.overlay_pin_stealer.1573,malware,1,0.6950868368148804,1,malware,154
com.genji.zimiscq,malware,1,0.01085466705262661,0,benign,80
com.orion.pasienqu_2,benign,0,0.995473325252533,1,malware,38
edu.synthetic.androzoo.malware.spyware_surveillance.1188,malware,1,0.9718478918075562,1,malware,42
com.pentad.bridge,benign,0,0.006129525136202574,0,benign,11
com.happytools.learning.kids.games,benign,0,0.0020741187036037445,0,benign,102
edu.synthetic.androzoo.malware.overlay_pin_stealer.0455,malware,1,0.9969021081924438,1,malware,167
com.baiyi.shiti,malware,1,0.998238205909729,1,malware,81
edu.synthetic.androzoo.malware.dropper_loader.1609,malware,1,0.9414432048797607,1,malware,183
nl.wienelware.calligraphydesignideas.app,benign,0,0.01962980628013611,0,benign,110
edu.synthetic.androzoo.malware.ransomware_locker.1385,malware,1,0.6757880449295044,1,malware,170
com.mais.smairtherov2,benign,0,0.004164013080298901,0,benign,12
edu.synthetic.androzoo.malware.ransomware_locker.1679,malware,1,0.9596747159957886,1,malware,179
com.comichub,benign,0,0.004539944231510162,0,benign,92
edu.synthetic.androzoo.malware.dropper_loader.1752,malware,1,0.992449164390564,1,malware,157
edu.synthetic.androzoo.malware.banker_accessibility.0961,malware,1,0.9986087679862976,1,malware,68
com.gangdong.AndroidDisplay,benign,0,0.03305826336145401,0,benign,153
edu.synthetic.androzoo.malware.sms_otp_stealer.1453,malware,1,0.8663263916969299,1,malware,61
com.haulio.hcs.release,benign,0,0.20002995431423187,0,benign,35
edu.synthetic.androzoo.malware.sms_otp_stealer.1765,malware,1,0.8659557104110718,1,malware,149
edu.synthetic.androzoo.malware.dropper_loader.0404,malware,1,0.5362874269485474,1,malware,95
me.magicgirl.magicgirl,benign,0,0.22756370902061462,0,benign,14
com.FunLandGames.BlockPuzzle,benign,0,0.0008000507950782776,0,benign,95
com.mmc.fengshui.pass.gm,benign,0,0.1260986328125,0,benign,36
com.amutcomi.acty.client,benign,0,0.23621055483818054,0,benign,23
com.gvapps.philosophy,benign,0,0.0011221161112189293,0,benign,77
com.apptegy.villageforsyth,benign,0,0.00038082327228039503,0,benign,161
edu.synthetic.androzoo.malware.adware_clicker.0356,malware,1,0.7735485434532166,1,malware,149
com.Prompt.MuApp,benign,0,0.0016639259411022067,0,benign,72
get.lokal.localjobs,benign,0,0.05434238165616989,0,benign,114
edu.synthetic.androzoo.malware.wallet_stealer.1849,malware,1,0.9903542995452881,1,malware,62
it.tecnoconference.MITO,benign,0,0.013967263512313366,0,benign,15
edu.synthetic.androzoo.malware.overlay_pin_stealer.2013,malware,1,0.9945569038391113,1,malware,108
edu.synthetic.androzoo.malware.overlay_pin_stealer.0933,malware,1,0.9983677268028259,1,malware,57
edu.synthetic.androzoo.malware.dropper_loader.0020,malware,1,0.9826788902282715,1,malware,124
edu.synthetic.androzoo.malware.banker_accessibility.1542,malware,1,0.9985466599464417,1,malware,49
edu.synthetic.androzoo.benign.commerce_social.0049,benign,0,0.005315097980201244,0,benign,116
com.cinkate.rmd,malware,1,0.8344151377677917,1,malware,55
unlsoc.seniordesign.huskerstemvr_mobile,benign,0,0.030022071674466133,0,benign,13
edu.synthetic.androzoo.malware.dropper_loader.1118,malware,1,0.9990518689155579,1,malware,131
com.kaderisoft.islam,benign,0,0.005280978046357632,0,benign,15
com.wizeyes.colorcapture,malware,1,0.032909441739320755,0,benign,61
org.cocos2dx.lianliankan,malware,1,0.9966577291488647,1,malware,57
com.constantcontact.toolkit,benign,0,0.0016790871741250157,0,benign,164
com.avanza.ambitwizfbl,benign,0,0.002201265888288617,0,benign,24
com.aljazeera.mobile,benign,0,0.017193378880620003,0,benign,14
edu.synthetic.androzoo.malware.adware_clicker.0336,malware,1,0.9983851909637451,1,malware,153
edu.synthetic.androzoo.malware.ransomware_locker.1611,malware,1,0.9612938761711121,1,malware,77
app.pod1um.coach,benign,0,0.22104158997535706,0,benign,35
com.tarotlife.tarot.card.reading.numerology,benign,0,0.9997172951698303,1,malware,169
edu.synthetic.androzoo.malware.spyware_surveillance.0522,malware,1,0.991459846496582,1,malware,154
com.saleit.ffm,benign,0,0.00041160586988553405,0,benign,21
de.sgunterrath.app,benign,0,0.0032839535269886255,0,benign,80
edu.synthetic.androzoo.malware.banker_accessibility.1141,malware,1,0.9575851559638977,1,malware,136
edu.synthetic.androzoo.benign.media_game.0215,benign,0,0.5875771045684814,1,malware,64
com.ff2.ladder.yyh,malware,1,0.3566577732563019,0,benign,112
com.sideplus,benign,0,0.0028227483853697777,0,benign,68
guide.portugal.lisbon.prod,benign,0,0.093128502368927,0,benign,34
com.firebear.androil,malware,1,0.830571174621582,1,malware,76
edu.synthetic.androzoo.malware.overlay_pin_stealer.1191,malware,1,0.9993738532066345,1,malware,109
my.company.japanesewordryu1,malware,1,0.0007125261472538114,0,benign,11
edu.synthetic.androzoo.benign.commerce_social.0081,benign,0,0.12870869040489197,0,benign,159
com.shiyi.toolbox,malware,1,0.001291047316044569,0,benign,39
com.battledragonrpg.death,malware,1,0.9956075549125671,1,malware,118
com.yong.bible_plus,malware,1,0.7768237590789795,1,malware,134
edu.synthetic.androzoo.malware.wallet_stealer.0948,malware,1,0.9994106292724609,1,malware,69
com.uroad.zhgs,malware,1,0.9155631065368652,1,malware,284
edu.synthetic.androzoo.malware.overlay_pin_stealer.0968,malware,1,0.9989051818847656,1,malware,52
edu.synthetic.androzoo.malware.spyware_surveillance.1882,malware,1,0.9799003005027771,1,malware,110
com.DiyPalletsAndCrates.andidev,benign,0,0.9726406931877136,1,malware,78
edu.synthetic.androzoo.malware.ransomware_locker.0725,malware,1,0.38802585005760193,0,benign,39
com.sudenmunwah.bestmusic,benign,0,0.999686598777771,1,malware,149
com.byairapp.android,benign,0,0.000771764141973108,0,benign,193
easy.smarttools.font.emoji.custom.keyboard.photokeyboard,benign,0,0.9857670068740845,1,malware,121
edu.synthetic.androzoo.malware.dropper_loader.0820,malware,1,0.8483607172966003,1,malware,180
com.messi.languagehelper,malware,1,0.4845062792301178,0,benign,13
com.hailong0707.android.paradox,malware,1,0.997420072555542,1,malware,34
edu.synthetic.androzoo.malware.dropper_loader.1132,malware,1,0.9946832060813904,1,malware,237
edu.synthetic.androzoo.malware.banker_accessibility.0773,malware,1,0.9994669556617737,1,malware,115
com.rogue.under,malware,1,0.9970376491546631,1,malware,185
edu.synthetic.androzoo.malware.spyware_surveillance.0183,malware,1,0.9909408688545227,1,malware,104
edu.synthetic.androzoo.malware.overlay_pin_stealer.1489,malware,1,0.9983539581298828,1,malware,55
com.pizzanova.ui,benign,0,0.29921942949295044,0,benign,80
de.crysxd.octoapp,benign,0,0.0006894167745485902,0,benign,131
es.tpc.matchpoint.appclient.goldenpoint,benign,0,0.0011938631068915129,0,benign,78
com.trainerize.rec,benign,0,0.10181278735399246,0,benign,29
jp.ne.sk_mine.android.game.chronos_gem_stories,benign,0,0.005942927673459053,0,benign,261
edu.synthetic.androzoo.malware.banker_accessibility.1246,malware,1,0.975319504737854,1,malware,106
edu.synthetic.androzoo.malware.adware_clicker.0587,malware,1,0.9912669062614441,1,malware,135
com.makeshop.powerapp.swad120,benign,0,0.023284977301955223,0,benign,87
edu.synthetic.androzoo.malware.wallet_stealer.0383,malware,1,0.9992234706878662,1,malware,36
am.ro.android,benign,0,0.0073409294709563255,0,benign,16
com.herofang,malware,1,0.0006442987942136824,0,benign,13
cn.pinming.bim360,malware,1,0.049536868929862976,0,benign,17
com.eximdj.faida,benign,0,0.05666694790124893,0,benign,35
edu.synthetic.androzoo.malware.spyware_surveillance.1129,malware,1,0.9958944320678711,1,malware,135
edu.synthetic.androzoo.malware.spyware_surveillance.1082,malware,1,0.9993556141853333,1,malware,98
edu.synthetic.androzoo.malware.spyware_surveillance.1399,malware,1,0.9780200719833374,1,malware,128
edu.synthetic.androzoo.malware.dropper_loader.0849,malware,1,0.9926043748855591,1,malware,107
edu.synthetic.androzoo.malware.spyware_surveillance.1323,malware,1,0.9756003618240356,1,malware,115
com.mgsstudio.ownteleportpe,malware,1,0.03632732853293419,0,benign,213
com.tpltrakker.main,benign,0,0.15477557480335236,0,benign,26
net.staca,benign,0,0.9975587129592896,1,malware,28
com.xiaoshi.toupiao,malware,1,0.014314903877675533,0,benign,19
com.runde.khs,malware,1,0.3669581413269043,0,benign,58
mobile.wallpaper.planetslivewallpaperplus,benign,0,0.0005692632403224707,0,benign,14
com.tygame.game33,malware,1,0.380033940076828,0,benign,34
edu.synthetic.androzoo.malware.overlay_pin_stealer.1012,malware,1,0.7723954916000366,1,malware,162
edu.synthetic.androzoo.benign.webview_content.0157,benign,0,0.26851361989974976,0,benign,256
recipes.chocolate.maker,benign,0,0.9534539580345154,1,malware,84
zeljkoa.games.planetdrop,malware,1,0.9912889003753662,1,malware,172
com.loja.ddown,malware,1,0.015434294939041138,0,benign,31
edu.synthetic.androzoo.malware.spyware_surveillance.0723,malware,1,0.24097932875156403,0,benign,74
com.bandindustries.roadie,benign,0,0.4568823277950287,0,benign,52
edu.synthetic.androzoo.benign.maps_cloud.0017,benign,0,0.007534726057201624,0,benign,110
com.wjbk.android.weather,benign,0,0.0010053047444671392,0,benign,172
edu.synthetic.androzoo.malware.spyware_surveillance.0562,malware,1,0.8026348948478699,1,malware,134
com.elmoussafirfatimazahra.amawal,benign,0,0.863311231136322,1,malware,79
edu.synthetic.androzoo.malware.wallet_stealer.1743,malware,1,0.9992761015892029,1,malware,31
edu.synthetic.androzoo.malware.dropper_loader.1731,malware,1,0.9014952182769775,1,malware,174
com.mjcsoft.stream.latopweb,benign,0,0.3229384422302246,0,benign,142
com.ananinja.lava,benign,0,0.0007544613908976316,0,benign,208
edu.synthetic.androzoo.malware.dropper_loader.0920,malware,1,0.9445140361785889,1,malware,119
edu.synthetic.androzoo.malware.banker_accessibility.1828,malware,1,0.9995488524436951,1,malware,76
com.simyasolutions.ling,benign,0,0.11973457038402557,0,benign,118
com.howtobiz.innoutm,benign,0,0.002214838983491063,0,benign,148
edu.synthetic.androzoo.malware.overlay_pin_stealer.1919,malware,1,0.9347410202026367,1,malware,191
biz.kajiken.app,benign,0,0.000767403922509402,0,benign,25
com.mp.satisfying.carwash.asmr.repair,benign,0,0.004852954763919115,0,benign,142
edu.synthetic.androzoo.malware.banker_accessibility.1379,malware,1,0.819640576839447,1,malware,163
com.insideoutside.ihunternb,benign,0,0.00129207712598145,0,benign,11
jp.go.kunaicho.iha,benign,0,0.0678306370973587,0,benign,93
com.NekoFurryStudios.Coramine,benign,0,0.016652269288897514,0,benign,15
com.animocabrands.google.hoverrider,malware,1,0.8146491050720215,1,malware,35
vn.qsoft.chinhxac,benign,0,0.010942863300442696,0,benign,12
com.radios.en.linea.de.venezuela,benign,0,0.0034005967900156975,0,benign,71
com.totaltexto.bancamovil,benign,0,0.007252416107803583,0,benign,64
edu.synthetic.androzoo.malware.banker_accessibility.0563,malware,1,0.9304817914962769,1,malware,139
edu.synthetic.androzoo.malware.overlay_pin_stealer.1303,malware,1,0.9981704950332642,1,malware,47
com.vnptpayagent,benign,0,0.12991508841514587,0,benign,106
com.myrebornpack.gr,benign,0,0.2401963621377945,0,benign,76
com.techarts.hexa.sort.master.color.puzzle,benign,0,0.011006971821188927,0,benign,37
com.RegionXIBLSSMO,benign,0,0.9994159936904907,1,malware,29
com.neb.app.nebsl,benign,0,0.001545606879517436,0,benign,11
com.wawagame.app.colorfulworld,malware,1,0.0013671896886080503,0,benign,164
edu.synthetic.androzoo.benign.commerce_social.0059,benign,0,0.0008445747662335634,0,benign,30
com.Fibrum.vrfall,malware,1,0.9975326061248779,1,malware,20
edu.synthetic.androzoo.malware.banker_accessibility.0893,malware,1,0.9522982835769653,1,malware,153
edu.synthetic.androzoo.malware.banker_accessibility.0914,malware,1,0.999413251876831,1,malware,83
edu.synthetic.androzoo.benign.commerce_social.0139,benign,0,0.0015533032128587365,0,benign,45
com.lstapps.batterywidget,malware,1,0.0006197760230861604,0,benign,68
edu.synthetic.androzoo.benign.webview_content.0204,benign,0,0.006217667367309332,0,benign,72
edu.synthetic.androzoo.malware.banker_accessibility.0833,malware,1,0.8374225497245789,1,malware,193
com.wanderlog.android,benign,0,0.014692694880068302,0,benign,43
edu.synthetic.androzoo.malware.banker_accessibility.1339,malware,1,0.9990088939666748,1,malware,105
my.com.edu.emgs,benign,0,0.1256488561630249,0,benign,206
com.luyun.diary,malware,1,0.35532379150390625,0,benign,66
com.yelp.android,benign,0,0.2611190378665924,0,benign,71
in.co.woco,benign,0,0.0007597810472361743,0,benign,145
edu.synthetic.androzoo.malware.banker_accessibility.0444,malware,1,0.9987630844116211,1,malware,111
jp.bizstation.drgps,benign,0,0.07773207873106003,0,benign,36
dance.fit.zumba.weightloss.danceburn,benign,0,0.00492866849526763,0,benign,197
com.inforcrom.android.avfarena,malware,1,0.9964250922203064,1,malware,151
com.ariesapp.elisi.elisiwrapper,benign,0,0.4387601613998413,0,benign,166
com.vplus.learnoldnorsefree,benign,0,0.6434316039085388,1,malware,29
com.wishfinityinc.wishfinity,benign,0,0.7513582110404968,1,malware,120
com.global.technolabs.jupitertouchlab,benign,0,0.0911179929971695,0,benign,110
edu.synthetic.androzoo.malware.overlay_pin_stealer.1292,malware,1,0.8790968060493469,1,malware,181
edu.synthetic.androzoo.malware.sms_otp_stealer.0750,malware,1,0.9875451922416687,1,malware,91
edu.synthetic.androzoo.malware.sms_otp_stealer.1517,malware,1,0.8636947274208069,1,malware,64
com.tapbee.lohas,benign,0,0.994097113609314,1,malware,85
edu.synthetic.androzoo.malware.overlay_pin_stealer.0491,malware,1,0.9993060827255249,1,malware,39
edu.synthetic.androzoo.malware.banker_accessibility.1167,malware,1,0.9839472770690918,1,malware,155
com.ikdong.recipe.b07491ycs9,benign,0,0.011186783201992512,0,benign,81
com.gil.nxtdigital.mynxt,benign,0,0.0004984650877304375,0,benign,136
com.subsplash.thechurchapp.s_2KTBXN,benign,0,0.6284385323524475,1,malware,130
com.subsplash.thechurchapp.s_2JP2SW,benign,0,0.0074341436848044395,0,benign,184
com.wangzhi.microlife,malware,1,0.027396028861403465,0,benign,14
com.appking.adz_dzariyah,benign,0,0.0010117330821231008,0,benign,10
com.blupearl.healthocarepath,benign,0,0.9980383515357971,1,malware,42
edu.synthetic.androzoo.malware.overlay_pin_stealer.1080,malware,1,0.9798784255981445,1,malware,190
com.bitmancoin.app,malware,1,0.9862099289894104,1,malware,53
com.india.manomay,benign,0,0.911823034286499,1,malware,73
edu.synthetic.androzoo.malware.dropper_loader.1482,malware,1,0.9985259175300598,1,malware,35
com.jobsdb,benign,0,0.00391350919380784,0,benign,177
edu.synthetic.androzoo.malware.dropper_loader.1885,malware,1,0.695885181427002,1,malware,71
edu.synthetic.androzoo.malware.banker_accessibility.1652,malware,1,0.9926460981369019,1,malware,161
com.care.drogueriapatria,benign,0,0.002987996442243457,0,benign,134
com.aduro.amp,benign,0,0.4886544644832611,0,benign,131
edu.synthetic.androzoo.malware.overlay_pin_stealer.1561,malware,1,0.9993669390678406,1,malware,95
edu.synthetic.androzoo.malware.spyware_surveillance.0461,malware,1,0.9984685778617859,1,malware,76
edu.synthetic.androzoo.malware.spyware_surveillance.0032,malware,1,0.9103320837020874,1,malware,153
edu.synthetic.androzoo.malware.sms_otp_stealer.1570,malware,1,0.8407959938049316,1,malware,155
com.mcleansmartialarts.mcleans,benign,0,0.9962032437324524,1,malware,46
edu.synthetic.androzoo.malware.banker_accessibility.0705,malware,1,0.9981036186218262,1,malware,51
edu.synthetic.androzoo.malware.overlay_pin_stealer.1190,malware,1,0.9976134300231934,1,malware,80
ru.thenewschool.trainer.physics,benign,0,0.02745312824845314,0,benign,51
com.wzhx.mobile.sgbxdw,malware,1,0.9920187592506409,1,malware,58
edu.synthetic.androzoo.malware.dropper_loader.1363,malware,1,0.9729459881782532,1,malware,78
com.provakil.provakil,benign,0,0.0008602971793152392,0,benign,186
edu.synthetic.androzoo.malware.spyware_surveillance.1081,malware,1,0.9311552047729492,1,malware,186
com.cronostechnologies.skiplan,benign,0,0.005280978046357632,0,benign,15
com.fairtiq.android.ftqlab,benign,0,0.016245819628238678,0,benign,53
com.zenlabs.challenge.squats,benign,0,0.03562895581126213,0,benign,112
edu.synthetic.androzoo.malware.banker_accessibility.0162,malware,1,0.9989377856254578,1,malware,49
edu.synthetic.androzoo.malware.ransomware_locker.1277,malware,1,0.998150646686554,1,malware,76
radio.tacana,benign,0,0.0008076367666944861,0,benign,143
shamimsoft.vares,malware,1,0.00549287861213088,0,benign,11
com.logisk.chronos,malware,1,0.08229071646928787,0,benign,11
com.duyleo.hannomdict,benign,0,0.27049803733825684,0,benign,41
edu.synthetic.androzoo.malware.banker_accessibility.1790,malware,1,0.9770182371139526,1,malware,160
com.estgames.cm.jp,benign,0,0.0015178655739873648,0,benign,163
com.kingsoft.mobile3d.iloli91,malware,1,0.156599223613739,0,benign,14
com.zakg.scaryteacher.hellgame,benign,0,0.0007664089207537472,0,benign,151
com.toccata.games.cannonman,malware,1,0.9993058443069458,1,malware,37
in.quikview,benign,0,0.015501165762543678,0,benign,160
art.teamlab.exhibitions.app,benign,0,0.23717965185642242,0,benign,38
com.subsplashconsulting.s_FJMDHB,benign,0,0.5001431107521057,1,malware,161
shenzhen.com.cn,malware,1,0.9468335509300232,1,malware,107
edu.synthetic.androzoo.malware.banker_accessibility.1928,malware,1,0.8532418608665466,1,malware,166
com.magicalstory.cleaner,malware,1,0.0062873573042452335,0,benign,37
com.mms.mms,benign,0,0.012002813629806042,0,benign,13
edu.synthetic.androzoo.malware.sms_otp_stealer.1688,malware,1,0.39324072003364563,0,benign,147
edu.synthetic.androzoo.malware.spyware_surveillance.0362,malware,1,0.9980911612510681,1,malware,136
com.cuddlynest,benign,0,0.25306740403175354,0,benign,34
edu.synthetic.androzoo.benign.media_game.0121,benign,0,0.04067269340157509,0,benign,222
edu.synthetic.androzoo.malware.wallet_stealer.0712,malware,1,0.9963122010231018,1,malware,132
tw.com.fontrip.citypass.taipei.production,benign,0,0.0032503202091902494,0,benign,11
edu.synthetic.androzoo.malware.adware_clicker.1758,malware,1,0.9922788143157959,1,malware,97
abudhabi.healthlink,benign,0,0.9907786846160889,1,malware,67
com.dangerb.pedometer,malware,1,0.9604041576385498,1,malware,47
edu.synthetic.androzoo.malware.sms_otp_stealer.0180,malware,1,0.997702419757843,1,malware,56
cn.museedu.iden,benign,0,0.9988096952438354,1,malware,108
com.dws.armyantz,malware,1,0.9948679208755493,1,malware,129
com.citizenobserver.dodgecitypd,benign,0,0.9956682920455933,1,malware,44
com.ArtSoft.EscapeofHorror,benign,0,0.0033601787872612476,0,benign,116
com.harri.employer,benign,0,0.000796599721070379,0,benign,203
com.windcloud.recorder,malware,1,0.59824538230896,1,malware,178
jp.co.rarejob,benign,0,0.001435537706129253,0,benign,136
bali.gamelan.kantil,benign,0,0.4085645377635956,0,benign,157
com.gallerypro.photosgalleryalbum,benign,0,0.013560771010816097,0,benign,308
com.finance.hotline,benign,0,0.0058201695792376995,0,benign,96
edu.synthetic.androzoo.malware.dropper_loader.0676,malware,1,0.9958367347717285,1,malware,196
com.stepstone.totaljobs,benign,0,0.008955957368016243,0,benign,151
com.gestionpos.app,benign,0,0.9984697699546814,1,malware,70
edu.synthetic.androzoo.malware.wallet_stealer.1180,malware,1,0.9976970553398132,1,malware,172
com.dicedom.dicemerge.puzzlegame,benign,0,0.11463673412799835,0,benign,126
com.activtrades.app,benign,0,0.001907519530504942,0,benign,184
com.eyecon.global,benign,0,0.0006780308322049677,0,benign,214
edu.synthetic.androzoo.malware.sms_otp_stealer.0052,malware,1,0.9979773163795471,1,malware,146
com.pdmi.qingshui.media,malware,1,0.06410269439220428,0,benign,33
com.huaban.android,malware,1,0.16382528841495514,0,benign,31
edu.synthetic.androzoo.malware.spyware_surveillance.0806,malware,1,0.9802056550979614,1,malware,90
com.LuB.RoyalRealms,benign,0,0.002963313367217779,0,benign,116
com.mttnow.android.bcd.production,benign,0,0.033044472336769104,0,benign,27
org.ccc.aa,malware,1,0.10367732495069504,0,benign,96
edu.synthetic.androzoo.malware.sms_otp_stealer.0623,malware,1,0.9989726543426514,1,malware,102
com.livemcq.livemcq,benign,0,0.9858651161193848,1,malware,85
com.victie.reader,benign,0,0.861484944820404,1,malware,23
je.fit,benign,0,0.03974572941660881,0,benign,159
edu.synthetic.androzoo.malware.banker_accessibility.1137,malware,1,0.9932218790054321,1,malware,113
vk.milyang,benign,0,0.00029522215481847525,0,benign,10
edu.synthetic.androzoo.malware.spyware_surveillance.1450,malware,1,0.9958983063697815,1,malware,65
edu.synthetic.androzoo.malware.ransomware_locker.1954,malware,1,0.9711036682128906,1,malware,118
edu.synthetic.androzoo.malware.banker_accessibility.1116,malware,1,0.998599112033844,1,malware,168
edu.synthetic.androzoo.malware.banker_accessibility.0479,malware,1,0.9574987292289734,1,malware,143
com.akashlilhare.homeworkout,benign,0,0.2998543083667755,0,benign,25
net.spookygames.sacrifices,benign,0,0.9907811284065247,1,malware,55
com.agile.community,malware,1,0.8770933747291565,1,malware,75
edu.synthetic.androzoo.malware.banker_accessibility.1943,malware,1,0.9621456265449524,1,malware,157
edu.synthetic.androzoo.malware.spyware_surveillance.0732,malware,1,0.9949230551719666,1,malware,62
com.hungama.myplay.activity,malware,1,0.0038666825275868177,0,benign,146
edu.synthetic.androzoo.malware.adware_clicker.0475,malware,1,0.7646521329879761,1,malware,179
com.force.artifact,malware,1,0.002762243151664734,0,benign,64
edu.synthetic.androzoo.malware.ransomware_locker.1628,malware,1,0.9238341450691223,1,malware,127
edu.synthetic.androzoo.malware.ransomware_locker.1242,malware,1,0.9118101596832275,1,malware,141
edu.synthetic.androzoo.malware.banker_accessibility.1720,malware,1,0.9954267740249634,1,malware,155
cn.com.drivedu.chexuetang,malware,1,0.9939374923706055,1,malware,73
com.fi6798.godough,benign,0,0.002451821696013212,0,benign,115
com.dnm.radioeuskirchen,benign,0,0.9888012409210205,1,malware,148
com.gwhizmobile.lippincottpathology,benign,0,0.0753135159611702,0,benign,148
com.tranhuynhcreative.pigyclash,benign,0,0.002163069089874625,0,benign,102
com.yunosolutions.newzealandcalendar,benign,0,0.0024394220672547817,0,benign,32
edu.synthetic.androzoo.malware.adware_clicker.0334,malware,1,0.9829539060592651,1,malware,63
com.ideas.guide.diy.origami.stepbystep3,malware,1,0.0013919643824920058,0,benign,13
edu.synthetic.androzoo.malware.sms_otp_stealer.1989,malware,1,0.9908875226974487,1,malware,83
edu.synthetic.androzoo.malware.ransomware_locker.0425,malware,1,0.9993616938591003,1,malware,93
edu.synthetic.androzoo.malware.spyware_surveillance.1927,malware,1,0.9989319443702698,1,malware,42
edu.synthetic.androzoo.malware.ransomware_locker.1585,malware,1,0.9888811707496643,1,malware,102
edu.synthetic.androzoo.malware.overlay_pin_stealer.1735,malware,1,0.998513400554657,1,malware,83
edu.synthetic.androzoo.malware.adware_clicker.0026,malware,1,0.9984571933746338,1,malware,132
edu.synthetic.androzoo.malware.ransomware_locker.1121,malware,1,0.9915008544921875,1,malware,150
moe.quickscreentrading.android,benign,0,0.0013790505472570658,0,benign,121
com.bnt.torfx,benign,0,0.9903231859207153,1,malware,45
edu.synthetic.androzoo.benign.webview_content.0093,benign,0,0.4532199501991272,0,benign,30
edu.synthetic.androzoo.malware.banker_accessibility.1881,malware,1,0.9942155480384827,1,malware,232
jp.co.inte.miidas,benign,0,0.022608652710914612,0,benign,10
com.dazheng,malware,1,0.5205770134925842,1,malware,43
edu.synthetic.androzoo.malware.wallet_stealer.1710,malware,1,0.8902010321617126,1,malware,183
com.spoton.tablet.android,benign,0,0.0028614699840545654,0,benign,59
fr.mutlab.lmp,benign,0,0.07729864120483398,0,benign,15
edu.synthetic.androzoo.benign.media_game.0243,benign,0,0.16228587925434113,0,benign,41
com.ayome.sg,benign,0,0.8411948084831238,1,malware,221
edu.synthetic.androzoo.malware.dropper_loader.2048,malware,1,0.9830421209335327,1,malware,177
com.mogo.DropBubble,malware,1,0.9975246787071228,1,malware,136
com.qiyue.trdog,benign,0,0.33937546610832214,0,benign,48
edu.synthetic.androzoo.malware.spyware_surveillance.1946,malware,1,0.9863938689231873,1,malware,153
com.jura.formula.race.master,benign,0,0.019779864698648453,0,benign,27
com.stolenpad.barrelmaker,benign,0,0.0031792011577636003,0,benign,12
com.curatedplanet.client.ophorus.release,benign,0,0.42730867862701416,0,benign,130
edu.synthetic.androzoo.malware.overlay_pin_stealer.2060,malware,1,0.9987447261810303,1,malware,48
edu.synthetic.androzoo.benign.webview_content.0126,benign,0,0.9636862277984619,1,malware,132
in.gov.incometaxindia.android,benign,0,0.06766007840633392,0,benign,126
edu.synthetic.androzoo.malware.banker_accessibility.0203,malware,1,0.9992868304252625,1,malware,146
edu.synthetic.androzoo.malware.wallet_stealer.0956,malware,1,0.996985137462616,1,malware,80
edu.synthetic.androzoo.malware.dropper_loader.1818,malware,1,0.9992076754570007,1,malware,77
edu.synthetic.androzoo.benign.media_game.0112,benign,0,0.005591940134763718,0,benign,149
edu.synthetic.androzoo.malware.spyware_surveillance.2033,malware,1,0.9779646396636963,1,malware,160
com.smilion.CaboclinhoDoReMi,benign,0,0.17153431475162506,0,benign,69
com.gmfr.heavy.excavator.simulator2,malware,1,0.1425410956144333,0,benign,29
com.bardovpn,malware,1,0.9843754172325134,1,malware,40
by.gov.mns.mobile.selfemployed,benign,0,0.001594766043126583,0,benign,27
edu.synthetic.androzoo.malware.sms_otp_stealer.0851,malware,1,0.9308231472969055,1,malware,188
com.phone.caller.contacts,benign,0,0.021357648074626923,0,benign,164
com.az.prado.parking.driver.car.game.offline,benign,0,0.7581077814102173,1,malware,74
com.tpcm.crisis,benign,0,0.13852639496326447,0,benign,36
edu.synthetic.androzoo.malware.overlay_pin_stealer.0447,malware,1,0.9994425177574158,1,malware,47
com.ihuman.yuwen,malware,1,0.00463420245796442,0,benign,46
edu.synthetic.androzoo.malware.adware_clicker.1777,malware,1,0.9964816570281982,1,malware,78
com.unyte.relaxingrhythms2,benign,0,0.021121904253959656,0,benign,11
com.microsoft.planner,benign,0,0.01695244386792183,0,benign,74
edu.synthetic.androzoo.malware.overlay_pin_stealer.0789,malware,1,0.9981698989868164,1,malware,38
mkdevelpor.compass,benign,0,0.9988012313842773,1,malware,107
edu.synthetic.androzoo.malware.dropper_loader.0374,malware,1,0.998460054397583,1,malware,104
edu.synthetic.androzoo.malware.adware_clicker.1161,malware,1,0.937251627445221,1,malware,147
edu.synthetic.androzoo.malware.sms_otp_stealer.1569,malware,1,0.9303405284881592,1,malware,79
edu.synthetic.androzoo.benign.utility_background.0169,benign,0,0.007505163084715605,0,benign,80
com.iappsbeats.bbuilder,benign,0,0.5232601761817932,1,malware,110
edu.synthetic.androzoo.malware.sms_otp_stealer.0847,malware,1,0.9996336698532104,1,malware,96
com.arryved,benign,0,0.0018512752139940858,0,benign,142
com.zyberchief.mindfuel.danmark,benign,0,0.003796603297814727,0,benign,15
com.yottagames.gameofmafia,benign,0,0.04288404807448387,0,benign,16
com.umeox.qibla,malware,1,0.05692783370614052,0,benign,126
cn.zepeto.main,malware,1,0.01394454762339592,0,benign,65
com.echurchapps.newspringks,benign,0,0.4473780691623688,0,benign,114
edu.synthetic.androzoo.malware.ransomware_locker.0093,malware,1,0.9986588954925537,1,malware,162
com.alan.mod.skin.for.mcpe,malware,1,0.9739718437194824,1,malware,72
com.cheche365.a.chebaoyi,malware,1,0.01959000527858734,0,benign,19
ch.beekeeper.beekeeper,benign,0,0.12609858810901642,0,benign,81
com.tradera,benign,0,0.002052420750260353,0,benign,13
com.hayl,benign,0,0.0013099749339744449,0,benign,83
edu.synthetic.androzoo.malware.dropper_loader.1889,malware,1,0.9236240983009338,1,malware,71
com.ultragames.ArmWrestler3D,benign,0,0.12416856735944748,0,benign,48
li.mews.android.commander,benign,0,0.1631363332271576,0,benign,102
edu.synthetic.androzoo.malware.overlay_pin_stealer.0236,malware,1,0.9986898303031921,1,malware,39
com.xcyh.novelpal,benign,0,0.028821222484111786,0,benign,330
com.homeprotech.homeproalarm,benign,0,0.028149690479040146,0,benign,80
com.mustafayigit.tabula,benign,0,0.7988461852073669,1,malware,14
com.microsoft.intune,benign,0,0.0334925502538681,0,benign,47
com.eetop.bewt.liveapp,malware,1,0.21186956763267517,0,benign,106
com.smartup.veedz,benign,0,0.13071593642234802,0,benign,160
edu.synthetic.androzoo.malware.sms_otp_stealer.1280,malware,1,0.9980084300041199,1,malware,77
com.SunnyMoonProject.SweetStacksV2,benign,0,0.0031792011577636003,0,benign,12
edu.synthetic.androzoo.malware.spyware_surveillance.0222,malware,1,0.4570794999599457,0,benign,174
com.avoma.android,benign,0,0.007110311184078455,0,benign,32
com.body_scanner.cloth_remover,benign,0,0.9991827607154846,1,malware,105
picedit.traslatekeyboard.manglishkeyboard,benign,0,0.11207996308803558,0,benign,108
cn.changsha.xczxapp,malware,1,0.005384217482060194,0,benign,24
edu.synthetic.androzoo.malware.dropper_loader.1618,malware,1,0.9951457381248474,1,malware,141
edu.synthetic.androzoo.malware.overlay_pin_stealer.0287,malware,1,0.9983452558517456,1,malware,57
edu.synthetic.androzoo.malware.adware_clicker.0048,malware,1,0.9987505674362183,1,malware,36
com.g5e.nineclues2.android,malware,1,0.0010689288610592484,0,benign,61
com.baijiayun.hanfeng,malware,1,0.31044286489486694,0,benign,186
com.nurseio,benign,0,0.13796061277389526,0,benign,60
edu.synthetic.androzoo.malware.dropper_loader.2063,malware,1,0.8844166398048401,1,malware,211
edu.synthetic.androzoo.malware.banker_accessibility.0176,malware,1,0.9987755417823792,1,malware,57
com.translateasy.chattranslator,benign,0,0.11777756363153458,0,benign,34
edu.synthetic.androzoo.benign.commerce_social.0227,benign,0,0.0047217742539942265,0,benign,76
jp.co.bronco.app.bronco,benign,0,0.008225793950259686,0,benign,13
edu.synthetic.androzoo.malware.banker_accessibility.1689,malware,1,0.9965975880622864,1,malware,162
edu.synthetic.androzoo.malware.ransomware_locker.1078,malware,1,0.97354656457901,1,malware,154
com.applestudio.games.au1303014.lite,malware,1,0.313081294298172,0,benign,24
com.toptrendin.gingerbreadmanrun,benign,0,0.039957694709300995,0,benign,10
edu.synthetic.androzoo.malware.overlay_pin_stealer.1847,malware,1,0.9989880919456482,1,malware,59
edu.synthetic.androzoo.benign.webview_content.0075,benign,0,0.006400773301720619,0,benign,141
edu.synthetic.androzoo.malware.ransomware_locker.0864,malware,1,0.9866719841957092,1,malware,55
edu.synthetic.androzoo.malware.ransomware_locker.2026,malware,1,0.708670437335968,1,malware,156
edu.synthetic.androzoo.malware.overlay_pin_stealer.0328,malware,1,0.9979676604270935,1,malware,64
edu.synthetic.androzoo.benign.media_game.0068,benign,0,0.0029439404606819153,0,benign,150
com.olimsoft.android.oplayer,malware,1,0.9779248237609863,1,malware,132
edu.synthetic.androzoo.malware.banker_accessibility.1676,malware,1,0.9987319111824036,1,malware,49
com.nexmachina.grupsoletict,benign,0,0.9989694356918335,1,malware,59
org.me.mobiexpensifyg,benign,0,0.0007349429070018232,0,benign,49
edu.synthetic.androzoo.malware.banker_accessibility.1434,malware,1,0.8760005831718445,1,malware,166
com.easyhome.fucai,malware,1,0.002614113036543131,0,benign,11
edu.synthetic.androzoo.malware.dropper_loader.1948,malware,1,0.8849926590919495,1,malware,232
edu.synthetic.androzoo.malware.spyware_surveillance.0473,malware,1,0.9968904852867126,1,malware,43
com.macroscop.mobile,benign,0,0.0013439480680972338,0,benign,105
edu.synthetic.androzoo.malware.overlay_pin_stealer.1168,malware,1,0.9992709755897522,1,malware,73
edu.synthetic.androzoo.malware.overlay_pin_stealer.0341,malware,1,0.9673092365264893,1,malware,158
edu.synthetic.androzoo.malware.dropper_loader.1523,malware,1,0.4498618543148041,0,benign,205
com.salik.smartsalik,malware,1,0.002133215544745326,0,benign,11
com.mydroid.svg.print.craft.design.graphic.sticker,benign,0,0.01722998172044754,0,benign,141
edu.synthetic.androzoo.benign.commerce_social.0195,benign,0,0.0019833380356431007,0,benign,180
com.subsplashconsulting.s_J59FST,benign,0,0.11450055986642838,0,benign,152
io.expopass.expo,benign,0,0.9675155878067017,1,malware,180
ua.radio.autolife,benign,0,0.0013517939951270819,0,benign,57
com.inyad.store,benign,0,0.0008319827611558139,0,benign,179
edu.synthetic.androzoo.malware.sms_otp_stealer.0421,malware,1,0.9931682348251343,1,malware,185
edu.synthetic.androzoo.malware.banker_accessibility.0528,malware,1,0.9978315234184265,1,malware,59
com.hoge.android.app.wxsjz,malware,1,0.1764298528432846,0,benign,25
com.dreame.reader,malware,1,0.004782394971698523,0,benign,133
fr.gestionsports.dijonpadel,benign,0,0.993586003780365,1,malware,30
com.aroma.flowers.salesapp,benign,0,0.0014308806275948882,0,benign,69
edu.synthetic.androzoo.benign.commerce_social.0005,benign,0,0.0221321452409029,0,benign,181
edu.synthetic.androzoo.malware.overlay_pin_stealer.0634,malware,1,0.9987871050834656,1,malware,67
com.style_7.lightanalogclocklw_7,benign,0,0.009272974915802479,0,benign,120
edu.synthetic.androzoo.malware.banker_accessibility.1926,malware,1,0.9993062019348145,1,malware,53
com.fronius.solarweb,benign,0,0.9068352580070496,1,malware,116
com.guidebook.apps.uos.android,benign,0,0.005098018795251846,0,benign,36
com.pushpress.chopshopphysiques,benign,0,0.15851370990276337,0,benign,38
edu.synthetic.androzoo.malware.ransomware_locker.0303,malware,1,0.857774555683136,1,malware,113
com.fedha.kenyan,benign,0,0.9997085928916931,1,malware,262
com.bloommushroom.fourworlds.shiba,malware,1,0.012813178822398186,0,benign,143
com.tap4fun.reignofwar,benign,0,0.0028471059631556273,0,benign,69
com.zumoapps.curso.teologia.evangelica,malware,1,0.9552640318870544,1,malware,110
com.navimods.radio_free,benign,0,0.06797539442777634,0,benign,95
com.edictonary.Sociology.Dictionary,malware,1,0.9453068971633911,1,malware,117
com.plndr.activity,benign,0,0.9042679667472839,1,malware,136
org.wikipedia.beta,benign,0,0.01080112811177969,0,benign,113
e.moob.app,benign,0,0.0005060705007053912,0,benign,166
edu.synthetic.androzoo.malware.overlay_pin_stealer.1016,malware,1,0.9942367076873779,1,malware,94
lv.bite.manabite,benign,0,0.003318870672956109,0,benign,202
com.communi.stamiapp,benign,0,0.0009616187307983637,0,benign,182
com.kratosle.unlim,benign,0,0.027269968762993813,0,benign,50
edu.synthetic.androzoo.malware.overlay_pin_stealer.0731,malware,1,0.9988947510719299,1,malware,41
edu.synthetic.androzoo.malware.overlay_pin_stealer.1236,malware,1,0.9961848855018616,1,malware,123
edu.synthetic.androzoo.malware.spyware_surveillance.0799,malware,1,0.9994572997093201,1,malware,99
at.csd.emurmuru,benign,0,0.035033367574214935,0,benign,95
edu.synthetic.androzoo.malware.banker_accessibility.0660,malware,1,0.8439281582832336,1,malware,181
edu.synthetic.androzoo.benign.maps_cloud.0164,benign,0,0.0008852935279719532,0,benign,46
edu.synthetic.androzoo.malware.ransomware_locker.1017,malware,1,0.9989047050476074,1,malware,152
com.thefishing.hawaii,benign,0,0.001855232985690236,0,benign,16
edu.synthetic.androzoo.malware.wallet_stealer.0175,malware,1,0.9104629755020142,1,malware,147
edu.synthetic.androzoo.malware.dropper_loader.0885,malware,1,0.953416645526886,1,malware,160
com.grunkr.facelock,malware,1,0.0023099191021174192,0,benign,11
edu.synthetic.androzoo.malware.dropper_loader.1938,malware,1,0.15242739021778107,0,benign,80
edu.synthetic.androzoo.malware.sms_otp_stealer.0023,malware,1,0.9961068034172058,1,malware,69
edu.synthetic.androzoo.malware.dropper_loader.0934,malware,1,0.9945290684700012,1,malware,243
edu.synthetic.androzoo.malware.spyware_surveillance.1975,malware,1,0.9995187520980835,1,malware,120
edu.synthetic.androzoo.malware.overlay_pin_stealer.0588,malware,1,0.9644900560379028,1,malware,140
com.antescofo.metronaut,benign,0,0.005042387172579765,0,benign,223
bfac.android.ngmdapp,benign,0,0.9993244409561157,1,malware,10
uk.takeaway.android,benign,0,0.00034597344347275794,0,benign,141
edu.synthetic.androzoo.malware.wallet_stealer.0441,malware,1,0.9911764860153198,1,malware,87
com.hotpodyoga,benign,0,0.42506298422813416,0,benign,25
edu.synthetic.androzoo.malware.adware_clicker.0234,malware,1,0.9986095428466797,1,malware,139
edu.synthetic.androzoo.malware.dropper_loader.0904,malware,1,0.9972184896469116,1,malware,68
com.myyounit.selfstoragedenhaag,benign,0,0.4484955966472626,0,benign,56
com.tinmanarts.IWantToWatchTVPhone,malware,1,0.9496729373931885,1,malware,57
com.huge.betting.tips,malware,1,0.10847291350364685,0,benign,76
com.wsccs.yn,malware,1,0.9821350574493408,1,malware,121
com.chairenhuo.qshuiynm,malware,1,0.488810658454895,0,benign,19
edu.synthetic.androzoo.malware.sms_otp_stealer.0747,malware,1,0.9985380172729492,1,malware,74
com.friendscube.somoim,benign,0,0.35948535799980164,0,benign,159
com.b01t.touchphotolock,benign,0,0.026423433795571327,0,benign,43
air.jp.globalgear.shere.pj,malware,1,0.3257628083229065,0,benign,22
edu.synthetic.androzoo.malware.wallet_stealer.0988,malware,1,0.9876573085784912,1,malware,95
com.topnewgames.car.parking.game.free,benign,0,0.0019125955877825618,0,benign,88
com.bithack.apparatus.st,malware,1,0.292822927236557,0,benign,32
com.LonerGames.RayOfHopeApocalypse,benign,0,0.12699759006500244,0,benign,66
com.specialy.app,benign,0,0.20526206493377686,0,benign,141
com.damidev.ipoolremote,benign,0,0.9978994131088257,1,malware,134
com.amuvirus.hookvpn,malware,1,0.0005158932763151824,0,benign,141
edu.synthetic.androzoo.malware.overlay_pin_stealer.0219,malware,1,0.991820216178894,1,malware,78
edu.synthetic.androzoo.malware.overlay_pin_stealer.0439,malware,1,0.9988186955451965,1,malware,71
com.stefanroobol.pelvicfloor,benign,0,0.0022728429175913334,0,benign,38
com.myunitel.activities,benign,0,0.00787222571671009,0,benign,123
linkdesks.solitaire.zoo,benign,0,0.0011016939533874393,0,benign,111
com.aok.xyygame.K57,malware,1,0.9949148893356323,1,malware,24
edu.synthetic.androzoo.malware.dropper_loader.1516,malware,1,0.999142050743103,1,malware,181
org.traccar.client,malware,1,0.004913197364658117,0,benign,97
edu.synthetic.androzoo.malware.banker_accessibility.1029,malware,1,0.9991803765296936,1,malware,87
edu.synthetic.androzoo.malware.overlay_pin_stealer.0317,malware,1,0.9960759282112122,1,malware,171
edu.synthetic.androzoo.malware.ransomware_locker.1423,malware,1,0.9085361957550049,1,malware,190
com.czy.guandeng,malware,1,0.9984695315361023,1,malware,58
edu.synthetic.androzoo.malware.spyware_surveillance.0481,malware,1,0.5833821892738342,1,malware,113
com.tree.dayleft,benign,0,0.010576759465038776,0,benign,183
edu.synthetic.androzoo.malware.banker_accessibility.0086,malware,1,0.9761817455291748,1,malware,144
com.subsplashconsulting.s_RT2T5K,benign,0,0.017009291797876358,0,benign,183
com.subsplash.thechurchapp.TheUrbanAlternative,benign,0,0.0035567283630371094,0,benign,176
com.m7.downloads,malware,1,0.00438085338100791,0,benign,21
edu.synthetic.androzoo.malware.overlay_pin_stealer.0631,malware,1,0.9985244870185852,1,malware,42
edu.synthetic.androzoo.malware.ransomware_locker.0038,malware,1,0.8353459239006042,1,malware,152
edu.synthetic.androzoo.malware.adware_clicker.1171,malware,1,0.9993069171905518,1,malware,36
com.subsplashconsulting.s_983JH4,benign,0,0.05966075882315636,0,benign,190
edu.synthetic.androzoo.benign.media_game.0098,benign,0,0.006681568920612335,0,benign,41
com.EscapeFactory.CursedSchool,benign,0,0.00372381997294724,0,benign,135
com.lyd.mobilely,malware,1,0.0010711126960814,0,benign,31
edu.synthetic.androzoo.malware.wallet_stealer.1741,malware,1,0.995594322681427,1,malware,70
com.tvsmartview.tvcast.mirroring,benign,0,0.002326077548786998,0,benign,173
com.funny.voicechanger.free.voiceeditor.voiceeffects.soundeffects,benign,0,0.07328496873378754,0,benign,14
com.brewgames.coinmatch,benign,0,0.06009700149297714,0,benign,62
edu.synthetic.androzoo.malware.dropper_loader.0417,malware,1,0.7447023987770081,1,malware,106
com.makeshop.podbbang,benign,0,0.0015138678718358278,0,benign,198
com.simyasolutions.ling.lv,benign,0,0.3567744493484497,0,benign,121
com.telek.smarthome.android,malware,1,0.9211576581001282,1,malware,80
com.ita.scaleup,benign,0,0.21458213031291962,0,benign,58
edu.synthetic.androzoo.benign.commerce_social.0001,benign,0,0.004465745761990547,0,benign,244
edu.synthetic.androzoo.malware.banker_accessibility.0761,malware,1,0.9945732951164246,1,malware,93
com.iacad.apps,benign,0,0.0010310870129615068,0,benign,139
com.bitmango.go.fruitsmaniamatch3,benign,0,0.0005981814465485513,0,benign,146
edu.synthetic.androzoo.malware.spyware_surveillance.1256,malware,1,0.9958187937736511,1,malware,48
com.linecorp.linemanth,benign,0,0.0004572995821945369,0,benign,74
ie.flipdish.fd18352,benign,0,0.09483490884304047,0,benign,119
hivebrite.gabv_community.app,benign,0,0.22491133213043213,0,benign,124
com.skisosoft.coach.ly,malware,1,0.002532811602577567,0,benign,21
com.oq.store,benign,0,0.8659954071044922,1,malware,51
edu.synthetic.androzoo.malware.spyware_surveillance.1853,malware,1,0.5782474875450134,1,malware,182
com.activecampaign.androidcrm,benign,0,0.9993101358413696,1,malware,108
edu.synthetic.androzoo.malware.dropper_loader.2031,malware,1,0.8231554627418518,1,malware,116
xyz.modtech.hexagon,benign,0,0.005074142944067717,0,benign,53
com.alfanetwork.cloudmineapp,malware,1,0.9987699389457703,1,malware,24
ru.shtrafy_gibdd.nalogi,benign,0,0.0011447989381849766,0,benign,198
com.kahunas.io.OsborneCoaching,benign,0,0.016474362462759018,0,benign,26
edu.synthetic.androzoo.malware.banker_accessibility.1871,malware,1,0.7755414843559265,1,malware,213
nc.zygo.taxi.passenger,benign,0,0.0018235199386253953,0,benign,144
edu.synthetic.androzoo.benign.commerce_social.0046,benign,0,0.009518380276858807,0,benign,77
com.anacity,benign,0,0.38569048047065735,0,benign,25
com.videodownloader.mks,benign,0,0.007760087959468365,0,benign,275
edu.synthetic.androzoo.malware.dropper_loader.0438,malware,1,0.8697543144226074,1,malware,238
com.wireguard.android,benign,0,0.04756966605782509,0,benign,12
sg.gov.digitalworkplace,benign,0,0.060215383768081665,0,benign,108
com.audiosdroid.speech2text,malware,1,0.00018418682157061994,0,benign,10
com.freebird.zsp.DailyAccounting,malware,1,0.9993652701377869,1,malware,233
com.careem.acma,benign,0,0.0017604621825739741,0,benign,228
edu.synthetic.androzoo.malware.overlay_pin_stealer.0879,malware,1,0.7920413613319397,1,malware,89
edu.synthetic.androzoo.malware.overlay_pin_stealer.2035,malware,1,0.9994805455207825,1,malware,43
com.walainteractive.roshambodash,benign,0,0.021121904253959656,0,benign,11
com.bestfuncoolapps.TakeYourPills,benign,0,0.0006520227761939168,0,benign,182
edu.synthetic.androzoo.benign.maps_cloud.0102,benign,0,0.04858499392867088,0,benign,44
linguado.com.linguado,benign,0,0.021629661321640015,0,benign,147
com.jose.quesada.instrumentalchua,malware,1,0.9997338652610779,1,malware,16
com.cleanmate.abroad,malware,1,0.1493234485387802,0,benign,18
de.keleya.app,benign,0,0.50761479139328,1,malware,165
edu.synthetic.androzoo.malware.spyware_surveillance.0116,malware,1,0.8797202706336975,1,malware,171
de.loewen.dart.android,benign,0,0.0040551405400037766,0,benign,18
edu.synthetic.androzoo.malware.wallet_stealer.1057,malware,1,0.8859978318214417,1,malware,130
com.mwaa.digital.signage.tc.iad,benign,0,0.29862144589424133,0,benign,45
com.tanggo.frogjump,malware,1,0.017962096258997917,0,benign,17
edu.synthetic.androzoo.malware.sms_otp_stealer.0713,malware,1,0.994251012802124,1,malware,77
edu.synthetic.androzoo.malware.banker_accessibility.1233,malware,1,0.9830824136734009,1,malware,134
com.endalia.mobile.hr,benign,0,0.0020549078471958637,0,benign,94
edu.synthetic.androzoo.malware.spyware_surveillance.0437,malware,1,0.9934547543525696,1,malware,50
com.xd_geospatial.andorra,benign,0,0.9963132739067078,1,malware,152
com.example.administrator.picturetransliteration,malware,1,0.3069164752960205,0,benign,38
com.askme.application,benign,0,0.06760915368795395,0,benign,53
kr.co.ssibc.igoziptong,benign,0,0.022267771884799004,0,benign,26
com.exeysoft.mathcalculator,benign,0,0.99748295545578,1,malware,130
com.recode.aerodyneapex,benign,0,0.0015188870020210743,0,benign,35
com.multibrains.taxi.driver.ridepassengeret,benign,0,0.0013920677592977881,0,benign,163
vk.chungju,benign,0,0.00040101652848534286,0,benign,10
jp.niben.miniben,benign,0,0.3211711049079895,0,benign,51
gazpacho.strawberries.vova_adidas,benign,0,0.000675469113048166,0,benign,14
com.howtopraythescriptures.dailyverses,benign,0,0.13125120103359222,0,benign,147
com.tenon.connect,benign,0,0.003146030008792877,0,benign,127
armaforte.mobile,benign,0,0.020415032282471657,0,benign,56
au.org.rrr.stream,benign,0,0.012156111188232899,0,benign,20
uy.com.Santander,benign,0,0.0004342295869719237,0,benign,153
edu.synthetic.androzoo.malware.banker_accessibility.0808,malware,1,0.9948015213012695,1,malware,65
edu.synthetic.androzoo.malware.sms_otp_stealer.0845,malware,1,0.995827853679657,1,malware,53
com.cloudtech.weatherradar,malware,1,0.9991600513458252,1,malware,54
com.cabtime.android.customerApp,benign,0,0.0025891351979225874,0,benign,18
edu.synthetic.androzoo.benign.utility_background.0082,benign,0,0.330710232257843,0,benign,123
com.mtoolstec.mtoolsLite,benign,0,0.0037577515468001366,0,benign,110
com.wearlynx.slandroidjacksonhole,malware,1,0.3353389799594879,0,benign,126
com.sflep.course,malware,1,0.08397278934717178,0,benign,22
com.jewelblast.puzzlelegend,benign,0,0.0007379519520327449,0,benign,223
com.nthgensoftware.traderev.android,benign,0,0.001889959443360567,0,benign,184
com.taxsee.taxsee,benign,0,0.000309137802105397,0,benign,230
com.GERANGAMA.ContainerHouseDesign,benign,0,0.7678846716880798,1,malware,32
com.primexbt.trade,benign,0,0.008587518706917763,0,benign,24
edu.synthetic.androzoo.malware.banker_accessibility.1169,malware,1,0.6835309863090515,1,malware,216
com.mysticmobileapps.terrain.radar,benign,0,0.16169917583465576,0,benign,227
it.eolo.appeolo,benign,0,0.015017998404800892,0,benign,137
edu.synthetic.androzoo.malware.adware_clicker.1530,malware,1,0.4099845886230469,0,benign,195
com.easytor.barbel,benign,0,0.9231721758842468,1,malware,66
asia.coins.mobile,benign,0,0.0006913757533766329,0,benign,133
com.quicdent,benign,0,0.11590458452701569,0,benign,75
edu.synthetic.androzoo.malware.banker_accessibility.1511,malware,1,0.990994393825531,1,malware,101
com.ak.ta.dainikbhaskar.activity,benign,0,0.0028335372917354107,0,benign,237
edu.synthetic.androzoo.benign.commerce_social.0134,benign,0,0.0022402177564799786,0,benign,156
com.melodygames.royaldreamindianwedding,benign,0,0.9988051652908325,1,malware,77
co.madlife.stopmotion,malware,1,0.003996011335402727,0,benign,21
edu.synthetic.androzoo.malware.banker_accessibility.0601,malware,1,0.5419538021087646,1,malware,164
edu.synthetic.androzoo.malware.wallet_stealer.1992,malware,1,0.9978546500205994,1,malware,30
edu.synthetic.androzoo.malware.banker_accessibility.0795,malware,1,0.9954284429550171,1,malware,52
edu.synthetic.androzoo.benign.webview_content.0094,benign,0,0.0440753810107708,0,benign,79
edu.synthetic.androzoo.malware.sms_otp_stealer.0418,malware,1,0.99870765209198,1,malware,41
com.magicube.live,malware,1,0.01043703593313694,0,benign,34
com.multibrains.taxi.passenger.ulendotaxizambia,benign,0,0.11980732530355453,0,benign,108
org.fcbh.xalibt.n2.n,benign,0,0.36742010712623596,0,benign,17
com.xaebike.laosgo,benign,0,0.7049159407615662,1,malware,28
edu.synthetic.androzoo.malware.wallet_stealer.1500,malware,1,0.9781684279441833,1,malware,82
com.trainerize.evolveadaptfitness,benign,0,0.015484670177102089,0,benign,14
edu.synthetic.androzoo.malware.banker_accessibility.1037,malware,1,0.9073501229286194,1,malware,154
com.tinmanarts.TwoGoodFriendsPhone,malware,1,0.9799309968948364,1,malware,58
com.kiloo.subwaysurf,malware,1,0.8146435618400574,1,malware,140
edu.synthetic.androzoo.benign.utility_background.0152,benign,0,0.6115567684173584,1,malware,74
org.viewspark.admin,benign,0,0.0021617745514959097,0,benign,123
edu.synthetic.androzoo.malware.banker_accessibility.0424,malware,1,0.9951306581497192,1,malware,150
edu.synthetic.androzoo.malware.banker_accessibility.0084,malware,1,0.9983024597167969,1,malware,106
edu.synthetic.androzoo.malware.spyware_surveillance.1795,malware,1,0.8123774528503418,1,malware,41
com.subsplashconsulting.s_KNX3RK,benign,0,0.0016947886906564236,0,benign,197
com.weatherteam.dailyweather.forecast,benign,0,0.9512493014335632,1,malware,244
com.mrblue.mrblue,benign,0,0.9402910470962524,1,malware,99
edu.synthetic.androzoo.malware.banker_accessibility.0453,malware,1,0.9979211688041687,1,malware,169
edu.synthetic.androzoo.malware.overlay_pin_stealer.1719,malware,1,0.995989978313446,1,malware,62
edu.synthetic.androzoo.malware.ransomware_locker.2004,malware,1,0.9927985668182373,1,malware,108
com.sinyee.babybus.musicparty,malware,1,0.9372104406356812,1,malware,65
com.exmge.app,benign,0,0.9996092915534973,1,malware,64
me.kch_app.kch,benign,0,0.11925087124109268,0,benign,53
com.cmpsoft.MediaBrowser,benign,0,0.06297144293785095,0,benign,83
vor.rider,benign,0,0.9981135129928589,1,malware,86
edu.synthetic.androzoo.malware.sms_otp_stealer.0226,malware,1,0.9601878523826599,1,malware,142
com.quiply.leimerkg,benign,0,0.9993712306022644,1,malware,65
edu.synthetic.androzoo.benign.utility_background.0027,benign,0,0.2612690031528473,0,benign,183
edu.synthetic.androzoo.malware.overlay_pin_stealer.1333,malware,1,0.6823277473449707,1,malware,109
edu.synthetic.androzoo.malware.ransomware_locker.0306,malware,1,0.7695629596710205,1,malware,156
jp.mixi,benign,0,0.990958571434021,1,malware,83
com.gozem.provider,benign,0,0.0008710265392437577,0,benign,159
com.momsitter.android.hybridapp,benign,0,0.0023029090370982885,0,benign,221
com.prashantsj.apps.movietitlegame,benign,0,0.9442384839057922,1,malware,181
ridewithvia.tra.treviso,benign,0,0.2542603611946106,0,benign,159
com.ywx.qhyx.yyh,malware,1,0.9911264777183533,1,malware,144
com.dongqiudi.news,malware,1,0.5624630451202393,1,malware,89
com.chronogolf.booking.westlock,benign,0,0.0008074240176938474,0,benign,142
com.cookie.match3.casual,benign,0,0.0017009408911690116,0,benign,119
edu.synthetic.androzoo.malware.overlay_pin_stealer.1791,malware,1,0.9989951252937317,1,malware,153
edu.synthetic.androzoo.benign.media_game.0191,benign,0,0.005515955854207277,0,benign,84
eu.mobile_alerts.thermoconnect,benign,0,0.00046178806223906577,0,benign,186
edu.synthetic.androzoo.benign.webview_content.0018,benign,0,0.010028074495494366,0,benign,112
az.foodsoul.c82,benign,0,0.003968292847275734,0,benign,90
edu.synthetic.androzoo.malware.ransomware_locker.1388,malware,1,0.898794412612915,1,malware,154
com.yulin.VertexVerveInc.Games,malware,1,0.9991382360458374,1,malware,34
fi.eventbrokers.sporttipassimobile,benign,0,0.10517522692680359,0,benign,157
com.rv.gym,benign,0,0.05132255330681801,0,benign,14
edu.synthetic.androzoo.malware.dropper_loader.1260,malware,1,0.9166461229324341,1,malware,157
cn.cetv.zgjy,malware,1,0.2578580379486084,0,benign,68
com.stamfordfgkebab,benign,0,0.18706296384334564,0,benign,10
it.creareunapp.editor.android5fe4be4037921,benign,0,0.9995535016059875,1,malware,41
com.onemt.and.shen,benign,0,0.1839025914669037,0,benign,68
air.cn.iduoduo.frog,malware,1,0.004064466804265976,0,benign,28
edu.synthetic.androzoo.malware.dropper_loader.1394,malware,1,0.004543272778391838,0,benign,147
edu.synthetic.androzoo.malware.dropper_loader.0843,malware,1,0.46907058358192444,0,benign,54
com.garantiemeklilik.cepsube,benign,0,0.914820671081543,1,malware,76
com.ea.emiratesauction,benign,0,0.1110919788479805,0,benign,136
com.combine.loss,benign,0,0.0010915430029854178,0,benign,98
com.todoorstep.store,benign,0,0.17885251343250275,0,benign,174
com.ttk.hdl,malware,1,0.9820832014083862,1,malware,87
edu.synthetic.androzoo.malware.overlay_pin_stealer.1840,malware,1,0.9839406609535217,1,malware,91
com.LongNeckDog.BallRaceRoyale,benign,0,0.003675813088193536,0,benign,107
edu.synthetic.androzoo.benign.utility_background.0128,benign,0,0.030160358175635338,0,benign,110
com.ai.chat.bot.aichat,malware,1,0.011968770064413548,0,benign,190
in.playsimple.jigsaw_puzzle,benign,0,0.03210883215069771,0,benign,13
com.schoolpointe.oh_mississinawavalleyschs,benign,0,0.05340556055307388,0,benign,23
edu.synthetic.androzoo.malware.wallet_stealer.1345,malware,1,0.9884688258171082,1,malware,157
edu.synthetic.androzoo.malware.ransomware_locker.1967,malware,1,0.9951509237289429,1,malware,150
edu.synthetic.androzoo.malware.wallet_stealer.1302,malware,1,0.9996457099914551,1,malware,49
com.jdomni.jdswathirestaurantbangalore,benign,0,0.0010156497592106462,0,benign,127
edu.synthetic.androzoo.malware.sms_otp_stealer.1553,malware,1,0.9845194816589355,1,malware,126
app.haoce.com,malware,1,0.9982286095619202,1,malware,84
net.peakgames.ginrummyplus,benign,0,0.04319070279598236,0,benign,34
no.membro.adrenalin,benign,0,0.24817444384098053,0,benign,26
co.bitx.android.wallet,benign,0,0.0030674401205033064,0,benign,176
com.zakinn.app,benign,0,0.0008852070313878357,0,benign,176
com.scoutium.app,benign,0,0.1341416835784912,0,benign,97
com.eonsoft.MultiTimer,benign,0,0.8398169875144958,1,malware,85
com.tyou.daizhu,malware,1,0.11767108738422394,0,benign,90
com.xdtech.news.greatriver,malware,1,0.004904334899038076,0,benign,129
edu.synthetic.androzoo.malware.banker_accessibility.0449,malware,1,0.9976710677146912,1,malware,99
edu.synthetic.androzoo.malware.dropper_loader.0994,malware,1,0.4533455967903137,0,benign,234
smile.com.telonium.mobile,benign,0,0.07787368446588516,0,benign,20
net.pixiv.vroid.android,benign,0,0.003905036486685276,0,benign,100
com.boyneresorts.loon,benign,0,0.005963143426924944,0,benign,195
com.starom1.ome222,malware,1,0.03270082175731659,0,benign,89
edu.synthetic.androzoo.malware.dropper_loader.0735,malware,1,0.8971725106239319,1,malware,154
edu.synthetic.androzoo.malware.adware_clicker.0546,malware,1,0.7518317699432373,1,malware,94
com.bhima.nameonpics,benign,0,0.998030960559845,1,malware,104
com.slb.drillops.touch,benign,0,0.9621724486351013,1,malware,101
edu.synthetic.androzoo.malware.dropper_loader.0125,malware,1,0.9492325186729431,1,malware,134
edu.synthetic.androzoo.benign.webview_content.0010,benign,0,0.16430208086967468,0,benign,177
jp.co.lavan7.gakupuri_android,benign,0,0.3393007814884186,0,benign,134
com.ebdaadt.rentelly,benign,0,0.004865666851401329,0,benign,179
com.ma.ld.dict.idioms,malware,1,0.020369281992316246,0,benign,50
edu.synthetic.androzoo.malware.dropper_loader.1686,malware,1,0.9687536358833313,1,malware,130
com.orimuse.android,malware,1,0.011214857921004295,0,benign,39
com.jeffreytht.gobblet,benign,0,0.993690013885498,1,malware,133
edu.synthetic.androzoo.malware.banker_accessibility.0706,malware,1,0.9982213377952576,1,malware,87
edu.synthetic.androzoo.malware.dropper_loader.1413,malware,1,0.3730000853538513,0,benign,83
edu.synthetic.androzoo.malware.adware_clicker.1249,malware,1,0.9854655265808105,1,malware,107
com.bforbank.androidapp,benign,0,0.0018439278937876225,0,benign,130
edu.synthetic.androzoo.malware.dropper_loader.0935,malware,1,0.2011854201555252,0,benign,43
edu.synthetic.androzoo.malware.ransomware_locker.1983,malware,1,0.9946861267089844,1,malware,183
com.qbis,benign,0,0.006879129912704229,0,benign,103
edu.synthetic.androzoo.malware.ransomware_locker.0627,malware,1,0.9990546107292175,1,malware,109
com.aemobile.games.tycoon.capitalist.idle,benign,0,0.0012246140977367759,0,benign,125
com.yingedu.ppst,malware,1,0.14606629312038422,0,benign,30
edu.synthetic.androzoo.malware.overlay_pin_stealer.2006,malware,1,0.9993845224380493,1,malware,78
edu.synthetic.androzoo.benign.media_game.0176,benign,0,0.0018933501560240984,0,benign,170
edu.synthetic.androzoo.malware.banker_accessibility.1610,malware,1,0.9989783763885498,1,malware,69
edu.synthetic.androzoo.malware.ransomware_locker.2037,malware,1,0.9382092952728271,1,malware,100
cn.com.rektec.xmobile.jcy,malware,1,0.8886136412620544,1,malware,53
edu.synthetic.androzoo.malware.ransomware_locker.1107,malware,1,0.9862383604049683,1,malware,180
edu.synthetic.androzoo.malware.ransomware_locker.1364,malware,1,0.995566189289093,1,malware,111
com.panagola.app.om,benign,0,0.00020182535808999091,0,benign,13
edu.synthetic.androzoo.malware.overlay_pin_stealer.0873,malware,1,0.9976525902748108,1,malware,78
com.inpeaceapp.quadrangularavareregionalieq.sp,benign,0,0.000677920994348824,0,benign,185
com.jacks_flights,benign,0,0.9996826648712158,1,malware,108
edu.synthetic.androzoo.benign.media_game.0089,benign,0,0.0029323783237487078,0,benign,117
com.litegames.farkle,benign,0,0.0005185965565033257,0,benign,154
info.metconsul.airtech_aos,benign,0,0.004615862388163805,0,benign,148
oasys.edocs.h2a2,benign,0,0.984095573425293,1,malware,22
com.vinetree.gametalktalk2,benign,0,0.0015601716004312038,0,benign,317
com.cars.laosticket,malware,1,0.7070520520210266,1,malware,161
edu.synthetic.androzoo.malware.ransomware_locker.0679,malware,1,0.9979464411735535,1,malware,116
edu.synthetic.androzoo.malware.banker_accessibility.0677,malware,1,0.9934155941009521,1,malware,91
edu.synthetic.androzoo.malware.adware_clicker.0923,malware,1,0.9943260550498962,1,malware,76
com.octotelematics.creditras,benign,0,0.0014287055237218738,0,benign,103
com.xynderous.vatole.floattube,benign,0,0.0025758345145732164,0,benign,219
edu.synthetic.androzoo.malware.banker_accessibility.1535,malware,1,0.9975550770759583,1,malware,43
com.cleverapps.adventure,benign,0,0.011177350766956806,0,benign,209
com.ridetaskapp.store,benign,0,0.0013651215704157948,0,benign,94
com.easysecure,benign,0,0.16397014260292053,0,benign,37
se.langia.fishpoc,benign,0,0.0017699989257380366,0,benign,199
edu.synthetic.androzoo.malware.overlay_pin_stealer.0381,malware,1,0.9579734206199646,1,malware,187
com.aapmobile,benign,0,0.025695662945508957,0,benign,50
edu.synthetic.androzoo.malware.overlay_pin_stealer.1128,malware,1,0.9981729984283447,1,malware,116
com.ultrahuman.android,benign,0,0.843232274055481,1,malware,36
cn.com.gxrb.client,malware,1,0.2441422939300537,0,benign,79
com.MiniCo.UltraFarmingTractorTrucks,benign,0,0.2264697551727295,0,benign,17
club.betnow.coral,benign,0,0.9679527878761292,1,malware,81
edu.synthetic.androzoo.malware.banker_accessibility.0607,malware,1,0.9981279969215393,1,malware,91
edu.synthetic.androzoo.malware.sms_otp_stealer.0753,malware,1,0.9590014219284058,1,malware,87
com.exys2008.over,benign,0,0.0010922315996140242,0,benign,92
edu.synthetic.androzoo.malware.dropper_loader.0544,malware,1,0.9856886863708496,1,malware,88
com.ig.tastyworks.app,benign,0,0.4384279251098633,0,benign,96
com.launcher.light.theme3d,malware,1,0.0022376845590770245,0,benign,27
edu.synthetic.androzoo.malware.adware_clicker.0349,malware,1,0.983690083026886,1,malware,102
com.gears42.surelock,malware,1,0.07404596358537674,0,benign,25
orphy.orphyDrive,benign,0,0.3797247111797333,0,benign,44
com.azena.gemini,benign,0,0.0017700174357742071,0,benign,12
edu.synthetic.androzoo.malware.dropper_loader.1268,malware,1,0.9960916638374329,1,malware,124
edu.synthetic.androzoo.malware.banker_accessibility.0519,malware,1,0.999015212059021,1,malware,52
gazpacho.strawberries.stones,benign,0,0.0012856322573497891,0,benign,20
edu.synthetic.androzoo.malware.sms_otp_stealer.1421,malware,1,0.9971946477890015,1,malware,87
edu.synthetic.androzoo.malware.banker_accessibility.0230,malware,1,0.9983785152435303,1,malware,134
com.PiguinSoft.CafeRacer.ly,malware,1,0.003528590314090252,0,benign,26
edu.synthetic.androzoo.malware.overlay_pin_stealer.0194,malware,1,0.9938210844993591,1,malware,88
com.koudai.zuhao,malware,1,0.8657855987548828,1,malware,67
com.sdyxjd.yony,malware,1,0.9978528022766113,1,malware,146
com.alphazeedevs.quotifyy,benign,0,0.14577338099479675,0,benign,102
edu.synthetic.androzoo.benign.media_game.0036,benign,0,0.013723255135118961,0,benign,69
edu.synthetic.androzoo.malware.overlay_pin_stealer.1518,malware,1,0.9887893199920654,1,malware,88
mohot.fit.booking,benign,0,0.001857356051914394,0,benign,68
com.bayatree.sommerlearning,benign,0,0.9965347051620483,1,malware,91
edu.synthetic.androzoo.malware.sms_otp_stealer.0239,malware,1,0.9970472455024719,1,malware,61
edu.synthetic.androzoo.malware.banker_accessibility.0681,malware,1,0.906495213508606,1,malware,139
com.subsplashconsulting.s_3XV6D9,benign,0,0.0025085480883717537,0,benign,154
edu.synthetic.androzoo.benign.maps_cloud.0163,benign,0,0.001572293695062399,0,benign,157
com.screamgo.onion,malware,1,0.9841930270195007,1,malware,80
edu.synthetic.androzoo.malware.wallet_stealer.0211,malware,1,0.986869752407074,1,malware,190
edu.synthetic.androzoo.malware.overlay_pin_stealer.0901,malware,1,0.9994565844535828,1,malware,59
com.lixiangdong.LCDWatch.Pro,malware,1,0.000775629305280745,0,benign,30
com.webcontrol.android,benign,0,0.03757245093584061,0,benign,88
edu.synthetic.androzoo.benign.commerce_social.0007,benign,0,0.0007045120582915843,0,benign,36
edu.synthetic.androzoo.malware.dropper_loader.1619,malware,1,0.07711967825889587,0,benign,90
edu.synthetic.androzoo.malware.banker_accessibility.1656,malware,1,0.9872357249259949,1,malware,103
edu.synthetic.androzoo.malware.sms_otp_stealer.2034,malware,1,0.7679792642593384,1,malware,177
air.EscapeBackyardNow,malware,1,0.126640185713768,0,benign,119
com.collectorz.javamobile.android.music,benign,0,0.0005116940010339022,0,benign,70
com.pachagame.FlatEarth,malware,1,0.9566785097122192,1,malware,143
com.franceair.appc4,benign,0,0.001314328284934163,0,benign,82
edu.synthetic.androzoo.benign.commerce_social.0087,benign,0,0.027857914566993713,0,benign,162
com.matrix_digi.ma_remote,malware,1,0.3503285050392151,0,benign,57
edu.synthetic.androzoo.malware.ransomware_locker.1798,malware,1,0.9766806960105896,1,malware,168
fr.morvan.morvanurbasee,benign,0,0.039957694709300995,0,benign,10
com.mispacientescmnb.app,benign,0,0.41461309790611267,0,benign,38
edu.synthetic.androzoo.malware.ransomware_locker.2066,malware,1,0.7156388163566589,1,malware,141
com.mirmeapp,benign,0,0.026443563401699066,0,benign,126
com.xeno.investment,benign,0,0.012130530551075935,0,benign,32
com.ape.games.impact,malware,1,0.9946809411048889,1,malware,163
edu.synthetic.androzoo.malware.adware_clicker.1298,malware,1,0.996190071105957,1,malware,163
edu.synthetic.androzoo.malware.ransomware_locker.1670,malware,1,0.7373905777931213,1,malware,82
com.apptegy.dawson,benign,0,0.996640682220459,1,malware,125
edu.synthetic.androzoo.benign.media_game.0107,benign,0,0.0005725007504224777,0,benign,177
edu.synthetic.androzoo.malware.spyware_surveillance.0452,malware,1,0.9885240197181702,1,malware,86
com.trainerize.kevinmorreyfitness,benign,0,0.21580135822296143,0,benign,25
com.software.v.it.familytree,benign,0,0.010756067000329494,0,benign,38
com.wnqncivu.renpeo,malware,1,0.9884330630302429,1,malware,31
com.passporterapp.android,benign,0,0.13562767207622528,0,benign,193
com.hero.legend.mmo,benign,0,0.4709746241569519,0,benign,102
com.Ignition.fiveaces,benign,0,0.14566825330257416,0,benign,25
com.njh.biubiu,malware,1,0.0016025991644710302,0,benign,15
edu.synthetic.androzoo.malware.wallet_stealer.0159,malware,1,0.9663802981376648,1,malware,115
edu.synthetic.androzoo.malware.dropper_loader.0999,malware,1,0.9421990513801575,1,malware,47
com.ryumoto.gfx,malware,1,0.9973939657211304,1,malware,22
com.VideoEditor.videomakerpro,benign,0,0.0021871428471058607,0,benign,205
com.FortuneMine.WonderGo,benign,0,0.005283062346279621,0,benign,73
com.cocos2dx.hobbit,malware,1,0.9995046854019165,1,malware,19
re.leaderprice.comptefidelite,benign,0,0.9995630383491516,1,malware,112
com.winworks.winworksinspect,benign,0,0.0031855753622949123,0,benign,22
edu.synthetic.androzoo.malware.spyware_surveillance.0621,malware,1,0.9991768002510071,1,malware,51
com.upbean.appcmcoop,benign,0,0.5845092535018921,1,malware,88
edu.synthetic.androzoo.malware.overlay_pin_stealer.1807,malware,1,0.9992485642433167,1,malware,65
com.nobrainstate.city.construction.building.game,benign,0,0.0019426523940637708,0,benign,122
edu.synthetic.androzoo.malware.banker_accessibility.0066,malware,1,0.995817244052887,1,malware,146
com.praharaj_sqlite.app,benign,0,0.0018656913889572024,0,benign,13
edu.synthetic.androzoo.malware.dropper_loader.0852,malware,1,0.9804968237876892,1,malware,128
com.plusgames.ideologyr,benign,0,0.9792207479476929,1,malware,86
com.fankexinxi.fanhuishou,malware,1,0.9980800151824951,1,malware,80
edu.synthetic.androzoo.benign.maps_cloud.0129,benign,0,0.0018882063450291753,0,benign,100
embroidery.design.app.tutorial,benign,0,0.3591567277908325,0,benign,160
com.avirise.praytimes.azanreminder,benign,0,0.012303665280342102,0,benign,274
com.qupil,benign,0,0.004089496564120054,0,benign,27
edu.synthetic.androzoo.malware.ransomware_locker.1049,malware,1,0.35988301038742065,0,benign,135
edu.synthetic.androzoo.malware.spyware_surveillance.1457,malware,1,0.9774977564811707,1,malware,184
edu.synthetic.androzoo.malware.sms_otp_stealer.1097,malware,1,0.992789089679718,1,malware,37
edu.synthetic.androzoo.malware.sms_otp_stealer.1659,malware,1,0.990861177444458,1,malware,93
ru.uralsib.business,benign,0,0.09762216359376907,0,benign,164
edu.synthetic.androzoo.malware.spyware_surveillance.0584,malware,1,0.9916636943817139,1,malware,92
com.postulate.postulate_erp,benign,0,0.9994866847991943,1,malware,45
edu.synthetic.androzoo.malware.adware_clicker.1960,malware,1,0.8990805149078369,1,malware,183
edu.synthetic.androzoo.malware.banker_accessibility.1595,malware,1,0.9995580315589905,1,malware,173
com.wink.android.weather,benign,0,0.04538756608963013,0,benign,213
edu.synthetic.androzoo.malware.banker_accessibility.1237,malware,1,0.9908950328826904,1,malware,96
com.phone.contact.call.phonecontact,malware,1,0.9616175293922424,1,malware,131
com.skyphone.app,benign,0,0.0018194746226072311,0,benign,10
edu.synthetic.androzoo.malware.wallet_stealer.0277,malware,1,0.9864353537559509,1,malware,112
com.dmm.pointclub,benign,0,0.001957203261554241,0,benign,55
com.ba.mobile,benign,0,0.817560076713562,1,malware,101
com.fibrum.propastvr,malware,1,0.9379231333732605,1,malware,25
edu.synthetic.androzoo.malware.spyware_surveillance.0242,malware,1,0.9564976692199707,1,malware,157
com.kahunas.io.LEANERSTRONGERFASTER,benign,0,0.13248886168003082,0,benign,133
com.laoniao.leaperkim,malware,1,0.01563429646193981,0,benign,50
mycity.popstar.pt,malware,1,0.11220639944076538,0,benign,33
cn.meihuiapp.videomaker,malware,1,0.06395325809717178,0,benign,71
edu.synthetic.androzoo.malware.overlay_pin_stealer.1239,malware,1,0.9972078204154968,1,malware,94
com.pik.roxstar,benign,0,0.004680431913584471,0,benign,112
edu.synthetic.androzoo.malware.dropper_loader.0798,malware,1,0.9837291836738586,1,malware,131
edu.synthetic.androzoo.malware.sms_otp_stealer.1863,malware,1,0.9985311031341553,1,malware,46
com.mta.videotube.playtube,benign,0,0.016645468771457672,0,benign,180
ljm.course.app,malware,1,0.053271230310201645,0,benign,59
com.dubaiculture,benign,0,0.11792169511318207,0,benign,67
com.ac.englishtokhmertranslator,benign,0,0.768932044506073,1,malware,49
com.asobimo.alchemiastory,benign,0,0.0023996431846171618,0,benign,170
edu.synthetic.androzoo.malware.dropper_loader.0474,malware,1,0.07386364787817001,0,benign,111
com.lunosoft.puuung1,benign,0,0.8988603353500366,1,malware,57
com.sinyee.babybus.popsicles,malware,1,0.9117778539657593,1,malware,244
edu.synthetic.androzoo.malware.dropper_loader.0348,malware,1,0.9402921795845032,1,malware,224
edu.synthetic.androzoo.benign.maps_cloud.0235,benign,0,0.0038526339922100306,0,benign,110
alarmclock.alarm.simplealarm.clock.alarmapp,malware,1,0.9831660985946655,1,malware,144
com.sg.spinner.merge.fight,benign,0,0.0034572635777294636,0,benign,72
jp.co.a_tm.android.plus_strawberry_time,benign,0,0.07532870024442673,0,benign,64
com.brc.keyline,benign,0,0.16059063374996185,0,benign,108
com.reliantparking.resident,benign,0,0.9954620003700256,1,malware,115
edu.synthetic.androzoo.malware.dropper_loader.1980,malware,1,0.9752990007400513,1,malware,181
az.studio.gkztc,malware,1,0.8256887793540955,1,malware,263
com.apptegy.balticsd,benign,0,0.3905307352542877,0,benign,128
edu.synthetic.androzoo.malware.spyware_surveillance.1548,malware,1,0.995345413684845,1,malware,63
com.touchnote.android,benign,0,0.0016583626857027411,0,benign,225
com.alarm.alarmmobile.android.securitas,benign,0,0.015631772577762604,0,benign,116
com.SingaporeShopping.sgu,benign,0,0.9876305460929871,1,malware,141
cz.seznam.mapy,benign,0,0.0012485089246183634,0,benign,13
br.com.wiki4fit.flashstudio,benign,0,0.000624180247541517,0,benign,118
com.marchnetworks.searchlight,benign,0,0.8752329349517822,1,malware,87
roll.unblock.ball.block.puzzle,benign,0,0.007048737723380327,0,benign,176
edu.synthetic.androzoo.malware.overlay_pin_stealer.1117,malware,1,0.9941970109939575,1,malware,155
edu.synthetic.androzoo.malware.banker_accessibility.1430,malware,1,0.9986183643341064,1,malware,75
com.canva.editor,benign,0,0.027749260887503624,0,benign,199
edu.synthetic.androzoo.malware.overlay_pin_stealer.0865,malware,1,0.995719850063324,1,malware,83
edu.synthetic.androzoo.malware.overlay_pin_stealer.1538,malware,1,0.9899255037307739,1,malware,119
com.silky.apps.gold.lock,benign,0,0.877378523349762,1,malware,23
edu.synthetic.androzoo.malware.sms_otp_stealer.1053,malware,1,0.9970707893371582,1,malware,48
com.iglesia24h.redapostolica,benign,0,0.49416807293891907,0,benign,118
edu.synthetic.androzoo.malware.spyware_surveillance.1407,malware,1,0.9977329969406128,1,malware,83
edu.synthetic.androzoo.malware.banker_accessibility.1941,malware,1,0.9966176152229309,1,malware,94
edu.synthetic.androzoo.benign.utility_background.0189,benign,0,0.00496607506647706,0,benign,157
com.vanceandhines.fp4,benign,0,0.0020037340000271797,0,benign,93
com.netease.blockchain,malware,1,0.9912595152854919,1,malware,113
edu.synthetic.androzoo.malware.sms_otp_stealer.1244,malware,1,0.9989748001098633,1,malware,55
edu.synthetic.androzoo.malware.ransomware_locker.1217,malware,1,0.994239091873169,1,malware,162
com.ets100.pupil,malware,1,0.008335651829838753,0,benign,17
com.trainerize.fitnesstogether,benign,0,0.9633424878120422,1,malware,82
com.subsplashconsulting.s_BR2B97,benign,0,0.4884341359138489,0,benign,121
com.basenjiapps.breeze,benign,0,0.0023101698607206345,0,benign,134
com.yanka.mc,benign,0,0.0025279182009398937,0,benign,156
edu.synthetic.androzoo.malware.dropper_loader.0857,malware,1,0.9991405010223389,1,malware,60
com.xtylus.remotesalestouch,benign,0,0.0006997791933827102,0,benign,103
com.paoword.www.paoword,malware,1,0.4618476927280426,0,benign,82
com.budgetmaster.expensetrackerapp,benign,0,0.20859798789024353,0,benign,39
com.pulu.popforest,benign,0,0.23634856939315796,0,benign,107
com.appss.wallpaperaestetic2026,benign,0,0.22786249220371246,0,benign,96
com.BuzzGaming.YantlaKazan,benign,0,0.02585858292877674,0,benign,12
com.hippo.lighthouse,benign,0,0.015585270710289478,0,benign,74
edu.synthetic.androzoo.malware.dropper_loader.1085,malware,1,0.9968358874320984,1,malware,39
com.sega.ColorfulStage.en,benign,0,0.08870553970336914,0,benign,49
edu.synthetic.androzoo.malware.banker_accessibility.1175,malware,1,0.9896470904350281,1,malware,169
com.biemore.android.ExploreSupermarket,malware,1,0.9991687536239624,1,malware,131
org.sdcarddatarecovery,benign,0,0.994569718837738,1,malware,96
edu.synthetic.androzoo.malware.wallet_stealer.0899,malware,1,0.9951007962226868,1,malware,84
com.educabiz.educabiz.mobile,benign,0,0.9433936476707458,1,malware,116
com.yachtserv.app,benign,0,0.01268982607871294,0,benign,56
com.rumbo.mobile.android,benign,0,0.3553175628185272,0,benign,27
com.whalo.games.fishoffortune,benign,0,0.0016166593413800001,0,benign,109
edu.synthetic.androzoo.malware.ransomware_locker.0464,malware,1,0.991211473941803,1,malware,129
com.hotelscombined.mobile,benign,0,0.002799645997583866,0,benign,236
edu.synthetic.androzoo.malware.ransomware_locker.0837,malware,1,0.992815375328064,1,malware,122
com.lijianqiang12.silent,malware,1,0.5504330992698669,1,malware,26
com.subsplash.thechurchapp.worship,benign,0,0.14854736626148224,0,benign,188
com.puzzleiq.challenge.yyh,malware,1,0.04107634723186493,0,benign,141
edu.synthetic.androzoo.malware.spyware_surveillance.0395,malware,1,0.9718751311302185,1,malware,111
edu.synthetic.androzoo.malware.spyware_surveillance.0223,malware,1,0.6832482218742371,1,malware,189
edu.synthetic.androzoo.malware.spyware_surveillance.1143,malware,1,0.955756425857544,1,malware,184
edu.synthetic.androzoo.malware.overlay_pin_stealer.0909,malware,1,0.9967603087425232,1,malware,40
edu.synthetic.androzoo.benign.commerce_social.0179,benign,0,0.005142137873917818,0,benign,137
se.svd.start,benign,0,0.0007126894197426736,0,benign,192
edu.synthetic.androzoo.malware.dropper_loader.1739,malware,1,0.7069860696792603,1,malware,137
edu.synthetic.androzoo.malware.dropper_loader.0896,malware,1,0.7089861035346985,1,malware,183
com.pado.smartlock,malware,1,0.06580694764852524,0,benign,105
edu.synthetic.androzoo.malware.dropper_loader.1787,malware,1,0.9206095337867737,1,malware,91
edu.synthetic.androzoo.malware.ransomware_locker.1856,malware,1,0.9928633570671082,1,malware,191
com.ritzdeligames.eraserblast,benign,0,0.000667310378048569,0,benign,131
com.plazz,benign,0,0.0014826123369857669,0,benign,147
edu.synthetic.androzoo.malware.dropper_loader.1546,malware,1,0.9626786112785339,1,malware,240
com.phorest.bmonroesalon,benign,0,0.0015469923382624984,0,benign,111
com.inovcares.patient,benign,0,0.22094392776489258,0,benign,35
nz.school.npbhstraining.train.own,benign,0,0.0007587550207972527,0,benign,70
com.nebulajoy.act.dmcpoc.asia,benign,0,0.0003621421637944877,0,benign,134
edu.synthetic.androzoo.benign.commerce_social.0202,benign,0,0.0032884390093386173,0,benign,81
io.breezeway.Breezeway,benign,0,0.007695130072534084,0,benign,139
edu.synthetic.androzoo.malware.adware_clicker.0652,malware,1,0.9781299829483032,1,malware,187
edu.synthetic.androzoo.malware.overlay_pin_stealer.1634,malware,1,0.9975645542144775,1,malware,49
th.co.the1.the1app,benign,0,0.9052734971046448,1,malware,18
com.et2t.xingbao,malware,1,0.9977262616157532,1,malware,35
com.appcursin.blogspot,malware,1,0.18269246816635132,0,benign,58
com.ymatou.shop,malware,1,0.020019657909870148,0,benign,53
kh.com.wooribank.ibanking,benign,0,0.3702637851238251,0,benign,72
edu.synthetic.androzoo.malware.banker_accessibility.0828,malware,1,0.9649812579154968,1,malware,119
com.kuberbullion,benign,0,0.14126648008823395,0,benign,58
edu.synthetic.androzoo.malware.spyware_surveillance.0450,malware,1,0.9090054631233215,1,malware,179
com.master.ball.v5.yyh,malware,1,0.03660368546843529,0,benign,12
edu.synthetic.androzoo.malware.ransomware_locker.0987,malware,1,0.22790750861167908,0,benign,141
com.bettertomorrowapps.camerablockfree,benign,0,0.040336236357688904,0,benign,103
com.customchurchapps.lafamiliaapp,benign,0,0.11925021559000015,0,benign,168
edu.synthetic.androzoo.malware.spyware_surveillance.0895,malware,1,0.9908547401428223,1,malware,182
edu.synthetic.androzoo.benign.utility_background.0188,benign,0,0.012811175547540188,0,benign,147
com.subsplash.thechurchapp.reallife,benign,0,0.17546513676643372,0,benign,157
edu.synthetic.androzoo.malware.spyware_surveillance.0726,malware,1,0.9856501221656799,1,malware,138
edu.synthetic.androzoo.malware.banker_accessibility.1736,malware,1,0.9815523028373718,1,malware,193
com.moex.finuslugi,benign,0,0.00039515059324912727,0,benign,155
edu.synthetic.androzoo.benign.maps_cloud.0028,benign,0,0.00047644434380345047,0,benign,207
com.customchurchappsmtlassencommunitychurch,benign,0,0.9525138735771179,1,malware,174
com.wixot.merge,benign,0,0.002733799396082759,0,benign,111
edu.synthetic.androzoo.malware.spyware_surveillance.0269,malware,1,0.9955620765686035,1,malware,71
com.automatedyogamarketing.app,benign,0,0.9995576739311218,1,malware,24
com.dorian.playtogether,benign,0,0.04732910171151161,0,benign,124
edu.synthetic.androzoo.malware.overlay_pin_stealer.1089,malware,1,0.9975774884223938,1,malware,81
edu.synthetic.androzoo.malware.spyware_surveillance.0106,malware,1,0.9981708526611328,1,malware,102
com.mobincube.diccionario_griego_biblico.sc_HP9E26,malware,1,0.1959860771894455,0,benign,94
pf.isi.TiareFM,benign,0,0.007172815501689911,0,benign,100
edu.synthetic.androzoo.malware.wallet_stealer.0472,malware,1,0.9835224151611328,1,malware,120
com.game168.gameofmafia,benign,0,0.10688960552215576,0,benign,10
com.mobile.number.location.call.number.locator.call.tracker,benign,0,0.0250677652657032,0,benign,22
edu.synthetic.androzoo.malware.adware_clicker.1459,malware,1,0.9832931756973267,1,malware,154
edu.synthetic.androzoo.malware.overlay_pin_stealer.0513,malware,1,0.9992796778678894,1,malware,71
edu.synthetic.androzoo.malware.spyware_surveillance.0429,malware,1,0.980193555355072,1,malware,88
com.miaomiaoapp.tinydungeon1.all,malware,1,0.9938282370567322,1,malware,32
com.llj.ball,malware,1,0.9975958466529846,1,malware,86
edu.synthetic.androzoo.malware.spyware_surveillance.0659,malware,1,0.994487464427948,1,malware,190
com.vf.frozenwar,benign,0,0.19087131321430206,0,benign,54
jp.Marvelous.BMWC,benign,0,0.0023879942018538713,0,benign,101
com.nstudio.weatherhere.free,benign,0,0.9046605825424194,1,malware,129
com.feelcrafters.buspuzzle,benign,0,0.008362125605344772,0,benign,106
com.cgff.moutned.horseback.police.chase,benign,0,0.007124119438230991,0,benign,97
edu.synthetic.androzoo.benign.maps_cloud.0054,benign,0,0.004858189728111029,0,benign,68
edu.synthetic.androzoo.malware.overlay_pin_stealer.0670,malware,1,0.9884753227233887,1,malware,92
com.team17.escapists,malware,1,0.02564197964966297,0,benign,134
com.neonglass.iconpack,benign,0,0.007449508644640446,0,benign,85
edu.synthetic.androzoo.malware.ransomware_locker.1066,malware,1,0.9288718104362488,1,malware,181
edu.synthetic.androzoo.malware.spyware_surveillance.1329,malware,1,0.9970097541809082,1,malware,47
edu.synthetic.androzoo.malware.spyware_surveillance.0422,malware,1,0.9964698553085327,1,malware,41
com.sinyee.babybus.hotel,malware,1,0.9987492561340332,1,malware,184
edu.synthetic.androzoo.malware.overlay_pin_stealer.0569,malware,1,0.9990155696868896,1,malware,77
edu.synthetic.androzoo.benign.media_game.0124,benign,0,0.002119598910212517,0,benign,150
com.cf_holding.mint.app,benign,0,0.002376593416556716,0,benign,182
com.pushbinary.electric,benign,0,0.9880688786506653,1,malware,124
com.abi.royalcarcustom,benign,0,0.08994755148887634,0,benign,14
edu.synthetic.androzoo.malware.dropper_loader.1346,malware,1,0.9772337675094604,1,malware,122
edu.synthetic.androzoo.malware.wallet_stealer.1717,malware,1,0.7165148258209229,1,malware,135
edu.synthetic.androzoo.malware.ransomware_locker.0181,malware,1,0.9469742774963379,1,malware,75
com.qiuwen.android,malware,1,0.006930753588676453,0,benign,33
com.darkwind.nucarnival,benign,0,0.009495296515524387,0,benign,99
com.yodo1.crossyroad,benign,0,0.01012144424021244,0,benign,26
com.immediatemedia.historyextrarn,benign,0,0.31793317198753357,0,benign,126
com.magzter.architectureplusdesign,benign,0,0.01819734461605549,0,benign,188
edu.synthetic.androzoo.malware.ransomware_locker.0457,malware,1,0.9946523904800415,1,malware,104
com.h8games.helixjump,malware,1,0.1956014633178711,0,benign,156
com.qunhe.rendershow,malware,1,0.0013029148103669286,0,benign,13
com.reportallusa.landglide,benign,0,0.0019116982584819198,0,benign,11
es.iberdrola.ibdistrconsumidores,benign,0,0.8661876320838928,1,malware,66
edu.synthetic.androzoo.malware.wallet_stealer.1222,malware,1,0.9991793036460876,1,malware,39
neronovs.urlplayer,benign,0,0.23074908554553986,0,benign,45
edu.synthetic.androzoo.malware.spyware_surveillance.0749,malware,1,0.998681366443634,1,malware,67
edu.synthetic.androzoo.malware.banker_accessibility.1359,malware,1,0.9984196424484253,1,malware,142
edu.synthetic.androzoo.malware.overlay_pin_stealer.2077,malware,1,0.9990058541297913,1,malware,84
com.watchface.heartratetracker.heartratemonitor,benign,0,0.0005083108553662896,0,benign,162
edu.synthetic.androzoo.malware.ransomware_locker.0489,malware,1,0.9966000914573669,1,malware,38
cc.flyblue.quickspot,malware,1,0.00043621499207802117,0,benign,10
com.khetigaadi,benign,0,0.00018032451043836772,0,benign,121
org.wycliffe.mixtecosurpuebla.mit,benign,0,0.7893652319908142,1,malware,116
edu.synthetic.androzoo.malware.spyware_surveillance.0757,malware,1,0.9931560158729553,1,malware,47
com.wnapp.id1717297840426,benign,0,0.9880948662757874,1,malware,35
com.nutilogi.nutilogi,benign,0,0.670593798160553,1,malware,27
com.lgufstore_rn,benign,0,0.048701249063014984,0,benign,16
edu.synthetic.androzoo.benign.utility_background.0245,benign,0,0.0028029149398207664,0,benign,128
com.DigitalDreamDynamism.jumpingball,benign,0,0.16931495070457458,0,benign,75
com.educonnect.totvs.unisal,benign,0,0.10185641050338745,0,benign,33
com.koinum.app,malware,1,0.9983491897583008,1,malware,52
lsh.nzcp4,malware,1,0.9977821707725525,1,malware,25
edu.synthetic.androzoo.malware.banker_accessibility.1409,malware,1,0.8690370917320251,1,malware,214
com.YsoCorp.Bacteria,benign,0,0.019713206216692924,0,benign,149
com.joinknack.knack,benign,0,0.006991512607783079,0,benign,36
com.eztcn.user,malware,1,0.9802975654602051,1,malware,230
com.prisaradio.replicapp.caracolradio,benign,0,0.9048416018486023,1,malware,143
com.maketore.kintorememo,benign,0,0.3144487738609314,0,benign,117
edu.synthetic.androzoo.malware.ransomware_locker.0620,malware,1,0.9546058773994446,1,malware,112
edu.synthetic.androzoo.malware.overlay_pin_stealer.0777,malware,1,0.9990756511688232,1,malware,48
com.mytowntonight.aviationweather,benign,0,0.006455753464251757,0,benign,73
edu.synthetic.androzoo.malware.ransomware_locker.1075,malware,1,0.9107078909873962,1,malware,60
com.addietudeculturalartsctrapp.mi,benign,0,0.0025596837513148785,0,benign,39
com.a33slona.aizk,benign,0,0.8585876822471619,1,malware,125
com.salion.superimpostor,benign,0,0.00034240863169543445,0,benign,15
edu.synthetic.androzoo.malware.wallet_stealer.1179,malware,1,0.9505733251571655,1,malware,144
edu.synthetic.androzoo.malware.overlay_pin_stealer.0207,malware,1,0.9981448650360107,1,malware,65
com.sauer.unity.griddefender,benign,0,0.008600028231739998,0,benign,11
com.bol.shop,benign,0,0.002038561971858144,0,benign,199
in.odiaportal.odiajataka,malware,1,0.9007261991500854,1,malware,76
edu.synthetic.androzoo.malware.banker_accessibility.0911,malware,1,0.9991656541824341,1,malware,111
com.williamsinteractive.goldfish,benign,0,0.004529339261353016,0,benign,143
jp.nexyz.aimed,benign,0,0.0008978576515801251,0,benign,159
edu.synthetic.androzoo.malware.dropper_loader.1911,malware,1,0.9793198704719543,1,malware,185
edu.synthetic.androzoo.malware.wallet_stealer.1356,malware,1,0.7629229426383972,1,malware,155
com.sched.hosastateleadershiptwofour,benign,0,0.000500993977766484,0,benign,146
edu.synthetic.androzoo.malware.sms_otp_stealer.1092,malware,1,0.8794573545455933,1,malware,128
com.Moveware.Mobi,benign,0,0.9996740818023682,1,malware,14
edu.synthetic.androzoo.malware.dropper_loader.0130,malware,1,0.21747754514217377,0,benign,175
jp.mana_tea,benign,0,0.00579065503552556,0,benign,38
com.dungmori.dungmoriapp,benign,0,0.001918010413646698,0,benign,137
net.plazz.mea.octopusfreightnetwork,benign,0,0.05522504448890686,0,benign,125
com.sala.RuVBKKProd,benign,0,0.0003414798993617296,0,benign,10
com.chat.dominicano,malware,1,0.0012718708021566272,0,benign,103
com.appslitedesarrolladores.bibliadejerusalen,malware,1,0.055034294724464417,0,benign,36
edu.synthetic.androzoo.malware.overlay_pin_stealer.1067,malware,1,0.9963422417640686,1,malware,66
com.shenyaocn.android.usbcamera,benign,0,0.9962683320045471,1,malware,157
com.android.weici.senior.teacher,malware,1,0.5359517931938171,1,malware,56
de.bild.MeinKlub,benign,0,0.011685246601700783,0,benign,108
edu.synthetic.androzoo.malware.banker_accessibility.1218,malware,1,0.9971707463264465,1,malware,161
com.gaminations.murlan,benign,0,0.004453361500054598,0,benign,140
com.att100.android,malware,1,0.9392402172088623,1,malware,87
edu.synthetic.androzoo.malware.spyware_surveillance.1908,malware,1,0.9983192086219788,1,malware,61
com.pacific.hometeam,benign,0,0.970014214515686,1,malware,92
com.appcano.catchphrase,benign,0,0.0029369951225817204,0,benign,127
com.awcc.asan,benign,0,0.0023915262427181005,0,benign,65
edu.synthetic.androzoo.malware.dropper_loader.1969,malware,1,0.9464793801307678,1,malware,121
edu.synthetic.androzoo.malware.dropper_loader.0565,malware,1,0.9407521486282349,1,malware,129
com.tarotreading.aitarot,benign,0,0.969944417476654,1,malware,228
com.plusme.live,malware,1,0.06130782887339592,0,benign,146
com.centr.app,benign,0,0.9507733583450317,1,malware,127
com.zlapcreator.blockor,malware,1,0.3880563974380493,0,benign,65
jp.boi.mementomori.android,benign,0,0.0017851099837571383,0,benign,89
edu.synthetic.androzoo.malware.dropper_loader.1119,malware,1,0.9974702596664429,1,malware,134
wireless.forum,malware,1,0.0009453154634684324,0,benign,61
io.datoms.dgmonitoring,benign,0,0.9820393919944763,1,malware,116
edu.synthetic.androzoo.malware.adware_clicker.0926,malware,1,0.9711140990257263,1,malware,74
com.kidzian.binaryconverter,benign,0,0.28744688630104065,0,benign,14
app.rosario.it,benign,0,0.00028386685880832374,0,benign,12
com.betelge.divetru,benign,0,0.005389840807765722,0,benign,158
edu.synthetic.androzoo.malware.banker_accessibility.0430,malware,1,0.8028765916824341,1,malware,172
edu.synthetic.androzoo.malware.wallet_stealer.0061,malware,1,0.9991717338562012,1,malware,163
edu.synthetic.androzoo.malware.wallet_stealer.1762,malware,1,0.9949348568916321,1,malware,49
edu.synthetic.androzoo.malware.spyware_surveillance.1921,malware,1,0.8984683156013489,1,malware,129
edu.synthetic.androzoo.benign.webview_content.0172,benign,0,0.0810287669301033,0,benign,98
com.xtornado.ghostsofwar2,benign,0,0.0035870177671313286,0,benign,86
edu.synthetic.androzoo.malware.sms_otp_stealer.1697,malware,1,0.9995654225349426,1,malware,62
ru.FoodSoul.VelikiyNovgorodSkazkafood,benign,0,0.001470474642701447,0,benign,91
com.qxdazhuzai.mzyw,malware,1,0.008810034021735191,0,benign,96
com.audaxis.nordlittoral,benign,0,0.003078063949942589,0,benign,203
edu.synthetic.androzoo.malware.overlay_pin_stealer.2076,malware,1,0.9991223216056824,1,malware,56
com.tapblaze.pizzabusiness,benign,0,0.34497296810150146,0,benign,96
com.edgetechapps.crypto_khabar,benign,0,0.8922532200813293,1,malware,193
edu.synthetic.androzoo.malware.spyware_surveillance.0774,malware,1,0.9987319111824036,1,malware,44
edu.synthetic.androzoo.malware.dropper_loader.1480,malware,1,0.99570232629776,1,malware,34
edu.synthetic.androzoo.benign.maps_cloud.0039,benign,0,0.0010062145302072167,0,benign,87
edu.synthetic.androzoo.malware.wallet_stealer.1083,malware,1,0.8387749195098877,1,malware,84
com.linkdokter.halodoc.android,benign,0,0.00030407795566134155,0,benign,180
edu.synthetic.androzoo.malware.banker_accessibility.1139,malware,1,0.9990079998970032,1,malware,54
com.bmac.usbsnc,benign,0,0.0012084973277524114,0,benign,148
edu.synthetic.androzoo.malware.banker_accessibility.1382,malware,1,0.3583684265613556,0,benign,137
com.simyasolutions.ling.sk,benign,0,0.06449684500694275,0,benign,17
com.vip.bet.predict,malware,1,0.9913519620895386,1,malware,105
edu.synthetic.androzoo.malware.dropper_loader.0924,malware,1,0.9966440200805664,1,malware,242
com.pixplus.ali,malware,1,0.748600959777832,1,malware,290
edu.synthetic.androzoo.benign.media_game.0052,benign,0,0.05388455465435982,0,benign,29
edu.synthetic.androzoo.malware.overlay_pin_stealer.1981,malware,1,0.996616780757904,1,malware,65
com.studdywise,benign,0,0.002210356527939439,0,benign,110
edu.synthetic.androzoo.malware.overlay_pin_stealer.1367,malware,1,0.999362051486969,1,malware,93
edu.synthetic.androzoo.malware.wallet_stealer.0594,malware,1,0.9989424347877502,1,malware,148
edu.synthetic.androzoo.malware.ransomware_locker.1699,malware,1,0.9994250535964966,1,malware,168
com.NanoMedix.EasyGameDev,malware,1,0.037962887436151505,0,benign,10
com.bidwrangler.sevenbauction,benign,0,0.9970494508743286,1,malware,75
air.ru.crazypanda.blitzpoker,benign,0,0.7643899321556091,1,malware,91
com.moyun365.android.zkenglish,malware,1,0.9510766267776489,1,malware,53
edu.synthetic.androzoo.malware.banker_accessibility.0235,malware,1,0.9657992720603943,1,malware,132
com.etips.cincinatti.travel.guide,benign,0,0.1531641036272049,0,benign,38
it.mic.terremoto,benign,0,0.019053390249609947,0,benign,15
com.wishsoft.yyj.phone,malware,1,0.14288142323493958,0,benign,128
com.doggymakers.tuckerattack,benign,0,0.001153509016148746,0,benign,81
edu.synthetic.androzoo.malware.banker_accessibility.1003,malware,1,0.9988088607788086,1,malware,67
edu.synthetic.androzoo.malware.sms_otp_stealer.0094,malware,1,0.9994951486587524,1,malware,60
com.subsplashconsulting.s_5PXTR6,benign,0,0.42055100202560425,0,benign,154
edu.synthetic.androzoo.malware.overlay_pin_stealer.0133,malware,1,0.9986121654510498,1,malware,62
edu.synthetic.androzoo.malware.adware_clicker.1742,malware,1,0.6708752512931824,1,malware,85
com.mike.textocr,malware,1,0.003668349701911211,0,benign,11
com.afgame.app.poolball,benign,0,0.01488499529659748,0,benign,142
edu.synthetic.androzoo.malware.overlay_pin_stealer.1984,malware,1,0.9988622665405273,1,malware,58
free.ocean.fish.solitaire.match,benign,0,0.9916518330574036,1,malware,189
com.edanadservicecooperativebank.mobileapplcation,benign,0,0.015619026497006416,0,benign,103
com.pregnant.bestpregnancytime,benign,0,0.023583777248859406,0,benign,40
br.org.admanancial.appEK1811,benign,0,0.8414598107337952,1,malware,71
com.linecorp.b612.android,malware,1,0.17998966574668884,0,benign,110
com.suchgamesmuchwow.readysetcat,malware,1,0.8109568953514099,1,malware,138
com.oupeng.mini.android,malware,1,0.9732611775398254,1,malware,137
ru.psbank.invest,benign,0,0.0762358233332634,0,benign,150
com.appeasybuild.apps6093bab1a04b5,benign,0,0.0638861283659935,0,benign,29
com.upperpik.beadtoyasmr,benign,0,0.0005990563076920807,0,benign,126
edu.synthetic.androzoo.malware.overlay_pin_stealer.1301,malware,1,0.4976436495780945,0,benign,176
edu.synthetic.androzoo.malware.banker_accessibility.1922,malware,1,0.9988009929656982,1,malware,43
edu.synthetic.androzoo.malware.wallet_stealer.1125,malware,1,0.988602340221405,1,malware,122
com.zenixnetwork.cloudmineapp,malware,1,0.37890180945396423,0,benign,58
com.szckhd.jwgly.azyw,benign,0,0.05400853231549263,0,benign,44
com.stickman.warmblood.ly,malware,1,0.9993234872817993,1,malware,155
edu.synthetic.androzoo.malware.spyware_surveillance.1366,malware,1,0.9967122077941895,1,malware,65
com.app.professionalcamera,benign,0,0.003402326488867402,0,benign,68
com.chownow.riardosbargrill,benign,0,0.006117787212133408,0,benign,149
com.pi.rxfilesplus,benign,0,0.001276442315429449,0,benign,117
edu.synthetic.androzoo.benign.media_game.0034,benign,0,0.0011288137175142765,0,benign,113
edu.synthetic.androzoo.malware.wallet_stealer.1603,malware,1,0.9981194138526917,1,malware,60
com.mgif.ball.v,benign,0,0.0011526544112712145,0,benign,173
edu.synthetic.androzoo.malware.adware_clicker.0043,malware,1,0.9989436268806458,1,malware,35
com.radiosenpy.radioactivafm,benign,0,0.0027069486677646637,0,benign,88
com.IllusionsGames.BrainWorkout,benign,0,0.0022030251566320658,0,benign,21
edu.synthetic.androzoo.malware.sms_otp_stealer.1007,malware,1,0.9993246793746948,1,malware,52
edu.synthetic.androzoo.malware.overlay_pin_stealer.0963,malware,1,0.996834933757782,1,malware,68
com.gabama.monopostolite,benign,0,0.010368112474679947,0,benign,14
edu.synthetic.androzoo.malware.banker_accessibility.1436,malware,1,0.9548342823982239,1,malware,161
edu.synthetic.androzoo.malware.ransomware_locker.1185,malware,1,0.963948667049408,1,malware,38
com.onewaycab,benign,0,0.013658594340085983,0,benign,44
appsolutions.HMT,benign,0,0.03848191350698471,0,benign,12
com.creativeconsultant.comcomcoin,benign,0,0.0008060660329647362,0,benign,24
io.teslatech.callbreak,benign,0,0.898003876209259,1,malware,82
com.mywidz.mwp.hb.app.di.android,benign,0,0.5407543182373047,1,malware,87
edu.synthetic.androzoo.malware.wallet_stealer.2051,malware,1,0.990565836429596,1,malware,106
edu.synthetic.androzoo.malware.overlay_pin_stealer.0971,malware,1,0.9991088509559631,1,malware,45
com.translator.haw,benign,0,0.9961161613464355,1,malware,139
com.Torpidogames.Carcrashstuntgame3dramp,benign,0,0.020849868655204773,0,benign,11
com.fatmerge.global,benign,0,0.0012922543101012707,0,benign,124
edu.synthetic.androzoo.malware.ransomware_locker.1151,malware,1,0.9985120892524719,1,malware,93
com.yuanlue.chongwu,malware,1,0.9997848868370056,1,malware,139
com.kabam.doamobile,benign,0,0.0013776551932096481,0,benign,130
edu.synthetic.androzoo.malware.wallet_stealer.1873,malware,1,0.9984355568885803,1,malware,70
com.deltaepa.smarthome,benign,0,0.001687389798462391,0,benign,96
com.instapaper.android,benign,0,0.007818111218512058,0,benign,148
psychiatrie.pro,benign,0,0.0014196011470630765,0,benign,25
com.trainerize.kettlebellkim,benign,0,0.012718839570879936,0,benign,12
com.yandex.yango,benign,0,0.5110718011856079,1,malware,184
com.boxwiki.app,benign,0,0.18669191002845764,0,benign,48
com.VForVictory.ExtremeBallStrikerGoalBlast,benign,0,0.016117053106427193,0,benign,16
com.fanimalapp.organizer,benign,0,0.051135413348674774,0,benign,43
coach.zing.fitness,benign,0,0.0018528759246692061,0,benign,268
com.profittrading.forkucoin,benign,0,0.0014088046737015247,0,benign,200
in.crossy.daily_crossword,benign,0,0.06095633655786514,0,benign,14
edu.synthetic.androzoo.malware.spyware_surveillance.2049,malware,1,0.7793402671813965,1,malware,193
com.alexto.radio.cambodia,benign,0,0.02220071665942669,0,benign,204
com.falan.humanfall,benign,0,0.0007486791000701487,0,benign,34
ru.ikey.express,benign,0,0.001817416399717331,0,benign,11
edu.synthetic.androzoo.malware.overlay_pin_stealer.1677,malware,1,0.998511016368866,1,malware,40
com.sino_net.cits,malware,1,0.9397718906402588,1,malware,137
com.scopely.gardenjoy,benign,0,0.0003583751094993204,0,benign,158
edu.synthetic.androzoo.malware.overlay_pin_stealer.1362,malware,1,0.9971470236778259,1,malware,86
uon.earth,benign,0,0.9734315872192383,1,malware,118
com.swash.transitworld.ottawa,benign,0,0.0022586381528526545,0,benign,212
com.funeasylearn.english.american,benign,0,0.0005785561515949667,0,benign,157
com.elan.ask,malware,1,0.2123410552740097,0,benign,133
edu.synthetic.androzoo.malware.spyware_surveillance.0786,malware,1,0.9484298825263977,1,malware,115
com.yara.atfarm,benign,0,0.31531858444213867,0,benign,44
com.holoteq.moodgo,benign,0,0.01786625012755394,0,benign,39
edu.synthetic.androzoo.malware.ransomware_locker.0390,malware,1,0.9579541087150574,1,malware,106
edu.synthetic.androzoo.malware.banker_accessibility.0669,malware,1,0.8323226571083069,1,malware,192
no.vigga.push,benign,0,0.0013964003883302212,0,benign,107
com.huch.kosmopolit,benign,0,0.5357492566108704,1,malware,44
com.play.tube.adsblock.video.vanceded.free,malware,1,0.000475722539704293,0,benign,168
com.napoleon.bookoffate,benign,0,0.9994057416915894,1,malware,154
jp.dotgames.maouyusya_hh,malware,1,0.0050824666395783424,0,benign,10
app.cheriedating,benign,0,0.8746916055679321,1,malware,144
en.mk.bestdict,benign,0,0.06219347566366196,0,benign,42
edu.synthetic.androzoo.malware.dropper_loader.0810,malware,1,0.863260805606842,1,malware,89
com.kopca.goldengoal,benign,0,0.001557953655719757,0,benign,168
edu.synthetic.androzoo.malware.ransomware_locker.1172,malware,1,0.8431267738342285,1,malware,92
edu.synthetic.androzoo.malware.banker_accessibility.1120,malware,1,0.9962655901908875,1,malware,175
edu.synthetic.androzoo.malware.sms_otp_stealer.0794,malware,1,0.9987301230430603,1,malware,121
edu.synthetic.androzoo.malware.ransomware_locker.0888,malware,1,0.9980893731117249,1,malware,93
com.skyblue.pra.wrkf,benign,0,0.0007174716447480023,0,benign,169
pl.netigen.perfect.bouzouki.tuner,benign,0,0.00033735105535015464,0,benign,15
edu.synthetic.androzoo.malware.dropper_loader.0977,malware,1,0.9769943356513977,1,malware,54
edu.synthetic.androzoo.malware.dropper_loader.1914,malware,1,0.9772921800613403,1,malware,176
edu.synthetic.androzoo.malware.banker_accessibility.1887,malware,1,0.9997051358222961,1,malware,207
org.benevity.app,benign,0,0.01627456769347191,0,benign,153
com.hw22pro.smartwatch.guidetaha,benign,0,0.46782049536705017,0,benign,135
com.YsoCorp.DinoDomination,benign,0,0.0021915638353675604,0,benign,147
edu.synthetic.androzoo.malware.adware_clicker.1285,malware,1,0.984411895275116,1,malware,188
it.creareunapp.editor.android606ecded11679,benign,0,0.9769346714019775,1,malware,40
com.rich.person.roll,malware,1,0.002451897831633687,0,benign,113
tr.turkgram.messenger,benign,0,0.15300193428993225,0,benign,37
edu.synthetic.androzoo.malware.banker_accessibility.1353,malware,1,0.960575520992279,1,malware,157
com.seacloud.bc,benign,0,0.002387082204222679,0,benign,159
edu.synthetic.androzoo.malware.adware_clicker.1122,malware,1,0.9331471920013428,1,malware,144
edu.synthetic.androzoo.malware.overlay_pin_stealer.0776,malware,1,0.9989181756973267,1,malware,45
edu.synthetic.androzoo.benign.media_game.0012,benign,0,0.00024680118076503277,0,benign,33
edu.synthetic.androzoo.malware.adware_clicker.1247,malware,1,0.9395008087158203,1,malware,103
edu.synthetic.androzoo.benign.webview_content.0199,benign,0,0.0017410052241757512,0,benign,205
com.jacapps.wfed,benign,0,0.5779099464416504,1,malware,155
com.themafiagames.helpthegirl,benign,0,0.002602933906018734,0,benign,10
edu.synthetic.androzoo.malware.sms_otp_stealer.0825,malware,1,0.9965330362319946,1,malware,49
com.ShahPTPIS,benign,0,0.0016190337482839823,0,benign,63
net.gntalk.oitalk,benign,0,0.0012504588812589645,0,benign,130
com.tech.bazaar.easykhata,benign,0,0.002602933906018734,0,benign,10
kr.co.mobine.blockpuzzle,benign,0,0.2286343276500702,0,benign,109
edu.synthetic.androzoo.malware.spyware_surveillance.0658,malware,1,0.9982172846794128,1,malware,48
com.modeleon.northernlightsalert,benign,0,0.9856151342391968,1,malware,99
edu.synthetic.androzoo.malware.overlay_pin_stealer.0991,malware,1,0.9954679012298584,1,malware,75
de.leiner.markisenplanermehr,benign,0,0.9990746974945068,1,malware,40
com.freigcarrillo.doda,benign,0,0.0005056242225691676,0,benign,15
net.senyonet.prost,benign,0,0.7785804271697998,1,malware,29
jp.sihdbk.opapp,benign,0,0.39323559403419495,0,benign,20
edu.synthetic.androzoo.malware.banker_accessibility.1156,malware,1,0.9981988072395325,1,malware,170
edu.synthetic.androzoo.malware.overlay_pin_stealer.0835,malware,1,0.9983239769935608,1,malware,41
edu.synthetic.androzoo.malware.spyware_surveillance.0201,malware,1,0.8624861240386963,1,malware,100
com.iq.brain.out.ly,malware,1,0.18233904242515564,0,benign,95
com.issmobile.datang.case_dough,malware,1,0.9946507811546326,1,malware,103
edu.synthetic.androzoo.malware.overlay_pin_stealer.0496,malware,1,0.9983748197555542,1,malware,64
com.akd.luxurycars,malware,1,0.9879975318908691,1,malware,179
edu.synthetic.androzoo.malware.dropper_loader.2081,malware,1,0.9323163032531738,1,malware,54
it.xmenu.pizzaexport,benign,0,0.07188282907009125,0,benign,30
net.felinger.dashboard,benign,0,0.011291655711829662,0,benign,144
edu.synthetic.androzoo.malware.ransomware_locker.0476,malware,1,0.9926694631576538,1,malware,167
com.kdhnews.android,benign,0,0.006054508034139872,0,benign,163
edu.synthetic.androzoo.benign.media_game.0155,benign,0,0.0007844140636734664,0,benign,41
net.wakit.wamr,benign,0,0.0013500320492312312,0,benign,26
com.passionair.biletsatis,benign,0,0.9027726650238037,1,malware,22
edu.synthetic.androzoo.malware.sms_otp_stealer.1095,malware,1,0.9990605711936951,1,malware,77
com.lambtongames.pokerjumble,benign,0,0.03193244710564613,0,benign,135
edu.synthetic.androzoo.malware.ransomware_locker.1267,malware,1,0.6845706105232239,1,malware,55
edu.synthetic.androzoo.benign.utility_background.0174,benign,0,0.002582379849627614,0,benign,182
edu.synthetic.androzoo.malware.dropper_loader.0132,malware,1,0.9840670824050903,1,malware,150
edu.synthetic.androzoo.malware.spyware_surveillance.1888,malware,1,0.9947227239608765,1,malware,145
com.modtool.boxapp,malware,1,0.9809014201164246,1,malware,73
tws.vision.viaim.headset,benign,0,0.05904059112071991,0,benign,14
air.conditioner.calculator,benign,0,0.0008519940893165767,0,benign,10
edu.synthetic.androzoo.malware.dropper_loader.0492,malware,1,0.998600423336029,1,malware,39
com.customchurchapps.appvxkjg2z3,benign,0,0.18050098419189453,0,benign,193
com.dengta120.app.hearingtestproject,malware,1,0.10294459015130997,0,benign,81
gtpay.gtronicspay.com,benign,0,0.0034093845169991255,0,benign,11
edu.synthetic.androzoo.malware.spyware_surveillance.0785,malware,1,0.9994198083877563,1,malware,143
jp.co.hotelnewgrand.app.newgrandclub,benign,0,0.008225793950259686,0,benign,13
edu.synthetic.androzoo.malware.spyware_surveillance.0009,malware,1,0.9297625422477722,1,malware,144
com.AresGames.SwordSorceryAC,benign,0,0.025374431163072586,0,benign,15
edu.synthetic.androzoo.benign.utility_background.0065,benign,0,0.002030402421951294,0,benign,36
com.minikara.crossword.android,benign,0,0.04260876029729843,0,benign,280
edu.synthetic.androzoo.malware.sms_otp_stealer.1771,malware,1,0.9986591339111328,1,malware,53
edu.synthetic.androzoo.malware.overlay_pin_stealer.0167,malware,1,0.9995182752609253,1,malware,68
com.appliedballisticsllc.appliedballistics,benign,0,0.9989681243896484,1,malware,78
com.mindalcove.mental.health.app,benign,0,0.84039306640625,1,malware,34
edu.synthetic.androzoo.benign.utility_background.0213,benign,0,0.0010830278042703867,0,benign,137
com.xiachufang,malware,1,0.000980534590780735,0,benign,21
edu.synthetic.androzoo.benign.maps_cloud.0006,benign,0,0.0043409098871052265,0,benign,92
com.tikalk.worktracker,benign,0,0.3423447906970978,0,benign,44
com.hypercasual.gp.DotConnectp2e,benign,0,0.003111905185505748,0,benign,112
au.gov.nsw.service,benign,0,0.12422890961170197,0,benign,23
edu.synthetic.androzoo.malware.dropper_loader.1036,malware,1,0.976230800151825,1,malware,96
conversor.conversaotaxasbasico.eurttd,benign,0,0.005959879606962204,0,benign,141
edu.synthetic.androzoo.malware.banker_accessibility.1212,malware,1,0.9960427284240723,1,malware,96
com.elderribador,benign,0,0.003857528558000922,0,benign,74
edu.synthetic.androzoo.benign.commerce_social.0073,benign,0,0.056240204721689224,0,benign,166
edu.synthetic.androzoo.malware.ransomware_locker.1309,malware,1,0.9720625281333923,1,malware,37
com.oslonokkel,benign,0,0.0010444336803629994,0,benign,139
edu.synthetic.androzoo.malware.wallet_stealer.1114,malware,1,0.9960694313049316,1,malware,53
com.shivakushwaha.class10thsciencenotes,benign,0,0.010949951596558094,0,benign,15
br.com.dod.msx2cas,benign,0,0.08751087635755539,0,benign,27
edu.synthetic.androzoo.malware.wallet_stealer.1045,malware,1,0.9991932511329651,1,malware,35
edu.synthetic.androzoo.malware.overlay_pin_stealer.0559,malware,1,0.9979346990585327,1,malware,57
com.sixfootthreefoot.elevensup,benign,0,0.0035535339266061783,0,benign,92
com.cwgame.app.mahjong,benign,0,0.054929591715335846,0,benign,121
edu.synthetic.androzoo.malware.overlay_pin_stealer.0229,malware,1,0.9983574748039246,1,malware,39
com.m360.android.elsiesante,benign,0,0.004855283536016941,0,benign,182
com.appmocion.club_gourmet,benign,0,0.002250145422294736,0,benign,115
edu.synthetic.androzoo.malware.spyware_surveillance.0636,malware,1,0.9979719519615173,1,malware,47
com.subsplashconsulting.s_V97894,benign,0,0.43546411395072937,0,benign,122
edu.synthetic.androzoo.malware.banker_accessibility.1997,malware,1,0.9945387244224548,1,malware,113
org.smap.smapTask.android,benign,0,0.008936814032495022,0,benign,98
com.wrx.wazirx,benign,0,0.002031744923442602,0,benign,230
com.tangiappsit.shiva.herorescue,benign,0,0.002305502537637949,0,benign,13
com.pupilleader.android.apps.stfrancis,benign,0,0.009478727355599403,0,benign,96
mkisly.american.checkers,benign,0,0.02615666389465332,0,benign,30
edu.synthetic.androzoo.malware.sms_otp_stealer.1451,malware,1,0.981573760509491,1,malware,74
edu.synthetic.androzoo.malware.adware_clicker.1892,malware,1,0.8854693174362183,1,malware,47
edu.synthetic.androzoo.malware.banker_accessibility.0871,malware,1,0.9984827637672424,1,malware,120
edu.synthetic.androzoo.malware.adware_clicker.0727,malware,1,0.9859945774078369,1,malware,60
co.ninetynine.android,benign,0,0.0017125402810052037,0,benign,173
at.falstaff.gourmet,benign,0,0.019558578729629517,0,benign,165
guangzhou.com.cn,malware,1,0.021120473742485046,0,benign,26
edu.synthetic.androzoo.malware.banker_accessibility.0697,malware,1,0.9989650249481201,1,malware,60
edu.synthetic.androzoo.malware.dropper_loader.1600,malware,1,0.03956565260887146,0,benign,60
com.bulkypix.calimero,malware,1,0.2520390450954437,0,benign,79
edu.synthetic.androzoo.malware.dropper_loader.1380,malware,1,0.9983745813369751,1,malware,243
edu.synthetic.androzoo.malware.spyware_surveillance.1395,malware,1,0.8920181393623352,1,malware,188
edu.synthetic.androzoo.malware.ransomware_locker.1986,malware,1,0.9698089361190796,1,malware,65
com.jsdx.hsdj,malware,1,0.0009601681376807392,0,benign,36
edu.synthetic.androzoo.malware.dropper_loader.1805,malware,1,0.9971036314964294,1,malware,83
com.canadiantire.noma,benign,0,0.004776055924594402,0,benign,145
edu.synthetic.androzoo.malware.ransomware_locker.1836,malware,1,0.9985045194625854,1,malware,52
com.moseiki.moseiki,benign,0,0.03657524660229683,0,benign,22
com.publicmediaapps.brpsw,benign,0,0.0019543913658708334,0,benign,195
cn.duome.winnerc,malware,1,0.2606256902217865,0,benign,80
edu.synthetic.androzoo.malware.ransomware_locker.0384,malware,1,0.8475136756896973,1,malware,83
com.subsplashconsulting.s_H9CPMS,benign,0,0.8978971838951111,1,malware,144
com.trainerize.dynamicfitnesshtx,benign,0,0.0009092470281757414,0,benign,31
edu.synthetic.androzoo.malware.banker_accessibility.0775,malware,1,0.9969785213470459,1,malware,128
edu.synthetic.androzoo.malware.dropper_loader.0123,malware,1,0.9938076138496399,1,malware,213
com.selogerplus.android,benign,0,0.002383566927164793,0,benign,141
edu.synthetic.androzoo.malware.banker_accessibility.1159,malware,1,0.7805762887001038,1,malware,120
com.hospital.games.happy.doctor,benign,0,0.9424105286598206,1,malware,99
com.lei.kongzhan,malware,1,0.9701611399650574,1,malware,58
edu.synthetic.androzoo.malware.ransomware_locker.0330,malware,1,0.9893604516983032,1,malware,71
io.ionic.idcp,benign,0,0.7759400010108948,1,malware,55
kr.co.smartskin.sseoqkr7,benign,0,0.6589441895484924,1,malware,68
com.emcan.emarat,benign,0,0.20080356299877167,0,benign,228
edu.synthetic.androzoo.malware.overlay_pin_stealer.1667,malware,1,0.8631278872489929,1,malware,192
com.snappyappz.c_calc,benign,0,0.9950855374336243,1,malware,172
edu.synthetic.androzoo.malware.sms_otp_stealer.1205,malware,1,0.9990900754928589,1,malware,44
edu.synthetic.androzoo.malware.dropper_loader.0564,malware,1,0.9865468740463257,1,malware,213
com.communi.fegmuehlacker,benign,0,0.8085870742797852,1,malware,104
edu.synthetic.androzoo.benign.media_game.0173,benign,0,0.0009237538906745613,0,benign,171
com.ximi.weightrecord,malware,1,0.0012212279252707958,0,benign,11
edu.synthetic.androzoo.malware.wallet_stealer.0097,malware,1,0.9857845902442932,1,malware,158
edu.synthetic.androzoo.benign.utility_background.0210,benign,0,0.020650919526815414,0,benign,182
com.llj.qq,malware,1,0.9976887702941895,1,malware,85
edu.synthetic.androzoo.malware.wallet_stealer.1957,malware,1,0.9980522394180298,1,malware,68
edu.synthetic.androzoo.malware.spyware_surveillance.0538,malware,1,0.9991621971130371,1,malware,88
edu.synthetic.androzoo.malware.spyware_surveillance.0622,malware,1,0.9989883303642273,1,malware,85
edu.synthetic.androzoo.malware.banker_accessibility.1850,malware,1,0.7581291198730469,1,malware,241
mn.ard.android,benign,0,0.16020065546035767,0,benign,34
edu.synthetic.androzoo.malware.banker_accessibility.1147,malware,1,0.9554432034492493,1,malware,128
edu.synthetic.androzoo.malware.banker_accessibility.0599,malware,1,0.9865258932113647,1,malware,242
edu.synthetic.androzoo.malware.overlay_pin_stealer.0244,malware,1,0.9913245439529419,1,malware,135
fi.digilehdet,benign,0,0.010952509008347988,0,benign,113
vn.cimbbank.octo,benign,0,0.10273998230695724,0,benign,35
com.aplikasisiasat.id,benign,0,0.007282896898686886,0,benign,32
edu.synthetic.androzoo.malware.overlay_pin_stealer.0391,malware,1,0.9986796975135803,1,malware,90
com.appabc.paopaolong,malware,1,0.9978863596916199,1,malware,61
edu.synthetic.androzoo.malware.overlay_pin_stealer.1152,malware,1,0.8586703538894653,1,malware,103
com.nrpriore.TT2RaidOptimizer,benign,0,0.09132399410009384,0,benign,11
com.homeMenu,malware,1,0.49099740386009216,0,benign,19
edu.synthetic.androzoo.malware.banker_accessibility.0597,malware,1,0.9945619702339172,1,malware,106
com.zmlearn.lancher,malware,1,0.019363585859537125,0,benign,82
edu.synthetic.androzoo.malware.wallet_stealer.1447,malware,1,0.9994152784347534,1,malware,113
com.e.fratebookingapp,benign,0,0.0005955577362328768,0,benign,99
edu.synthetic.androzoo.malware.spyware_surveillance.1279,malware,1,0.8394054770469666,1,malware,140
com.fitatu.tracker,benign,0,0.05989475175738335,0,benign,20
com.orange.pop,benign,0,0.0371384434401989,0,benign,132
edu.synthetic.androzoo.malware.dropper_loader.0760,malware,1,0.9715359807014465,1,malware,186
com.beloris,benign,0,0.12317728996276855,0,benign,223
com.resetfitness.tribe,benign,0,0.020727690309286118,0,benign,28
edu.synthetic.androzoo.malware.spyware_surveillance.1241,malware,1,0.9076151847839355,1,malware,126
edu.synthetic.androzoo.malware.banker_accessibility.0264,malware,1,0.9971152544021606,1,malware,220
com.eventodivertido.eventodivertido,benign,0,0.04022311419248581,0,benign,53
com.ingin.games.hangryplant,benign,0,0.02035628817975521,0,benign,15
com.ios.callscreen.icalldialer,benign,0,0.001784231630153954,0,benign,128
edu.synthetic.androzoo.malware.overlay_pin_stealer.1934,malware,1,0.9923129677772522,1,malware,120
io.shiftee.app,benign,0,0.9992425441741943,1,malware,46
edu.synthetic.androzoo.malware.ransomware_locker.2064,malware,1,0.9547579288482666,1,malware,103
edu.synthetic.androzoo.benign.utility_background.0097,benign,0,0.05594082549214363,0,benign,175
edu.synthetic.androzoo.malware.wallet_stealer.1583,malware,1,0.7383403182029724,1,malware,142
appinventor.ai_darkvid3r.fiducia,benign,0,0.02841087616980076,0,benign,106
com.multibrains.taxi.driver.purusocioschilenew,benign,0,0.9933722019195557,1,malware,62
edu.synthetic.androzoo.malware.spyware_surveillance.1630,malware,1,0.9995158910751343,1,malware,143
com.sglabs.mysymptoms,benign,0,0.002103775506839156,0,benign,33
cz.hipercalc,benign,0,0.021973958238959312,0,benign,290
edu.synthetic.androzoo.malware.spyware_surveillance.1547,malware,1,0.9987334609031677,1,malware,139
edu.synthetic.androzoo.malware.wallet_stealer.0687,malware,1,0.9996160268783569,1,malware,38
com.creativefungames.crashdummy3d,benign,0,0.021121904253959656,0,benign,11
com.crescentmoongames.hammerbomb_st,malware,1,0.991969883441925,1,malware,78
com.webedge,benign,0,0.9482076168060303,1,malware,49
edu.synthetic.androzoo.benign.maps_cloud.0165,benign,0,0.0015466801123693585,0,benign,74
edu.synthetic.androzoo.malware.spyware_surveillance.0158,malware,1,0.8929769992828369,1,malware,178
tr.edu.ku.newmobile,benign,0,0.026915237307548523,0,benign,32
jp.andpad.android,benign,0,0.985115110874176,1,malware,15
com.eZone.app,benign,0,0.9884049892425537,1,malware,68
com.hrs.decibelmobilesolution,malware,1,0.005531609058380127,0,benign,179
edu.synthetic.androzoo.malware.spyware_surveillance.1575,malware,1,0.9958629608154297,1,malware,41
jp.co.umk.umkapp,benign,0,0.0159977488219738,0,benign,142
edu.synthetic.androzoo.malware.sms_otp_stealer.1162,malware,1,0.9963216781616211,1,malware,41
edu.synthetic.androzoo.benign.maps_cloud.0050,benign,0,0.0011397369671612978,0,benign,155
com.andreyf.muslimprayer,benign,0,0.0007728179916739464,0,benign,176
edu.synthetic.androzoo.malware.wallet_stealer.0832,malware,1,0.9994567036628723,1,malware,105
edu.synthetic.androzoo.malware.dropper_loader.0932,malware,1,0.9023025035858154,1,malware,242
com.theosys.deogracia,benign,0,0.0010476281167939305,0,benign,122
nz.co.solus.Kotui.HawkesBay,benign,0,0.9641348719596863,1,malware,48
edu.synthetic.androzoo.malware.adware_clicker.0251,malware,1,0.9623305797576904,1,malware,187
edu.synthetic.androzoo.malware.wallet_stealer.0758,malware,1,0.9854910373687744,1,malware,146
edu.synthetic.androzoo.malware.overlay_pin_stealer.1391,malware,1,0.9537733197212219,1,malware,110
edu.synthetic.androzoo.malware.dropper_loader.0355,malware,1,0.9738422632217407,1,malware,83
com.carlosv.menulateral,benign,0,0.10524997115135193,0,benign,177
com.alphabeat.cacitizenship,benign,0,0.002122459001839161,0,benign,79
edu.synthetic.androzoo.malware.overlay_pin_stealer.0410,malware,1,0.9993535876274109,1,malware,92
edu.synthetic.androzoo.malware.wallet_stealer.0001,malware,1,0.9989771842956543,1,malware,80
com.letsgetdigital.app3790x,benign,0,0.96402508020401,1,malware,48
com.mventus.selfcare.activity,benign,0,0.0027476546820253134,0,benign,20
za.co.pnet.andr,benign,0,0.6099942326545715,1,malware,163
ru.biletpdd,benign,0,0.0036952714435756207,0,benign,206
com.englishbay.App,benign,0,0.016720736399292946,0,benign,14
com.asus.rog.roggamingcenter3,benign,0,0.10588624328374863,0,benign,52
com.onevision.workspace.workstations,benign,0,0.06114727631211281,0,benign,18
edu.synthetic.androzoo.malware.overlay_pin_stealer.0157,malware,1,0.9994137287139893,1,malware,91
kr.ac.hufs.mobilecampus,benign,0,0.028555549681186676,0,benign,145
dngsoftware.acerfid,benign,0,0.006713074631989002,0,benign,18
com.radio.tkbonanza,benign,0,0.0051966155879199505,0,benign,48
edu.synthetic.androzoo.benign.utility_background.0141,benign,0,0.013778150081634521,0,benign,202
my.hotel.design,benign,0,0.0009499933803454041,0,benign,133
edu.synthetic.androzoo.benign.commerce_social.0023,benign,0,0.00436873035505414,0,benign,47
edu.synthetic.androzoo.benign.utility_background.0207,benign,0,0.003785396460443735,0,benign,85
ru.DmitryLomakin.ReanimationInc.yg,malware,1,0.648835301399231,1,malware,135
edu.synthetic.androzoo.benign.webview_content.0090,benign,0,0.04961833730340004,0,benign,125
com.qiyang.yueyu,malware,1,0.2499178647994995,0,benign,71
edu.synthetic.androzoo.malware.overlay_pin_stealer.1103,malware,1,0.9961477518081665,1,malware,50
no.aftenbladet,benign,0,0.7956358790397644,1,malware,43
edu.synthetic.androzoo.malware.spyware_surveillance.0396,malware,1,0.9832603335380554,1,malware,136
com.dengtadoctor.bjyuyue,malware,1,0.0006488662329502404,0,benign,23
edu.synthetic.androzoo.malware.overlay_pin_stealer.0701,malware,1,0.9994066953659058,1,malware,154
com.KrakerStudio.IHeelGood,benign,0,0.0006936470163054764,0,benign,163
com.apptegy.pilotgrove,benign,0,0.0005873618647456169,0,benign,139
edu.synthetic.androzoo.malware.banker_accessibility.0463,malware,1,0.9754701256752014,1,malware,132
com.lahitaksi.passengerapp,benign,0,0.005198960658162832,0,benign,104
edu.synthetic.androzoo.benign.utility_background.0123,benign,0,0.0032987408339977264,0,benign,40
edu.synthetic.androzoo.malware.sms_otp_stealer.0635,malware,1,0.9608070254325867,1,malware,106
edu.synthetic.androzoo.malware.overlay_pin_stealer.0877,malware,1,0.9973059892654419,1,malware,68
com.flickr.android,benign,0,0.0010139119112864137,0,benign,28
edu.synthetic.androzoo.malware.banker_accessibility.0120,malware,1,0.7318826913833618,1,malware,179
com.almashines.bimtech,benign,0,0.9197520017623901,1,malware,114
com.bridgebase.BridgeBase,benign,0,0.9994499087333679,1,malware,121
edu.synthetic.androzoo.benign.webview_content.0217,benign,0,0.017179477959871292,0,benign,248
com.tpwar,benign,0,0.3114578127861023,0,benign,18
com.sybogames.subway.surfers.game,benign,0,0.19765707850456238,0,benign,104
edu.synthetic.androzoo.malware.banker_accessibility.0401,malware,1,0.999441921710968,1,malware,95
com.ejk.Panda.Bubble.Shooter,benign,0,0.0009572757408022881,0,benign,83
ru.mts.launcher,benign,0,0.0005115605890750885,0,benign,220
com.sciences.economiques.commerciales,malware,1,0.9941179752349854,1,malware,59
com.theblackbit.animemania.android,benign,0,0.012127428315579891,0,benign,72
com.playspare.pizzarestaurant,malware,1,0.0006834388477727771,0,benign,81
com.jiemo.kana,malware,1,0.0017918591620400548,0,benign,17
edu.synthetic.androzoo.malware.dropper_loader.1788,malware,1,0.979638934135437,1,malware,86
io.openaccounting.oaApp,benign,0,0.9996870756149292,1,malware,33
edu.synthetic.androzoo.malware.banker_accessibility.0280,malware,1,0.949590802192688,1,malware,160
edu.synthetic.androzoo.malware.banker_accessibility.0248,malware,1,0.9683103561401367,1,malware,234
edu.synthetic.androzoo.malware.adware_clicker.1432,malware,1,0.9988794922828674,1,malware,141
edu.synthetic.androzoo.malware.ransomware_locker.1963,malware,1,0.9900836944580078,1,malware,145
edu.synthetic.androzoo.malware.spyware_surveillance.0668,malware,1,0.9969250559806824,1,malware,88
edu.synthetic.androzoo.malware.wallet_stealer.1406,malware,1,0.9944315552711487,1,malware,132
com.apptegy.michael,benign,0,0.9347447752952576,1,malware,129
edu.synthetic.androzoo.malware.spyware_surveillance.1072,malware,1,0.8819339275360107,1,malware,170
com.magzter.agridoctor,benign,0,0.01942555420100689,0,benign,199
com.subsplashconsulting.s_RKDTCB,benign,0,0.7476338744163513,1,malware,160
edu.synthetic.androzoo.malware.banker_accessibility.1827,malware,1,0.9986347556114197,1,malware,85
com.webbergate.chs,benign,0,0.27023038268089294,0,benign,79
edu.synthetic.androzoo.malware.sms_otp_stealer.0154,malware,1,0.998382568359375,1,malware,144
edu.synthetic.androzoo.malware.dropper_loader.0440,malware,1,0.5178956985473633,1,malware,189
org.wycliffe.zapotecorinconsur.zsr,benign,0,0.0010209203464910388,0,benign,120
com.yizhilu.caidiantong,malware,1,0.06579668819904327,0,benign,42
com.organilog.v4,benign,0,0.31020408868789673,0,benign,35
edu.synthetic.androzoo.malware.banker_accessibility.0605,malware,1,0.9995893836021423,1,malware,49
edu.synthetic.androzoo.benign.media_game.0168,benign,0,0.0012699629878625274,0,benign,260
edu.synthetic.androzoo.malware.banker_accessibility.1398,malware,1,0.9991637468338013,1,malware,58
com.gps.gpskids,benign,0,0.13166531920433044,0,benign,47
com.beautiful.wallpaper.backgrounds.interesting,malware,1,0.9013943076133728,1,malware,127
com.jyouhousyoriisya_kakindesu.englishstudy,benign,0,0.9945294260978699,1,malware,159
com.sunavi.caricox,benign,0,0.9988177418708801,1,malware,20
edu.synthetic.androzoo.malware.ransomware_locker.1815,malware,1,0.9852179884910583,1,malware,119
edu.synthetic.androzoo.benign.webview_content.0142,benign,0,0.00501289265230298,0,benign,65
com.subsplashconsulting.s_VM45B6,benign,0,0.004716076422482729,0,benign,198
fr.acd_groupe.PLURI,benign,0,0.9947634935379028,1,malware,41
com.AnderK.WheelScale.pt,malware,1,0.006718262564390898,0,benign,14
tictactoe.game.imagebutton_group,benign,0,0.002027099719271064,0,benign,27
edu.synthetic.androzoo.malware.banker_accessibility.2072,malware,1,0.9980081915855408,1,malware,67
moneytracker.expensetracker.budgetplanner.spendingtracker,malware,1,0.0030561776366084814,0,benign,301
com.fissa.scan,benign,0,0.2716433107852936,0,benign,100
no.faebrik.app,benign,0,0.9067750573158264,1,malware,137
com.marsor.game.frog,malware,1,0.999337375164032,1,malware,87
com.crossfield.catroom,benign,0,0.004529631230980158,0,benign,121
com.EvolutionOfGames.EvolutionOfSpecies2,benign,0,0.954253613948822,1,malware,55
indian.army.photo.suit,benign,0,0.9965234398841858,1,malware,173
edu.synthetic.androzoo.malware.overlay_pin_stealer.1351,malware,1,0.9969769716262817,1,malware,57
cz.etnetera.mobile.rossmann,benign,0,0.0002446303842589259,0,benign,173
edu.synthetic.androzoo.malware.banker_accessibility.0289,malware,1,0.9956235289573669,1,malware,89
com.eni.communication,benign,0,0.0006800201372243464,0,benign,134
edu.synthetic.androzoo.malware.wallet_stealer.0008,malware,1,0.9397013783454895,1,malware,159
com.EdicionesAlborada.PiensaMateALM2AR2023,benign,0,0.20492593944072723,0,benign,41
edu.synthetic.androzoo.malware.spyware_surveillance.2014,malware,1,0.8385339975357056,1,malware,133
com.net2phone.office.android,benign,0,0.04086611792445183,0,benign,41
edu.synthetic.androzoo.malware.spyware_surveillance.1764,malware,1,0.9985939860343933,1,malware,110
com.swapcard.apps.android.irmeet,benign,0,0.015178383328020573,0,benign,11
bass.booster,malware,1,0.17269332706928253,0,benign,60
edu.synthetic.androzoo.malware.banker_accessibility.0030,malware,1,0.9993564486503601,1,malware,134
com.genie9.intelli,malware,1,0.01310599036514759,0,benign,95
com.deadwarfare.gungames,malware,1,0.3390970230102539,0,benign,214
com.visma.ruby,benign,0,0.0007529211579822004,0,benign,158
com.rainbow.shreecarpenter,benign,0,0.004276788793504238,0,benign,88
com.ap.adval,benign,0,0.13424554467201233,0,benign,296
edu.synthetic.androzoo.benign.webview_content.0025,benign,0,0.28962191939353943,0,benign,43
edu.synthetic.androzoo.malware.banker_accessibility.2069,malware,1,0.9993908405303955,1,malware,223
com.raysharp.bolidenew,benign,0,0.18252956867218018,0,benign,111
com.escalationstudios.nuke.st,malware,1,0.9843005537986755,1,malware,112
edu.synthetic.androzoo.malware.dropper_loader.1993,malware,1,0.7958720326423645,1,malware,180
edu.synthetic.androzoo.benign.commerce_social.0198,benign,0,0.019820168614387512,0,benign,142
com.artbookmagazine.lisa,benign,0,0.4683364927768707,0,benign,96
edu.synthetic.androzoo.benign.maps_cloud.0133,benign,0,0.014462117105722427,0,benign,46
com.ultra.gfx.tool.pro,malware,1,0.11058759689331055,0,benign,27
com.heyholi.holi,benign,0,0.7917028069496155,1,malware,19
edu.synthetic.androzoo.malware.spyware_surveillance.0499,malware,1,0.9940875768661499,1,malware,97
com.bnesim.android,benign,0,0.010761152021586895,0,benign,13
com.shoujiduoduo.dj,malware,1,0.05477173253893852,0,benign,83
com.subsplashconsulting.s_V8XQ24,benign,0,0.006995273754000664,0,benign,177
se.appcorn.Blocket,benign,0,0.000983718317002058,0,benign,151
jp.fourm.ragdollbowling,benign,0,0.001302974415011704,0,benign,96
com.posteitaliane.spim,benign,0,0.8880248069763184,1,malware,193
cc.ldsd.yxt,malware,1,0.8332439661026001,1,malware,70
edu.synthetic.androzoo.malware.banker_accessibility.1202,malware,1,0.9976357221603394,1,malware,162
jp.co.jreast.jrepoint,benign,0,0.9817476868629456,1,malware,90
com.aospstudio.quicksearch,benign,0,0.003489202354103327,0,benign,122
com.puzzle1studio.go.wordsearchinspiration,benign,0,0.0005111222271807492,0,benign,146
jbl.stc.com,benign,0,0.006406773813068867,0,benign,76
com.nirmitaentertainment.golfshotopeninfinitecourse,benign,0,0.0033456722740083933,0,benign,110
edu.synthetic.androzoo.malware.wallet_stealer.0204,malware,1,0.9718539714813232,1,malware,167
jp.pya.tenten.app.minuterogue,benign,0,0.0019033218268305063,0,benign,13
edu.synthetic.androzoo.malware.ransomware_locker.1468,malware,1,0.997492790222168,1,malware,38
edu.synthetic.androzoo.malware.dropper_loader.2038,malware,1,0.9975838661193848,1,malware,183
com.yamaha.av.musiccastcontroller,benign,0,0.0022758846171200275,0,benign,20
edu.synthetic.androzoo.malware.banker_accessibility.1400,malware,1,0.9983993172645569,1,malware,130
com.intermaps.iskituerkiye,benign,0,0.0004239227273501456,0,benign,155
edu.synthetic.androzoo.malware.ransomware_locker.1680,malware,1,0.7884066104888916,1,malware,86
com.anchornode.rabbitcafe,benign,0,0.0064682867377996445,0,benign,116
eka.care.doctor,benign,0,0.004283942747861147,0,benign,95
notes.notebook.todolist.notepad.checklist,benign,0,0.005041223950684071,0,benign,225
edu.synthetic.androzoo.malware.ransomware_locker.0388,malware,1,0.9822251200675964,1,malware,187
com.alight.motion.preset,malware,1,0.9992350339889526,1,malware,27
cn.wsds.gamemaster,malware,1,0.0018031526124104857,0,benign,27
com.examgoal.android.app,benign,0,0.0010769838700070977,0,benign,105
com.destroyingdust.horrorasylum,malware,1,0.004378676414489746,0,benign,45
com.ionicframework.ionicapp410897,benign,0,0.920741081237793,1,malware,146
com.eduven.cc.italian,benign,0,0.0004482666845433414,0,benign,170
melstudio.mpilates,benign,0,0.9997889399528503,1,malware,124
edu.synthetic.androzoo.malware.spyware_surveillance.0995,malware,1,0.9890474677085876,1,malware,93
edu.synthetic.androzoo.malware.sms_otp_stealer.1565,malware,1,0.9992254972457886,1,malware,53
jp.Ruta56.SlantGauge,benign,0,0.9983144998550415,1,malware,113
edu.synthetic.androzoo.malware.spyware_surveillance.1968,malware,1,0.9961036443710327,1,malware,143
gm.passion.app,benign,0,0.0012009568745270371,0,benign,10
com.mtd.ccis,benign,0,0.6537083387374878,1,malware,41
my.com.maxis.hotlink.production,benign,0,0.005371291656047106,0,benign,171
edu.synthetic.androzoo.malware.wallet_stealer.0187,malware,1,0.9570990800857544,1,malware,137
edu.synthetic.androzoo.malware.wallet_stealer.0017,malware,1,0.9928984642028809,1,malware,85
edu.synthetic.androzoo.malware.dropper_loader.1494,malware,1,0.9885330200195312,1,malware,80
edu.synthetic.androzoo.malware.banker_accessibility.0031,malware,1,0.9995237588882446,1,malware,53
com.vs.mena,benign,0,0.03676648810505867,0,benign,75
com.igindis.asiaempire2027,benign,0,0.14484313130378723,0,benign,15
edu.synthetic.androzoo.malware.ransomware_locker.1193,malware,1,0.5252317786216736,1,malware,177
edu.synthetic.androzoo.malware.wallet_stealer.0247,malware,1,0.9954063892364502,1,malware,96
com.genesys.purecloud.collaborate,benign,0,0.003940335474908352,0,benign,30
com.psma.videosplitter,benign,0,0.19762027263641357,0,benign,110
edu.synthetic.androzoo.malware.spyware_surveillance.0729,malware,1,0.9000567197799683,1,malware,145
net.playtouch.myponymlr,benign,0,0.24298562109470367,0,benign,301
com.mitsu.ColorNo33_autumn,benign,0,0.0002660354075487703,0,benign,24
ott.buildandburn,benign,0,0.8101629018783569,1,malware,102
edu.synthetic.androzoo.malware.dropper_loader.0448,malware,1,0.029389118775725365,0,benign,60
com.dayoneapp.dayone,benign,0,0.3078198730945587,0,benign,132
com.nbs.StudentStore,benign,0,0.03980962187051773,0,benign,104
com.epay.wallet.epmm,benign,0,0.005096071865409613,0,benign,11
edu.synthetic.androzoo.malware.adware_clicker.0142,malware,1,0.890414297580719,1,malware,27
schoolgirl.supervisor.saori.sato.multiplayer,malware,1,0.8172075152397156,1,malware,161
com.globalgarner,benign,0,0.044645845890045166,0,benign,77
com.acesoft.ninjajump,benign,0,0.31036338210105896,0,benign,76
health.step.walk,malware,1,0.008061357773840427,0,benign,222
edu.synthetic.androzoo.malware.ransomware_locker.0416,malware,1,0.9998308420181274,1,malware,135
com.anbe.app,benign,0,0.011475550010800362,0,benign,45
com.zhkj.lawquerysystem,malware,1,0.10781863331794739,0,benign,91
com.biemore.android.kidsFireman,malware,1,0.6721384525299072,1,malware,29
com.julyz.babyenglish,malware,1,0.39051946997642517,0,benign,40
edu.synthetic.androzoo.malware.adware_clicker.0170,malware,1,0.9110336303710938,1,malware,175
edu.synthetic.androzoo.malware.wallet_stealer.0915,malware,1,0.9817901253700256,1,malware,121
ru.tutu.etrains,benign,0,0.005709831602871418,0,benign,225
com.lyricfluent.app,benign,0,0.00013685834710486233,0,benign,48
edu.synthetic.androzoo.malware.overlay_pin_stealer.1004,malware,1,0.997669517993927,1,malware,45
edu.synthetic.androzoo.benign.webview_content.0048,benign,0,0.6422972679138184,1,malware,39
com.soundmedicalweightloss.bodysite,benign,0,0.8868663311004639,1,malware,61
edu.synthetic.androzoo.malware.spyware_surveillance.0848,malware,1,0.5995814800262451,1,malware,160
edu.synthetic.androzoo.malware.overlay_pin_stealer.0258,malware,1,0.8900556564331055,1,malware,191
com.yindan.jiazhengmerchant,malware,1,0.0014803995145484805,0,benign,16
uk.co.gonortheast.android,benign,0,0.15064039826393127,0,benign,113
com.alexiaclark.com,malware,1,0.9561575055122375,1,malware,18
net.passone.itbankcyber,benign,0,0.9559818506240845,1,malware,99
com.loginext.fieldforce,benign,0,0.006092703435570002,0,benign,105
edu.synthetic.androzoo.malware.banker_accessibility.1070,malware,1,0.997816801071167,1,malware,69
edu.synthetic.androzoo.malware.ransomware_locker.1008,malware,1,0.9776504039764404,1,malware,167
jp.co.nomura.onestock,benign,0,0.0009695441112853587,0,benign,150
water.sort.puzzle.color.sort.games,benign,0,0.5171731114387512,1,malware,114
com.tallurigames.nurserykids,benign,0,0.009738844819366932,0,benign,12
com.surviva.grand,malware,1,0.0024997841101139784,0,benign,194
com.moyun365.android.gkhistorytong,malware,1,0.9490281939506531,1,malware,47
com.bbumgames.opa,benign,0,0.06599865853786469,0,benign,23
com.bravolang.dutch,malware,1,0.9951499104499817,1,malware,159
edu.synthetic.androzoo.malware.ransomware_locker.0166,malware,1,0.8857332468032837,1,malware,125
edu.synthetic.androzoo.malware.banker_accessibility.0791,malware,1,0.9900907278060913,1,malware,176
com.equipmentgroup.AlignerSX1,benign,0,0.0058060819283127785,0,benign,16
edu.synthetic.androzoo.malware.adware_clicker.0722,malware,1,0.9947846531867981,1,malware,26
edu.synthetic.androzoo.benign.utility_background.0137,benign,0,0.0005331793217919767,0,benign,94
com.breo.luson.breo,malware,1,0.9981495141983032,1,malware,118
edu.synthetic.androzoo.malware.banker_accessibility.1945,malware,1,0.9202818274497986,1,malware,113
edu.synthetic.androzoo.malware.ransomware_locker.0707,malware,1,0.9990032315254211,1,malware,35
com.bhmginc.id2997,benign,0,0.09551359713077545,0,benign,164
abs.homeworkout.fit.packs.healthy,benign,0,0.000679694174323231,0,benign,103
edu.synthetic.androzoo.malware.overlay_pin_stealer.1804,malware,1,0.9945166707038879,1,malware,53
edu.synthetic.androzoo.malware.sms_otp_stealer.1182,malware,1,0.9990824460983276,1,malware,45
ru.waptaxi.taksolet,benign,0,0.9480190277099609,1,malware,51
live.moreshort.app,benign,0,0.13752903044223785,0,benign,35
edu.synthetic.androzoo.malware.dropper_loader.0480,malware,1,0.9250690937042236,1,malware,48
edu.synthetic.androzoo.malware.spyware_surveillance.1848,malware,1,0.995918333530426,1,malware,89
games.grouper.checkmatewildwest,benign,0,0.0018518143333494663,0,benign,90
com.iproyal.android,malware,1,0.9136234521865845,1,malware,113
com.android.kmax.noisecheck,malware,1,0.999390721321106,1,malware,42
com.moimob.drinkable,benign,0,0.9993318915367126,1,malware,28
edu.synthetic.androzoo.malware.overlay_pin_stealer.1196,malware,1,0.9699822068214417,1,malware,133
edu.synthetic.androzoo.malware.ransomware_locker.1631,malware,1,0.9830638766288757,1,malware,121
edu.synthetic.androzoo.malware.spyware_surveillance.0283,malware,1,0.9926247000694275,1,malware,96
edu.synthetic.androzoo.malware.spyware_surveillance.0649,malware,1,0.9990617632865906,1,malware,48
it.froggymedia.sportmediaset,benign,0,0.9471566081047058,1,malware,195
com.MaenghoFactory.HyperPeepers,benign,0,0.0037891888059675694,0,benign,88
edu.synthetic.androzoo.malware.banker_accessibility.1544,malware,1,0.9990097284317017,1,malware,52
com.songkick,benign,0,0.0022899103350937366,0,benign,66
edu.synthetic.androzoo.benign.media_game.0190,benign,0,0.8141672015190125,1,malware,31
com.skoda.skoda_inspection_android_app,benign,0,0.041936784982681274,0,benign,44
cn.w3cschool.android.python,malware,1,0.999525785446167,1,malware,72
com.tengniu.p2p.tnp2p,malware,1,0.9949559569358826,1,malware,174
edu.synthetic.androzoo.malware.overlay_pin_stealer.0033,malware,1,0.9970972537994385,1,malware,38
edu.synthetic.androzoo.malware.banker_accessibility.0318,malware,1,0.9991896748542786,1,malware,46
com.android.angel.babyanimal,malware,1,0.9988157749176025,1,malware,116
edu.synthetic.androzoo.malware.banker_accessibility.0905,malware,1,0.9981836676597595,1,malware,83
com.chris.hyperrace,malware,1,0.9272075295448303,1,malware,240
cc.ottclub.android,benign,0,0.8847401738166809,1,malware,135
com.cellsavers.savers,benign,0,0.0014732651179656386,0,benign,156
edu.synthetic.androzoo.malware.spyware_surveillance.1073,malware,1,0.9949701428413391,1,malware,39
edu.synthetic.androzoo.malware.ransomware_locker.0782,malware,1,0.9996787309646606,1,malware,117
edu.synthetic.androzoo.malware.banker_accessibility.0282,malware,1,0.9733596444129944,1,malware,225
edu.synthetic.androzoo.malware.dropper_loader.0947,malware,1,0.4374406039714813,0,benign,193
edu.synthetic.androzoo.malware.banker_accessibility.2002,malware,1,0.7415714859962463,1,malware,211
usa.radio.hishop,benign,0,0.9563574194908142,1,malware,99
com.aiyu.kaipanla,malware,1,0.0015494528925046325,0,benign,15
cn.smm.en,benign,0,0.0014949134783819318,0,benign,111
edu.synthetic.androzoo.malware.banker_accessibility.0400,malware,1,0.9203621745109558,1,malware,172
com.YovoGames.tailor,benign,0,0.0006367007736116648,0,benign,149
edu.synthetic.androzoo.malware.spyware_surveillance.1683,malware,1,0.9983786344528198,1,malware,53
com.pirate.plunder,benign,0,0.9905247092247009,1,malware,22
com.iz.timpy.ice.cream.cone.bar.maker.shop.truck.game,benign,0,0.13513167202472687,0,benign,113
com.bayt,benign,0,0.005143994465470314,0,benign,72
com.xtrend.app,benign,0,0.017838167026638985,0,benign,99
com.tocoding.neutral,benign,0,0.04377993568778038,0,benign,11
cn.fitdays.fitdays,benign,0,0.9931679964065552,1,malware,210
com.cat.kitten.wallpapers,benign,0,0.6482203602790833,1,malware,201
academy.gocrypto.trading,benign,0,0.022976117208600044,0,benign,69
io.pushpay.hcnazarene,benign,0,0.01704692281782627,0,benign,202
edu.synthetic.androzoo.malware.spyware_surveillance.0276,malware,1,0.9996542930603027,1,malware,96
com.okioki.ws,benign,0,0.001817416399717331,0,benign,11
edu.synthetic.androzoo.malware.ransomware_locker.1803,malware,1,0.997307300567627,1,malware,168
edu.synthetic.androzoo.benign.webview_content.0201,benign,0,0.11634478718042374,0,benign,83
edu.synthetic.androzoo.malware.sms_otp_stealer.0256,malware,1,0.8518437743186951,1,malware,71
edu.synthetic.androzoo.malware.overlay_pin_stealer.0929,malware,1,0.9989495873451233,1,malware,56
edu.synthetic.androzoo.malware.ransomware_locker.0521,malware,1,0.9974132180213928,1,malware,28
sk.antik.antikgo,benign,0,0.002630640286952257,0,benign,121
edu.synthetic.androzoo.benign.utility_background.0184,benign,0,0.00659543601796031,0,benign,143
edu.synthetic.androzoo.malware.overlay_pin_stealer.1925,malware,1,0.9954839944839478,1,malware,75
com.appical.io,benign,0,0.20677368342876434,0,benign,109
com.pip.yxppp.yyh,malware,1,0.7956538796424866,1,malware,55
edu.synthetic.androzoo.benign.webview_content.0144,benign,0,0.009727350436151028,0,benign,84
edu.synthetic.androzoo.malware.spyware_surveillance.1649,malware,1,0.9953931570053101,1,malware,48
edu.synthetic.androzoo.malware.ransomware_locker.1225,malware,1,0.9475550055503845,1,malware,186
edu.synthetic.androzoo.benign.commerce_social.0074,benign,0,0.0020681412424892187,0,benign,79
com.sinyee.babybus.wobunanguo,malware,1,0.8941161036491394,1,malware,64
edu.synthetic.androzoo.benign.maps_cloud.0002,benign,0,0.05015706270933151,0,benign,49
com.abiitur.gridlayout,benign,0,0.02020232006907463,0,benign,34
com.color.busfrenzy,benign,0,0.000665562751237303,0,benign,122
zahleb.me,benign,0,0.02110293321311474,0,benign,170
com.boomradio.player,benign,0,0.7394461035728455,1,malware,152
edu.synthetic.androzoo.benign.commerce_social.0232,benign,0,0.004097332712262869,0,benign,161
edu.synthetic.androzoo.malware.ransomware_locker.0469,malware,1,0.9244788289070129,1,malware,179
pro.bacca.uralairlines,benign,0,0.3467821478843689,0,benign,55
edu.synthetic.androzoo.malware.dropper_loader.1099,malware,1,0.9483224153518677,1,malware,136
edu.synthetic.androzoo.malware.ransomware_locker.1149,malware,1,0.8749968409538269,1,malware,100
app.upvpn.upvpn,benign,0,0.8601114749908447,1,malware,12
edu.synthetic.androzoo.malware.banker_accessibility.1403,malware,1,0.9831280708312988,1,malware,222
edu.synthetic.androzoo.malware.spyware_surveillance.1110,malware,1,0.9942449927330017,1,malware,93
com.gemdale.client,malware,1,0.0005472911871038377,0,benign,24
com.collect.letterlinkgame,malware,1,0.9813172221183777,1,malware,65
edu.synthetic.androzoo.malware.wallet_stealer.0064,malware,1,0.9863786697387695,1,malware,108
edu.synthetic.androzoo.malware.adware_clicker.0710,malware,1,0.9982262253761292,1,malware,49
org.olympic.app.mobile,benign,0,0.1680929958820343,0,benign,139
com.cradlepoint.verify,benign,0,0.1984146684408188,0,benign,71
app.seniorsafety,malware,1,0.006011477205902338,0,benign,93
com.memopad.for_.writing.babylon,benign,0,0.013575699180364609,0,benign,156
edu.synthetic.androzoo.malware.dropper_loader.1976,malware,1,0.19408224523067474,0,benign,166
com.elephantgames.parfilthetall,benign,0,0.05197472870349884,0,benign,15
cz.prumsys.s7plchmi,benign,0,0.12473088502883911,0,benign,10
edu.synthetic.androzoo.malware.banker_accessibility.0602,malware,1,0.9619812369346619,1,malware,233
edu.synthetic.androzoo.malware.spyware_surveillance.0967,malware,1,0.8735008835792542,1,malware,122
com.mobiweb.bizcloud,benign,0,0.7603271007537842,1,malware,17
edu.synthetic.androzoo.malware.dropper_loader.0595,malware,1,0.9950032830238342,1,malware,35
edu.synthetic.androzoo.malware.sms_otp_stealer.0980,malware,1,0.9950616955757141,1,malware,73
com.subsplash.thechurchapp.skyline,benign,0,0.970695972442627,1,malware,147
edu.synthetic.androzoo.malware.banker_accessibility.0148,malware,1,0.9867841005325317,1,malware,187
com.ripstone.flyhunter,malware,1,0.9984997510910034,1,malware,24
com.grmrk.dressupgames,malware,1,0.4839242398738861,0,benign,115
edu.synthetic.androzoo.malware.spyware_surveillance.1801,malware,1,0.9972580671310425,1,malware,83
com.Eclipse.Neuphoria,benign,0,0.33294039964675903,0,benign,129
albyrakNew.cvit,benign,0,0.001415727660059929,0,benign,35
edu.synthetic.androzoo.malware.adware_clicker.0678,malware,1,0.9947668313980103,1,malware,52
com.mobincube.estudios_biblicos_mujeres.sc_H2AC4E,malware,1,0.9950308799743652,1,malware,132
es.tpc.matchpoint.appclient.globopadelclub,benign,0,0.012432821094989777,0,benign,80
com.ddsafricaltd.fieldmetrics,benign,0,0.0004205858276691288,0,benign,149
edu.synthetic.androzoo.malware.ransomware_locker.0319,malware,1,0.9971131086349487,1,malware,120
edu.synthetic.androzoo.benign.webview_content.0219,benign,0,0.23527558147907257,0,benign,210
edu.synthetic.androzoo.malware.banker_accessibility.1510,malware,1,0.9922364354133606,1,malware,240
com.tianxiang.skputonghua,malware,1,0.001933552324771881,0,benign,17
edu.synthetic.androzoo.malware.ransomware_locker.1248,malware,1,0.996846616268158,1,malware,64
com.evgeniusdev.fallingblocks,benign,0,0.005228504538536072,0,benign,49
edu.synthetic.androzoo.malware.wallet_stealer.0784,malware,1,0.7317800521850586,1,malware,114
com.math.hydraulique.dz.univ,malware,1,0.9637186527252197,1,malware,63
com.cloudn.orientallounge,benign,0,0.08972398936748505,0,benign,24
edu.synthetic.androzoo.malware.wallet_stealer.1338,malware,1,0.9987209439277649,1,malware,34
edu.synthetic.androzoo.malware.overlay_pin_stealer.1337,malware,1,0.9981759786605835,1,malware,44
edu.synthetic.androzoo.benign.utility_background.0106,benign,0,0.0028475052677094936,0,benign,67
edu.synthetic.androzoo.malware.dropper_loader.0918,malware,1,0.9936180114746094,1,malware,171
edu.synthetic.androzoo.malware.overlay_pin_stealer.0613,malware,1,0.9912346601486206,1,malware,72
diy.soap.recipes,malware,1,0.20849348604679108,0,benign,34
edu.qau.queenarwauniversity.yemen,benign,0,0.07715997844934464,0,benign,73
com.exxonmobil.esso.hk,benign,0,0.23184381425380707,0,benign,160
com.fukuhara.toyo.app,benign,0,0.7391136884689331,1,malware,28
com.overlay.pokeratlasmobile,benign,0,0.0060190921649336815,0,benign,111
com.peyman.dateconvert,malware,1,0.001410026685334742,0,benign,146
edu.synthetic.androzoo.malware.sms_otp_stealer.1602,malware,1,0.976097583770752,1,malware,87
edu.synthetic.androzoo.malware.overlay_pin_stealer.1725,malware,1,0.7886270880699158,1,malware,112
edu.synthetic.androzoo.malware.dropper_loader.0684,malware,1,0.9967411160469055,1,malware,65
orangekik.app,benign,0,0.000678373733535409,0,benign,134
edu.synthetic.androzoo.malware.sms_otp_stealer.0742,malware,1,0.9513397812843323,1,malware,113
edu.synthetic.androzoo.malware.banker_accessibility.1598,malware,1,0.9988256096839905,1,malware,41
com.easeinc.beacon,benign,0,0.9995009899139404,1,malware,38
appinventor.ai_kayipkayik.Maps,malware,1,0.939961850643158,1,malware,44
sk.bouli.lc,benign,0,0.9989925026893616,1,malware,39
com.programmisty.emiasapp,benign,0,0.9822930693626404,1,malware,133
edu.synthetic.androzoo.malware.spyware_surveillance.0531,malware,1,0.2364758402109146,0,benign,107
com.finch.finch,benign,0,0.0017096186056733131,0,benign,28
com.tap_to_translate.snap_translate,malware,1,0.0017474214546382427,0,benign,144
com.appsmart.delivery.pizzeriacaravellaa5272,benign,0,0.33700016140937805,0,benign,132
edu.synthetic.androzoo.malware.sms_otp_stealer.1317,malware,1,0.9926154613494873,1,malware,149
edu.synthetic.androzoo.malware.overlay_pin_stealer.0352,malware,1,0.9992706179618835,1,malware,41
com.flixeron.my_passkeeper,benign,0,0.0008328667609021068,0,benign,92
com.airkast.tunekast1825_165,benign,0,0.042517948895692825,0,benign,102
com.keane1212.maskefelleren,benign,0,0.007508648093789816,0,benign,16
dk.klaravik.app,benign,0,0.17271862924098969,0,benign,26
com.appsmart.delivery.bacchusrestt3982,benign,0,0.5585846304893494,1,malware,174
edu.synthetic.androzoo.malware.banker_accessibility.0771,malware,1,0.9925869107246399,1,malware,162
edu.synthetic.androzoo.malware.overlay_pin_stealer.1512,malware,1,0.9972468614578247,1,malware,65
com.chunyuqiufeng.gaozhongapp,malware,1,0.017590640112757683,0,benign,126
com.grunkr.gravitylockscreen,malware,1,0.0024038441479206085,0,benign,15
com.newindiadevs.weedseed,benign,0,0.012201705016195774,0,benign,16
edu.synthetic.androzoo.malware.banker_accessibility.1644,malware,1,0.9990193843841553,1,malware,199
com.holucent.grammarde,benign,0,0.002012659562751651,0,benign,135
eu.screensoft.vigneullesinfos,benign,0,0.3919870853424072,0,benign,73
co.com.hgi.hginetmovil,benign,0,0.0008034563506953418,0,benign,20
edu.synthetic.androzoo.malware.wallet_stealer.0643,malware,1,0.997148334980011,1,malware,74
edu.synthetic.androzoo.malware.wallet_stealer.1897,malware,1,0.9932241439819336,1,malware,174
edu.synthetic.androzoo.malware.spyware_surveillance.1471,malware,1,0.9968523383140564,1,malware,48
com.responsivedata.anoviteprospector,benign,0,0.21062232553958893,0,benign,50
edu.synthetic.androzoo.malware.banker_accessibility.0160,malware,1,0.9410341382026672,1,malware,139
com.gpps.gpps.gppsapp,benign,0,0.48714783787727356,0,benign,40
org.ghfcu.mobile,benign,0,0.8961266279220581,1,malware,122
com.centra.livekirtan,benign,0,0.08339650928974152,0,benign,48
edu.synthetic.androzoo.malware.adware_clicker.1199,malware,1,0.9911852478981018,1,malware,35
com.transcore.android.commuterLink,benign,0,0.05512320622801781,0,benign,69
za.co.discovery.consumer.remedi,benign,0,0.9026745557785034,1,malware,69
com.icready.apps.gallery_with_file_manager,benign,0,0.005791797302663326,0,benign,217
com.metasense.lqdcnvs_mobile,benign,0,0.19565138220787048,0,benign,20
com.good.xuanyuan.appchina,malware,1,0.09330753237009048,0,benign,32
com.onswitchboard.eld,benign,0,0.995459258556366,1,malware,145
edu.synthetic.androzoo.benign.utility_background.0233,benign,0,0.005537866149097681,0,benign,55
edu.synthetic.androzoo.malware.banker_accessibility.1327,malware,1,0.9986170530319214,1,malware,48
com.meest.ua,benign,0,0.02396441623568535,0,benign,164
com.huazx.hpy,malware,1,0.0006228250567801297,0,benign,38
com.redhands.twoplayergames,benign,0,0.01371532492339611,0,benign,33
com.instabridge.android,benign,0,0.7768177390098572,1,malware,207
com.bssys.mbcphone.akbars,benign,0,0.01159354206174612,0,benign,34
edu.synthetic.androzoo.malware.spyware_surveillance.0610,malware,1,0.996783971786499,1,malware,50
edu.synthetic.androzoo.malware.wallet_stealer.1034,malware,1,0.9880828261375427,1,malware,174
com.rumble.denver_post_sports,benign,0,0.0006450050277635455,0,benign,118
linkdesks.jigsaw.puzzle.classic,benign,0,0.013713357970118523,0,benign,136
edu.synthetic.androzoo.malware.banker_accessibility.0986,malware,1,0.9700323343276978,1,malware,194
edu.synthetic.androzoo.malware.ransomware_locker.0405,malware,1,0.9366632699966431,1,malware,88
com.kaleris.stationlog,benign,0,0.9960007071495056,1,malware,26
com.overplaygames,benign,0,0.001229404704645276,0,benign,190
com.mobiloids.findjoe.mystery_of_the_stones.margaret,benign,0,0.000648771645501256,0,benign,94
com.playwindgames.freedefender,benign,0,0.0002966421307064593,0,benign,141
com.goodwallpapers.autumn_4k,benign,0,0.43153712153434753,0,benign,141
com.asgarvpn.asgar2023,malware,1,0.2599877715110779,0,benign,113
com.game.officelife.pt,malware,1,0.022959288209676743,0,benign,47
edu.synthetic.androzoo.benign.commerce_social.0238,benign,0,0.0005969990161247551,0,benign,196
ru.premiumbonus.tapchan,benign,0,0.4032321870326996,0,benign,50
de.check24.check24,benign,0,0.7853877544403076,1,malware,154
edu.synthetic.androzoo.malware.wallet_stealer.0293,malware,1,0.9985876083374023,1,malware,48
edu.synthetic.androzoo.malware.overlay_pin_stealer.0823,malware,1,0.9806836247444153,1,malware,90
edu.synthetic.androzoo.malware.overlay_pin_stealer.0233,malware,1,0.9974043965339661,1,malware,97
edu.synthetic.androzoo.malware.wallet_stealer.0245,malware,1,0.9977432489395142,1,malware,127
edu.synthetic.androzoo.malware.spyware_surveillance.0949,malware,1,0.9958951473236084,1,malware,83
edu.synthetic.androzoo.malware.overlay_pin_stealer.1372,malware,1,0.9986961483955383,1,malware,55
com.MA.LosAngelesCrimes,malware,1,0.999642014503479,1,malware,245
edu.synthetic.androzoo.benign.media_game.0056,benign,0,0.00024176514125429094,0,benign,169
com.xapo.bank,benign,0,0.001820949255488813,0,benign,141
edu.synthetic.androzoo.malware.dropper_loader.0661,malware,1,0.9791183471679688,1,malware,167
com.chelsea.sailing,benign,0,0.07882215827703476,0,benign,94
br.com.vsvdrive.passenger.drivermachine,benign,0,0.9817850589752197,1,malware,20
com.upboardclass10previousyearquestionpaper,benign,0,0.20490741729736328,0,benign,40
edu.synthetic.androzoo.malware.dropper_loader.0121,malware,1,0.964871346950531,1,malware,98
edu.synthetic.androzoo.malware.dropper_loader.0501,malware,1,0.7217995524406433,1,malware,183
edu.synthetic.androzoo.malware.overlay_pin_stealer.0525,malware,1,0.9992213249206543,1,malware,63
edu.synthetic.androzoo.malware.banker_accessibility.2079,malware,1,0.17998820543289185,0,benign,182
edu.synthetic.androzoo.malware.banker_accessibility.0174,malware,1,0.9987139701843262,1,malware,183
com.natewren.lightvoidfree,benign,0,0.07349098473787308,0,benign,146
com.racing.racer.ly,malware,1,0.07118924707174301,0,benign,143
air.school,malware,1,0.10866925865411758,0,benign,89
com.iem.sem.webview,benign,0,0.06257139146327972,0,benign,63
com.uniriho.szt,malware,1,0.9992271661758423,1,malware,257
edu.synthetic.androzoo.malware.wallet_stealer.0482,malware,1,0.9737431406974792,1,malware,180
tech.jm,benign,0,0.0013902863720431924,0,benign,158
com.eflasoft.fradeufree,benign,0,0.6420525908470154,1,malware,112
com.trenicom.padelmouv30,benign,0,0.013141008093953133,0,benign,65
com.enchantedcloud.photovault,benign,0,0.00028658125665970147,0,benign,185
edu.synthetic.androzoo.malware.ransomware_locker.1658,malware,1,0.9940556287765503,1,malware,77
edu.synthetic.androzoo.malware.banker_accessibility.0854,malware,1,0.9848089814186096,1,malware,174
com.maxxipoint.android,malware,1,0.9532983303070068,1,malware,65
com.magmalearning.magma,benign,0,0.3916779160499573,0,benign,111
edu.synthetic.androzoo.malware.spyware_surveillance.0589,malware,1,0.9989550113677979,1,malware,88
com.zombie.ahead.ly,malware,1,0.9942024350166321,1,malware,157
com.tuboapps.vmate,benign,0,0.0020647654309868813,0,benign,163
com.huaien.genealogy,malware,1,0.0008589382632635534,0,benign,11
edu.synthetic.androzoo.malware.banker_accessibility.0431,malware,1,0.9970700740814209,1,malware,69
com.rootershub.psx,benign,0,0.5614713430404663,1,malware,26
com.owner.clevelandparkbarandgrill,benign,0,0.010712792165577412,0,benign,145
edu.synthetic.androzoo.malware.banker_accessibility.0812,malware,1,0.9614406228065491,1,malware,235
com.cloudmobile.einvoice,benign,0,0.9836093187332153,1,malware,108
skywave.draw.food,benign,0,0.0015071737580001354,0,benign,180
edu.synthetic.androzoo.malware.spyware_surveillance.1140,malware,1,0.9582988619804382,1,malware,171
edu.synthetic.androzoo.malware.spyware_surveillance.1903,malware,1,0.7716480493545532,1,malware,80
com.meiya.airprice,malware,1,0.9955718517303467,1,malware,96
edu.synthetic.androzoo.malware.banker_accessibility.0617,malware,1,0.9839646816253662,1,malware,155
edu.synthetic.androzoo.malware.banker_accessibility.1226,malware,1,0.9596756100654602,1,malware,174
edu.synthetic.androzoo.malware.spyware_surveillance.1253,malware,1,0.9871327877044678,1,malware,165
edu.synthetic.androzoo.malware.adware_clicker.0477,malware,1,0.9680335521697998,1,malware,111
edu.synthetic.androzoo.malware.overlay_pin_stealer.0237,malware,1,0.996850311756134,1,malware,117
io.dcloud.H582BAF34,malware,1,0.9984245300292969,1,malware,81
edu.synthetic.androzoo.malware.spyware_surveillance.0813,malware,1,0.9959314465522766,1,malware,39
edu.synthetic.androzoo.malware.sms_otp_stealer.1419,malware,1,0.9987389445304871,1,malware,84
com.dnschanger,benign,0,0.9651385545730591,1,malware,12
com.wgt.android.golf,benign,0,0.8019667863845825,1,malware,127
digifit.android.virtuagym.pro.eindhovengym,benign,0,0.9625091552734375,1,malware,89
edu.synthetic.androzoo.malware.banker_accessibility.0114,malware,1,0.7959861755371094,1,malware,173
link.mikan.mikanandroid,benign,0,0.9256190657615662,1,malware,159
com.cocoplay.queen.party.ly,malware,1,0.9983595013618469,1,malware,175
com.rainman.alibubble.gq.wipay,malware,1,0.997860848903656,1,malware,40
io.pushpay.parkcommunitychurch,benign,0,0.0016419385792687535,0,benign,162
com.trainerize.xxfitandchiclysfetyle,benign,0,0.016658758744597435,0,benign,33
edu.synthetic.androzoo.malware.dropper_loader.0375,malware,1,0.03439176082611084,0,benign,157
com.tgame.sand.box,benign,0,0.4519745707511902,0,benign,108
edu.synthetic.androzoo.malware.spyware_surveillance.0488,malware,1,0.8727939128875732,1,malware,172
edu.synthetic.androzoo.malware.overlay_pin_stealer.1716,malware,1,0.9992423057556152,1,malware,89
ru.kingkongsushi.client,benign,0,0.20828233659267426,0,benign,37
edu.synthetic.androzoo.malware.spyware_surveillance.1101,malware,1,0.9985180497169495,1,malware,76
edu.synthetic.androzoo.malware.overlay_pin_stealer.1696,malware,1,0.9953089356422424,1,malware,131
edu.synthetic.androzoo.malware.ransomware_locker.0209,malware,1,0.9905271530151367,1,malware,98
com.milkcrate,benign,0,0.001386459218338132,0,benign,138
edu.synthetic.androzoo.malware.sms_otp_stealer.0666,malware,1,0.9983553290367126,1,malware,35
com.es.civilization.rise.empire,benign,0,0.08794091641902924,0,benign,97
com.jushine.cdiary,benign,0,0.20243144035339355,0,benign,87
edu.synthetic.androzoo.malware.ransomware_locker.0545,malware,1,0.9916676878929138,1,malware,159
edu.synthetic.androzoo.malware.wallet_stealer.0070,malware,1,0.9972361922264099,1,malware,193
islamic.apps.mahmoud.khalil.al.hussary.mp3.quran.offline.full,benign,0,0.020788803696632385,0,benign,159
edu.synthetic.androzoo.malware.wallet_stealer.1588,malware,1,0.9972200393676758,1,malware,34
com.kongsolo.jsmap,benign,0,0.43536049127578735,0,benign,31
edu.synthetic.androzoo.malware.banker_accessibility.0664,malware,1,0.989697277545929,1,malware,107
com.hb.xiaobien,malware,1,0.3043905198574066,0,benign,89
com.femaleinvest.mobileapp,benign,0,0.0005182473687455058,0,benign,87
uk.co.solus.WindsorMaidenheadLibraries,benign,0,0.9983252882957458,1,malware,28
edu.synthetic.androzoo.malware.spyware_surveillance.1633,malware,1,0.2987726628780365,0,benign,137
linkdesks.tile.match.story,benign,0,0.009621449746191502,0,benign,110
edu.synthetic.androzoo.malware.dropper_loader.0952,malware,1,0.9430068731307983,1,malware,177
edu.synthetic.androzoo.malware.overlay_pin_stealer.1442,malware,1,0.9984948635101318,1,malware,63
com.whoisup.app,benign,0,0.0025507621467113495,0,benign,100
com.mycasavi.ottoimmo,benign,0,0.004337678197771311,0,benign,141
com.salicru.equinox,benign,0,0.005883114878088236,0,benign,44
info.oturizme.shashki,benign,0,0.6921494603157043,1,malware,100
com.alphaunit.mycandy,benign,0,0.9903124570846558,1,malware,153
com.sankuai.sailor.afooddelivery,benign,0,0.7146911025047302,1,malware,354
rsba.erv.bible.study.app,benign,0,0.036356545984745026,0,benign,69
com.southwestairlines.mobile,benign,0,0.12431247532367706,0,benign,327
com.index.aeedc022019,benign,0,0.8959050178527832,1,malware,43
edu.synthetic.androzoo.malware.spyware_surveillance.1287,malware,1,0.9983091354370117,1,malware,115
com.ptwired.bpr,benign,0,0.11324447393417358,0,benign,86
edu.synthetic.androzoo.malware.spyware_surveillance.2023,malware,1,0.9940974712371826,1,malware,114
com.apptegy.eastpalestine,benign,0,0.0011647780193015933,0,benign,152
au.com.investa.insite,benign,0,0.1978030502796173,0,benign,109
com.foodient.whisk,benign,0,0.14274829626083374,0,benign,98
edu.synthetic.androzoo.malware.dropper_loader.1437,malware,1,0.9403947591781616,1,malware,171
imagine.ai.art.photo.image.generator,malware,1,0.0014126221649348736,0,benign,210
com.fruittime.weather,malware,1,0.040283747017383575,0,benign,45
pl.bsgrudusk.naszbank,benign,0,0.002306105801835656,0,benign,13
cn.motoon.reader,malware,1,0.15176548063755035,0,benign,13
edu.synthetic.androzoo.malware.banker_accessibility.0361,malware,1,0.9991846680641174,1,malware,47
com.customchurchapps.app6nyhjaum,benign,0,0.018484974279999733,0,benign,190
edu.synthetic.androzoo.malware.wallet_stealer.0301,malware,1,0.9507339596748352,1,malware,190
com.task.calendar,benign,0,0.008381269872188568,0,benign,268
com.leighton.kbrf,benign,0,0.18388213217258453,0,benign,243
com.precisebytes.flashlightdualmode.free.release,benign,0,0.12715037167072296,0,benign,18
edu.synthetic.androzoo.malware.spyware_surveillance.0493,malware,1,0.986783504486084,1,malware,161
edu.synthetic.androzoo.malware.adware_clicker.0145,malware,1,0.9840520620346069,1,malware,190
com.meta.inno.sticker,benign,0,0.0028503797948360443,0,benign,10
edu.synthetic.androzoo.malware.adware_clicker.1760,malware,1,0.24719905853271484,0,benign,85
com.claranet.mfa,benign,0,0.06473075598478317,0,benign,90
webviewgold.sole,benign,0,0.008308019489049911,0,benign,69
com.nonghyupit.with,benign,0,0.9300643801689148,1,malware,60
com.sharkgame.Memory,malware,1,0.9756780862808228,1,malware,18
com.subsplashconsulting.s_49ZKSJ,benign,0,0.13153167068958282,0,benign,157
com.chownow.bagelpub,benign,0,0.006090941838920116,0,benign,140
edu.synthetic.androzoo.malware.spyware_surveillance.0804,malware,1,0.9529947638511658,1,malware,160
com.appslab.blackgospelradio,benign,0,0.05379480496048927,0,benign,164
com.android.linglan.ui,malware,1,0.998394787311554,1,malware,83
edu.synthetic.androzoo.malware.sms_otp_stealer.0243,malware,1,0.9902393817901611,1,malware,102
com.t2s.pizzacaprii799624,benign,0,0.0011989646591246128,0,benign,171
com.sinyee.babybus.garbage,malware,1,0.957779586315155,1,malware,61
edu.synthetic.androzoo.malware.spyware_surveillance.1842,malware,1,0.9948008060455322,1,malware,52
mk.atg.app,benign,0,0.9507189989089966,1,malware,23
edu.synthetic.androzoo.malware.overlay_pin_stealer.0255,malware,1,0.9960225820541382,1,malware,66
edu.synthetic.androzoo.malware.wallet_stealer.1590,malware,1,0.9985723495483398,1,malware,90
com.codebug.hindi.physics1,benign,0,0.9956532716751099,1,malware,123
com.dav_vizag.school,benign,0,0.0014529071049764752,0,benign,80
ru.sotnik.areacalc,malware,1,0.016500065103173256,0,benign,20
edu.synthetic.androzoo.malware.ransomware_locker.2015,malware,1,0.9694975018501282,1,malware,111
com.runawayplay.birdgame,benign,0,0.2685142755508423,0,benign,125
com.refixprotect.zpsjhfu,malware,1,0.0003345607256051153,0,benign,13
edu.synthetic.androzoo.malware.sms_otp_stealer.0984,malware,1,0.9980056881904602,1,malware,36
edu.synthetic.androzoo.malware.spyware_surveillance.1071,malware,1,0.9904042482376099,1,malware,167
com.scg.anime.family.simulator,malware,1,0.9879270195960999,1,malware,135
edu.synthetic.androzoo.malware.banker_accessibility.1604,malware,1,0.970786988735199,1,malware,183
com.justco.justco,benign,0,0.9515259265899658,1,malware,209
edu.synthetic.androzoo.malware.ransomware_locker.1744,malware,1,0.9996877908706665,1,malware,62
conversor.conversaotaxasbasico.jpygyd,benign,0,0.0010183743434026837,0,benign,144
solitaire.card.games.solitaire.newyear.free,benign,0,0.9771092534065247,1,malware,257
edu.synthetic.androzoo.malware.dropper_loader.0311,malware,1,0.1903759241104126,0,benign,185
com.melesta.coffeeshop,benign,0,0.000828111486043781,0,benign,147
com.the.std7englishexams,benign,0,0.9711475968360901,1,malware,124
edu.synthetic.androzoo.malware.banker_accessibility.1266,malware,1,0.9872961044311523,1,malware,112
edu.synthetic.androzoo.malware.banker_accessibility.0090,malware,1,0.6156374216079712,1,malware,211
com.apiomni.kikkle,benign,0,0.001224583713337779,0,benign,118
edu.synthetic.androzoo.malware.dropper_loader.0164,malware,1,0.017806140705943108,0,benign,80
edu.synthetic.androzoo.malware.overlay_pin_stealer.0919,malware,1,0.9146560430526733,1,malware,133
com.sn1.TheImitationofChrist,benign,0,0.0017043784027919173,0,benign,125
edu.synthetic.androzoo.malware.banker_accessibility.1861,malware,1,0.9935240745544434,1,malware,105
edu.synthetic.androzoo.malware.adware_clicker.0807,malware,1,0.9161916971206665,1,malware,184
vn.icheck.android,benign,0,0.02479839138686657,0,benign,36
com.moniepoint.business,benign,0,0.001817416399717331,0,benign,11
com.upsahl.upsahl,benign,0,0.0010209598112851381,0,benign,135
edu.synthetic.androzoo.malware.overlay_pin_stealer.1093,malware,1,0.9965180158615112,1,malware,37
edu.synthetic.androzoo.benign.commerce_social.0114,benign,0,0.0009302052785642445,0,benign,96
edu.synthetic.androzoo.malware.sms_otp_stealer.0458,malware,1,0.9985798597335815,1,malware,124
bibogames.fill.oneline,benign,0,0.009515157900750637,0,benign,17
edu.synthetic.androzoo.malware.dropper_loader.0107,malware,1,0.9858718514442444,1,malware,112
edu.synthetic.androzoo.malware.ransomware_locker.0003,malware,1,0.983674943447113,1,malware,180
com.babbel.mobile.android.en,benign,0,0.0011371835134923458,0,benign,211
com.ProMM.CarrierSnakeSpiderNest,benign,0,0.4910523593425751,0,benign,22
edu.synthetic.androzoo.malware.dropper_loader.1425,malware,1,0.018622450530529022,0,benign,87
edu.synthetic.androzoo.malware.spyware_surveillance.1533,malware,1,0.9988100528717041,1,malware,128
edu.synthetic.androzoo.malware.spyware_surveillance.0516,malware,1,0.9959762692451477,1,malware,45
de.twopeaches.babelli,benign,0,0.03449884057044983,0,benign,13
com.goodwallpapers.coffe_hd,benign,0,0.06487887352705002,0,benign,83
com.ionicframework.posistlite,benign,0,0.998892605304718,1,malware,49
edu.synthetic.androzoo.malware.banker_accessibility.1221,malware,1,0.9922129511833191,1,malware,112
com.zl.hlvideo,malware,1,0.000288293493213132,0,benign,21
com.anask.reem_name_images_wallpapers,benign,0,0.8751776814460754,1,malware,141
com.qconline.android,benign,0,0.9408549070358276,1,malware,151
edu.synthetic.androzoo.malware.ransomware_locker.1817,malware,1,0.7657065987586975,1,malware,190
com.pdf.reader.pdfviewer.pdfeditor.forandroid,benign,0,0.0006920442101545632,0,benign,184
com.crayon.onefive,benign,0,0.00015589017129968852,0,benign,171
co.hellocode.exist,benign,0,0.007908133789896965,0,benign,10
com.codeflies.supertravelUser,benign,0,0.00043470776290632784,0,benign,137
edu.synthetic.androzoo.malware.overlay_pin_stealer.1501,malware,1,0.9664973020553589,1,malware,166
jp.stageinc.app.blue,benign,0,0.1720464676618576,0,benign,30
com.dwwang.staff,malware,1,0.998005211353302,1,malware,211
com.poetry.fk.cm,malware,1,0.9989707469940186,1,malware,94
edu.synthetic.androzoo.malware.wallet_stealer.0875,malware,1,0.9985892176628113,1,malware,160
edu.synthetic.androzoo.malware.wallet_stealer.0611,malware,1,0.9762521982192993,1,malware,86
edu.synthetic.androzoo.malware.banker_accessibility.1715,malware,1,0.9993160963058472,1,malware,77
edu.synthetic.androzoo.malware.wallet_stealer.1596,malware,1,0.9954923391342163,1,malware,62
edu.synthetic.androzoo.benign.media_game.0150,benign,0,0.002297444036230445,0,benign,182
com.batix.wrapper.KomBus,benign,0,0.007178839761763811,0,benign,10
edu.synthetic.androzoo.malware.spyware_surveillance.1271,malware,1,0.9955530762672424,1,malware,131
co.bytemark.nycf,benign,0,0.005644434597343206,0,benign,152
edu.synthetic.androzoo.malware.spyware_surveillance.1521,malware,1,0.9780799150466919,1,malware,155
be.rentio.app,benign,0,0.0005019344389438629,0,benign,154
edu.synthetic.androzoo.malware.wallet_stealer.0333,malware,1,0.9980898499488831,1,malware,69
com.phonelocator.mobile.number.locationfinder.callerid,benign,0,0.9548940062522888,1,malware,209
edu.synthetic.androzoo.malware.sms_otp_stealer.0518,malware,1,0.9803639650344849,1,malware,107
wild.west.tavern,benign,0,0.006296438165009022,0,benign,12
in.playsimple.cryptogram,benign,0,0.006049445830285549,0,benign,46
kz.tele2.kiozk.android,benign,0,0.12460796535015106,0,benign,99
edu.synthetic.androzoo.malware.spyware_surveillance.0112,malware,1,0.9594385027885437,1,malware,165
com.astron.kisikates,benign,0,0.00798102281987667,0,benign,184
edu.synthetic.androzoo.malware.wallet_stealer.1031,malware,1,0.9962337613105774,1,malware,75
com.app.worldwinorder,benign,0,0.9870691299438477,1,malware,96
com.technore.lolipopvip,malware,1,0.1183905377984047,0,benign,69
com.mu.mmo.rpg.game,benign,0,0.0018010142957791686,0,benign,168
edu.synthetic.androzoo.malware.spyware_surveillance.0743,malware,1,0.9866840243339539,1,malware,129
edu.synthetic.androzoo.malware.sms_otp_stealer.1964,malware,1,0.9962350726127625,1,malware,71
com.gentdev.piglow,benign,0,0.9986623525619507,1,malware,34
edu.synthetic.androzoo.malware.overlay_pin_stealer.1422,malware,1,0.9913902282714844,1,malware,190
com.groupebayard.prionseneglise.iphone,benign,0,0.1890798807144165,0,benign,162
com.nt.games.tangledsnakes,benign,0,0.007917195558547974,0,benign,52
edu.synthetic.androzoo.malware.banker_accessibility.1527,malware,1,0.998170018196106,1,malware,138
com.delightgames.medievalfantasy,benign,0,0.001009636907838285,0,benign,162
com.tangerine.live.cake,malware,1,0.023791398853063583,0,benign,85
com.upjers.molehillempire2,benign,0,0.0034332764334976673,0,benign,96
com.subsplashconsulting.s_BHDNZ2,benign,0,0.13399235904216766,0,benign,156
com.zoho.accounts.oneauth,benign,0,0.0028011882677674294,0,benign,153
com.eonsoft.DiscV2,benign,0,0.991547167301178,1,malware,165
com.mspy.lite,malware,1,0.4921594560146332,0,benign,12
edu.synthetic.androzoo.malware.dropper_loader.1262,malware,1,0.9944080114364624,1,malware,59
ua.com.etnocode.minecraftpacks,benign,0,0.0852271020412445,0,benign,164
com.insthub.voguemini,malware,1,0.008199887350201607,0,benign,22
com.gofa.mobile,benign,0,0.4598071575164795,0,benign,50
edu.synthetic.androzoo.malware.spyware_surveillance.1488,malware,1,0.9982759952545166,1,malware,110
edu.synthetic.androzoo.malware.dropper_loader.1374,malware,1,0.999442994594574,1,malware,47
edu.synthetic.androzoo.malware.banker_accessibility.0856,malware,1,0.9937991499900818,1,malware,127
com.shixian.kaihua,malware,1,0.10698769241571426,0,benign,86
com.vicsothemes.hebrewforbeginners,benign,0,0.22335326671600342,0,benign,137
com.kyzook.travelx,benign,0,0.004220286384224892,0,benign,57
ch.ultrastark.leuk,benign,0,0.9994897842407227,1,malware,42
edu.synthetic.androzoo.malware.ransomware_locker.1874,malware,1,0.9810206890106201,1,malware,66
com.nekteck.medcursor,benign,0,0.2026538997888565,0,benign,135
edu.synthetic.androzoo.malware.overlay_pin_stealer.1148,malware,1,0.9993394017219543,1,malware,71
com.free.ttdj,malware,1,0.0019141400698572397,0,benign,21
com.apptegy.conawayar,benign,0,0.3288950026035309,0,benign,106
com.EdenredUsaBenefits,benign,0,0.9991679191589355,1,malware,88
edu.synthetic.androzoo.malware.dropper_loader.0208,malware,1,0.036614712327718735,0,benign,232
edu.synthetic.androzoo.malware.banker_accessibility.1441,malware,1,0.8765724301338196,1,malware,163
cn.guancha.app,malware,1,0.017037242650985718,0,benign,48
com.pregnant.virtual.mother.simulator,benign,0,0.002207827754318714,0,benign,97
com.alexeymorozua.orbittimefree,benign,0,0.00355602172203362,0,benign,10
ng.com.fairmoney.fairmoney,malware,1,0.06036403775215149,0,benign,143
edu.synthetic.androzoo.malware.sms_otp_stealer.0101,malware,1,0.999144434928894,1,malware,53
com.yamystudio.dryCleaning,benign,0,0.2984929382801056,0,benign,114
edu.synthetic.androzoo.malware.adware_clicker.1901,malware,1,0.9970653653144836,1,malware,161
dev.tuantv.android.quickaccess,benign,0,0.001008843188174069,0,benign,47
edu.synthetic.androzoo.benign.maps_cloud.0187,benign,0,0.09967262297868729,0,benign,167
edu.synthetic.androzoo.malware.banker_accessibility.1153,malware,1,0.9979984164237976,1,malware,72
com.thetrainline,benign,0,0.740504801273346,1,malware,125
com.almashines.iihmr,benign,0,0.019687946885824203,0,benign,85
edu.synthetic.androzoo.benign.maps_cloud.0156,benign,0,0.03296184167265892,0,benign,259
com.wallpaper.express.daily,malware,1,0.8405755758285522,1,malware,31
edu.synthetic.androzoo.malware.banker_accessibility.0738,malware,1,0.999119222164154,1,malware,120
edu.synthetic.androzoo.benign.webview_content.0131,benign,0,0.041661933064460754,0,benign,162
com.mgsstudio.offroadcarpe,malware,1,0.7232856154441833,1,malware,198
com.ibm.lava.hot.volcano.car.games,malware,1,0.9119392037391663,1,malware,99
edu.synthetic.androzoo.malware.spyware_surveillance.1526,malware,1,0.9762707948684692,1,malware,56
com.perception.soc.en,malware,1,0.02573058009147644,0,benign,28
edu.synthetic.androzoo.malware.banker_accessibility.0532,malware,1,0.999285876750946,1,malware,41
edu.synthetic.androzoo.malware.dropper_loader.0779,malware,1,0.5146046280860901,1,malware,97
edu.synthetic.androzoo.malware.banker_accessibility.1995,malware,1,0.9985285997390747,1,malware,126
com.lh.bog.global,benign,0,0.9847538471221924,1,malware,95
com.telstra.nrl.dragons,benign,0,0.8805970549583435,1,malware,110
edu.synthetic.androzoo.malware.banker_accessibility.0846,malware,1,0.9989482760429382,1,malware,73
edu.synthetic.androzoo.malware.spyware_surveillance.1870,malware,1,0.9345570206642151,1,malware,169
edu.synthetic.androzoo.malware.dropper_loader.1675,malware,1,0.9996115565299988,1,malware,136
ie.zappy.fennec.evansvilleyogaspace,benign,0,0.0007711370126344264,0,benign,31
edu.synthetic.androzoo.malware.sms_otp_stealer.1728,malware,1,0.9074926376342773,1,malware,103
edu.synthetic.androzoo.malware.spyware_surveillance.1281,malware,1,0.9976935982704163,1,malware,135
com.mampod.ergedd,malware,1,0.00926907267421484,0,benign,36
edu.synthetic.androzoo.malware.banker_accessibility.0059,malware,1,0.9643945097923279,1,malware,165
edu.synthetic.androzoo.malware.adware_clicker.1096,malware,1,0.9487144351005554,1,malware,183
org.tapaz.android,benign,0,0.0013792869867756963,0,benign,48
edu.synthetic.androzoo.malware.spyware_surveillance.1360,malware,1,0.9939181804656982,1,malware,147
com.under.water.fishing.vr,malware,1,0.9493676424026489,1,malware,104
com.cgs.flying.monster.robot.transformer,malware,1,0.9914532899856567,1,malware,17
edu.synthetic.androzoo.malware.dropper_loader.1808,malware,1,0.005719455424696207,0,benign,178
horses.wall7Fon,benign,0,0.4848327934741974,0,benign,140
com.founder.jjckb,malware,1,0.0009687841520644724,0,benign,26
com.backupeamoozesh3,malware,1,0.0020917293149977922,0,benign,10
edu.synthetic.androzoo.malware.spyware_surveillance.1540,malware,1,0.9977942705154419,1,malware,122
com.record.voice.day.all,malware,1,0.0029537330847233534,0,benign,203
edu.synthetic.androzoo.malware.ransomware_locker.0378,malware,1,0.9642529487609863,1,malware,189
com.tls.maker.ice.cream.cake,malware,1,0.6894742250442505,1,malware,90
pop.bubblebubbleshooter,benign,0,0.014840159565210342,0,benign,127
edu.synthetic.androzoo.malware.dropper_loader.0632,malware,1,0.9993165731430054,1,malware,85
edu.synthetic.androzoo.malware.dropper_loader.0539,malware,1,0.5439988970756531,1,malware,53
edu.synthetic.androzoo.malware.ransomware_locker.0964,malware,1,0.9994416832923889,1,malware,135
com.ouimoveup,benign,0,0.005400052759796381,0,benign,70
com.KLP.RZG,benign,0,0.001513024908490479,0,benign,70
com.mobirix.jp.bubblebobble1,benign,0,0.02067633345723152,0,benign,109
com.boards_and_more.academy,benign,0,0.055165279656648636,0,benign,208
com.inmovation.newspaper,malware,1,0.9978659749031067,1,malware,47
com.pragmistic.ezpassoh,benign,0,0.7410379648208618,1,malware,22
com.d.lifehacks,benign,0,0.004753194283694029,0,benign,177
edu.synthetic.androzoo.malware.wallet_stealer.0302,malware,1,0.9970581531524658,1,malware,65
edu.synthetic.androzoo.malware.dropper_loader.1785,malware,1,0.6828042268753052,1,malware,135
com.magzter.bikeindia,benign,0,0.000895558565389365,0,benign,170
store_app_interface.elmaayergy,benign,0,0.16964513063430786,0,benign,133
com.cmcc.hbb.android.phone.parents,malware,1,0.850257396697998,1,malware,21
com.dii.demosphere.prod,benign,0,0.495720773935318,0,benign,112
com.cofox.kahunas.DrizzleFitness,benign,0,0.9902734160423279,1,malware,129
com.brinks.twentyfourseven,benign,0,0.9970601201057434,1,malware,75
edu.synthetic.androzoo.malware.wallet_stealer.1918,malware,1,0.9978185892105103,1,malware,77
edu.synthetic.androzoo.malware.dropper_loader.0136,malware,1,0.9605950713157654,1,malware,85
com.redroserestaurantonlineee,benign,0,0.0013692041393369436,0,benign,163
com.careate.qyi,malware,1,0.03829197958111763,0,benign,37
su.prtv.tvapp,benign,0,0.21332798898220062,0,benign,80
com.apptegy.ocostawa,benign,0,0.13548283278942108,0,benign,133
edu.synthetic.androzoo.malware.dropper_loader.0338,malware,1,0.7804467678070068,1,malware,244
com.niceflower.massegaty2020,benign,0,0.004555731080472469,0,benign,54
edu.synthetic.androzoo.malware.dropper_loader.0478,malware,1,0.6396901607513428,1,malware,188
com.prvidr.paas.coles.prod,benign,0,0.0008459967793896794,0,benign,132
edu.synthetic.androzoo.malware.sms_otp_stealer.1000,malware,1,0.9977256655693054,1,malware,187
edu.synthetic.androzoo.malware.overlay_pin_stealer.1854,malware,1,0.9991577863693237,1,malware,107
edu.synthetic.androzoo.malware.spyware_surveillance.0582,malware,1,0.9980286955833435,1,malware,52
ru.cherkasov.riddles,benign,0,0.002576292958110571,0,benign,125
com.subsplash.thechurchapp.s_CTCWBD,benign,0,0.7277054190635681,1,malware,161
edu.synthetic.androzoo.malware.overlay_pin_stealer.1154,malware,1,0.9976957440376282,1,malware,97
edu.eduhk.emobileapp,benign,0,0.9839350581169128,1,malware,60
com.MaxwellPlay.LiminalX,benign,0,0.1573636680841446,0,benign,18
com.ggxfj.frog,malware,1,0.001022037584334612,0,benign,22
edu.synthetic.androzoo.malware.overlay_pin_stealer.1320,malware,1,0.9988229870796204,1,malware,192
com.roughcode.parboti,benign,0,0.042704686522483826,0,benign,22
com.wyt.iexuetang.hd.xxtb,malware,1,0.004660566337406635,0,benign,168
com.sinyee.babybus.foodcity,benign,0,0.07526495307683945,0,benign,121
com.infomat.starter,benign,0,0.01012273970991373,0,benign,57
edu.synthetic.androzoo.malware.banker_accessibility.1727,malware,1,0.9822679758071899,1,malware,124
com.nexudusspaces.theshop,benign,0,0.0018740505911409855,0,benign,30
boxnmove.mover.driver,malware,1,0.01004905253648758,0,benign,107
com.xiaobanlong.main,malware,1,0.9163631200790405,1,malware,59
com.propelswim.icp,benign,0,0.8412872552871704,1,malware,129
edu.synthetic.androzoo.malware.spyware_surveillance.1834,malware,1,0.9978530406951904,1,malware,42
jp.digitallab.kawachi,benign,0,0.16330252587795258,0,benign,46
com.logestechs.customer_goBox,benign,0,0.0004808579687960446,0,benign,134
com.venusjewel,benign,0,0.0016246445011347532,0,benign,50
com.scsoft.boribori,benign,0,0.002295359503477812,0,benign,181
ayulearn.adxx,malware,1,0.0019584628753364086,0,benign,130
com.colyinc.mahoyaku,benign,0,0.016947105526924133,0,benign,94
edu.synthetic.androzoo.benign.maps_cloud.0171,benign,0,0.03941106051206589,0,benign,80
pl.biokod.goodcoach,benign,0,0.0001973642793018371,0,benign,21
com.evendo.global_guide,benign,0,0.5343429446220398,1,malware,20
edu.synthetic.androzoo.benign.media_game.0069,benign,0,0.003451832104474306,0,benign,61
edu.synthetic.androzoo.malware.wallet_stealer.0483,malware,1,0.9959681034088135,1,malware,106
edu.synthetic.androzoo.malware.spyware_surveillance.1166,malware,1,0.9620508551597595,1,malware,143
edu.synthetic.androzoo.malware.dropper_loader.0036,malware,1,0.9072244167327881,1,malware,128
com.shici,malware,1,0.28605028986930847,0,benign,36
com.medevio.gateway,benign,0,0.0011937710223719478,0,benign,154
it.gasparilab.myroverchiara,benign,0,0.039521750062704086,0,benign,30
com.dcngame.yasuo,malware,1,0.07757566124200821,0,benign,95
com.easytor.ohadshemesh,benign,0,0.9996234178543091,1,malware,32
com.sibisoft.leisure,benign,0,0.0075502702966332436,0,benign,132
com.subsplashconsulting.s_S9QW82,benign,0,0.8927766680717468,1,malware,150
com.wego.android,benign,0,0.0015121045289561152,0,benign,262
com.intuiface.playernextgen,benign,0,0.9990646243095398,1,malware,25
com.ls.cake.cakemaker.diy.baking.girls.cooking.birthdaycake,benign,0,0.4162093698978424,0,benign,78
com.codeEscape.codeescape,benign,0,0.9987851977348328,1,malware,115
com.funnycity.carsbattletwo.yyh,malware,1,0.8547245860099792,1,malware,226
com.crisisSupport.civilGuard,benign,0,0.00027750316075980663,0,benign,56
coza.globalchoices.infinitiassist,benign,0,0.0016217405209317803,0,benign,58
com.amslergriddaily.app,benign,0,0.1366344392299652,0,benign,55
edu.synthetic.androzoo.malware.dropper_loader.1160,malware,1,0.9536733627319336,1,malware,150
edu.synthetic.androzoo.malware.banker_accessibility.0466,malware,1,0.9896448850631714,1,malware,165
edu.synthetic.androzoo.malware.wallet_stealer.0397,malware,1,0.6830695271492004,1,malware,186
edu.synthetic.androzoo.malware.dropper_loader.1349,malware,1,0.97878497838974,1,malware,45
com.suivo.timelogger,benign,0,0.29260003566741943,0,benign,38
com.triviaquiz.funtriviaquestions,benign,0,0.009037909097969532,0,benign,33
com.buyma.buymaapp,benign,0,0.2902872860431671,0,benign,202
perfectposture.posturecorrection.healthyback.healthyspine.painrelief,benign,0,0.004160504788160324,0,benign,128
app.streetracefury,benign,0,0.9218974709510803,1,malware,26
jp.co.jibunbank.jibuntoto,benign,0,0.0011725604999810457,0,benign,89
com.free.vpn.super.hotspot.open,benign,0,0.001109685399569571,0,benign,32
com.ticimax.androidbase.disentismodest,benign,0,0.0028503797948360443,0,benign,10
com.webuildgroup.approve,benign,0,0.9980337023735046,1,malware,29
edu.synthetic.androzoo.malware.adware_clicker.0141,malware,1,0.9984676241874695,1,malware,68
co.ninj.bikinihd,malware,1,0.9809920191764832,1,malware,78
com.apptegy.conradpa,benign,0,0.0011808864073827863,0,benign,148
com.rz.caller.name.announcer,benign,0,0.0010295886313542724,0,benign,240
com.choptsalad.choptsalad.android.app,benign,0,0.0015188754769042134,0,benign,157
edu.synthetic.androzoo.malware.banker_accessibility.0335,malware,1,0.994419515132904,1,malware,89
gallery.hidepictures.photovault.lockgallery,benign,0,0.0008472794434055686,0,benign,241
games.doro.busstation,benign,0,0.0007580416277050972,0,benign,104
edu.synthetic.androzoo.malware.spyware_surveillance.0135,malware,1,0.9663559198379517,1,malware,148
edu.synthetic.androzoo.malware.banker_accessibility.1428,malware,1,0.9994170665740967,1,malware,126
com.meteocontrol.vcommonitoring,benign,0,0.9997274279594421,1,malware,71
secret.hide.calculator,malware,1,0.003757187630981207,0,benign,110
com.apptegy.norputnam,benign,0,0.00043709768215194345,0,benign,148
se.blekingelanstidning.reader,benign,0,0.02013871818780899,0,benign,167
edu.synthetic.androzoo.malware.spyware_surveillance.1909,malware,1,0.9920082092285156,1,malware,79
org.nationalregistry.android.production,benign,0,0.00042829784797504544,0,benign,171
com.examin8.exam,benign,0,0.0009619546472094953,0,benign,138
edu.synthetic.androzoo.malware.dropper_loader.0503,malware,1,0.475157231092453,0,benign,146
edu.synthetic.androzoo.benign.utility_background.0038,benign,0,0.0032399953342974186,0,benign,119
com.axondevstudio.RobberyClashThiefPranksGame,benign,0,0.02109428495168686,0,benign,11
edu.synthetic.androzoo.malware.sms_otp_stealer.1939,malware,1,0.9991920590400696,1,malware,49
edu.synthetic.androzoo.malware.wallet_stealer.1250,malware,1,0.9088734984397888,1,malware,130
com.lily.times.tweenshusky.all,benign,0,0.023991484194993973,0,benign,18
com.meta.boom,malware,1,0.06826645135879517,0,benign,88
jp.jmty.app2,benign,0,0.008882715366780758,0,benign,180
edu.synthetic.androzoo.malware.adware_clicker.1704,malware,1,0.9981626868247986,1,malware,37
edu.synthetic.androzoo.malware.wallet_stealer.1210,malware,1,0.9222827553749084,1,malware,191
com.emri.upcitizenapp,benign,0,0.0013807832729071379,0,benign,10
taptap.twoaccounts.dual.space,malware,1,0.0006530857062898576,0,benign,145
com.restaumatic.sivas_kebab_production,benign,0,0.9992627501487732,1,malware,20
edu.synthetic.androzoo.malware.banker_accessibility.0943,malware,1,0.9970864653587341,1,malware,156
edu.synthetic.androzoo.malware.banker_accessibility.1146,malware,1,0.8669649362564087,1,malware,239
edu.synthetic.androzoo.malware.ransomware_locker.0037,malware,1,0.9982962012290955,1,malware,60
edu.synthetic.androzoo.malware.banker_accessibility.1048,malware,1,0.9876341819763184,1,malware,170
pyramid.solitaire.mermaid,benign,0,0.9997169375419617,1,malware,192
com.princeappstudio.ptu_cgpa_tracker,benign,0,0.01457987166941166,0,benign,23
com.tutotoons.app.fluvsies.free,benign,0,0.002159588038921356,0,benign,65
com.shortbox.drama,benign,0,0.12396921217441559,0,benign,283
com.wyt.iexuetang.hd.gs,malware,1,0.8623835444450378,1,malware,196
com.cofox.kahunas.JACKOSONLINE,benign,0,0.9888938069343567,1,malware,135
com.reliancegames.wwemayhem,benign,0,0.0009762131376191974,0,benign,76
ca.lapresse.android.lapressemobile,benign,0,0.0002803012903314084,0,benign,198
edu.synthetic.androzoo.malware.spyware_surveillance.0759,malware,1,0.9926593899726868,1,malware,159
com.subsplashconsulting.s_PKD7DK,benign,0,0.24430258572101593,0,benign,170
sisters.usa.shuttle.taxi.passenger,benign,0,0.0021133890841156244,0,benign,127
net.controlbox.Uboxl.CasilleroLatino,benign,0,0.003637541551142931,0,benign,16
com.subsplashconsulting.s_B9CSBN,benign,0,0.046077363193035126,0,benign,169
edu.synthetic.androzoo.malware.banker_accessibility.1010,malware,1,0.9783111214637756,1,malware,179
com.AJJ.Cyberpandemic_st2,malware,1,0.138077512383461,0,benign,66
edu.synthetic.androzoo.malware.banker_accessibility.0502,malware,1,0.994998574256897,1,malware,138
com.alexandrefreitas.flutterProfile,benign,0,0.00209300359711051,0,benign,10
com.img.barber.shop.hair.salon.game,benign,0,0.9948811531066895,1,malware,108
com.kumobius.android.wal,malware,1,0.2951977252960205,0,benign,16
edu.synthetic.androzoo.malware.ransomware_locker.0628,malware,1,0.997999370098114,1,malware,82
edu.synthetic.androzoo.malware.ransomware_locker.0853,malware,1,0.999000608921051,1,malware,29
com.wintertales.moonwalkersimulatorvr,malware,1,0.030563896521925926,0,benign,95
com.chamelio.alcatmist,benign,0,0.024449048563838005,0,benign,16
com.bedishop.app,benign,0,0.03106430172920227,0,benign,13
edu.synthetic.androzoo.malware.ransomware_locker.1357,malware,1,0.9965381622314453,1,malware,32
com.letsgetdigital.app3685x,benign,0,0.7327595353126526,1,malware,67
com.NekoniiiStudio.TapDuelPokerDeck,benign,0,0.643291711807251,1,malware,34
uk.co.olsonapps.fiveMinPilates,benign,0,0.1764863133430481,0,benign,141
edu.synthetic.androzoo.malware.ransomware_locker.0603,malware,1,0.9947803020477295,1,malware,92
com.wbr.worldofbattleship.ly,malware,1,0.0018856755923479795,0,benign,21
com.gangguwang.yewugo,malware,1,0.0009586063679307699,0,benign,34
edu.synthetic.androzoo.malware.banker_accessibility.1947,malware,1,0.9611586332321167,1,malware,174
com.communi.christuskirche,benign,0,0.9946271777153015,1,malware,79
com.fastdownload.allsocial.downloader.app,malware,1,0.0019341754959896207,0,benign,217
in.tradebulls.trading,benign,0,0.002021105494350195,0,benign,88
edu.synthetic.androzoo.malware.spyware_surveillance.1056,malware,1,0.6934483051300049,1,malware,149
com.kunpeng.babyting,malware,1,0.9984623193740845,1,malware,152
com.pdit.sausagelady,malware,1,0.7513934969902039,1,malware,10
com.easi.customer,benign,0,0.0030092515517026186,0,benign,83
com.talb.blowery,malware,1,0.18485470116138458,0,benign,29
edu.synthetic.androzoo.malware.banker_accessibility.1709,malware,1,0.9950752854347229,1,malware,170
edu.synthetic.androzoo.malware.ransomware_locker.0414,malware,1,0.8778485059738159,1,malware,122
com.cmstop.yangzhounews,malware,1,0.8786098957061768,1,malware,105
com.ironappsdev.offroadincl,benign,0,0.004405471961945295,0,benign,121
edu.synthetic.androzoo.malware.banker_accessibility.0498,malware,1,0.9848490953445435,1,malware,202
com.phrasebook.lt,benign,0,0.9937552213668823,1,malware,149
com.shuiyinbao.android,malware,1,0.00562638696283102,0,benign,64
com.ptolemay.calculatorio.miscellaneous.tip,benign,0,0.5535107254981995,1,malware,32
com.nampadesign.train,benign,0,0.02883872389793396,0,benign,14
com.paymentus.client.cncw,benign,0,0.0016995019977912307,0,benign,95
com.geektheory.socratechai,benign,0,0.20396769046783447,0,benign,73
com.solou.catendless.run.mg.ly,malware,1,0.09059246629476547,0,benign,72
edu.synthetic.androzoo.malware.banker_accessibility.0313,malware,1,0.991538941860199,1,malware,112
edu.synthetic.androzoo.malware.sms_otp_stealer.1286,malware,1,0.753708004951477,1,malware,96
edu.synthetic.androzoo.malware.adware_clicker.1252,malware,1,0.8452469706535339,1,malware,96
edu.synthetic.androzoo.malware.ransomware_locker.2039,malware,1,0.9894112944602966,1,malware,190
com.ebcard.cashbee.hce.jeonju,benign,0,0.03994416818022728,0,benign,118
edu.synthetic.androzoo.malware.ransomware_locker.0766,malware,1,0.9937471151351929,1,malware,185
com.adventure.streamwalkertribes,benign,0,0.0016768848290666938,0,benign,90
edu.synthetic.androzoo.malware.banker_accessibility.1235,malware,1,0.9665084481239319,1,malware,244
be.persgroep.red.mobile.android.daz,benign,0,0.002113442402333021,0,benign,109
com.everywear.game5,benign,0,0.004909764975309372,0,benign,79
edu.synthetic.androzoo.malware.dropper_loader.1584,malware,1,0.980928361415863,1,malware,195
edu.synthetic.androzoo.malware.overlay_pin_stealer.1485,malware,1,0.9982325434684753,1,malware,37
edu.synthetic.androzoo.malware.banker_accessibility.0930,malware,1,0.9844182729721069,1,malware,236
com.tahara.tahara_app,benign,0,0.0030173941049724817,0,benign,29
edu.synthetic.androzoo.malware.overlay_pin_stealer.2056,malware,1,0.9979124665260315,1,malware,188
edu.synthetic.androzoo.malware.overlay_pin_stealer.1893,malware,1,0.8759191036224365,1,malware,159
net.capitalfirst.fi,benign,0,0.0009037218405865133,0,benign,118
edu.synthetic.androzoo.malware.banker_accessibility.0074,malware,1,0.9821898937225342,1,malware,230
com.bananaapps.kidappgames.pets.cartoon.sounds.free,malware,1,0.45591798424720764,0,benign,77
vt.android.ilearn,benign,0,0.03682585433125496,0,benign,28
com.duxata.client_android,benign,0,0.02185134030878544,0,benign,89
edu.synthetic.androzoo.malware.banker_accessibility.1462,malware,1,0.990246057510376,1,malware,171
uug.game.paopao,malware,1,0.9925525188446045,1,malware,22
edu.synthetic.androzoo.malware.banker_accessibility.1895,malware,1,0.8945117592811584,1,malware,193
edu.synthetic.androzoo.malware.wallet_stealer.1789,malware,1,0.9989039897918701,1,malware,42
com.PAglosario,benign,0,0.9920633435249329,1,malware,29
com.inditex.pullandbear,benign,0,0.24240967631340027,0,benign,30
com.mobikasaba.carlaandroid,benign,0,0.0020184768363833427,0,benign,168
com.evansir.runicformulas,benign,0,0.0039440239779651165,0,benign,134
edu.synthetic.androzoo.malware.wallet_stealer.0027,malware,1,0.998857855796814,1,malware,163
edu.synthetic.androzoo.malware.overlay_pin_stealer.1272,malware,1,0.998396098613739,1,malware,77
conversor.conversaotaxasbasico.gbpsdg,benign,0,0.9764968752861023,1,malware,111
com.g2us.armedwarriors,malware,1,0.9573319554328918,1,malware,85
com.burningthumb.mobile.iDrone,benign,0,0.01450387854129076,0,benign,19
edu.synthetic.androzoo.malware.dropper_loader.0310,malware,1,0.010431084781885147,0,benign,175
com.hachette.hereaderepubv2,benign,0,0.9726743102073669,1,malware,57
vitalypanov.phototracker,benign,0,0.05530012771487236,0,benign,89
net.gleeph.hybridclient,benign,0,0.08095186203718185,0,benign,101
com.KurikulumMerdeka.BukuGuruMatematikaKelas7L,benign,0,0.7224612832069397,1,malware,126
com.rookieme.connect,benign,0,0.9983106851577759,1,malware,57
com.dolilive,benign,0,0.9664798378944397,1,malware,56
edu.synthetic.androzoo.malware.dropper_loader.0326,malware,1,0.9984248876571655,1,malware,156
com.yunzyo.mow,benign,0,0.036651935428380966,0,benign,23
archer.defender.bow,benign,0,0.9933804273605347,1,malware,13
edu.synthetic.androzoo.malware.spyware_surveillance.0386,malware,1,0.98821622133255,1,malware,126
edu.synthetic.androzoo.malware.sms_otp_stealer.0137,malware,1,0.9344290494918823,1,malware,66
edu.synthetic.androzoo.malware.sms_otp_stealer.1470,malware,1,0.92649245262146,1,malware,86
com.laixue.lxagent,malware,1,0.9981294274330139,1,malware,80
com.zivanafa.PirateWallpaperShip,benign,0,0.19236275553703308,0,benign,35
com.garhijp.docchigaooikana,benign,0,0.021121904253959656,0,benign,11
com.goods.master3d.triple.puzzle,benign,0,0.0023016207851469517,0,benign,147
edu.synthetic.androzoo.benign.webview_content.0220,benign,0,0.010534278117120266,0,benign,170
edu.synthetic.androzoo.malware.banker_accessibility.1444,malware,1,0.9990170001983643,1,malware,59
com.trainerize.gentrygym,benign,0,0.020719988271594048,0,benign,13
edu.synthetic.androzoo.malware.wallet_stealer.0953,malware,1,0.998704195022583,1,malware,35
edu.synthetic.androzoo.malware.overlay_pin_stealer.1531,malware,1,0.9969590902328491,1,malware,72
edu.synthetic.androzoo.malware.spyware_surveillance.1130,malware,1,0.9981718063354492,1,malware,186
com.earku.main,malware,1,0.0027874214574694633,0,benign,63
edu.synthetic.androzoo.malware.spyware_surveillance.1891,malware,1,0.9947998523712158,1,malware,149
edu.synthetic.androzoo.malware.dropper_loader.1784,malware,1,0.666314959526062,1,malware,192
edu.synthetic.androzoo.malware.wallet_stealer.0972,malware,1,0.9972233772277832,1,malware,80
edu.synthetic.androzoo.benign.media_game.0103,benign,0,0.0006367872119881213,0,benign,167
ridewithvia.sncfyriex,benign,0,0.011854572221636772,0,benign,20
appinventor.ai_bmindsapps.AmorReal,benign,0,0.9995388984680176,1,malware,22
edu.synthetic.androzoo.malware.dropper_loader.1587,malware,1,0.9644865393638611,1,malware,134
com.edurev.gst,benign,0,0.0021622292697429657,0,benign,132
edu.synthetic.androzoo.malware.ransomware_locker.1189,malware,1,0.9936530590057373,1,malware,131
com.famobi.neontower,benign,0,0.032557833939790726,0,benign,25
edu.synthetic.androzoo.malware.banker_accessibility.1944,malware,1,0.9984760880470276,1,malware,46
mtcperu.simulacromtc.examenmtc,benign,0,0.9957452416419983,1,malware,151
edu.synthetic.androzoo.malware.banker_accessibility.0981,malware,1,0.9873781800270081,1,malware,92
edu.synthetic.androzoo.malware.overlay_pin_stealer.0586,malware,1,0.9988652467727661,1,malware,43
com.milleniumfmelectrodj.radio,benign,0,0.1710377037525177,0,benign,11
edu.synthetic.androzoo.malware.dropper_loader.0250,malware,1,0.9893243908882141,1,malware,82
com.wyt.iexuetang.hd.xxwkt,malware,1,0.9982131719589233,1,malware,207
jp.dle.gyakuten,malware,1,0.004091952461749315,0,benign,13
app.nauticap.it,benign,0,0.0005910269101150334,0,benign,132
edu.synthetic.androzoo.malware.dropper_loader.1601,malware,1,0.9963549375534058,1,malware,174
com.apps.amit.lawofattraction,benign,0,0.008101125247776508,0,benign,61
com.bim.osus,benign,0,0.9432532787322998,1,malware,18
edu.synthetic.androzoo.malware.banker_accessibility.0104,malware,1,0.9973358511924744,1,malware,145
com.TarterStudio.MRIProtocolosdeResonancia,benign,0,0.021121904253959656,0,benign,11
silverlime.casesimulatorultimate,benign,0,0.0004171574837528169,0,benign,35
com.spond.spond,benign,0,0.002922087674960494,0,benign,108
edu.synthetic.androzoo.benign.utility_background.0051,benign,0,0.0014269589446485043,0,benign,50
jp.co.mplanning.grow,benign,0,0.02146047353744507,0,benign,49
turnariovf.giordanif,benign,0,0.03155000880360603,0,benign,87
edu.synthetic.androzoo.benign.media_game.0004,benign,0,0.0019242807757109404,0,benign,121
fr.geev.application,benign,0,0.0007580442470498383,0,benign,219
dk.fk.blivomdeler,benign,0,0.005299154203385115,0,benign,46
com.siyangxunfei.chenyang.sharetrack,benign,0,0.24909549951553345,0,benign,26
com.tytops.ocarinalite,benign,0,0.9962393045425415,1,malware,23
com.gamepie.airpolice,benign,0,0.009136375039815903,0,benign,141
edu.synthetic.androzoo.malware.overlay_pin_stealer.1846,malware,1,0.9994725584983826,1,malware,86
ch.ringier.beobachter,benign,0,0.03459331765770912,0,benign,97
edu.synthetic.androzoo.malware.sms_otp_stealer.1290,malware,1,0.9942213892936707,1,malware,142
edu.synthetic.androzoo.malware.wallet_stealer.0657,malware,1,0.9973633885383606,1,malware,50
edu.synthetic.androzoo.malware.ransomware_locker.1572,malware,1,0.9997109770774841,1,malware,168
edu.synthetic.androzoo.malware.overlay_pin_stealer.2040,malware,1,0.9830848574638367,1,malware,70
com.ghs.sortpuz.bottle.game,benign,0,0.01008968148380518,0,benign,15
air.com.tutotoons.app.sweetbabygirlchristmas2.free,benign,0,0.0016181198880076408,0,benign,91
com.cooking.world.chef.craze.restaurant.fever.free,benign,0,0.0019737498369067907,0,benign,204
edu.synthetic.androzoo.malware.sms_otp_stealer.0850,malware,1,0.9966428279876709,1,malware,51
com.pujiagames.daremoinai,malware,1,0.16004374623298645,0,benign,14
edu.synthetic.androzoo.malware.adware_clicker.1231,malware,1,0.9984496831893921,1,malware,48
com.jumpgames.rswrb,benign,0,0.0004567802825476974,0,benign,141
edu.synthetic.androzoo.malware.overlay_pin_stealer.1183,malware,1,0.9412220120429993,1,malware,137
com.OwnGames.OwnKingdom,malware,1,0.01275829877704382,0,benign,11
lingauto.gczx.shop4s.wsjb,malware,1,0.9867070317268372,1,malware,32
com.daveandava.player.subscription,benign,0,0.045961618423461914,0,benign,84
com.qumu.viewer,benign,0,0.10636632889509201,0,benign,93
edu.synthetic.androzoo.malware.banker_accessibility.1845,malware,1,0.9840881824493408,1,malware,179
com.signnow.android,benign,0,0.0012485089246183634,0,benign,13
edu.synthetic.androzoo.malware.adware_clicker.1069,malware,1,0.9561011791229248,1,malware,157
edu.synthetic.androzoo.malware.overlay_pin_stealer.0966,malware,1,0.9992542862892151,1,malware,111
edu.synthetic.androzoo.malware.ransomware_locker.1781,malware,1,0.9890182018280029,1,malware,179
be.persgroep.android.news.mobilema,benign,0,0.01033678837120533,0,benign,193
edu.synthetic.androzoo.malware.banker_accessibility.1534,malware,1,0.5064688324928284,1,malware,188
com.trainerize.builtforthis,benign,0,0.03170477971434593,0,benign,25
com.foodbooking.kebapnovelda,benign,0,0.00027336852508597076,0,benign,95
com.foxsports.android,benign,0,0.0012546249199658632,0,benign,274
com.sword.camera.editor,malware,1,0.8807089328765869,1,malware,58
com.astrology.psychics,benign,0,0.0010103860404342413,0,benign,184
edu.synthetic.androzoo.benign.utility_background.0057,benign,0,0.0005033684428781271,0,benign,158
edu.synthetic.androzoo.malware.ransomware_locker.1690,malware,1,0.9990146160125732,1,malware,101
com.quicktool.applock.lockapps.fingerprint.password,benign,0,0.0013034193543717265,0,benign,241
edu.synthetic.androzoo.malware.ransomware_locker.1651,malware,1,0.961583137512207,1,malware,164
edu.synthetic.androzoo.malware.ransomware_locker.1203,malware,1,0.9907951951026917,1,malware,119
kr.co.goodokmall,benign,0,0.0009326084400527179,0,benign,139
air.android.evolutionalpaca,malware,1,0.528661847114563,1,malware,10
edu.synthetic.androzoo.malware.ransomware_locker.0591,malware,1,0.9975469708442688,1,malware,101
edu.synthetic.androzoo.malware.ransomware_locker.0168,malware,1,0.6542543172836304,1,malware,72
eu.versine.sapporo,benign,0,0.006221564020961523,0,benign,21
com.tube.play.music.downloader.mp3.musica.sound.descargar.freeapp,benign,0,0.0005795307806693017,0,benign,252
edu.synthetic.androzoo.malware.overlay_pin_stealer.0690,malware,1,0.9990465044975281,1,malware,45
edu.synthetic.androzoo.malware.overlay_pin_stealer.1884,malware,1,0.9152044057846069,1,malware,158
com.telematicssdk.zenroad,benign,0,0.4170391857624054,0,benign,23
edu.synthetic.androzoo.benign.utility_background.0221,benign,0,0.012075081467628479,0,benign,61
ch.ceres24.app2,benign,0,0.9723029732704163,1,malware,143
my.com.cosway.team,benign,0,0.000725396501366049,0,benign,145
cat.bcn.llumbcn,benign,0,0.3971104621887207,0,benign,129
bpresent.studio,benign,0,0.9365596175193787,1,malware,121
jp.co.mixi.karasta,benign,0,0.28751763701438904,0,benign,111
app.unitime,benign,0,0.009389502927660942,0,benign,30
edu.synthetic.androzoo.malware.wallet_stealer.1898,malware,1,0.972182035446167,1,malware,96
edu.synthetic.androzoo.malware.overlay_pin_stealer.2009,malware,1,0.9990713596343994,1,malware,187
com.ds.mf.dhansampan,benign,0,0.0010961833177134395,0,benign,26
edu.synthetic.androzoo.malware.dropper_loader.2055,malware,1,0.996285080909729,1,malware,231
edu.synthetic.androzoo.benign.media_game.0209,benign,0,0.0033723015803843737,0,benign,135
com.riverapps.jewelsjunglepop,benign,0,0.026049578562378883,0,benign,105
vip.mytokenpocket,malware,1,0.2296040803194046,0,benign,205
edu.synthetic.androzoo.malware.wallet_stealer.0165,malware,1,0.9948029518127441,1,malware,160
com.insession.zero_phobia,benign,0,0.77079176902771,1,malware,52
com.smarthito.smartmixer,malware,1,0.22173641622066498,0,benign,69
edu.synthetic.androzoo.malware.overlay_pin_stealer.2005,malware,1,0.9752326607704163,1,malware,183
com.hf.findmaster,malware,1,0.01203152909874916,0,benign,52
edu.synthetic.androzoo.benign.media_game.0060,benign,0,0.011740637943148613,0,benign,47
edu.synthetic.androzoo.malware.banker_accessibility.2078,malware,1,0.9976582527160645,1,malware,67
edu.synthetic.androzoo.malware.dropper_loader.1738,malware,1,0.9971242547035217,1,malware,63
com.pheaa.mobile.aspire,benign,0,0.9409717917442322,1,malware,54
edu.synthetic.androzoo.malware.adware_clicker.0614,malware,1,0.9565742611885071,1,malware,31
edu.synthetic.androzoo.malware.banker_accessibility.1913,malware,1,0.8994465470314026,1,malware,150
edu.synthetic.androzoo.malware.overlay_pin_stealer.0354,malware,1,0.9986887574195862,1,malware,39
edu.synthetic.androzoo.malware.dropper_loader.0365,malware,1,0.9988691210746765,1,malware,31
edu.synthetic.androzoo.malware.spyware_surveillance.1181,malware,1,0.9994776844978333,1,malware,118
com.tt.customer.us,benign,0,0.3377726972103119,0,benign,125
edu.synthetic.androzoo.malware.dropper_loader.0883,malware,1,0.9615525007247925,1,malware,196
cn.zhui.client827935,malware,1,0.9976576566696167,1,malware,99
com.icbc.wapc,malware,1,0.04293427988886833,0,benign,53
be.standard.appsupporter,benign,0,0.06631103157997131,0,benign,79
cashcow.app,benign,0,0.019533080980181694,0,benign,15
com.nummagames.VikingWars,benign,0,0.2264697551727295,0,benign,17
com.swcloud.game,malware,1,0.9516671299934387,1,malware,79
edu.synthetic.androzoo.malware.banker_accessibility.1695,malware,1,0.9784873127937317,1,malware,173
lu.bgl.spm.wm,benign,0,0.001668498502112925,0,benign,156
com.CSswankychicboutique.android,benign,0,0.00743786059319973,0,benign,131
com.gamaxgamesidc.clashofcrimemafiagang,malware,1,0.00039171174285002053,0,benign,10
edu.synthetic.androzoo.malware.dropper_loader.1950,malware,1,0.9693307876586914,1,malware,78
com.wassel.dotlinemerchant,benign,0,0.04763305187225342,0,benign,37
com.hipu.yidian,malware,1,0.04697710648179054,0,benign,14
com.arclightCity.dexappstudio,benign,0,0.9991839528083801,1,malware,77
edu.synthetic.androzoo.malware.dropper_loader.0683,malware,1,0.9799955487251282,1,malware,206
edu.synthetic.androzoo.malware.banker_accessibility.0122,malware,1,0.990332305431366,1,malware,183
ie.flipdish.fd14633,benign,0,0.8096817135810852,1,malware,56
com.eka.Resist,benign,0,0.08942107111215591,0,benign,260
com.geovictoriasupervisor,benign,0,0.0332120917737484,0,benign,21
com.autobid.val,benign,0,0.03266947716474533,0,benign,26
edu.synthetic.androzoo.malware.spyware_surveillance.0297,malware,1,0.9981200098991394,1,malware,153
edu.synthetic.androzoo.malware.spyware_surveillance.1464,malware,1,0.9832094311714172,1,malware,182
com.ovuline.fertility,benign,0,0.02016300894320011,0,benign,131
com.subsplashconsulting.s_CRB6RK,benign,0,0.01670641079545021,0,benign,170
com.pushpress.crossfittrivium,benign,0,0.002602933906018734,0,benign,10
com.tgh.us.army.oil.tanker.truck.driving.games,benign,0,0.0029456764459609985,0,benign,27
com.EvolutionOfGames.EvolutionOfSpecies.ly,malware,1,0.005252554547041655,0,benign,20
edu.synthetic.androzoo.malware.ransomware_locker.0042,malware,1,0.9936403632164001,1,malware,125
edu.synthetic.androzoo.malware.ransomware_locker.0192,malware,1,0.9447764754295349,1,malware,191
com.threew.wordgame,benign,0,0.0006052092649042606,0,benign,145
com.suppapp,benign,0,0.04486503452062607,0,benign,102
com.avvaloffice.flutter_hbb,malware,1,0.0018893696833401918,0,benign,17
edu.synthetic.androzoo.malware.banker_accessibility.0129,malware,1,0.9993523955345154,1,malware,52
com.azazie.az,benign,0,0.9712083339691162,1,malware,106
edu.synthetic.androzoo.malware.overlay_pin_stealer.1076,malware,1,0.9984306693077087,1,malware,67
in.ether.vivabeautyparlour,benign,0,0.004935991484671831,0,benign,25
com.mini.mixed.color,malware,1,0.8843936324119568,1,malware,28
edu.synthetic.androzoo.malware.banker_accessibility.2011,malware,1,0.997917115688324,1,malware,130
com.Golden.Dinopaint,benign,0,0.9968581199645996,1,malware,25
kooto.car.sharing,benign,0,0.05569504201412201,0,benign,138
com.toreluna.app.service,benign,0,0.05364903062582016,0,benign,33
com.dictionary.englishtoswahilidic,malware,1,0.01219903863966465,0,benign,288
edu.synthetic.androzoo.malware.banker_accessibility.0369,malware,1,0.9981119632720947,1,malware,49
geo.gpsfence.mapster,benign,0,0.004973790608346462,0,benign,207
jp.co.sony.hes.home,benign,0,0.6946130394935608,1,malware,125
com.goder.busquerysystemptl,benign,0,0.0019213780760765076,0,benign,44
cn.com.vau,benign,0,0.00032721098978072405,0,benign,176
edu.synthetic.androzoo.benign.utility_background.0231,benign,0,0.003547561587765813,0,benign,41
com.ujigu.tcyuying,malware,1,0.9978085160255432,1,malware,83
edu.synthetic.androzoo.malware.adware_clicker.1063,malware,1,0.7578182220458984,1,malware,167
com.evolution.hyper,benign,0,0.0029653850942850113,0,benign,113
edu.synthetic.androzoo.malware.banker_accessibility.0344,malware,1,0.999403715133667,1,malware,46
edu.synthetic.androzoo.malware.sms_otp_stealer.0062,malware,1,0.9992517828941345,1,malware,72
com.yusi.chongchong,malware,1,0.004226719960570335,0,benign,16
edu.synthetic.androzoo.malware.dropper_loader.1427,malware,1,0.4976949095726013,0,benign,214
com.dreamapp.dubhe,benign,0,0.009227893315255642,0,benign,187
com.productmadness.fafafagold,benign,0,0.000703433935996145,0,benign,128
edu.synthetic.androzoo.malware.sms_otp_stealer.1311,malware,1,0.9985540509223938,1,malware,77
edu.synthetic.androzoo.malware.spyware_surveillance.0571,malware,1,0.9935184121131897,1,malware,114
com.ffsvideogames.eor3aab,benign,0,0.00015917287964839488,0,benign,16
com.ultralpower.roamwifi_international,malware,1,0.9997394680976868,1,malware,185
com.northtex.wl,benign,0,0.9977172613143921,1,malware,71
com.storytaco.p34client,benign,0,0.001096880529075861,0,benign,144
com.bigduckgames.sparkart.beautyfire,malware,1,0.9955891370773315,1,malware,34
com.bloblegame.io,malware,1,0.007582546211779118,0,benign,48
edu.synthetic.androzoo.malware.banker_accessibility.2042,malware,1,0.9984242916107178,1,malware,75
jp.co.gemdrops.lbca,malware,1,0.9961162805557251,1,malware,152
mobi.shoumeng.smtank,malware,1,0.05770540609955788,0,benign,32
com.CSthenestonmain.android,benign,0,0.0015877329278737307,0,benign,109
com.sniper_games.silent.scope.sniper.games,benign,0,0.000677643867675215,0,benign,10
jp.qvc,benign,0,0.00039471295895054936,0,benign,216
edu.synthetic.androzoo.malware.sms_otp_stealer.0912,malware,1,0.9989839196205139,1,malware,56
com.netotrade_bn.mobile,malware,1,0.0009160038316622376,0,benign,108
edu.synthetic.androzoo.malware.banker_accessibility.1899,malware,1,0.983025312423706,1,malware,142
io.github.trojan_gfw.igniterfst,malware,1,0.017735932022333145,0,benign,18
words.puzzle.wordgame.free.connect,benign,0,0.060927193611860275,0,benign,132
com.bitmango.go.unblockcasual,benign,0,0.0729648619890213,0,benign,133
com.smartforu,benign,0,0.10734431445598602,0,benign,19
com.yottagames.mafiawar,benign,0,0.09660480916500092,0,benign,33
tech.arcent,benign,0,0.22915323078632355,0,benign,91
com.rebelvox.voxer,benign,0,0.0008475810755044222,0,benign,226
com.Upperpik.HairChallenge,benign,0,0.002117408439517021,0,benign,110
com.plus.ai,malware,1,0.012549647130072117,0,benign,76
edu.synthetic.androzoo.malware.banker_accessibility.0413,malware,1,0.9972090125083923,1,malware,89
abacus.hsj,benign,0,0.004395943135023117,0,benign,115
edu.synthetic.androzoo.malware.spyware_surveillance.1326,malware,1,0.9847688674926758,1,malware,115
edu.synthetic.androzoo.malware.adware_clicker.0954,malware,1,0.8470197319984436,1,malware,118
ch.local.android,benign,0,0.001772410934790969,0,benign,129
com.trainerize.allisonjacksonfitness,benign,0,0.025063669309020042,0,benign,92
org.lestuck.mobile,benign,0,0.9798409938812256,1,malware,124
com.clear.joapp,benign,0,0.0009599407785572112,0,benign,162
com.DigitalOxygen.FireFly,benign,0,0.021121904253959656,0,benign,11
com.apptegy.frankfort168,benign,0,0.0023872049059718847,0,benign,136
com.projectx.thepenaltyworldcup,malware,1,0.010652521625161171,0,benign,177
net.nymtech.nymvpn,benign,0,0.16078442335128784,0,benign,15
com.tourradar.traveller.app,benign,0,0.00030079440330155194,0,benign,26
free_translator.mnzh,benign,0,0.9839369058609009,1,malware,118
com.geaxgame.pokerkingpro,benign,0,0.15317659080028534,0,benign,125
com.etips.lugano.travel.guide,benign,0,0.08796491473913193,0,benign,18
edu.synthetic.androzoo.malware.ransomware_locker.0373,malware,1,0.9989585876464844,1,malware,104
edu.synthetic.androzoo.benign.maps_cloud.0154,benign,0,0.007155037485063076,0,benign,115
br.com.pampa.liberdade,benign,0,0.0017794405575841665,0,benign,14
fr.koust.applicationkoust,benign,0,0.9986145496368408,1,malware,58
com.barringtontv.android.wach,benign,0,0.0005636412533931434,0,benign,276
edu.synthetic.androzoo.malware.ransomware_locker.0004,malware,1,0.9962366223335266,1,malware,131
com.cricketmood.android,benign,0,0.00975818745791912,0,benign,16
edu.synthetic.androzoo.malware.ransomware_locker.1377,malware,1,0.933368980884552,1,malware,108
com.airkast.tunekast1613_132,benign,0,0.060717955231666565,0,benign,248
edu.synthetic.androzoo.malware.overlay_pin_stealer.1956,malware,1,0.9928395748138428,1,malware,68
com.trainerize.fitlifeparenting,benign,0,0.020604807883501053,0,benign,79
video.gideo.westerncowboymovies,benign,0,0.009125472977757454,0,benign,102
edu.synthetic.androzoo.malware.sms_otp_stealer.2036,malware,1,0.9974746108055115,1,malware,73
com.pumptrip.pumptrip,benign,0,0.12402160465717316,0,benign,35
com.iyuba.englishfm,malware,1,0.004031099379062653,0,benign,14
edu.synthetic.androzoo.malware.dropper_loader.1737,malware,1,0.9888902902603149,1,malware,89
edu.synthetic.androzoo.malware.spyware_surveillance.0402,malware,1,0.995541512966156,1,malware,40
com.bekids.art,malware,1,0.1594933569431305,0,benign,37
edu.synthetic.androzoo.malware.spyware_surveillance.1555,malware,1,0.9985062479972839,1,malware,54
com.iyuba.TEDVideo,malware,1,0.9979828596115112,1,malware,84
com.tianqiyubao2345,malware,1,0.7574329972267151,1,malware,55
edu.synthetic.androzoo.benign.media_game.0237,benign,0,0.0068445103242993355,0,benign,148
edu.synthetic.androzoo.malware.overlay_pin_stealer.1415,malware,1,0.9127410650253296,1,malware,90
com.pregnancyapp.babyinside,benign,0,0.001229007844813168,0,benign,169
com.t2s.spicegarden792960,benign,0,0.004106398206204176,0,benign,198
edu.synthetic.androzoo.malware.overlay_pin_stealer.1780,malware,1,0.9987433552742004,1,malware,187
edu.synthetic.androzoo.malware.banker_accessibility.0700,malware,1,0.9983966946601868,1,malware,50
edu.synthetic.androzoo.malware.overlay_pin_stealer.1858,malware,1,0.9984838366508484,1,malware,78
edu.synthetic.androzoo.malware.banker_accessibility.1732,malware,1,0.9701298475265503,1,malware,152
edu.synthetic.androzoo.malware.banker_accessibility.1865,malware,1,0.9895727038383484,1,malware,169
edu.synthetic.androzoo.malware.overlay_pin_stealer.1878,malware,1,0.9988201260566711,1,malware,32
com.mirai.cat.prank.simulator.granny,benign,0,0.0011729956604540348,0,benign,82
com.tataera.lazylisten,malware,1,0.0006369362236000597,0,benign,10
edu.synthetic.androzoo.malware.ransomware_locker.0783,malware,1,0.9986003041267395,1,malware,137
com.my.xwenar1,malware,1,0.7734007835388184,1,malware,114
com.gameduell.tarot,benign,0,0.010456493124365807,0,benign,45
edu.synthetic.androzoo.malware.ransomware_locker.0385,malware,1,0.9994091987609863,1,malware,116
edu.synthetic.androzoo.malware.ransomware_locker.0720,malware,1,0.9808849096298218,1,malware,88
edu.synthetic.androzoo.benign.utility_background.0084,benign,0,0.0024984076153486967,0,benign,119
com.kk.xx.sleepnoise,malware,1,0.06374018639326096,0,benign,26
com.orbit.cooking.carnival.restro.game,benign,0,0.000415562855778262,0,benign,111
com.ubestkid.BeilehuTown.a,malware,1,0.923726499080658,1,malware,88
com.mondadori.scienceetvie,benign,0,0.027023056522011757,0,benign,32
com.fancystudiomods.mobmods,benign,0,0.0018843550933524966,0,benign,147
org.diario.diary_agenda.journal_tagebuch,benign,0,0.9313260912895203,1,malware,27
com.riu,benign,0,0.34500226378440857,0,benign,165
com.colorup.game,malware,1,0.00046052184188738465,0,benign,154
edu.synthetic.androzoo.malware.banker_accessibility.0456,malware,1,0.8109253644943237,1,malware,137
fr.oworld.student_timetable,benign,0,0.05740945041179657,0,benign,162
etg.extranet,benign,0,0.000390394328860566,0,benign,198
com.wave.lalkar,benign,0,0.1373068392276764,0,benign,108
com.cosmicmobile.lw.ocean2,benign,0,0.9882776141166687,1,malware,226
edu.synthetic.androzoo.malware.spyware_surveillance.0099,malware,1,0.9656460881233215,1,malware,102
edu.synthetic.androzoo.benign.webview_content.0186,benign,0,0.09984055161476135,0,benign,122
edu.synthetic.androzoo.malware.sms_otp_stealer.0762,malware,1,0.8839595317840576,1,malware,173
edu.synthetic.androzoo.malware.overlay_pin_stealer.0908,malware,1,0.9660876989364624,1,malware,98
com.apcurium.MK.Alberta,benign,0,0.21304349601268768,0,benign,53
se.sormlandsmedia.sn,benign,0,0.0026887920685112476,0,benign,130
edu.synthetic.androzoo.malware.dropper_loader.0600,malware,1,0.9323606491088867,1,malware,72
com.evertry.app,benign,0,0.00037528472603298724,0,benign,10
edu.synthetic.androzoo.malware.dropper_loader.0769,malware,1,0.6727361679077148,1,malware,201
edu.synthetic.androzoo.malware.ransomware_locker.0078,malware,1,0.9946852922439575,1,malware,172
com.infra.jkgb,benign,0,0.0006419842829927802,0,benign,14
com.divmob.impostor,benign,0,0.003719944739714265,0,benign,87
com.nt.pictionary,benign,0,0.12076342105865479,0,benign,20
edu.synthetic.androzoo.malware.spyware_surveillance.0029,malware,1,0.9956048727035522,1,malware,129
com.maxitime22.createmusic.frequencygenerator.portretversion,benign,0,0.043264973908662796,0,benign,27
applivingbypreceptsministriesorg.wpapp,benign,0,0.9441684484481812,1,malware,60
edu.synthetic.androzoo.malware.dropper_loader.1316,malware,1,0.9692746996879578,1,malware,171
com.happybirthdaysms.happybirthdaysms,malware,1,0.00355602172203362,0,benign,10
net.peakgames.toonblast,benign,0,0.8387762308120728,1,malware,114
com.pvprototype,benign,0,0.02641923353075981,0,benign,81
com.worldwidetranscriptss.client,benign,0,0.9915026426315308,1,malware,62
alldictdict.alldict.fizh,benign,0,0.7515208125114441,1,malware,102
edu.synthetic.androzoo.malware.banker_accessibility.0640,malware,1,0.999506950378418,1,malware,103
com.techvariable.networktravels,benign,0,0.002304719528183341,0,benign,156
edu.synthetic.androzoo.benign.maps_cloud.0130,benign,0,0.000994853675365448,0,benign,165
edu.synthetic.androzoo.malware.overlay_pin_stealer.0377,malware,1,0.9972080588340759,1,malware,87
edu.synthetic.androzoo.malware.dropper_loader.1463,malware,1,0.985249936580658,1,malware,221
saude.mrc.saude,benign,0,0.14461974799633026,0,benign,29
edu.synthetic.androzoo.malware.adware_clicker.1479,malware,1,0.9700563549995422,1,malware,134
com.mixgo.PropertySEO,benign,0,0.9664887189865112,1,malware,147
edu.synthetic.androzoo.malware.banker_accessibility.1711,malware,1,0.9976801872253418,1,malware,239
edu.synthetic.androzoo.malware.adware_clicker.0645,malware,1,0.9400845766067505,1,malware,125
edu.synthetic.androzoo.malware.banker_accessibility.0079,malware,1,0.9971304535865784,1,malware,165
co.davos.mathme,benign,0,0.009156893938779831,0,benign,93
br.com.controlezootecnico.lactalis,benign,0,0.018710974603891373,0,benign,18
com.flyersoft.seekbooks,malware,1,0.0018298764480277896,0,benign,38
edu.synthetic.androzoo.malware.banker_accessibility.1165,malware,1,0.9319480657577515,1,malware,141
com.proxxinative,benign,0,0.010142238810658455,0,benign,58
edu.synthetic.androzoo.malware.sms_otp_stealer.1661,malware,1,0.9902811050415039,1,malware,55
edu.synthetic.androzoo.malware.spyware_surveillance.1401,malware,1,0.7235638499259949,1,malware,140
cloud.blynk,benign,0,0.00267145037651062,0,benign,174
edu.synthetic.androzoo.malware.banker_accessibility.0077,malware,1,0.9234532713890076,1,malware,135
com.akdeveloper.staffregister,benign,0,0.8893802762031555,1,malware,96
com.orientapps.idlecitymafiaclicker,malware,1,0.005367624573409557,0,benign,55
volumebooster.sound.speaker,benign,0,0.0006973305717110634,0,benign,120
edu.synthetic.androzoo.malware.dropper_loader.1178,malware,1,0.9877492785453796,1,malware,106
com.malvo.frisbee,benign,0,0.0050732446834445,0,benign,96
bhakti.sagar.mahamrityunjaya.mantra,benign,0,0.01956765539944172,0,benign,63
edu.synthetic.androzoo.malware.banker_accessibility.1594,malware,1,0.9982907176017761,1,malware,233
com.beevle.xz.checkin_manage.second,malware,1,0.9817551374435425,1,malware,106
edu.synthetic.androzoo.malware.adware_clicker.1761,malware,1,0.9974038004875183,1,malware,105
net.hanulsoft.nenc,benign,0,0.004443993326276541,0,benign,75
edu.synthetic.androzoo.malware.overlay_pin_stealer.1563,malware,1,0.9981440305709839,1,malware,48
com.play.merge.restyle,benign,0,0.03035050258040428,0,benign,113
com.cyberlink.powerdirector.DRA140225_01,benign,0,0.7582982182502747,1,malware,149
edu.synthetic.androzoo.malware.spyware_surveillance.1282,malware,1,0.8018691539764404,1,malware,105
com.erkc,benign,0,0.010774987749755383,0,benign,84
net.slions.fulguris.full.playstore,benign,0,0.27609366178512573,0,benign,96
com.apps.clock.theclock,malware,1,0.9958662986755371,1,malware,158
com.alaeat.customer.android.cheflee,benign,0,0.4032866656780243,0,benign,23
edu.synthetic.androzoo.malware.adware_clicker.0590,malware,1,0.7006545662879944,1,malware,177
com.mes.TheColorMask,benign,0,0.005456235725432634,0,benign,213
edu.synthetic.androzoo.malware.overlay_pin_stealer.1184,malware,1,0.9997223019599915,1,malware,191
com.bonbongame.hairdresser.hair.style.salon.game,benign,0,0.0033037879038602114,0,benign,109
edu.synthetic.androzoo.malware.spyware_surveillance.1348,malware,1,0.9659317135810852,1,malware,154
com.playhome,malware,1,0.29302677512168884,0,benign,98
edu.synthetic.androzoo.malware.spyware_surveillance.0117,malware,1,0.9857403635978699,1,malware,99
com.huazhenginfo.HZDailyqd,malware,1,0.006221814081072807,0,benign,27
com.permadi.basketball,benign,0,0.02484537474811077,0,benign,17
edu.synthetic.androzoo.malware.spyware_surveillance.1620,malware,1,0.9942272901535034,1,malware,151
com.kindae.lephysicien,malware,1,0.03143298253417015,0,benign,22
com.smarttech.smartmirrorapp,benign,0,0.3597102165222168,0,benign,14
com.project43.isei,benign,0,0.07612571865320206,0,benign,91
com.shubhlaxmi.option.stoploss.target,malware,1,0.7204509377479553,1,malware,101
com.enjoygame.ttwyjp,malware,1,0.9875661134719849,1,malware,133
com.MPProductions.GalacticSparkMission,benign,0,0.05961769074201584,0,benign,15
com.ofotech.app.in,benign,0,0.4131790101528168,0,benign,90
com.newellmediallc.live.hippo,malware,1,0.015216299332678318,0,benign,105
edu.synthetic.androzoo.malware.banker_accessibility.0411,malware,1,0.9950079917907715,1,malware,172
com.dajia.view.ncgjsd,malware,1,0.9982895255088806,1,malware,93
edu.synthetic.androzoo.benign.webview_content.0234,benign,0,0.18464817106723785,0,benign,95
edu.synthetic.androzoo.malware.overlay_pin_stealer.0432,malware,1,0.9957507848739624,1,malware,96
com.esi.kbbio,benign,0,0.0023807361721992493,0,benign,133
com.langya.lyt,malware,1,0.647872269153595,1,malware,45
edu.synthetic.androzoo.malware.ransomware_locker.1386,malware,1,0.9985297918319702,1,malware,186
australia.news.au.newspapers.magazines,benign,0,0.0004369514645077288,0,benign,146
mobilesoftgame.grandwarssa,malware,1,0.49118414521217346,0,benign,28
se.expressen.areader,benign,0,0.10984192043542862,0,benign,77
edu.synthetic.androzoo.benign.commerce_social.0239,benign,0,0.0010466439416632056,0,benign,184
jp.co.skyperfectv.baseball.android,benign,0,0.6288707256317139,1,malware,171
edu.synthetic.androzoo.malware.wallet_stealer.0138,malware,1,0.865402340888977,1,malware,150
edu.synthetic.androzoo.malware.banker_accessibility.1557,malware,1,0.9210712909698486,1,malware,167
edu.synthetic.androzoo.malware.overlay_pin_stealer.1597,malware,1,0.9640100002288818,1,malware,144
com.ptminder.oryanfitness,benign,0,0.005109058693051338,0,benign,138
edu.synthetic.androzoo.malware.spyware_surveillance.0778,malware,1,0.9310452938079834,1,malware,187
com.mobincube.parabolas_de_jesus.sc_H7QXK9,malware,1,0.031652823090553284,0,benign,75
com.anatomyka.android,benign,0,0.0037300223484635353,0,benign,12
nz.co.solus.Kotui.Whakatane,benign,0,0.9964680671691895,1,malware,18
heart.rate.monitor.tracker,malware,1,0.02494991570711136,0,benign,65
edu.synthetic.androzoo.malware.ransomware_locker.0329,malware,1,0.987647533416748,1,malware,98
edu.synthetic.androzoo.malware.dropper_loader.1059,malware,1,0.04426480829715729,0,benign,94
edu.synthetic.androzoo.malware.sms_otp_stealer.0855,malware,1,0.9840834736824036,1,malware,126
edu.synthetic.androzoo.malware.adware_clicker.0568,malware,1,0.9982902407646179,1,malware,34
edu.synthetic.androzoo.malware.banker_accessibility.1042,malware,1,0.9977986216545105,1,malware,156
com.mrc.ess.app,benign,0,0.013009592890739441,0,benign,128
pickup.ride.uk.driver,benign,0,0.0009240747313015163,0,benign,144
com.giraffegames.realtennis,benign,0,0.0031055035069584846,0,benign,26
edu.synthetic.androzoo.malware.banker_accessibility.1972,malware,1,0.9824789762496948,1,malware,150
edu.synthetic.androzoo.malware.banker_accessibility.1747,malware,1,0.9820241928100586,1,malware,229
com.migastone.appthree.android62c4276994784,benign,0,0.31032055616378784,0,benign,30
com.pulsmo.StrayCatTowers,benign,0,0.031861450523138046,0,benign,14
com.prostoysoft.mancala,benign,0,0.9987273812294006,1,malware,28
edu.synthetic.androzoo.malware.overlay_pin_stealer.1567,malware,1,0.9996476173400879,1,malware,55
edu.synthetic.androzoo.malware.banker_accessibility.1105,malware,1,0.919292151927948,1,malware,108
com.imatrade.app,benign,0,0.00041189478361047804,0,benign,125
edu.synthetic.androzoo.malware.overlay_pin_stealer.0057,malware,1,0.9978464841842651,1,malware,48
com.beijzc.skits,malware,1,0.9989977478981018,1,malware,101
dev.wafu.classgrad,benign,0,0.0034620941150933504,0,benign,110
ru.yandex.key,benign,0,0.01107950322329998,0,benign,28
au.com.cheq,benign,0,0.0815998911857605,0,benign,83
com.sage.jiecai,malware,1,0.998333752155304,1,malware,127
edu.synthetic.androzoo.malware.banker_accessibility.1564,malware,1,0.9925359487533569,1,malware,191
com.moyun365.android.gkchemistrytong,malware,1,0.9372901320457458,1,malware,32
edu.synthetic.androzoo.malware.overlay_pin_stealer.1823,malware,1,0.9956437349319458,1,malware,47
com.rvappstudios.shapes.colors.toddler,benign,0,0.0713975727558136,0,benign,11
edu.synthetic.androzoo.malware.spyware_surveillance.0721,malware,1,0.45274558663368225,0,benign,160
com.getgarner.app,benign,0,0.5920836925506592,1,malware,116
edu.synthetic.androzoo.malware.overlay_pin_stealer.1794,malware,1,0.9991624355316162,1,malware,37
edu.synthetic.androzoo.malware.adware_clicker.0754,malware,1,0.9838391542434692,1,malware,175
ru.agweb.gr.driver,benign,0,0.005488251335918903,0,benign,89
com.apgaragedealer,benign,0,0.004409770015627146,0,benign,147
weightloss.weightlossforwomen.workoutforwomen.womenworkout,benign,0,0.0011921506375074387,0,benign,119
com.tinytouchtales.cardthief,benign,0,0.6221211552619934,1,malware,50
jp.co.cyberagent.miami,benign,0,0.008745355531573296,0,benign,31
com.numbers.pop.puzzlegames.block,benign,0,0.000836399442050606,0,benign,98
edu.synthetic.androzoo.malware.wallet_stealer.1312,malware,1,0.9771751761436462,1,malware,139
it.onecontrol.sicenext,benign,0,0.0012683214154094458,0,benign,130
edu.synthetic.androzoo.malware.banker_accessibility.0745,malware,1,0.9985288381576538,1,malware,68
com.subsplashconsulting.s_PV3GSX,benign,0,0.2351069301366806,0,benign,169
com.tocaboca.tocamini,malware,1,0.0020070967730134726,0,benign,17
edu.synthetic.androzoo.malware.overlay_pin_stealer.1265,malware,1,0.9895433187484741,1,malware,116
com.provigil.vgs,benign,0,0.9994094371795654,1,malware,57
com.trainerize.mikegrimmfitness,benign,0,0.009521730244159698,0,benign,13
edu.synthetic.androzoo.malware.spyware_surveillance.1832,malware,1,0.8228996992111206,1,malware,183
edu.synthetic.androzoo.malware.banker_accessibility.1420,malware,1,0.9989684820175171,1,malware,65
br.com.wiki4fit.marcusvinicius,benign,0,0.6818151473999023,1,malware,109
edu.synthetic.androzoo.malware.spyware_surveillance.2029,malware,1,0.9640288352966309,1,malware,140
ua.com.goodwine.app,benign,0,0.002294983947649598,0,benign,222
com.moodle.taheriacademy,benign,0,0.9133320450782776,1,malware,49
com.bravolang.portuguese,malware,1,0.009912027977406979,0,benign,76
com.fitivity.rehab_ankle,benign,0,0.06637217104434967,0,benign,237
kvp.jjy.smartSafePayment,benign,0,0.0003654656175058335,0,benign,128
org.toshi,benign,0,0.29988107085227966,0,benign,33
com.phonegap.bigben,benign,0,0.9992737174034119,1,malware,49
com.rytong.hnair,malware,1,0.025661977007985115,0,benign,94
com.sega.sprint,benign,0,0.003952344413846731,0,benign,54
edu.synthetic.androzoo.malware.sms_otp_stealer.1714,malware,1,0.9994408488273621,1,malware,48
com.women.fitness.body.inspire.herworkout,malware,1,0.35267311334609985,0,benign,114
aurorafirst.app.com,benign,0,0.2528049647808075,0,benign,49
vn.payoo,benign,0,0.0032880734652280807,0,benign,143
in.nirals.aiscbe,benign,0,0.03355614095926285,0,benign,47
com.at.death.ultimate.strike,malware,1,0.021600479260087013,0,benign,42
edu.synthetic.androzoo.malware.wallet_stealer.0979,malware,1,0.9714102149009705,1,malware,156
io.flic.app,benign,0,0.000938054290600121,0,benign,96
com.yayday.app,benign,0,0.9992257356643677,1,malware,43
edu.synthetic.androzoo.malware.ransomware_locker.1370,malware,1,0.9995880722999573,1,malware,110
com.xingluo.allcolor,malware,1,0.03491860628128052,0,benign,47
edu.synthetic.androzoo.malware.wallet_stealer.0050,malware,1,0.9956271648406982,1,malware,148
edu.synthetic.androzoo.malware.banker_accessibility.1513,malware,1,0.9995762705802917,1,malware,57
de.saas.timeclockv2,benign,0,0.987004816532135,1,malware,50
com.gamepple.demonshunter.pj,malware,1,0.9396079182624817,1,malware,19
edu.synthetic.androzoo.malware.spyware_surveillance.0604,malware,1,0.9857689738273621,1,malware,123
com.evrotrust.app,benign,0,0.0032609382178634405,0,benign,117
makeover.merge,benign,0,0.009753533639013767,0,benign,12
cili.niao.search.bt.ci.li,malware,1,0.016461217775940895,0,benign,105
com.bible.dailyprayer.verse.devotion.guide,benign,0,0.011702087707817554,0,benign,129
com.easternpromiseonline,benign,0,0.00040483757038600743,0,benign,186
edu.synthetic.androzoo.malware.overlay_pin_stealer.1962,malware,1,0.9991663694381714,1,malware,98
com.dongbao.ygzj,malware,1,0.09193916618824005,0,benign,120
nl.pinkelephant.pink.crm,benign,0,0.013006243854761124,0,benign,13
com.colanotes.android,malware,1,0.003001246601343155,0,benign,49
edu.synthetic.androzoo.malware.overlay_pin_stealer.1915,malware,1,0.9977654218673706,1,malware,41
com.softcraft.frenchbible,benign,0,0.9606462717056274,1,malware,217
com.beretta.shootingdata,benign,0,0.010445846244692802,0,benign,110
edu.synthetic.androzoo.malware.banker_accessibility.1506,malware,1,0.9871407747268677,1,malware,177
com.itita.chuanyi,malware,1,0.046965885907411575,0,benign,19
modmenupubg.toolhack.espmodbgmi.v,malware,1,0.047415610402822495,0,benign,31
com.takeoffbolts.screw.puzzle,benign,0,0.0013563332613557577,0,benign,128
com.medpresso.Lonestar.vetanes,benign,0,0.003045148216187954,0,benign,104
nl.halalspots.alafassyquranmp3,benign,0,0.9934127926826477,1,malware,106
com.phyla.phyla,benign,0,0.012789110653102398,0,benign,13
edu.synthetic.androzoo.malware.banker_accessibility.1126,malware,1,0.9805010557174683,1,malware,193
nl.coffeeit.workstead,benign,0,0.5364066362380981,1,malware,24
com.perfect.organizing.tidy.games,benign,0,0.004787811078131199,0,benign,167
com.BraDev.RedPanda102,benign,0,0.010215522721409798,0,benign,36
com.dada.songshu,malware,1,0.9983313679695129,1,malware,81
edu.synthetic.androzoo.malware.overlay_pin_stealer.1852,malware,1,0.9955881834030151,1,malware,117
edu.synthetic.androzoo.malware.banker_accessibility.1418,malware,1,0.9731825590133667,1,malware,195
com.abanca.bancamovil.particulares,benign,0,0.0029222837183624506,0,benign,167
com.luckystargame.funbigtwo,malware,1,0.9978410005569458,1,malware,97
io.calamari.kiosk,benign,0,0.7371470332145691,1,malware,122
net.infojobs.mobile.android,benign,0,0.0010950217256322503,0,benign,139
com.bo.fotoo,malware,1,0.0008461515535600483,0,benign,75
edu.synthetic.androzoo.malware.banker_accessibility.2046,malware,1,0.9982811212539673,1,malware,115
joybits.doodletankshd_free,benign,0,0.2912035286426544,0,benign,27
com.istsoft.dipteal1,benign,0,0.0010993938194587827,0,benign,15
com.threeminutegames.lifelinehalftoinfinitygoog.st,malware,1,0.04463423416018486,0,benign,119
edu.synthetic.androzoo.malware.spyware_surveillance.1537,malware,1,0.9976669549942017,1,malware,47
inc.ambit.client,benign,0,0.1857089251279831,0,benign,29
com.phorest.finandco,benign,0,0.0012722488027065992,0,benign,145
com.chillnstudy.enhu,benign,0,0.025827543810009956,0,benign,17
fmcode.Ccboxqml,benign,0,0.9712026119232178,1,malware,78
com.cysterhood,benign,0,0.6613478064537048,1,malware,40
com.euvic.fpowner,benign,0,0.995586633682251,1,malware,29
edu.synthetic.androzoo.malware.banker_accessibility.1240,malware,1,0.9412598013877869,1,malware,160
com.gf.highway.traffic.control.game.city.traffic,benign,0,0.003498768899589777,0,benign,98
com.easilydo.mail,benign,0,0.025406474247574806,0,benign,17
com.sizestream.sah,benign,0,0.014119830913841724,0,benign,33
com.memoriki.fullhousecasino,benign,0,0.004580929409712553,0,benign,93
edu.synthetic.androzoo.benign.maps_cloud.0072,benign,0,0.0030037660617381334,0,benign,54
sleep.app.relax.calm,benign,0,0.08736861497163773,0,benign,215
com.neusoft.app.beijingdaily.phone,malware,1,0.17714925110340118,0,benign,98
com.wifi.reader.lite,malware,1,0.04377993568778038,0,benign,11
com.StatusSaver.forWhatsapp,malware,1,0.7732976675033569,1,malware,167
com.ustcsoft.zshl.app,malware,1,0.9009414315223694,1,malware,42
edu.synthetic.androzoo.malware.spyware_surveillance.0882,malware,1,0.9070725440979004,1,malware,107
com.gomcorp.gomrecorder,benign,0,0.0010064835660159588,0,benign,29
com.noru.cursos,benign,0,0.001591752632521093,0,benign,11
edu.synthetic.androzoo.malware.ransomware_locker.0530,malware,1,0.9489322900772095,1,malware,150
edu.synthetic.androzoo.malware.dropper_loader.1796,malware,1,0.2956972122192383,0,benign,61
edu.synthetic.androzoo.malware.spyware_surveillance.0200,malware,1,0.997282862663269,1,malware,45
com.acurable.apsa,benign,0,0.04213160648941994,0,benign,27
edu.synthetic.androzoo.malware.overlay_pin_stealer.0592,malware,1,0.9994878768920898,1,malware,73
org.stocktwits.android.activity,benign,0,0.0010707358596846461,0,benign,220
ai.mybuddy.talkingflashcards_new,benign,0,0.0028955056332051754,0,benign,114
com.dar.dar,benign,0,0.0007937574409879744,0,benign,126
com.taprun.fruit.candy.candymonsterline,malware,1,0.7728438377380371,1,malware,156
edu.synthetic.androzoo.malware.spyware_surveillance.1877,malware,1,0.9910215735435486,1,malware,109
com.wholesale7.yxm,malware,1,0.9931445121765137,1,malware,199
com.storytoys.lego.duplo.disney.mickey.and.friends.googleplay,benign,0,0.0055896444246172905,0,benign,72
com.HardcoreGamesStudio.DoomZDay,benign,0,0.0034376594703644514,0,benign,124
com.smart.eraser.app,malware,1,0.011230901814997196,0,benign,267
alarmclock.alarm.simplealarm.clock.alarmapp,benign,0,0.9996532201766968,1,malware,224
com.wyj.snake,malware,1,0.9948195815086365,1,malware,44
edu.synthetic.androzoo.malware.spyware_surveillance.1723,malware,1,0.9854391813278198,1,malware,57
com.app.kitaabattawheed,malware,1,0.0003685602860059589,0,benign,16
com.g5e.jewelsofmahjong.android,benign,0,0.0007842510822229087,0,benign,10
no.mellora.hseq.bms,malware,1,0.5385156869888306,1,malware,31
edu.synthetic.androzoo.malware.sms_otp_stealer.0060,malware,1,0.9734572172164917,1,malware,131
com.sportq.fit,malware,1,0.9972527623176575,1,malware,38
edu.synthetic.androzoo.malware.dropper_loader.0982,malware,1,0.9723755717277527,1,malware,99
edu.synthetic.androzoo.malware.sms_otp_stealer.0186,malware,1,0.9874776601791382,1,malware,104
edu.synthetic.androzoo.malware.dropper_loader.0704,malware,1,0.9751793742179871,1,malware,116
edu.synthetic.androzoo.benign.utility_background.0211,benign,0,0.05092364922165871,0,benign,84
com.gmfr.yakuza.mad.crime.city.simulator,malware,1,0.9939355254173279,1,malware,23
vmd.windowphotoeditor,benign,0,0.00069889408769086,0,benign,145
edu.synthetic.androzoo.malware.ransomware_locker.0190,malware,1,0.9909472465515137,1,malware,67
com.subsplashconsulting.s_W98M7N,benign,0,0.005023072939366102,0,benign,202
io.jagat.lite,benign,0,0.001312623149715364,0,benign,29
edu.synthetic.androzoo.benign.commerce_social.0196,benign,0,0.015459821559488773,0,benign,117
com.paperdoll.diary.dressup.game,benign,0,0.05084064602851868,0,benign,153
com.virtualmaze.offlinemapnavigationtracker,benign,0,0.0014752994757145643,0,benign,127
edu.synthetic.androzoo.malware.banker_accessibility.0494,malware,1,0.5072482228279114,1,malware,222
edu.synthetic.androzoo.malware.dropper_loader.0985,malware,1,0.8581936955451965,1,malware,135
edu.synthetic.androzoo.malware.banker_accessibility.0021,malware,1,0.9903653264045715,1,malware,147
com.planeth.rhythm,benign,0,0.03441566601395607,0,benign,22
edu.synthetic.androzoo.malware.overlay_pin_stealer.0231,malware,1,0.99733966588974,1,malware,59
edu.synthetic.androzoo.malware.spyware_surveillance.0939,malware,1,0.9973646998405457,1,malware,57
kr.ninth.sol2,benign,0,0.0057397629134356976,0,benign,46
edu.synthetic.androzoo.benign.webview_content.0127,benign,0,0.03741653263568878,0,benign,114
com.ulster.clearspend,benign,0,0.0011301016202196479,0,benign,136
edu.synthetic.androzoo.malware.banker_accessibility.1040,malware,1,0.9992043375968933,1,malware,50
com.OMCDev.Mockup3D,benign,0,0.031861450523138046,0,benign,14
edu.synthetic.androzoo.malware.wallet_stealer.0609,malware,1,0.9993948936462402,1,malware,92
edu.synthetic.androzoo.malware.spyware_surveillance.1786,malware,1,0.9679114818572998,1,malware,149
edu.synthetic.androzoo.malware.ransomware_locker.1729,malware,1,0.9943017959594727,1,malware,100
edu.synthetic.androzoo.malware.overlay_pin_stealer.0510,malware,1,0.9987370371818542,1,malware,40
edu.synthetic.androzoo.malware.wallet_stealer.0580,malware,1,0.9984001517295837,1,malware,88
edu.synthetic.androzoo.malware.spyware_surveillance.0408,malware,1,0.9413714408874512,1,malware,135
app.dls.go,benign,0,0.0028503797948360443,0,benign,10
com.stromsholmen.hysonsafetyapp,benign,0,0.05825752392411232,0,benign,20
com.subsplashconsulting.s_WWWDTZ,benign,0,0.05984559655189514,0,benign,167
com.thinkive.android.hbtyb,malware,1,0.9893108606338501,1,malware,108
edu.synthetic.androzoo.malware.sms_otp_stealer.1691,malware,1,0.9969657063484192,1,malware,114
edu.synthetic.androzoo.benign.webview_content.0225,benign,0,0.0069822887890040874,0,benign,42
edu.synthetic.androzoo.malware.dropper_loader.0342,malware,1,0.2731805443763733,0,benign,154
edu.synthetic.androzoo.benign.webview_content.0153,benign,0,0.02754448726773262,0,benign,50
edu.synthetic.androzoo.malware.overlay_pin_stealer.0372,malware,1,0.9633185863494873,1,malware,160
edu.synthetic.androzoo.malware.overlay_pin_stealer.1579,malware,1,0.9992677569389343,1,malware,37
tv.sensical.android,benign,0,0.0013115336187183857,0,benign,109
com.inputmethod.bambara.bamana.bamanankan.keyboard.bambarakeyboard.infra,benign,0,0.7356991767883301,1,malware,156
edu.synthetic.androzoo.malware.banker_accessibility.0046,malware,1,0.8926845788955688,1,malware,151
edu.synthetic.androzoo.malware.banker_accessibility.1087,malware,1,0.9993377327919006,1,malware,147
com.jmfleet.android,benign,0,0.0007564767729490995,0,benign,143
cn.com.sf.fiberstore,malware,1,0.34194642305374146,0,benign,166
com.yimishiji.app,malware,1,0.0005782126681879163,0,benign,34
edu.synthetic.androzoo.malware.overlay_pin_stealer.1429,malware,1,0.9982548356056213,1,malware,71
edu.synthetic.androzoo.malware.sms_otp_stealer.1005,malware,1,0.9788340926170349,1,malware,146
edu.synthetic.androzoo.malware.banker_accessibility.1655,malware,1,0.9965512752532959,1,malware,133
edu.synthetic.androzoo.malware.banker_accessibility.1230,malware,1,0.986754834651947,1,malware,129
com.lishi.shengyu,malware,1,0.0008511096239089966,0,benign,17
edu.synthetic.androzoo.malware.overlay_pin_stealer.0076,malware,1,0.998654842376709,1,malware,79
com.laraun.plantapp,benign,0,0.9569333791732788,1,malware,22
com.nosuke.yomoo,benign,0,0.9380195140838623,1,malware,24
com.sgrum.app,benign,0,0.006722823716700077,0,benign,106
br.com.sistemaprover.pibvidacrista,benign,0,0.9975433349609375,1,malware,95
free.Gps_Maps,benign,0,0.008788769133388996,0,benign,84
edu.synthetic.androzoo.malware.dropper_loader.0913,malware,1,0.9935959577560425,1,malware,178
edu.synthetic.androzoo.malware.spyware_surveillance.1232,malware,1,0.9880059361457825,1,malware,73
com.restikpos,benign,0,0.7360062003135681,1,malware,22
com.padu.paduapp,benign,0,0.0004306031041778624,0,benign,156
com.xihang.konwrhythm,malware,1,0.7511659264564514,1,malware,88
com.easy_wallpapers.plants,benign,0,0.8482359051704407,1,malware,149
edu.synthetic.androzoo.malware.ransomware_locker.0018,malware,1,0.949788510799408,1,malware,96
edu.synthetic.androzoo.malware.sms_otp_stealer.2071,malware,1,0.9970303773880005,1,malware,36
jp.roundflat.takudrill_pt_app,benign,0,0.07877029478549957,0,benign,62
com.okcupid.okcupid,benign,0,0.9998127818107605,1,malware,61
com.ninefolders.hd3,benign,0,0.0009831491624936461,0,benign,126
com.LunarPixelGames.beatdrift,malware,1,0.9977092742919922,1,malware,167
com.coopresapps.free.antivirus,malware,1,0.9947975873947144,1,malware,141
edu.synthetic.androzoo.malware.overlay_pin_stealer.1550,malware,1,0.9985974431037903,1,malware,58
com.funlabs.ironRangerMarvelPacificman2,benign,0,0.006296438165009022,0,benign,12
ch.berag.android.integral,malware,1,0.03690342232584953,0,benign,10
com.magicapps.htmlviewer,benign,0,0.9971446394920349,1,malware,216
com.kp,benign,0,0.22087059915065765,0,benign,135
com.asobimo.avars,benign,0,0.0018359280657023191,0,benign,124
com.tsm.altmissoula,benign,0,0.9623991847038269,1,malware,62
com.onvirtualgym.ffitness,benign,0,0.0005279532633721828,0,benign,24
com.ipeaksoft.pitDadGame.qianxun.gp1,malware,1,0.9955068826675415,1,malware,62
edu.synthetic.androzoo.malware.adware_clicker.0593,malware,1,0.9043897390365601,1,malware,115
com.permobil.sae.dockme,benign,0,0.0006068488000892103,0,benign,98
edu.synthetic.androzoo.malware.dropper_loader.0013,malware,1,0.9995241165161133,1,malware,75
com.hulldailymail,benign,0,0.555964469909668,1,malware,18
edu.synthetic.androzoo.malware.spyware_surveillance.0254,malware,1,0.9987654685974121,1,malware,143
com.ordogames.anomalydayzero,benign,0,0.009271516464650631,0,benign,87
edu.synthetic.androzoo.benign.utility_background.0043,benign,0,0.015237892977893353,0,benign,138
edu.synthetic.androzoo.malware.overlay_pin_stealer.1449,malware,1,0.9976435303688049,1,malware,47
edu.synthetic.androzoo.malware.overlay_pin_stealer.1841,malware,1,0.9986934065818787,1,malware,65
com.fellafeeds.app,benign,0,0.0170456450432539,0,benign,111
xw.givee.re4,malware,1,0.08827276527881622,0,benign,20
edu.synthetic.androzoo.malware.spyware_surveillance.1987,malware,1,0.9987691044807434,1,malware,176
edu.synthetic.androzoo.benign.media_game.0032,benign,0,0.0037442410830408335,0,benign,127
net.laureate.gd.waldenuniversity,benign,0,0.0008247681544162333,0,benign,167
com.ujigu.ytb,malware,1,0.9978085160255432,1,malware,83
edu.synthetic.androzoo.malware.banker_accessibility.0549,malware,1,0.9980868101119995,1,malware,192
edu.synthetic.androzoo.malware.overlay_pin_stealer.1402,malware,1,0.9994945526123047,1,malware,65
edu.synthetic.androzoo.malware.overlay_pin_stealer.1642,malware,1,0.7246696949005127,1,malware,106
edu.synthetic.androzoo.malware.spyware_surveillance.1726,malware,1,0.970195472240448,1,malware,90
com.frp.garbage.truck.simulator,benign,0,0.002247775439172983,0,benign,85
com.plant.identifier.plantcare.app,benign,0,0.7418800592422485,1,malware,353
edu.synthetic.androzoo.malware.overlay_pin_stealer.1445,malware,1,0.9920644164085388,1,malware,132
com.mgsstudio.totemofherope,malware,1,0.9596377611160278,1,malware,160
com.subsplashconsulting.s_NCJPB7,benign,0,0.014126145280897617,0,benign,185
edu.synthetic.androzoo.malware.banker_accessibility.0155,malware,1,0.9519280791282654,1,malware,188
edu.synthetic.androzoo.malware.dropper_loader.0821,malware,1,0.025183595716953278,0,benign,68
edu.synthetic.androzoo.malware.banker_accessibility.0937,malware,1,0.9986703395843506,1,malware,118
org.kalvari.ignite,malware,1,0.0004441938071977347,0,benign,12
edu.synthetic.androzoo.malware.adware_clicker.1692,malware,1,0.9975897073745728,1,malware,108
themestack.lg.k50.k50s.lgk50s.lgk50swalls.lgwalls.launcher.theme,benign,0,0.00590098462998867,0,benign,31
com.oi.handtevy,benign,0,0.002415603958070278,0,benign,121
stoameditation.stoa,benign,0,0.2791498005390167,0,benign,38
edu.synthetic.androzoo.malware.banker_accessibility.1476,malware,1,0.993523359298706,1,malware,230
edu.synthetic.androzoo.malware.ransomware_locker.0327,malware,1,0.9864768981933594,1,malware,92
edu.synthetic.androzoo.malware.adware_clicker.1705,malware,1,0.9683722853660583,1,malware,86
edu.synthetic.androzoo.malware.sms_otp_stealer.1039,malware,1,0.998377799987793,1,malware,31
com.hs.leadi,benign,0,0.4048272967338562,0,benign,23
com.mscz.yyn,malware,1,0.8065595626831055,1,malware,188
edu.synthetic.androzoo.malware.banker_accessibility.1977,malware,1,0.9990611672401428,1,malware,47
com.gamebook.baqijianghu,malware,1,0.9938194155693054,1,malware,67
edu.synthetic.androzoo.malware.wallet_stealer.1800,malware,1,0.9994811415672302,1,malware,73
com.distiller.distiller,benign,0,0.02587946318089962,0,benign,40
com.simtrons.dance,malware,1,0.001304611680097878,0,benign,43
edu.synthetic.androzoo.malware.dropper_loader.0262,malware,1,0.998356282711029,1,malware,175
edu.synthetic.androzoo.malware.ransomware_locker.1580,malware,1,0.9099845290184021,1,malware,193
com.cellit.cellitnews.wset,benign,0,0.0010170155437663198,0,benign,187
com.alhuda.learnquran,benign,0,0.8419128060340881,1,malware,40
com.aifa.lawyer.client,malware,1,0.6508879661560059,1,malware,308
edu.synthetic.androzoo.malware.spyware_surveillance.1606,malware,1,0.9989425539970398,1,malware,126
com.pmdsoft.android,benign,0,0.7546699047088623,1,malware,141
com.highland.smarthome,benign,0,0.0006072642281651497,0,benign,124
edu.synthetic.androzoo.malware.dropper_loader.0942,malware,1,0.9989234805107117,1,malware,161
com.craftgames.plntcrft,benign,0,0.013824199326336384,0,benign,117
com.placetoplug.elecchargepoints,benign,0,0.18706296384334564,0,benign,10
edu.synthetic.androzoo.malware.overlay_pin_stealer.0420,malware,1,0.99910968542099,1,malware,57
edu.synthetic.androzoo.malware.spyware_surveillance.1750,malware,1,0.9925596714019775,1,malware,170
edu.synthetic.androzoo.malware.wallet_stealer.0485,malware,1,0.9996744394302368,1,malware,168
edu.synthetic.androzoo.malware.spyware_surveillance.1622,malware,1,0.9893351197242737,1,malware,111
com.fungames.flightpilot,benign,0,0.007092243991792202,0,benign,111
com.g5e.ghoststories.android,malware,1,0.00042130955262109637,0,benign,39
edu.synthetic.androzoo.malware.dropper_loader.0675,malware,1,0.9886228442192078,1,malware,50
ru.simple.wine,benign,0,0.0002510646590963006,0,benign,10
com.t20000.lvji,malware,1,0.9892877340316772,1,malware,100
com.kktcell.onlineservices2,benign,0,0.015476038679480553,0,benign,13
edu.synthetic.androzoo.malware.spyware_surveillance.0022,malware,1,0.9968194961547852,1,malware,60
edu.synthetic.androzoo.malware.wallet_stealer.0095,malware,1,0.9953165054321289,1,malware,85
edu.synthetic.androzoo.malware.overlay_pin_stealer.1487,malware,1,0.9941873550415039,1,malware,167
com.godplace.gpen,benign,0,0.0026370773557573557,0,benign,283
com.prepaid.inncableguy,benign,0,0.9898438453674316,1,malware,120
com.urdu.quran.kanzul.iman,benign,0,0.004583898466080427,0,benign,116
com.playcurio.safariar,benign,0,0.39296475052833557,0,benign,14
com.podddddd.planesedition1111,malware,1,0.10751647502183914,0,benign,87
com.wildlife.games.battle.royale.free.zooba,benign,0,0.002133068395778537,0,benign,125
webviewgold.frenchiefaq,benign,0,0.001241724006831646,0,benign,124
edu.synthetic.androzoo.benign.commerce_social.0064,benign,0,0.0015215649036690593,0,benign,116
edu.synthetic.androzoo.malware.dropper_loader.1782,malware,1,0.9971109628677368,1,malware,117
edu.synthetic.androzoo.malware.banker_accessibility.1560,malware,1,0.9975137710571289,1,malware,59
app.mylekha.client.mobile_dashboard,benign,0,0.0046035414561629295,0,benign,111
com.degoo.android.hsclinic,malware,1,0.9925240874290466,1,malware,211
edu.synthetic.androzoo.malware.wallet_stealer.0842,malware,1,0.991771399974823,1,malware,193
edu.synthetic.androzoo.malware.ransomware_locker.1408,malware,1,0.997725784778595,1,malware,59
com.fcbh.bibleradio.assamese.asm,benign,0,0.015278171747922897,0,benign,98
edu.synthetic.androzoo.malware.dropper_loader.1664,malware,1,0.005454450845718384,0,benign,195
it.bigstudio.bigstudio3,malware,1,0.9587037563323975,1,malware,55
biblia.reina.valera.virtual,malware,1,0.7730833292007446,1,malware,81
edu.synthetic.androzoo.malware.sms_otp_stealer.1261,malware,1,0.9966098666191101,1,malware,107
edu.synthetic.androzoo.malware.spyware_surveillance.2016,malware,1,0.997021496295929,1,malware,43
com.mojobybobo.komunitikita,benign,0,0.9997534155845642,1,malware,18
edu.synthetic.androzoo.malware.sms_otp_stealer.1483,malware,1,0.9955220222473145,1,malware,62
edu.synthetic.androzoo.benign.maps_cloud.0070,benign,0,0.0015476967673748732,0,benign,61
bloodpressure.bloodpressureapp.bloodpressuretracker,benign,0,0.023487016558647156,0,benign,107
com.bullb.austin,benign,0,0.00047507090494036674,0,benign,153
edu.synthetic.androzoo.malware.wallet_stealer.0182,malware,1,0.9982041120529175,1,malware,69
com.withkim,benign,0,0.8318649530410767,1,malware,115
com.kahunas.io.DifferentBreedCoaching,benign,0,0.025235861539840698,0,benign,33
edu.synthetic.androzoo.malware.overlay_pin_stealer.0376,malware,1,0.9981420040130615,1,malware,39
edu.synthetic.androzoo.malware.banker_accessibility.1131,malware,1,0.9873358607292175,1,malware,143
edu.synthetic.androzoo.malware.overlay_pin_stealer.0221,malware,1,0.8726015090942383,1,malware,156
com.yumicorebody.mobile,benign,0,0.9350597262382507,1,malware,17
edu.synthetic.androzoo.malware.dropper_loader.1937,malware,1,0.006506947800517082,0,benign,207
com.smartworld.photoframe,benign,0,0.0074013047851622105,0,benign,232
com.cnr.hkradio,malware,1,0.9963770508766174,1,malware,115
edu.synthetic.androzoo.malware.dropper_loader.1636,malware,1,0.31672465801239014,0,benign,239
com.chippercash,benign,0,0.116389699280262,0,benign,80
edu.synthetic.androzoo.malware.banker_accessibility.0656,malware,1,0.9753515124320984,1,malware,174
com.hititcs.silkavia,benign,0,0.9817850589752197,1,malware,20
edu.synthetic.androzoo.malware.wallet_stealer.1979,malware,1,0.9679036736488342,1,malware,109
com.windyty.android,benign,0,0.0014608455821871758,0,benign,153
com.nahdi.main,benign,0,0.08462516963481903,0,benign,35
edu.synthetic.androzoo.malware.banker_accessibility.0520,malware,1,0.9961516261100769,1,malware,138
edu.synthetic.androzoo.malware.ransomware_locker.0387,malware,1,0.8599652647972107,1,malware,95
com.wyzetalk.woolies,benign,0,0.0073178550228476524,0,benign,67
com.subsplash.thechurchapp.truehopechurch,benign,0,0.779851496219635,1,malware,167
edu.synthetic.androzoo.malware.dropper_loader.0156,malware,1,0.9886314272880554,1,malware,101
com.sibisoft.granitec,benign,0,0.0038808099925518036,0,benign,122
com.aisense.otter,benign,0,0.3704666197299957,0,benign,179
com.ipv.memberapp,benign,0,0.43567103147506714,0,benign,20
edu.synthetic.androzoo.malware.overlay_pin_stealer.0398,malware,1,0.873031497001648,1,malware,152
com.minimotors.escooter,benign,0,0.0045490991324186325,0,benign,136
com.phorest.harperandstrand,benign,0,0.0011364471865817904,0,benign,121
jp.foresta.dojo.math.pro,benign,0,0.0007200086838565767,0,benign,146
edu.synthetic.androzoo.malware.banker_accessibility.0119,malware,1,0.9342663884162903,1,malware,183
edu.synthetic.androzoo.malware.banker_accessibility.1454,malware,1,0.9991329312324524,1,malware,63
edu.synthetic.androzoo.malware.spyware_surveillance.1026,malware,1,0.9915791749954224,1,malware,61
edu.synthetic.androzoo.malware.banker_accessibility.1733,malware,1,0.9983420372009277,1,malware,56
us.game.a5,malware,1,0.9995566010475159,1,malware,14
hotsiberians.idle.anomalies.research.station.building.tycoon.simulator,benign,0,0.17313849925994873,0,benign,92
edu.synthetic.androzoo.malware.spyware_surveillance.0543,malware,1,0.997409999370575,1,malware,93
com.kys,malware,1,0.5655428767204285,1,malware,54
edu.synthetic.androzoo.malware.wallet_stealer.0113,malware,1,0.9990500807762146,1,malware,52
com.subsplash.thechurchapp.s_S56XSG,benign,0,0.03267330676317215,0,benign,195
edu.synthetic.androzoo.malware.sms_otp_stealer.1276,malware,1,0.9945631623268127,1,malware,51
com.ca.ppm.mobile.v1,benign,0,0.984455943107605,1,malware,43
weather.forecast.storm.radar,malware,1,0.08847525715827942,0,benign,51
pro.rimipkjs.glkrkr.pj,malware,1,0.04702749103307724,0,benign,27
com.llj.apple,malware,1,0.9996325969696045,1,malware,113
edu.synthetic.androzoo.malware.banker_accessibility.1824,malware,1,0.9982940554618835,1,malware,61
com.zinio.mobile.android.reader,benign,0,0.08138782531023026,0,benign,78
com.gwhizmobile.mghpretestneurology,benign,0,0.012374771758913994,0,benign,166
edu.synthetic.androzoo.malware.banker_accessibility.2065,malware,1,0.9990142583847046,1,malware,137
edu.synthetic.androzoo.malware.wallet_stealer.1228,malware,1,0.41611427068710327,0,benign,149
edu.synthetic.androzoo.malware.banker_accessibility.1033,malware,1,0.9951751232147217,1,malware,116
com.zoho.daybook,benign,0,0.009415613487362862,0,benign,55
edu.synthetic.androzoo.malware.spyware_surveillance.2022,malware,1,0.9958025813102722,1,malware,173
jp.co.comic.mangaone,benign,0,0.027357278391718864,0,benign,150
juno.id,benign,0,0.00042860826943069696,0,benign,174
edu.synthetic.androzoo.malware.dropper_loader.0299,malware,1,0.9759653806686401,1,malware,179
net.everdo.everdo,benign,0,0.0018933149985969067,0,benign,60
com.singlife.mobile,benign,0,0.07869714498519897,0,benign,195
com.aMo.gdlFax,malware,1,0.9995771050453186,1,malware,87
edu.synthetic.androzoo.malware.wallet_stealer.0572,malware,1,0.9556322693824768,1,malware,189
edu.synthetic.androzoo.malware.sms_otp_stealer.0638,malware,1,0.9956502318382263,1,malware,73
edu.synthetic.androzoo.malware.ransomware_locker.0655,malware,1,0.9993429780006409,1,malware,89
edu.synthetic.androzoo.malware.wallet_stealer.0227,malware,1,0.958227813243866,1,malware,164
edu.synthetic.androzoo.benign.webview_content.0099,benign,0,0.7966787219047546,1,malware,73
com.web.sytacle,malware,1,0.6013718843460083,1,malware,30
edu.synthetic.androzoo.malware.wallet_stealer.1466,malware,1,0.9971804618835449,1,malware,87
edu.synthetic.androzoo.malware.overlay_pin_stealer.0772,malware,1,0.994983434677124,1,malware,79
com.trillion.camper.van.holiday.family,benign,0,0.0016280419658869505,0,benign,10
com.travellink,benign,0,0.012301944196224213,0,benign,135
com.wino.live,benign,0,0.0009472150704823434,0,benign,165
edu.synthetic.androzoo.malware.sms_otp_stealer.0169,malware,1,0.9344022870063782,1,malware,81
com.despdev.silver_and_gold_price_calc,benign,0,0.009582442231476307,0,benign,150
com.spartannash.foresthillsfoods,benign,0,0.9091964364051819,1,malware,151
edu.synthetic.androzoo.malware.spyware_surveillance.0315,malware,1,0.9906708002090454,1,malware,130
edu.synthetic.androzoo.malware.banker_accessibility.1625,malware,1,0.9780608415603638,1,malware,167
edu.synthetic.androzoo.malware.spyware_surveillance.0286,malware,1,0.9784563779830933,1,malware,102
com.smarter.technologist.android.smarteryou,benign,0,0.17380288243293762,0,benign,36
com.wLeOInsights_12057002,malware,1,0.9372461438179016,1,malware,44
edu.synthetic.androzoo.malware.banker_accessibility.0552,malware,1,0.9691252708435059,1,malware,167
edu.synthetic.androzoo.malware.dropper_loader.0892,malware,1,0.46697115898132324,0,benign,203
edu.synthetic.androzoo.malware.wallet_stealer.0692,malware,1,0.9987034797668457,1,malware,166
edu.synthetic.androzoo.malware.sms_otp_stealer.2054,malware,1,0.9990501999855042,1,malware,77
com.money.Mentorship,malware,1,0.9825108647346497,1,malware,41
sh.dms,malware,1,0.99861741065979,1,malware,117
com.slimesmash.android,malware,1,0.0030776250641793013,0,benign,231
com.ailiyong.pinyin,malware,1,0.011656185612082481,0,benign,12
com.bgg.jump,benign,0,0.0007627495215274394,0,benign,151
edu.synthetic.androzoo.malware.spyware_surveillance.1492,malware,1,0.9182246327400208,1,malware,156
com.peterhohsy.mybowling,benign,0,0.027639856562018394,0,benign,65
edu.synthetic.androzoo.malware.banker_accessibility.1207,malware,1,0.983081042766571,1,malware,134
edu.synthetic.androzoo.malware.spyware_surveillance.0298,malware,1,0.9868181943893433,1,malware,51
com.blackthorn.clipmaker,benign,0,0.42188510298728943,0,benign,100
in.bluapps.webapp,malware,1,0.025559760630130768,0,benign,26
io.ionic.indichords,benign,0,0.9991902709007263,1,malware,33
com.kahunas.io.CatalystFitnessCoaching,benign,0,0.988940417766571,1,malware,137
de.appack.project.kraichgau_triathlon,benign,0,0.9577834010124207,1,malware,75
com.subsplashconsulting.s_RQ4SNH,benign,0,0.0063819075003266335,0,benign,180
edu.synthetic.androzoo.malware.banker_accessibility.1930,malware,1,0.9769787192344666,1,malware,113
com.m360.android.orpi,benign,0,0.3473123610019684,0,benign,121
com.timonemobile,benign,0,0.16915901005268097,0,benign,38
com.coachcatalyst.covalcoaching,benign,0,0.3409680724143982,0,benign,87
edu.synthetic.androzoo.malware.overlay_pin_stealer.1608,malware,1,0.9937792420387268,1,malware,117
edu.synthetic.androzoo.malware.sms_otp_stealer.1136,malware,1,0.9982269406318665,1,malware,65
edu.synthetic.androzoo.malware.ransomware_locker.2047,malware,1,0.9838773608207703,1,malware,63
edu.synthetic.androzoo.malware.banker_accessibility.0486,malware,1,0.9973598122596741,1,malware,157
com.PeskyMaple.Set,malware,1,0.008221508003771305,0,benign,12
edu.synthetic.androzoo.malware.wallet_stealer.0058,malware,1,0.9953200221061707,1,malware,51
edu.synthetic.androzoo.malware.dropper_loader.1448,malware,1,0.999248206615448,1,malware,70
edu.synthetic.androzoo.malware.sms_otp_stealer.1959,malware,1,0.9947564601898193,1,malware,156
edu.synthetic.androzoo.malware.banker_accessibility.1779,malware,1,0.9983288645744324,1,malware,229
com.gotoup.amenhelper,malware,1,0.0015791136538609862,0,benign,208
edu.synthetic.androzoo.malware.overlay_pin_stealer.0071,malware,1,0.9974274039268494,1,malware,62
edu.synthetic.androzoo.benign.media_game.0181,benign,0,0.0019385869381949306,0,benign,141
edu.synthetic.androzoo.malware.adware_clicker.1022,malware,1,0.9704749584197998,1,malware,75
edu.synthetic.androzoo.malware.overlay_pin_stealer.0339,malware,1,0.9957193732261658,1,malware,113
com.zoomcouriersoftwaredev,benign,0,0.009279044345021248,0,benign,179
co.appnation.noteninja,benign,0,0.012264249846339226,0,benign,13
edu.synthetic.androzoo.malware.spyware_surveillance.1653,malware,1,0.9910606741905212,1,malware,69
com.galasports.football,benign,0,0.029858427122235298,0,benign,85
com.revolve,benign,0,0.0033905853051692247,0,benign,143
com.application.collegehockeynews,benign,0,0.0026561941485852003,0,benign,116
teletalk.teletalkcustomerapp,benign,0,0.00039459558320231736,0,benign,12
com.yango.driver.beta,benign,0,0.002005580812692642,0,benign,10
edu.synthetic.androzoo.malware.ransomware_locker.0039,malware,1,0.5852966904640198,1,malware,189
com.drive2,benign,0,0.0047283777967095375,0,benign,169
edu.synthetic.androzoo.malware.overlay_pin_stealer.1300,malware,1,0.9300242066383362,1,malware,191
com.mitake.mls,benign,0,0.002130913781002164,0,benign,92
edu.synthetic.androzoo.malware.spyware_surveillance.0946,malware,1,0.9836819767951965,1,malware,147
cz.fio.sb2,benign,0,0.02383299358189106,0,benign,52
fr.harmonie.mutuelle.total.mobile,benign,0,0.9977291226387024,1,malware,27
edu.synthetic.androzoo.malware.ransomware_locker.1438,malware,1,0.9921600222587585,1,malware,132
com.kreggscode.sigmundfreudquotes,malware,1,0.0043223644606769085,0,benign,14
com.google.android.apps.tachyon,benign,0,0.043997347354888916,0,benign,39
com.madness.man.whirl,malware,1,0.0030696969479322433,0,benign,148
wb.gc.xmxx.zxb.yyh,malware,1,0.9995254278182983,1,malware,65
com.RBHAccess.Integra32AxiomLiteMobile,benign,0,0.019003411754965782,0,benign,25
edu.synthetic.androzoo.malware.banker_accessibility.0409,malware,1,0.9836206436157227,1,malware,226
edu.synthetic.androzoo.malware.overlay_pin_stealer.1214,malware,1,0.9989437460899353,1,malware,109
com.capitalairlines.dingpiao,malware,1,0.8735944032669067,1,malware,98
com.sinyee.babybus.song,malware,1,0.9998145699501038,1,malware,177
com.jygame.qqtyt.nzbst.yyh,malware,1,0.7056679725646973,1,malware,216
com.yayskool.yayconnect,benign,0,0.10925598442554474,0,benign,12
edu.synthetic.androzoo.malware.spyware_surveillance.0527,malware,1,0.8668634295463562,1,malware,56
com.ujobsdriver.provider,benign,0,0.00044326408533379436,0,benign,125
air.com.eni.FashionJudy038,malware,1,0.308536171913147,0,benign,144
nl.serviceapotheek.serviceapotheek_app,benign,0,0.0006581643829122186,0,benign,30
com.moniic.customer,benign,0,0.009521730244159698,0,benign,13
com.nelliemaevip.android,benign,0,0.004247639328241348,0,benign,91
edu.synthetic.androzoo.malware.dropper_loader.0098,malware,1,0.849611759185791,1,malware,99
ch.flatfox.android,benign,0,0.4277023375034332,0,benign,157
edu.synthetic.androzoo.malware.dropper_loader.1514,malware,1,0.9807720184326172,1,malware,75
com.vanilatechmta.fgv,benign,0,0.13107648491859436,0,benign,44
edu.synthetic.androzoo.malware.overlay_pin_stealer.0506,malware,1,0.9947137236595154,1,malware,85
edu.synthetic.androzoo.malware.banker_accessibility.0858,malware,1,0.9973209500312805,1,malware,188
com.mod.downloader.menu,malware,1,0.9357715249061584,1,malware,262
org.orau.ima.orisego,benign,0,0.9931166172027588,1,malware,70
edu.synthetic.androzoo.malware.spyware_surveillance.0686,malware,1,0.608634352684021,1,malware,138
ru.ifmo.itmostudents,benign,0,0.016502873972058296,0,benign,16
edu.synthetic.androzoo.malware.banker_accessibility.1672,malware,1,0.9992035031318665,1,malware,64
com.funbox.dailyenglishconversation,benign,0,0.34047791361808777,0,benign,130
com.fast.free.folowvpn,malware,1,0.0013395317364484072,0,benign,140
edu.synthetic.androzoo.malware.banker_accessibility.1481,malware,1,0.9938884377479553,1,malware,71
edu.synthetic.androzoo.malware.banker_accessibility.0271,malware,1,0.7597733736038208,1,malware,178
com.cyta.selfcare,benign,0,0.0004340328450780362,0,benign,168
com.bapplware.hrvale,benign,0,0.9994248151779175,1,malware,64
com.expoplatform.beauty.app1,benign,0,0.986488401889801,1,malware,61
com.flaregames.rrtournament,benign,0,0.02182781882584095,0,benign,147
com.sayeh.view,benign,0,0.025757573544979095,0,benign,75
com.lorgame.adventure.gp,benign,0,0.14267180860042572,0,benign,180
edu.synthetic.androzoo.malware.banker_accessibility.0900,malware,1,0.9989573955535889,1,malware,73
com.trainerize.aspenfitness,benign,0,0.0027575490530580282,0,benign,10
edu.synthetic.androzoo.benign.webview_content.0077,benign,0,0.06326423585414886,0,benign,142
com.goodapp.camera,malware,1,0.03143741562962532,0,benign,10
rod.WebView.apps,malware,1,0.007264668587595224,0,benign,13
applock.lockapps.fingerprint.password.maxlock,malware,1,0.003594999434426427,0,benign,228
com.hisense.odinbrowser,benign,0,0.023481743410229683,0,benign,148
net.ethervision.noworriesclub,benign,0,0.0019366539781913161,0,benign,126
com.ithinkers.abokado,benign,0,0.0008307548123411834,0,benign,147
com.semtech.android.trackerscanner,benign,0,0.06628769636154175,0,benign,15
edu.synthetic.androzoo.benign.commerce_social.0110,benign,0,0.06145360693335533,0,benign,197
com.rachor.lewt,malware,1,0.8528267741203308,1,malware,138
net.appdevs.adfund,benign,0,0.37660202383995056,0,benign,22
com.tbs.incredible.monster.ghost.superhero.aliens,malware,1,0.001809384091757238,0,benign,12
edu.synthetic.androzoo.benign.webview_content.0236,benign,0,0.6083417534828186,1,malware,165
com.dreamcast.junglee,benign,0,0.020960604771971703,0,benign,124
edu.synthetic.androzoo.benign.commerce_social.0136,benign,0,0.0013653524219989777,0,benign,151
com.dasheng.talk,malware,1,0.0043971603736281395,0,benign,38
cn.bkw,malware,1,0.5927330255508423,1,malware,80
edu.synthetic.androzoo.malware.dropper_loader.0312,malware,1,0.07706056535243988,0,benign,201
edu.unisim.backpack,benign,0,0.006372661795467138,0,benign,114
org.libertex.mt,benign,0,0.007788812275975943,0,benign,151
edu.synthetic.androzoo.benign.commerce_social.0122,benign,0,0.0064328862354159355,0,benign,144
edu.synthetic.androzoo.malware.wallet_stealer.0068,malware,1,0.8756121397018433,1,malware,188
digifit.android.virtuagym.pro.fundacionriasdosur,benign,0,0.10646191984415054,0,benign,62
edu.synthetic.androzoo.malware.ransomware_locker.1084,malware,1,0.9951708912849426,1,malware,96
edu.synthetic.androzoo.malware.dropper_loader.0171,malware,1,0.9157073497772217,1,malware,189
edu.synthetic.androzoo.malware.spyware_surveillance.1623,malware,1,0.9920525550842285,1,malware,153
edu.synthetic.androzoo.malware.overlay_pin_stealer.0767,malware,1,0.9969801306724548,1,malware,92
edu.synthetic.androzoo.benign.utility_background.0019,benign,0,0.00860893540084362,0,benign,69
com.i89trillion.animal.land,benign,0,0.023649828508496284,0,benign,214
edu.synthetic.androzoo.malware.banker_accessibility.1751,malware,1,0.9945694804191589,1,malware,146
com.rueblur,benign,0,0.010942863300442696,0,benign,12
jp.co.machicomi,benign,0,0.4883059561252594,0,benign,11
com.meishe.videoshow,malware,1,0.0005395637126639485,0,benign,12
edu.synthetic.androzoo.malware.banker_accessibility.2080,malware,1,0.9930907487869263,1,malware,163
mn.mobicom.candy,benign,0,0.01882387511432171,0,benign,36
com.einnovation.temu,benign,0,0.6926342248916626,1,malware,244
edu.synthetic.androzoo.malware.banker_accessibility.0734,malware,1,0.9965782761573792,1,malware,140
edu.synthetic.androzoo.malware.spyware_surveillance.0196,malware,1,0.9772447347640991,1,malware,160
com.Elytra.DeathIsland,benign,0,0.9994122982025146,1,malware,18
com.joom,benign,0,0.03643934428691864,0,benign,130
com.myguitarchord.app,malware,1,0.4030725955963135,0,benign,80
edu.synthetic.androzoo.malware.adware_clicker.0642,malware,1,0.9995086193084717,1,malware,62
com.panagola.game.arrangefree,benign,0,0.9804794788360596,1,malware,144
edu.synthetic.androzoo.malware.spyware_surveillance.1802,malware,1,0.99017333984375,1,malware,43
com.sinyee.babybus.angie,malware,1,0.9689833521842957,1,malware,55
edu.synthetic.androzoo.malware.dropper_loader.0292,malware,1,0.9928460717201233,1,malware,190
edu.synthetic.androzoo.malware.dropper_loader.0688,malware,1,0.9394367933273315,1,malware,143
com.holiday.women.formed.newsletter,malware,1,0.0010512147564440966,0,benign,86
edu.synthetic.androzoo.malware.spyware_surveillance.0983,malware,1,0.9719946980476379,1,malware,189
com.risingapps.photoenhancer,benign,0,0.9581934213638306,1,malware,194
edu.synthetic.androzoo.malware.dropper_loader.0863,malware,1,0.8679837584495544,1,malware,215
com.ydsrsssl,malware,1,0.9749515652656555,1,malware,12
com.shiyoujiliangdj.weilaikeji,malware,1,0.777074933052063,1,malware,19
tk.turkmenistan_viktorina_synag.millioner_millionaire,benign,0,0.0011148820631206036,0,benign,248
com.tools.web.hi.browser,benign,0,0.007898065261542797,0,benign,291
edu.synthetic.androzoo.malware.ransomware_locker.1668,malware,1,0.9379186034202576,1,malware,93
edu.synthetic.androzoo.malware.spyware_surveillance.1778,malware,1,0.9989724159240723,1,malware,165
edu.synthetic.androzoo.malware.spyware_surveillance.1090,malware,1,0.9990932941436768,1,malware,124
com.evilishgames.dashingheros,benign,0,0.5424883961677551,1,malware,28
edu.synthetic.androzoo.malware.overlay_pin_stealer.1522,malware,1,0.9985628724098206,1,malware,71
edu.synthetic.androzoo.malware.spyware_surveillance.1238,malware,1,0.996528685092926,1,malware,40
edu.synthetic.androzoo.malware.overlay_pin_stealer.1389,malware,1,0.9989963173866272,1,malware,149
edu.synthetic.androzoo.malware.ransomware_locker.0131,malware,1,0.998904824256897,1,malware,35
ir.otaghak.app,malware,1,0.2875303030014038,0,benign,185
eu.rc.electronics,benign,0,0.999403715133667,1,malware,90
com.sinyee.babybus.spell,malware,1,0.137868732213974,0,benign,174
au.com.jll.tqt.member.app,benign,0,0.0041841426864266396,0,benign,104
edu.synthetic.androzoo.malware.wallet_stealer.0263,malware,1,0.9894194602966309,1,malware,143
jp.co.tekutekulife.tekutekulife,benign,0,0.3316994905471802,0,benign,99
giraffic.traffic,benign,0,0.00021022996224928647,0,benign,10
com.nabe.es4efyq,benign,0,0.040122684091329575,0,benign,65
sudoku.puzzle.free.game.brain,benign,0,0.003700675442814827,0,benign,63
com.gww.km,benign,0,0.04215970262885094,0,benign,100
edu.synthetic.androzoo.malware.ransomware_locker.1589,malware,1,0.5002658367156982,1,malware,65
com.arianee.forge,benign,0,0.9993172883987427,1,malware,56
edu.synthetic.androzoo.benign.webview_content.0040,benign,0,0.26632624864578247,0,benign,107
edu.synthetic.androzoo.malware.sms_otp_stealer.1115,malware,1,0.9062979817390442,1,malware,122
edu.synthetic.androzoo.malware.banker_accessibility.1797,malware,1,0.9926910996437073,1,malware,86
edu.synthetic.androzoo.malware.overlay_pin_stealer.1223,malware,1,0.9973174929618835,1,malware,37
com.erow.stickman.dismount,malware,1,0.011278987862169743,0,benign,16
org.dignityhealth.healthelife.chw_ca.play,benign,0,0.036196187138557434,0,benign,36
org.slashgames.FreudBot.AdFree,malware,1,0.978084921836853,1,malware,20
edu.synthetic.androzoo.malware.ransomware_locker.0147,malware,1,0.9941604733467102,1,malware,45
edu.synthetic.androzoo.malware.ransomware_locker.1211,malware,1,0.934795081615448,1,malware,91
com.nexon.tfdc,benign,0,0.01957511343061924,0,benign,167
com.deenislamic,benign,0,0.003830010537058115,0,benign,122
com.nexstar.newsnation,benign,0,0.003995394799858332,0,benign,180
com.great.forecast.weatherinfomation,benign,0,0.8092660903930664,1,malware,233
com.mynayatel,benign,0,0.00023486829013563693,0,benign,139
nl.negentwee,benign,0,0.9305500388145447,1,malware,106
co.hopon.client,benign,0,0.0040243929252028465,0,benign,37
com.soulgame.garfield,malware,1,0.9792502522468567,1,malware,134
com.pharmacity_extracare,benign,0,0.17176136374473572,0,benign,13
in.mohalla.sharechat,benign,0,0.03788856789469719,0,benign,249
edu.synthetic.androzoo.malware.overlay_pin_stealer.1599,malware,1,0.994486391544342,1,malware,110
com.citizenobserver.wildtipnc,benign,0,0.9439817667007446,1,malware,48
com.sca.crossings,benign,0,0.9976213574409485,1,malware,25
com.inpeaceapp.iglesiamybethel.fl,benign,0,0.000621277664322406,0,benign,127
com.kuailun.xfj,benign,0,0.9977706670761108,1,malware,86
com.hubby.esim,benign,0,0.0007067736005410552,0,benign,10
edu.synthetic.androzoo.malware.wallet_stealer.0869,malware,1,0.9988901019096375,1,malware,79
rocks.konzertmeister.Production,benign,0,0.1364186853170395,0,benign,76
edu.synthetic.androzoo.malware.banker_accessibility.1283,malware,1,0.9787415862083435,1,malware,178
com.goodinside.gimobile,benign,0,0.11335094273090363,0,benign,19
com.ecgamesstudio.radiospiritboxecnew,benign,0,0.9961309432983398,1,malware,26
edu.synthetic.androzoo.malware.overlay_pin_stealer.0436,malware,1,0.7595342397689819,1,malware,166
games.omicron.neonflight,benign,0,0.009743960574269295,0,benign,30
com.cleverapps.magicwords,benign,0,0.8906635046005249,1,malware,162
edu.synthetic.androzoo.malware.banker_accessibility.0962,malware,1,0.9970133304595947,1,malware,166
neo.bombrman.arcade.geo.games,benign,0,0.03963758051395416,0,benign,69
com.mjcsoft.stream.fmforres,benign,0,0.0017459315713495016,0,benign,161
com.szmg.zhinews,malware,1,0.9713969230651855,1,malware,108
br.com.alon,benign,0,0.005537401419132948,0,benign,136
com.bds.orthodox_bible,benign,0,0.1427127867937088,0,benign,27
edu.synthetic.androzoo.malware.spyware_surveillance.2045,malware,1,0.9910048246383667,1,malware,186
com.amixys.ami,malware,1,0.9715837836265564,1,malware,71
com.doumi.jianzhi,malware,1,0.9956802129745483,1,malware,106
com.bloodsugartrak.one,benign,0,0.3507821261882782,0,benign,314
com.greattimemusic.starmusic,benign,0,0.10274945944547653,0,benign,27
eye.art.makeup.games,benign,0,0.19320166110992432,0,benign,163
com.drillingfluidsoftware.speedometer,benign,0,0.0011312545975670218,0,benign,134
edu.synthetic.androzoo.malware.banker_accessibility.0959,malware,1,0.979692816734314,1,malware,178
edu.synthetic.androzoo.malware.banker_accessibility.1043,malware,1,0.9295170903205872,1,malware,178
droid.dheeraj.dimscreen,benign,0,0.003125112969428301,0,benign,228
co.tapcart.app.id_lQ39VhjG8V,benign,0,0.0039152661338448524,0,benign,183
com.mwrlife,benign,0,0.8682059645652771,1,malware,21
com.visable.ep,benign,0,0.0007891783025115728,0,benign,26
edu.synthetic.androzoo.malware.spyware_surveillance.0526,malware,1,0.9989116191864014,1,malware,104
com.clowngames.mobgio.st,malware,1,0.998542308807373,1,malware,73
com.liubowang.drawingboard,malware,1,0.09122049808502197,0,benign,38
edu.synthetic.androzoo.malware.banker_accessibility.1315,malware,1,0.9971687197685242,1,malware,93
edu.synthetic.androzoo.malware.sms_otp_stealer.0105,malware,1,0.9848700761795044,1,malware,84
com.myclassroom.digital,benign,0,0.004298861138522625,0,benign,96
edu.synthetic.androzoo.malware.dropper_loader.0792,malware,1,0.9791107773780823,1,malware,187
com.trucorp.trumonitor,benign,0,0.0030721027869731188,0,benign,16
com.esigtek.lopesa,benign,0,0.1418258100748062,0,benign,92
com.SereDim.OneDChess,benign,0,0.04333072900772095,0,benign,41
edu.synthetic.androzoo.malware.sms_otp_stealer.0010,malware,1,0.9969558715820312,1,malware,81
edu.synthetic.androzoo.malware.spyware_surveillance.1503,malware,1,0.9874096512794495,1,malware,151
com.zy.feiji2014,malware,1,0.9858717322349548,1,malware,54
com.ddfkgab.bhuva,malware,1,0.9052794575691223,1,malware,87
com.visiblemobile.flagship,benign,0,0.00042095885146409273,0,benign,221
edu.synthetic.androzoo.malware.overlay_pin_stealer.0529,malware,1,0.9984960556030273,1,malware,67
edu.synthetic.androzoo.malware.spyware_surveillance.1970,malware,1,0.9993378520011902,1,malware,86
com.theappcompany.rationaltraining,benign,0,0.0008364975219592452,0,benign,93
edu.synthetic.androzoo.malware.sms_otp_stealer.1224,malware,1,0.9969449639320374,1,malware,39
py.com.sudameris,benign,0,0.014309173449873924,0,benign,163
com.hemzstudios.slimemerge,benign,0,0.001842975034378469,0,benign,100
com.benqu.wuta,malware,1,0.013088117353618145,0,benign,104
edu.synthetic.androzoo.malware.overlay_pin_stealer.0087,malware,1,0.9281554818153381,1,malware,161
koeln.kvb.ticket.sveapp,benign,0,0.0009438044507987797,0,benign,10
com.rpgsnack.fishingparadise,benign,0,0.41125768423080444,0,benign,23
edu.synthetic.androzoo.malware.wallet_stealer.0454,malware,1,0.9962389469146729,1,malware,158
edu.synthetic.androzoo.malware.spyware_surveillance.1234,malware,1,0.9985411167144775,1,malware,167
chalyaara.com,benign,0,0.02424655668437481,0,benign,13
edu.synthetic.androzoo.malware.adware_clicker.1826,malware,1,0.9831600785255432,1,malware,49
com.dreamo.xxsf,benign,0,0.0007513629971072078,0,benign,64
jp.fantasista.tapthief,malware,1,0.021423092111945152,0,benign,11
edu.synthetic.androzoo.malware.banker_accessibility.1525,malware,1,0.9946125745773315,1,malware,212
edu.synthetic.androzoo.malware.dropper_loader.1123,malware,1,0.9992749094963074,1,malware,241
com.sinyee.babybus.paintingII,malware,1,0.9689833521842957,1,malware,55
com.kunzisoft.keepass.free,benign,0,0.0003148327232338488,0,benign,23
com.sinyee.babybus.papermaking,malware,1,0.9000667929649353,1,malware,64
com.seigneurin.carspotclient,benign,0,0.004312455654144287,0,benign,71
edu.synthetic.androzoo.malware.sms_otp_stealer.0363,malware,1,0.9976447224617004,1,malware,53
com.avit.external.app,benign,0,0.8710092306137085,1,malware,53
edu.synthetic.androzoo.malware.overlay_pin_stealer.0091,malware,1,0.9912896156311035,1,malware,158
com.subsplashconsulting.s_HBP7KC,benign,0,0.09674585610628128,0,benign,153
edu.synthetic.androzoo.benign.commerce_social.0226,benign,0,0.0017625943291932344,0,benign,171
com.gidetechs.myhourofgrace,benign,0,0.02139945700764656,0,benign,58
edu.synthetic.androzoo.malware.ransomware_locker.1378,malware,1,0.994543194770813,1,malware,84
edu.synthetic.androzoo.malware.banker_accessibility.1931,malware,1,0.9988465309143066,1,malware,53
com.cy.chengcredit,malware,1,0.9977109432220459,1,malware,155
com.yclients.mobile.g73827,benign,0,0.013638298958539963,0,benign,138
com.frisbee.schoolvankampen,benign,0,0.007163561414927244,0,benign,110
com.rabonagames.sepaktakraw,benign,0,0.0022338947746902704,0,benign,110
edu.synthetic.androzoo.malware.spyware_surveillance.0524,malware,1,0.7848712205886841,1,malware,157
edu.synthetic.androzoo.malware.dropper_loader.0876,malware,1,0.9957857728004456,1,malware,73
edu.synthetic.androzoo.malware.spyware_surveillance.1458,malware,1,0.9972827434539795,1,malware,58
kr.co.pksoft.ri3710,benign,0,0.05314045026898384,0,benign,46
com.yeoniyouni.readbooks,benign,0,0.02330334484577179,0,benign,165
edu.synthetic.androzoo.malware.spyware_surveillance.1783,malware,1,0.9202057123184204,1,malware,156
neat.viewpdf.com,benign,0,0.5710228085517883,1,malware,61
com.aitype.android.lang.ru,benign,0,0.005976833403110504,0,benign,67
com.sinyee.babybus.custom,malware,1,0.9731954336166382,1,malware,50
com.qlbeoka.fda,benign,0,0.0031339256092906,0,benign,15
com.gurwi,benign,0,0.003263625083491206,0,benign,34
edu.synthetic.androzoo.malware.overlay_pin_stealer.0212,malware,1,0.9984924793243408,1,malware,59
com.cordic.isleworth.parker,benign,0,0.023233024403452873,0,benign,102
edu.synthetic.androzoo.benign.media_game.0218,benign,0,0.001819589058868587,0,benign,41
edu.synthetic.androzoo.malware.spyware_surveillance.2052,malware,1,0.9993053674697876,1,malware,59
edu.synthetic.androzoo.benign.maps_cloud.0167,benign,0,0.0011111885542050004,0,benign,82
com.nickpapanik.strommate,benign,0,0.9997463822364807,1,malware,41
com.hitachi.netcs.sh,benign,0,0.2504067122936249,0,benign,22
com.developer.appRadioBucuresti,benign,0,0.015479263849556446,0,benign,70
com.lazyboydevelopments.footballsuperstar2,malware,1,0.0003760886029340327,0,benign,23
com.lifree1.agent,benign,0,0.9964409470558167,1,malware,113
br.com.inchurch.gochurch,benign,0,0.0021325538400560617,0,benign,14
com.trainerize.fibrofitwarriors,benign,0,0.03788965195417404,0,benign,26
com.sinyee.babybus.animal,malware,1,0.8965597748756409,1,malware,60
cn.bluerhino.driver,malware,1,0.018335236236453056,0,benign,25
com.doapps.android.mln.MLN_90d668b2ee3a0975df39f54a3f466090,benign,0,0.03983736038208008,0,benign,156
cn.com.dareway.mhsc_binzhou,malware,1,0.1580440253019333,0,benign,20
au.com.nrl.tipping,benign,0,0.0006963550695218146,0,benign,148
com.pixeleater.nocturneheights,malware,1,0.23843799531459808,0,benign,46
edu.synthetic.androzoo.malware.spyware_surveillance.1325,malware,1,0.9240925312042236,1,malware,139
io.ionic.kuentro,benign,0,0.008908646181225777,0,benign,59
edu.synthetic.androzoo.malware.banker_accessibility.1999,malware,1,0.8613845705986023,1,malware,237
edu.synthetic.androzoo.malware.dropper_loader.1381,malware,1,0.7367478013038635,1,malware,232
com.coolcollege.kxy,malware,1,0.9994404911994934,1,malware,198
com.fiveloyalty.nutbutter,benign,0,0.9817650318145752,1,malware,109
edu.synthetic.androzoo.malware.spyware_surveillance.0191,malware,1,0.8030142188072205,1,malware,165
com.moodle.unisinos,benign,0,0.999352753162384,1,malware,62
edu.synthetic.androzoo.malware.spyware_surveillance.1443,malware,1,0.9905875325202942,1,malware,113
com.da.advanced_geocamera,benign,0,0.17209985852241516,0,benign,18
edu.synthetic.androzoo.malware.banker_accessibility.0557,malware,1,0.9979423880577087,1,malware,216
edu.synthetic.androzoo.malware.banker_accessibility.2057,malware,1,0.9973875880241394,1,malware,155
edu.synthetic.androzoo.malware.banker_accessibility.2012,malware,1,0.9994599223136902,1,malware,52
edu.synthetic.androzoo.malware.ransomware_locker.1275,malware,1,0.8411353230476379,1,malware,174
com.docterz.connect.velocity,benign,0,0.9329505562782288,1,malware,133
srl.kyas.fixbean,benign,0,0.8517557978630066,1,malware,154
com.lxvll.ocr,benign,0,0.9475680589675903,1,malware,116
com.ygtech.ddyx,benign,0,0.8517987132072449,1,malware,73
com.coppercod.classicWhist,benign,0,0.930635392665863,1,malware,152
edu.synthetic.androzoo.malware.spyware_surveillance.1201,malware,1,0.9857492446899414,1,malware,130
goldensoft.com.goldenpedidos,benign,0,0.9803260564804077,1,malware,49
edu.synthetic.androzoo.malware.wallet_stealer.0944,malware,1,0.5767045021057129,1,malware,170
com.appsmart.delivery.chillipizzeria15232,benign,0,0.006884406786412001,0,benign,95
com.jmita.bibliasagrada2,malware,1,0.9987103939056396,1,malware,136
pl.netigen.simplemandolinrtuner,benign,0,0.0007492218283005059,0,benign,218
com.taxicaller.Getdriven.app,benign,0,0.021706951782107353,0,benign,66
com.imweb.appS20200605d0b93b390db0f_61d458797eeea,benign,0,0.3929417133331299,0,benign,74
com.subsplashconsulting.s_R5VRVM,benign,0,0.04355858266353607,0,benign,196
org.arkweb.arkweb,malware,1,0.0059736017137765884,0,benign,11
edu.synthetic.androzoo.malware.overlay_pin_stealer.1825,malware,1,0.9950385689735413,1,malware,133
com.jitendrasurve.pipingspacingcalculator,benign,0,0.001339802984148264,0,benign,211
hr.hac.enc_mobile,benign,0,0.000531812955159694,0,benign,11
com.montgomery.rideon,benign,0,0.005439667031168938,0,benign,155
edu.synthetic.androzoo.malware.overlay_pin_stealer.1718,malware,1,0.9976637363433838,1,malware,50
com.trukkeruae.trukker_vender,benign,0,0.013566181994974613,0,benign,104
edu.synthetic.androzoo.malware.spyware_surveillance.0535,malware,1,0.9970953464508057,1,malware,109
ly.omegle.android,benign,0,0.3753361999988556,0,benign,174
com.tellurionmobile.aliencraftpro,malware,1,0.9736494421958923,1,malware,27
edu.synthetic.androzoo.malware.banker_accessibility.0320,malware,1,0.9083247780799866,1,malware,211
com.outfit7.mytalkingtom2,benign,0,0.005566648207604885,0,benign,91
com.square_enix.android_googleplay.mangaup_jp,benign,0,0.40366166830062866,0,benign,118
net.ays.PROD558317,benign,0,0.03904504328966141,0,benign,46
com.alreef.app,benign,0,0.0008598230197094381,0,benign,97
cn.trinea.android.developertools,malware,1,0.5240233540534973,1,malware,242
edu.synthetic.androzoo.malware.spyware_surveillance.0560,malware,1,0.9975306391716003,1,malware,94
jp.co.atis.atis_googleapp,benign,0,0.027827640995383263,0,benign,212
edu.synthetic.androzoo.malware.overlay_pin_stealer.0126,malware,1,0.999596893787384,1,malware,46
edu.synthetic.androzoo.benign.media_game.0095,benign,0,0.002077709184959531,0,benign,121
com.lge.laundryinstaller,benign,0,0.3667757213115692,0,benign,91
edu.synthetic.androzoo.malware.banker_accessibility.0419,malware,1,0.713626503944397,1,malware,168
com.sn1.TheAncientBookOfJudith,benign,0,0.0015114451525732875,0,benign,124
edu.synthetic.androzoo.malware.ransomware_locker.1215,malware,1,0.9784066081047058,1,malware,136
com.kidsgamesfactory.dolphin.water.show,benign,0,0.3504742980003357,0,benign,13
com.apptegy.peoriail,benign,0,0.6193745732307434,1,malware,132
edu.synthetic.androzoo.malware.spyware_surveillance.0990,malware,1,0.9517441391944885,1,malware,91
edu.synthetic.androzoo.benign.media_game.0183,benign,0,0.02012888714671135,0,benign,92
com.noqta.noqtadispetchdriver,benign,0,0.004042294807732105,0,benign,12
com.acemoneytransfer.android,benign,0,0.1604539155960083,0,benign,43
edu.synthetic.androzoo.malware.overlay_pin_stealer.1086,malware,1,0.7111577987670898,1,malware,187
com.GraubaumgameStudio.RennumdeinLeben,benign,0,0.8898555040359497,1,malware,32
meditofoundation.medito,benign,0,0.19821563363075256,0,benign,181
sandbox.numberbycolor.pixelart,malware,1,0.8670888543128967,1,malware,126
edu.synthetic.androzoo.malware.overlay_pin_stealer.0787,malware,1,0.9908785223960876,1,malware,83
com.s626.LoopDiggernew,benign,0,0.001362130045890808,0,benign,157
edu.synthetic.androzoo.malware.overlay_pin_stealer.1520,malware,1,0.9873762130737305,1,malware,170
com.clarkdistributors.clarkdistributorsapp,benign,0,0.3011585474014282,0,benign,60
mkisly.backgammon.tawla,benign,0,0.9985954165458679,1,malware,116
com.shuiyu.gdp.muzhi,malware,1,0.9997182488441467,1,malware,48
edu.synthetic.androzoo.malware.banker_accessibility.0672,malware,1,0.9593715667724609,1,malware,153
maa.standby_ios.widgets.lock_screen,benign,0,0.954136073589325,1,malware,20
com.app.mbacc,benign,0,0.010422896593809128,0,benign,11
io.iftech.android.box,malware,1,0.003969099372625351,0,benign,29
edu.synthetic.androzoo.malware.adware_clicker.0249,malware,1,0.995934009552002,1,malware,88
edu.synthetic.androzoo.malware.dropper_loader.0870,malware,1,0.8628623485565186,1,malware,97
org.meraaj.yastashir,malware,1,0.004814529791474342,0,benign,85
com.h4lsoft.scandroid,benign,0,0.0019912072457373142,0,benign,149
com.trendyweb.lukkyapp,benign,0,0.03106430172920227,0,benign,13
edu.synthetic.androzoo.malware.dropper_loader.2062,malware,1,0.9960122108459473,1,malware,159
edu.synthetic.androzoo.malware.spyware_surveillance.1646,malware,1,0.7238008379936218,1,malware,189
edu.synthetic.androzoo.malware.ransomware_locker.1822,malware,1,0.9988999366760254,1,malware,37
com.tentech.remote,benign,0,0.0017082220874726772,0,benign,11
com.tinchat.mobi,benign,0,0.04630112275481224,0,benign,43
aexyn.stereogramviewer,benign,0,0.8637356758117676,1,malware,127
edu.synthetic.androzoo.malware.banker_accessibility.0047,malware,1,0.9215219616889954,1,malware,237
com.shiyoujiliang.weilaikeji,malware,1,0.9869176745414734,1,malware,25
at.harnisch.android.planets,benign,0,0.00038537781802006066,0,benign,61
com.caresca.enfermedadesinfantiles,malware,1,0.007762486115098,0,benign,162
com.playagames.mobile.dungeon.team.battle.rpg,benign,0,0.010481283999979496,0,benign,90
edu.synthetic.androzoo.benign.maps_cloud.0193,benign,0,0.009271800518035889,0,benign,186
com.auyou.qpqj,malware,1,0.8940339684486389,1,malware,56
f.info.actualites.france.infos.direct,benign,0,0.005084338132292032,0,benign,115
edu.synthetic.androzoo.malware.spyware_surveillance.1756,malware,1,0.99666827917099,1,malware,54
com.zsjoinblob.sfclash.yyh,malware,1,0.5385597348213196,1,malware,158
com.hazratferozmemon,benign,0,0.0037995148450136185,0,benign,122
com.pointcore.geov5mon,benign,0,0.9204328656196594,1,malware,18
com.gm.ffa.philips,benign,0,0.0037112669087946415,0,benign,104
com.soap.awaygo.yyh,malware,1,0.02132538892328739,0,benign,166
com.adwo.android.games.mine,malware,1,0.9951310157775879,1,malware,35
edu.synthetic.androzoo.malware.wallet_stealer.1019,malware,1,0.9911202788352966,1,malware,125
com.sinyee.babybus.changeable,benign,0,0.13279861211776733,0,benign,123
bd.com.upay.customer,malware,1,0.0013908379478380084,0,benign,152
edu.synthetic.androzoo.malware.spyware_surveillance.1894,malware,1,0.997439980506897,1,malware,74
com.mindverse.mebot,benign,0,0.6902873516082764,1,malware,22
com.communi.agl,benign,0,0.9699571132659912,1,malware,104
com.islahibaatain,benign,0,0.05700824409723282,0,benign,46
edu.synthetic.androzoo.malware.sms_otp_stealer.1009,malware,1,0.9990193843841553,1,malware,85
com.business.vidcomapp,benign,0,0.07777579873800278,0,benign,13
funtaptic.thegrugs.runner.hector,benign,0,0.001096906024031341,0,benign,125
com.jxdmxxw.gnq,malware,1,0.9534651041030884,1,malware,29
com.video.downloader.vitmate.allvideodownloader,malware,1,0.18203294277191162,0,benign,108
com.audiobooks.androidapp,benign,0,0.0008121459977701306,0,benign,30
edu.synthetic.androzoo.malware.sms_otp_stealer.0045,malware,1,0.997481644153595,1,malware,67
edu.synthetic.androzoo.malware.overlay_pin_stealer.1654,malware,1,0.9943199157714844,1,malware,85
edu.synthetic.androzoo.malware.sms_otp_stealer.0261,malware,1,0.36094871163368225,0,benign,98
edu.synthetic.androzoo.malware.overlay_pin_stealer.0108,malware,1,0.9978193044662476,1,malware,71
edu.synthetic.androzoo.malware.spyware_surveillance.0198,malware,1,0.9937394857406616,1,malware,173
com.Manababa.RandomSpinDEF,benign,0,0.008032552897930145,0,benign,106
edu.synthetic.androzoo.malware.adware_clicker.0708,malware,1,0.9961674809455872,1,malware,36
plus.H5A84F959,malware,1,0.9996429681777954,1,malware,90
edu.synthetic.androzoo.malware.sms_otp_stealer.1559,malware,1,0.9960402250289917,1,malware,90
scut.wei.numbergame,malware,1,0.26438838243484497,0,benign,47
edu.synthetic.androzoo.malware.wallet_stealer.1431,malware,1,0.9950202703475952,1,malware,78
com.ac.englishtoburmesetranslator,malware,1,0.9920023679733276,1,malware,257
com.ludoy.colorhole,malware,1,0.020254788920283318,0,benign,61
com.couplower.jing,malware,1,0.09868954867124557,0,benign,97
edu.synthetic.androzoo.malware.banker_accessibility.0921,malware,1,0.7951269149780273,1,malware,211
com.rajgrowup.djmusicmixer,benign,0,0.0005630133091472089,0,benign,193
edu.synthetic.androzoo.malware.overlay_pin_stealer.1061,malware,1,0.9981335997581482,1,malware,66
edu.synthetic.androzoo.benign.commerce_social.0091,benign,0,0.0015636084135621786,0,benign,175
org.ohdoki.onboarding,benign,0,0.9994175434112549,1,malware,43
edu.synthetic.androzoo.malware.sms_otp_stealer.2000,malware,1,0.9975892305374146,1,malware,36
edu.synthetic.androzoo.malware.wallet_stealer.0733,malware,1,0.9989110231399536,1,malware,37
it.iridi.dalgrano,benign,0,0.037927329540252686,0,benign,50
edu.synthetic.androzoo.malware.dropper_loader.1866,malware,1,0.39613115787506104,0,benign,95
jp.co.aree_cosme.AREE,benign,0,0.004022965207695961,0,benign,121
com.crossfield.jewel8,malware,1,0.9912979602813721,1,malware,15
it.logicweb.colossusescape,malware,1,0.9887976050376892,1,malware,44
com.aynovel.landxs,benign,0,0.0005226525827310979,0,benign,196
edu.synthetic.androzoo.benign.commerce_social.0241,benign,0,0.0051580374129116535,0,benign,159
edu.synthetic.androzoo.malware.dropper_loader.0081,malware,1,0.45077794790267944,0,benign,159
edu.synthetic.androzoo.malware.wallet_stealer.1770,malware,1,0.9122578501701355,1,malware,141
asan.gharelu.ilaj.asangharelunuskhay,benign,0,0.9985758066177368,1,malware,168
com.supperapps.transp,benign,0,0.0007854967843741179,0,benign,38
org.mobilegpstracker.client,benign,0,0.0025957785546779633,0,benign,122
au.com.weguide.genv,benign,0,0.9843446612358093,1,malware,123
com.NamasteStudios.SkyStacker,benign,0,0.011226867325603962,0,benign,13
com.spectrumanalizer.myapplication23487,malware,1,0.9995788931846619,1,malware,155
jp.co.revorn.iinioidevices.android,benign,0,0.0017901514656841755,0,benign,128
com.wenext.wayak,benign,0,0.005289523862302303,0,benign,54
com.asapps.learnfrench,benign,0,0.9619462490081787,1,malware,86
edu.synthetic.androzoo.malware.ransomware_locker.0907,malware,1,0.9861922860145569,1,malware,143
com.zigis.paleontologas,benign,0,0.003429268253967166,0,benign,128
com.subsplashconsulting.s_24CB8G,benign,0,0.60736483335495,1,malware,169
com.ptanktechnology.tipitaka,benign,0,0.9963862895965576,1,malware,125
com.nupuit.qRegisteredDietitian,benign,0,0.5758300423622131,1,malware,53
com.playcus.crossstitch.coloring.mandala,benign,0,0.03328763321042061,0,benign,32
com.sibisoft.bellevuec,benign,0,0.0182222630828619,0,benign,186
edu.synthetic.androzoo.malware.sms_otp_stealer.1269,malware,1,0.953046977519989,1,malware,186
com.eblock.auction,benign,0,0.00019360522856004536,0,benign,52
no.nettavisen.phonegap.na,benign,0,0.030225005000829697,0,benign,139
com.horizonfitnessexperience.programs,benign,0,0.9344853758811951,1,malware,85
br.com.mestria.mx100TF,benign,0,0.9991990923881531,1,malware,32
com.angames.android.google.avatarbendingtheworld,benign,0,0.015536310151219368,0,benign,129
com.erow.oneguncat,benign,0,0.011009525507688522,0,benign,130
com.shuqi.controller,malware,1,0.03121739998459816,0,benign,25
vp.com.vit80,benign,0,0.9866255521774292,1,malware,130
com.ZWSoft.ZWCAD,malware,1,0.9988079071044922,1,malware,104
com.BraDev.CherryBlossom45,benign,0,0.010215522721409798,0,benign,36
ru.lptracker.app,benign,0,0.0009438044507987797,0,benign,10
edu.synthetic.androzoo.malware.banker_accessibility.1274,malware,1,0.9967774748802185,1,malware,154
sk.mildev84.agendareminder,benign,0,0.006191988941282034,0,benign,140
edu.synthetic.androzoo.malware.sms_otp_stealer.1830,malware,1,0.9968699812889099,1,malware,43
com.mobilityado.ado,benign,0,0.9797265529632568,1,malware,121
edu.synthetic.androzoo.malware.sms_otp_stealer.1671,malware,1,0.7771191596984863,1,malware,77
com.onetake,benign,0,0.2397608757019043,0,benign,101
com.t2s.fantastico794475,benign,0,0.0019135226029902697,0,benign,147
in.healthflex.physioapp,benign,0,0.10726422071456909,0,benign,168
com.marshmallowgameslab.fruit.melody.match.three.games.free.offline,benign,0,0.003746603848412633,0,benign,109
com.zepni.hamster,benign,0,0.0073993634432554245,0,benign,16
com.lutech.applock,malware,1,0.43344247341156006,0,benign,168
com.elephantgames.parfalenjtshop,benign,0,0.0648258700966835,0,benign,11
com.sibisoft.sinclair,benign,0,0.004598868545144796,0,benign,204
edu.synthetic.androzoo.malware.ransomware_locker.0080,malware,1,0.9987107515335083,1,malware,114
edu.synthetic.androzoo.malware.ransomware_locker.1332,malware,1,0.9213836193084717,1,malware,123
com.repair.photopay,malware,1,0.5433785915374756,1,malware,66
com.tianwen.jjrb,malware,1,0.014231039211153984,0,benign,151
com.gamessoft.realdrift.car.driving.games,benign,0,0.002607411704957485,0,benign,86
edu.synthetic.androzoo.malware.overlay_pin_stealer.1543,malware,1,0.9497354030609131,1,malware,189
edu.synthetic.androzoo.malware.wallet_stealer.1549,malware,1,0.9967541098594666,1,malware,60
nc.opt.annuaire,benign,0,0.9992656111717224,1,malware,39
com.sodetrel.mobile.wiiz,benign,0,0.9994537234306335,1,malware,42
com.jygame.qqtyt.kbls3d.yyh,malware,1,0.9899926781654358,1,malware,208
edu.synthetic.androzoo.malware.banker_accessibility.0368,malware,1,0.9328205585479736,1,malware,167
edu.synthetic.androzoo.malware.wallet_stealer.1014,malware,1,0.9832741618156433,1,malware,175
org.wikipedia,benign,0,0.07040973007678986,0,benign,109
com.automationexchange.openfiberusa,benign,0,0.0013253707438707352,0,benign,43
edu.synthetic.androzoo.malware.sms_otp_stealer.1025,malware,1,0.998141884803772,1,malware,77
io.zerion.android,benign,0,0.10390979796648026,0,benign,60
com.changdu.mobovideo,benign,0,0.0044745951890945435,0,benign,16
com.seraphic.openinet.pre,malware,1,0.06386632472276688,0,benign,239
com.acvauctions.acvauctions,benign,0,0.09712837636470795,0,benign,52
edu.synthetic.androzoo.malware.ransomware_locker.0393,malware,1,0.9965025186538696,1,malware,152
com.subsplashconsulting.s_VTHQCQ,benign,0,0.008360110223293304,0,benign,188
edu.synthetic.androzoo.malware.wallet_stealer.1187,malware,1,0.9825138449668884,1,malware,115
edu.synthetic.androzoo.malware.banker_accessibility.1439,malware,1,0.9829722046852112,1,malware,190
edu.synthetic.androzoo.malware.sms_otp_stealer.0012,malware,1,0.9821392893791199,1,malware,137
edu.synthetic.androzoo.malware.wallet_stealer.0619,malware,1,0.9949892163276672,1,malware,106
com.easymobs.pregnancy,benign,0,0.0031297451350837946,0,benign,144
edu.synthetic.androzoo.malware.ransomware_locker.1392,malware,1,0.9968613386154175,1,malware,189
com.newgenerationhub.speedtest.meter.wifi.coverage.speed.test,benign,0,0.005742171313613653,0,benign,160
com.translator.morse_code,benign,0,0.0016777639975771308,0,benign,14
fr.nartex.navette,benign,0,0.907130241394043,1,malware,79
edu.synthetic.androzoo.malware.banker_accessibility.1465,malware,1,0.9938627481460571,1,malware,176
com.bananaapps.kidappgames.pets.sounds.free,malware,1,0.9989435076713562,1,malware,102
edu.synthetic.androzoo.malware.dropper_loader.0118,malware,1,0.9913183450698853,1,malware,221
com.ad.cargame.fly,benign,0,0.001052612205967307,0,benign,182
co.wesper.sleep,malware,1,0.23250383138656616,0,benign,121
com.aurorealty.ace.member,benign,0,0.0049763023853302,0,benign,81
com.easy.all.today.translator,malware,1,0.002724211663007736,0,benign,145
com.chitralekha.evolution,benign,0,0.014916050247848034,0,benign,64
com.iphigenie,benign,0,0.35311779379844666,0,benign,10
edu.synthetic.androzoo.malware.wallet_stealer.0054,malware,1,0.984529972076416,1,malware,152
edu.synthetic.androzoo.malware.spyware_surveillance.0215,malware,1,0.9933617115020752,1,malware,190
air.com.beachbumgammon,benign,0,0.0010294978274032474,0,benign,157
com.chordu.chorduapp,benign,0,0.002776622772216797,0,benign,149
edu.synthetic.androzoo.malware.spyware_surveillance.1291,malware,1,0.9993870258331299,1,malware,78
net.polyglots,benign,0,0.14832597970962524,0,benign,118
com.WhatWapp.Backgammon.Multiplayer,benign,0,0.03558572009205818,0,benign,98
edu.synthetic.androzoo.malware.spyware_surveillance.0217,malware,1,0.9990172386169434,1,malware,107
edu.synthetic.androzoo.malware.overlay_pin_stealer.0347,malware,1,0.9986340403556824,1,malware,33
com.firstbank.mobilebanking,benign,0,0.11585627496242523,0,benign,85
edu.synthetic.androzoo.malware.wallet_stealer.1773,malware,1,0.9991088509559631,1,malware,75
linkdesks.screw.bolts.nuts.story,benign,0,0.007999981753528118,0,benign,85
net.wordbit.twvn,benign,0,0.026331331580877304,0,benign,173
com.chronogolf.booking.batchwood,benign,0,0.007760870270431042,0,benign,56
com.mintgames.matchfind3d,benign,0,0.06027481332421303,0,benign,330
com.jartoo.mylib,malware,1,0.9983215928077698,1,malware,58
com.mitsubishi_motors.miland,benign,0,0.0054862527176737785,0,benign,43
gr.itworx.solidcore,benign,0,0.0022857929579913616,0,benign,84
edu.synthetic.androzoo.malware.dropper_loader.1127,malware,1,0.9982256293296814,1,malware,180
chatespana.es,malware,1,0.0011067885207012296,0,benign,135
com.jernung.infinite.deu,benign,0,0.177254781126976,0,benign,176
com.entrolabs.ncdap,benign,0,0.9929297566413879,1,malware,30
edu.synthetic.androzoo.malware.sms_otp_stealer.0151,malware,1,0.9354158043861389,1,malware,79
edu.synthetic.androzoo.malware.sms_otp_stealer.0337,malware,1,0.4465329945087433,0,benign,157
com.andrutyk.waiterbolt,benign,0,0.030019721016287804,0,benign,17
ru.zigmund.online,benign,0,0.8685325384140015,1,malware,18
com.sicgamelab.vuurwerk,benign,0,0.3504742980003357,0,benign,13
com.customchurchapps.appwvpop4x2,benign,0,0.24781347811222076,0,benign,139
com.azgame.app.poolcity,benign,0,0.0036685888189822435,0,benign,107
jp.ne.cna.wificonnect,benign,0,0.2002505362033844,0,benign,34
com.lunarway.app,benign,0,0.009391135536134243,0,benign,140
com.shogunstudios.poikatsutile,benign,0,0.0008606402552686632,0,benign,111
edu.synthetic.androzoo.malware.ransomware_locker.1734,malware,1,0.8945453763008118,1,malware,181
com.veeveefitness.app,benign,0,0.6576089262962341,1,malware,30
com.appsmart.delivery.pizzeriaalbertomarl12997,benign,0,0.19320067763328552,0,benign,119
com.solucionesandinas.depositoon_line,benign,0,0.010986922308802605,0,benign,102
com.nword.std8maharashtra,benign,0,0.02814454771578312,0,benign,109
com.hinews,malware,1,0.9784908294677734,1,malware,54
jp.sally_inc.uzu,benign,0,0.020719988271594048,0,benign,13
edu.synthetic.androzoo.benign.webview_content.0047,benign,0,0.9942629933357239,1,malware,233
Uxpp.UC,benign,0,0.0010007218224927783,0,benign,174
edu.synthetic.androzoo.malware.sms_otp_stealer.1023,malware,1,0.980042576789856,1,malware,132
com.greenrevolution.ivelo,benign,0,0.0016066854586824775,0,benign,134
edu.synthetic.androzoo.malware.spyware_surveillance.0403,malware,1,0.9994266033172607,1,malware,65
com.zhangshang.zuhao,malware,1,0.8200868964195251,1,malware,95
com.radioinfinitalarioja,benign,0,0.04694272577762604,0,benign,76
com.fistoneGOfl66.ateNIUbilihai.yyh,malware,1,0.006473798770457506,0,benign,25
com.trainerize.eastwesthealth,benign,0,0.0019116982584819198,0,benign,11
com.amila.parenting,benign,0,0.0003630720602814108,0,benign,152
com.sybirex.wingoplan,benign,0,0.03636790066957474,0,benign,128
com.zeptolab.myomnom.free.google,malware,1,0.0009774505160748959,0,benign,187
com.aullan.aullan,benign,0,0.04660189524292946,0,benign,88
com.sonica.IbizaSonicaRadio,benign,0,0.9831029176712036,1,malware,147
edu.synthetic.androzoo.malware.sms_otp_stealer.0797,malware,1,0.9991570711135864,1,malware,52
edu.synthetic.androzoo.malware.spyware_surveillance.0150,malware,1,0.9905852675437927,1,malware,43
com.unicostudio.braintest,benign,0,0.002975886920467019,0,benign,165
edu.synthetic.androzoo.malware.sms_otp_stealer.1144,malware,1,0.9991152882575989,1,malware,75
edu.synthetic.androzoo.malware.spyware_surveillance.2028,malware,1,0.9987595081329346,1,malware,145
com.tracktime24.employee,benign,0,0.8284100890159607,1,malware,54
com.bhgames.spades,benign,0,0.9669322371482849,1,malware,50
edu.synthetic.androzoo.malware.banker_accessibility.0576,malware,1,0.9991347193717957,1,malware,170
com.app.mycatholiclifeinc,benign,0,0.04175877198576927,0,benign,18
com.debragga.debraggaapp,benign,0,0.6510913968086243,1,malware,142
com.waf.congratulationmessages,benign,0,0.007150624878704548,0,benign,173
edu.synthetic.androzoo.malware.banker_accessibility.0470,malware,1,0.9984583854675293,1,malware,60
com.zanaxu.wordcounter,benign,0,0.9141323566436768,1,malware,70
com.erra.social,benign,0,0.24926160275936127,0,benign,10
edu.synthetic.androzoo.malware.dropper_loader.1112,malware,1,0.9650068879127502,1,malware,34
net.wordbit.itpt,benign,0,0.008656056597828865,0,benign,264
com.zuzuChe.wz.sh,malware,1,0.9730642437934875,1,malware,21
com.urbandroid.lux,benign,0,0.0030141565948724747,0,benign,45
com.xinxiu.AvatarMaker,malware,1,0.25735601782798767,0,benign,14
com.fubar.mobile,benign,0,0.0027361391112208366,0,benign,172
edu.synthetic.androzoo.malware.wallet_stealer.0566,malware,1,0.999077558517456,1,malware,87
edu.synthetic.androzoo.malware.dropper_loader.0517,malware,1,0.9896710515022278,1,malware,42
edu.synthetic.androzoo.malware.overlay_pin_stealer.0860,malware,1,0.9483373165130615,1,malware,93
edu.synthetic.androzoo.malware.banker_accessibility.0730,malware,1,0.9992735981941223,1,malware,38
edu.synthetic.androzoo.malware.overlay_pin_stealer.0443,malware,1,0.9927600622177124,1,malware,94
com.game.goolny.stickers,benign,0,0.0009967164369300008,0,benign,110
en.lt.bestdict,benign,0,0.06506156921386719,0,benign,42
apps.muslim_musafir_khana,benign,0,0.5453552007675171,1,malware,15
com.djremix.djmusicplayers,malware,1,0.0009494305122643709,0,benign,176
en.co.atm.unison,benign,0,0.12662504613399506,0,benign,40
de.geos.app,benign,0,0.9525966644287109,1,malware,72
edu.synthetic.androzoo.malware.sms_otp_stealer.1902,malware,1,0.99928218126297,1,malware,38
edu.synthetic.androzoo.malware.ransomware_locker.0654,malware,1,0.9987614154815674,1,malware,66
com.tedmob.taxibeirut.user,benign,0,0.41859710216522217,0,benign,36
edu.synthetic.androzoo.malware.ransomware_locker.0822,malware,1,0.9899320602416992,1,malware,136
pl.bsjablonka.bsjablonkamobile,benign,0,0.7986618876457214,1,malware,106
com.clocknestgames.olimdal,malware,1,0.03353273868560791,0,benign,67
edu.synthetic.androzoo.malware.wallet_stealer.0950,malware,1,0.9993265867233276,1,malware,52
au.com.mentoracademy.app,benign,0,0.5148628950119019,1,malware,84
edu.synthetic.androzoo.malware.banker_accessibility.0428,malware,1,0.9709905982017517,1,malware,82
com.digidust.leucate.infotravaux,benign,0,0.00960016343742609,0,benign,122
com.gurtam.local_logistics,benign,0,0.011096926406025887,0,benign,87
com.heitao.mhj.appchina,malware,1,0.9983866214752197,1,malware,28
pl.pkobp.iko,benign,0,0.998415470123291,1,malware,197
com.trainerize.lift4life,benign,0,0.6759880781173706,1,malware,82
cn.hundun.app.data,malware,1,0.9473106265068054,1,malware,62
com.subsplashconsulting.s_859K4B,benign,0,0.04060354083776474,0,benign,185
edu.synthetic.androzoo.malware.overlay_pin_stealer.1988,malware,1,0.9964385032653809,1,malware,103
edu.synthetic.androzoo.malware.dropper_loader.0193,malware,1,0.999347984790802,1,malware,180
edu.synthetic.androzoo.benign.webview_content.0016,benign,0,0.0008198934374377131,0,benign,116
com.plaky.android,benign,0,0.002379004145041108,0,benign,119
com.star.laogh.qiuqian,malware,1,0.9989882111549377,1,malware,66
edu.synthetic.androzoo.malware.banker_accessibility.0041,malware,1,0.9986459612846375,1,malware,119
com.overnight.oats.recipe.app,benign,0,0.2689487636089325,0,benign,162
edu.synthetic.androzoo.malware.sms_otp_stealer.0541,malware,1,0.9803786277770996,1,malware,184
edu.synthetic.androzoo.malware.sms_otp_stealer.0360,malware,1,0.9874224662780762,1,malware,87
edu.synthetic.androzoo.benign.media_game.0230,benign,0,0.002006761496886611,0,benign,102
edu.synthetic.androzoo.malware.wallet_stealer.2067,malware,1,0.9994879961013794,1,malware,33
com.plexus.android,benign,0,0.000335249409545213,0,benign,166
com.marvelous.runbot,malware,1,0.0014966946328058839,0,benign,74
de.myfitcoach.tim.mfc,benign,0,0.0003410142089705914,0,benign,179
com.permadi.hexagonCrushGame,benign,0,0.023463159799575806,0,benign,18
edu.synthetic.androzoo.malware.adware_clicker.1971,malware,1,0.9876589179039001,1,malware,80
com.promo360.promo360,benign,0,0.012750877998769283,0,benign,107
edu.synthetic.androzoo.malware.banker_accessibility.0579,malware,1,0.9992814660072327,1,malware,50
lgc.zhousMandarin.activity,malware,1,0.998565137386322,1,malware,20
com.bublup.bublup,benign,0,0.31895533204078674,0,benign,85
com.wave.personal,benign,0,0.7958423495292664,1,malware,151
edu.synthetic.androzoo.malware.banker_accessibility.1493,malware,1,0.9992802739143372,1,malware,68
edu.synthetic.androzoo.malware.dropper_loader.0938,malware,1,0.23972851037979126,0,benign,188
jp.nakano.tokyo.rsa,benign,0,0.18503347039222717,0,benign,35
com.dynogeek.qlisperaceway,benign,0,0.01895035244524479,0,benign,139
edu.synthetic.androzoo.benign.commerce_social.0177,benign,0,0.000762621930334717,0,benign,40
edu.synthetic.androzoo.malware.banker_accessibility.0314,malware,1,0.9995051622390747,1,malware,123
com.rubikscube.freesolve,benign,0,0.0002736853784881532,0,benign,30
edu.synthetic.androzoo.malware.overlay_pin_stealer.0512,malware,1,0.9917376637458801,1,malware,64
com.missu.bill,malware,1,0.9964435696601868,1,malware,143
com.idmobile.norwaymeteo,benign,0,0.7037056684494019,1,malware,18
edu.synthetic.androzoo.malware.adware_clicker.0427,malware,1,0.969525933265686,1,malware,156
edu.synthetic.androzoo.malware.dropper_loader.1932,malware,1,0.9871641397476196,1,malware,191
edu.synthetic.androzoo.malware.overlay_pin_stealer.0072,malware,1,0.9980369210243225,1,malware,66
sixpack.sixpackabs.absworkout,benign,0,0.010326963849365711,0,benign,205
com.androidapp.skins.girls.minecraft,malware,1,0.10425225645303726,0,benign,118
com.bartering.forsa,benign,0,0.0010260991984978318,0,benign,136
edu.synthetic.androzoo.malware.wallet_stealer.1835,malware,1,0.9936205744743347,1,malware,85
edu.synthetic.androzoo.malware.ransomware_locker.1991,malware,1,0.99863201379776,1,malware,75
com.Fivestones.Alter,malware,1,0.016530649736523628,0,benign,36
uni.UNI8EFADFE,malware,1,0.9978085160255432,1,malware,83
edu.synthetic.androzoo.malware.banker_accessibility.1906,malware,1,0.8212316632270813,1,malware,138
eu.mycabin.mycabin.preview,benign,0,0.0030497771222144365,0,benign,126
com.asmr.doctor.diy.makeup.salon.games,benign,0,0.037454377859830856,0,benign,81
edu.synthetic.androzoo.malware.spyware_surveillance.1880,malware,1,0.7436880469322205,1,malware,105
edu.synthetic.androzoo.malware.banker_accessibility.0989,malware,1,0.9796097874641418,1,malware,126
edu.synthetic.androzoo.malware.wallet_stealer.0144,malware,1,0.9638776779174805,1,malware,144
com.freetrailer,benign,0,0.05939988046884537,0,benign,109
com.lgtech.checktime_io,benign,0,0.9966799020767212,1,malware,66
com.doc360.client,malware,1,0.6597870588302612,1,malware,82
com.gs.carmechanic.tireshop.carrepair.offlinegame,benign,0,0.004451746586710215,0,benign,37
edu.synthetic.androzoo.malware.overlay_pin_stealer.1566,malware,1,0.9996535778045654,1,malware,44
com.sinyee.babybus.stroke,malware,1,0.005952818319201469,0,benign,37
com.dkhs.futures,malware,1,0.0006916173151694238,0,benign,27
com.rubeacon.niceandjoy,benign,0,0.0005161470617167652,0,benign,47
jp.co.muse.matsuro,malware,1,0.0009221046930179,0,benign,63
edu.synthetic.androzoo.malware.dropper_loader.1813,malware,1,0.847194254398346,1,malware,127
com.aaron.grabredpacket,malware,1,0.9925946593284607,1,malware,199
edu.synthetic.androzoo.malware.overlay_pin_stealer.1883,malware,1,0.9965513944625854,1,malware,71
jp.co.a_tm.android.plus_kawaii_hamster,benign,0,0.3397749960422516,0,benign,20
edu.synthetic.androzoo.malware.dropper_loader.0279,malware,1,0.6294311285018921,1,malware,153
com.es.mengmobile.yyh,malware,1,0.9953475594520569,1,malware,114
com.subsplash.thechurchapp.s_W89C49,benign,0,0.156808540225029,0,benign,193
com.zhan.runhealthy,benign,0,0.0003655807813629508,0,benign,56
edu.synthetic.androzoo.malware.sms_otp_stealer.0285,malware,1,0.9858700037002563,1,malware,192
edu.synthetic.androzoo.malware.dropper_loader.1102,malware,1,0.7745358347892761,1,malware,110
io.liaopin.NI2DD730B,malware,1,0.9983704686164856,1,malware,84
edu.synthetic.androzoo.malware.overlay_pin_stealer.0308,malware,1,0.9233253002166748,1,malware,185
edu.synthetic.androzoo.malware.spyware_surveillance.0970,malware,1,0.9990259408950806,1,malware,75
edu.synthetic.androzoo.malware.overlay_pin_stealer.1018,malware,1,0.9992225170135498,1,malware,79
de.mobiletrend.lovidoo,benign,0,0.029229426756501198,0,benign,241
com.bunbunstudio.magicblocktiles,benign,0,0.0012477064738050103,0,benign,117
com.jacobsmedia.bluelake,benign,0,0.14909309148788452,0,benign,110
edu.synthetic.androzoo.malware.banker_accessibility.1091,malware,1,0.9815381765365601,1,malware,194
com.nikinorm.gus,benign,0,0.0031104821246117353,0,benign,27
com.puzzle.find.differences,benign,0,0.02643175981938839,0,benign,48
com.instalaxmi.omsairam,benign,0,0.013139276765286922,0,benign,124
com.mavi.kartus,benign,0,0.0013615250354632735,0,benign,161
edu.synthetic.androzoo.malware.wallet_stealer.0542,malware,1,0.9983420372009277,1,malware,78
edu.synthetic.androzoo.malware.dropper_loader.0002,malware,1,0.9960075616836548,1,malware,107
com.spiritshack.sls,benign,0,0.007840294390916824,0,benign,109
com.unitybars.corplight.oschadbank,benign,0,0.001126931281760335,0,benign,116
com.trainerize.primalcoaching,benign,0,0.6355651021003723,1,malware,23
edu.synthetic.androzoo.malware.sms_otp_stealer.0583,malware,1,0.9986359477043152,1,malware,44
com.DefaultCompany.StreetRoosterFightKungFu,benign,0,0.0018938997527584434,0,benign,95
edu.synthetic.androzoo.malware.dropper_loader.0927,malware,1,0.9697810411453247,1,malware,218
edu.synthetic.androzoo.malware.spyware_surveillance.0275,malware,1,0.9843130111694336,1,malware,104
com.clowder.aot,benign,0,0.39825159311294556,0,benign,35
edu.synthetic.androzoo.malware.ransomware_locker.1417,malware,1,0.5634068846702576,1,malware,102
edu.synthetic.androzoo.benign.webview_content.0101,benign,0,0.45607879757881165,0,benign,81
core.writer,benign,0,0.5200211405754089,1,malware,113
jp.co.bandainamcoonline.idolish7,benign,0,0.0009729530429467559,0,benign,138
com.telstra.nrl.knights,benign,0,0.0060244896449148655,0,benign,124
edu.synthetic.androzoo.malware.sms_otp_stealer.1104,malware,1,0.7723981738090515,1,malware,187
com.eltok.scoreboardliveumpireapp,benign,0,0.0012300600064918399,0,benign,24
edu.synthetic.androzoo.malware.banker_accessibility.0206,malware,1,0.9985503554344177,1,malware,50
com.beartool.girfriendvalue,malware,1,0.9990936517715454,1,malware,36
edu.synthetic.androzoo.benign.webview_content.0113,benign,0,0.9948726296424866,1,malware,30
com.morega.ldsg,malware,1,0.13924050331115723,0,benign,115
mm.pndaza.atthakathanissaya,benign,0,0.11115161329507828,0,benign,22
edu.synthetic.androzoo.malware.wallet_stealer.1753,malware,1,0.998637855052948,1,malware,56
edu.synthetic.androzoo.malware.spyware_surveillance.1041,malware,1,0.9962732791900635,1,malware,41
com.moyun365.android.zkchemistry,malware,1,0.9549165964126587,1,malware,52
edu.synthetic.androzoo.malware.spyware_surveillance.1478,malware,1,0.9017189741134644,1,malware,97
com.bubblestudio.crazyguess,malware,1,0.004230143036693335,0,benign,53
edu.synthetic.androzoo.benign.media_game.0216,benign,0,0.0026834500022232533,0,benign,96
edu.synthetic.androzoo.malware.sms_otp_stealer.1289,malware,1,0.9822883605957031,1,malware,32
com.kenangan.my,benign,0,0.07634959369897842,0,benign,50
edu.synthetic.androzoo.benign.commerce_social.0200,benign,0,0.0004748038190882653,0,benign,33
com.travel.flybooking,benign,0,0.02530633471906185,0,benign,63
solitaire.cardgames.solitairegames.free.klondike,benign,0,0.0034078715834766626,0,benign,129
edu.synthetic.androzoo.malware.spyware_surveillance.0345,malware,1,0.9971318244934082,1,malware,136
edu.synthetic.androzoo.malware.sms_otp_stealer.1163,malware,1,0.9979848861694336,1,malware,30
gr.delhaize,benign,0,0.007686082739382982,0,benign,85
edu.synthetic.androzoo.malware.spyware_surveillance.0134,malware,1,0.995435893535614,1,malware,118
edu.synthetic.androzoo.malware.banker_accessibility.0955,malware,1,0.9976040720939636,1,malware,69
cz.praetorsystems.praetor2,benign,0,0.9993595480918884,1,malware,46
edu.synthetic.androzoo.malware.dropper_loader.0765,malware,1,0.152103990316391,0,benign,192
edu.synthetic.androzoo.malware.sms_otp_stealer.1334,malware,1,0.9969708919525146,1,malware,70
com.vgrstudios.Birdphotoeditor,benign,0,0.9864066243171692,1,malware,101
com.denniscode.shareit,benign,0,0.00043205407564528286,0,benign,109
edu.synthetic.androzoo.malware.dropper_loader.0006,malware,1,0.9984238147735596,1,malware,82
com.finewoodworking,benign,0,0.014360809698700905,0,benign,64
com.IVR.horoscopoescorpio,benign,0,0.999107301235199,1,malware,179
edu.synthetic.androzoo.malware.spyware_surveillance.2007,malware,1,0.9995346069335938,1,malware,58
edu.synthetic.androzoo.malware.sms_otp_stealer.1998,malware,1,0.9986012578010559,1,malware,47
in.bridgeon.my_habit_app,benign,0,0.9492883682250977,1,malware,33
com.maxtoolbox.rot,malware,1,0.0008283687056973577,0,benign,90
com.looped.pos.looped_pos_new,benign,0,0.00047511167940683663,0,benign,10
fr.ina.madelen,benign,0,0.3919747769832611,0,benign,44
com.kabbalah.calendar,benign,0,0.0038659735582768917,0,benign,17
com.volkswagen.vwnavarra2,benign,0,0.7957961559295654,1,malware,146
com.tk.cattrans,benign,0,0.9930300116539001,1,malware,141
com.bongopharma.bd,malware,1,0.0017162665026262403,0,benign,85
com.funstay.android.global.idlerpgv1,benign,0,0.0013935074675828218,0,benign,79
com.yahapps.checkers,benign,0,0.9496853947639465,1,malware,22
edu.synthetic.androzoo.malware.dropper_loader.1077,malware,1,0.6549748182296753,1,malware,178
com.ucroo.augusta,benign,0,0.09075455367565155,0,benign,129
edu.synthetic.androzoo.malware.adware_clicker.0698,malware,1,0.9854092001914978,1,malware,53
io.c2dev.mypastpapers,benign,0,0.46498754620552063,0,benign,19
net.ship56.consignor,malware,1,0.009153139777481556,0,benign,47
com.ThreeCatGames.HamsterAttack,malware,1,0.16094467043876648,0,benign,70
edu.synthetic.androzoo.malware.spyware_surveillance.0035,malware,1,0.9924066662788391,1,malware,78
edu.synthetic.androzoo.benign.commerce_social.0015,benign,0,0.005035181995481253,0,benign,94
edu.synthetic.androzoo.malware.banker_accessibility.0305,malware,1,0.9981856942176819,1,malware,64
com.ttdic.synonymsru,benign,0,0.25078657269477844,0,benign,118
com.khobta.anti_wrinklefacialexercises,benign,0,0.3677992522716522,0,benign,241
edu.synthetic.androzoo.benign.commerce_social.0008,benign,0,0.0015419496921822429,0,benign,82
edu.synthetic.androzoo.malware.overlay_pin_stealer.0770,malware,1,0.9986401200294495,1,malware,46
app.donkeymobile.renswoudehervormd,benign,0,0.9361715316772461,1,malware,27
edu.synthetic.androzoo.malware.spyware_surveillance.1713,malware,1,0.9941744208335876,1,malware,138
edu.synthetic.androzoo.malware.overlay_pin_stealer.1508,malware,1,0.9987313151359558,1,malware,41
com.innogames.riseofcultures,benign,0,0.0031821930315345526,0,benign,99
edu.synthetic.androzoo.malware.wallet_stealer.1961,malware,1,0.9985222220420837,1,malware,92
apparray.edison_android_renewal,benign,0,0.0031731564085930586,0,benign,68
edu.synthetic.androzoo.malware.overlay_pin_stealer.1504,malware,1,0.9978975057601929,1,malware,41
com.blockcitywars.thugcity,malware,1,0.025979796424508095,0,benign,154
edu.synthetic.androzoo.malware.spyware_surveillance.0648,malware,1,0.9664326310157776,1,malware,104
edu.synthetic.androzoo.malware.ransomware_locker.0884,malware,1,0.9557029604911804,1,malware,121
edu.synthetic.androzoo.malware.overlay_pin_stealer.1708,malware,1,0.9981626868247986,1,malware,74
com.iok.childwordhan,malware,1,0.9992432594299316,1,malware,105
com.james.SmartCalculator,benign,0,0.010452649556100368,0,benign,127
au.com.solus.MoretonBayLibraries,benign,0,0.9950039982795715,1,malware,16
edu.synthetic.androzoo.malware.banker_accessibility.0259,malware,1,0.9926809668540955,1,malware,203
com.tempstick,benign,0,0.9714064002037048,1,malware,102
com.nabe.fr3pc,benign,0,0.06920845806598663,0,benign,110
service.ueco.coins,malware,1,0.002217258792370558,0,benign,35
me.hxyfj.rk,malware,1,0.9906259775161743,1,malware,108
edu.synthetic.androzoo.malware.adware_clicker.0324,malware,1,0.9946651458740234,1,malware,71
com.etcgamestudioo.pixel,malware,1,0.9978625178337097,1,malware,116
com.sg.free.prado.car.parking.games,benign,0,0.01682273857295513,0,benign,69
net.usb.usby4,benign,0,0.501787006855011,1,malware,31
edu.synthetic.androzoo.malware.banker_accessibility.0507,malware,1,0.9980390667915344,1,malware,125
jp.co.kdl.yukiyama,benign,0,0.0007144769188016653,0,benign,162
com.eduven.cc.bruschettas,benign,0,0.0009408846963196993,0,benign,162
edu.synthetic.androzoo.malware.overlay_pin_stealer.0359,malware,1,0.9980273842811584,1,malware,100
nl.zig.ap.app.zuidwestwonen,benign,0,0.00806508120149374,0,benign,170
edu.synthetic.androzoo.malware.dropper_loader.0629,malware,1,0.9680188894271851,1,malware,139
edu.synthetic.androzoo.malware.overlay_pin_stealer.0065,malware,1,0.9895528554916382,1,malware,175
a882902.mcn,benign,0,0.0024886298924684525,0,benign,188
edu.synthetic.androzoo.malware.spyware_surveillance.1806,malware,1,0.9976956248283386,1,malware,75
com.cinemaxx.activity,benign,0,0.005227851681411266,0,benign,105
edu.synthetic.androzoo.malware.overlay_pin_stealer.1920,malware,1,0.9393553733825684,1,malware,153
edu.synthetic.androzoo.malware.dropper_loader.1079,malware,1,0.9771982431411743,1,malware,104
edu.synthetic.androzoo.malware.spyware_surveillance.1650,malware,1,0.9660389423370361,1,malware,179
com.boltrend.castleburn.nesh,malware,1,0.2574266195297241,0,benign,217
secolink.manager,malware,1,0.004795255605131388,0,benign,26
com.goldenpenguin.FriesMartTycoon,benign,0,0.05688345804810524,0,benign,17
com.withbuddies.dice.free,benign,0,0.0013948347186669707,0,benign,116
edu.synthetic.androzoo.malware.sms_otp_stealer.1702,malware,1,0.9881762266159058,1,malware,149
edu.synthetic.androzoo.malware.wallet_stealer.0490,malware,1,0.9988418221473694,1,malware,49
com.zonedeliveryservicerider,benign,0,0.0019978173077106476,0,benign,108
com.pixticle.bokuboku.yg,malware,1,0.4879337549209595,0,benign,136
com.cykj.chuangyingdiy,malware,1,0.4799424707889557,0,benign,271
edu.synthetic.androzoo.malware.wallet_stealer.1335,malware,1,0.996404767036438,1,malware,60
com.herogame.gplay.eternalevolution.idlerpg,benign,0,0.14906799793243408,0,benign,118
edu.synthetic.androzoo.malware.banker_accessibility.0146,malware,1,0.9304826259613037,1,malware,173
com.ayibang.ayb,malware,1,0.8876303434371948,1,malware,70
com.sice_app,benign,0,0.0007030756678432226,0,benign,98
com.ninehundredapps.daralfaqih,benign,0,0.004197672940790653,0,benign,135
edu.synthetic.androzoo.malware.overlay_pin_stealer.0232,malware,1,0.9993675351142883,1,malware,103
net.freshgogo.android,malware,1,0.27054086327552795,0,benign,136
cn.com.vtmarkets,benign,0,0.029340527951717377,0,benign,39
com.helplove.shbf,malware,1,0.1622566282749176,0,benign,56
com.antpool.app.android,benign,0,0.0499810092151165,0,benign,43
edu.synthetic.androzoo.malware.sms_otp_stealer.1158,malware,1,0.8264678120613098,1,malware,59
com.tocaboca.tocavacation,malware,1,0.060391269624233246,0,benign,170
com.znam_majstora.android,benign,0,0.0026904393453150988,0,benign,99
edu.synthetic.androzoo.malware.spyware_surveillance.1722,malware,1,0.9976003766059875,1,malware,81
com.youxigongchang.chuanyuexiyou.a323.yyh,malware,1,0.9977229237556458,1,malware,44
cc.sidi.SigmaScript,benign,0,0.6688907742500305,1,malware,32
edu.synthetic.androzoo.malware.sms_otp_stealer.2008,malware,1,0.9987612962722778,1,malware,66
edu.synthetic.androzoo.malware.banker_accessibility.0606,malware,1,0.9976473450660706,1,malware,79
edu.synthetic.androzoo.malware.banker_accessibility.1414,malware,1,0.931087851524353,1,malware,152
com.appernewsr.zambiaradiostations,benign,0,0.007545487489551306,0,benign,199
kenia.os.tiles.hop,benign,0,0.007113645318895578,0,benign,20
com.twitter.videodownload.videodownloaderfortwitter,benign,0,0.001817416399717331,0,benign,11
com.sinyee.babybus.help,malware,1,0.980156421661377,1,malware,55
ott.nyse,benign,0,0.1642370969057083,0,benign,101
com.mysticmobileapps.android.boat.tracker,benign,0,0.012962989509105682,0,benign,14
edu.synthetic.androzoo.malware.dropper_loader.1665,malware,1,0.6275632977485657,1,malware,80
com.dezerv,benign,0,0.16189126670360565,0,benign,10
com.subsplashconsulting.s_XMCCSF,benign,0,0.0024903693702071905,0,benign,186
com.tsci.hmn,malware,1,0.05308933183550835,0,benign,70
es.altra.airzone,benign,0,0.9996116757392883,1,malware,57
edu.synthetic.androzoo.malware.spyware_surveillance.1001,malware,1,0.9985588192939758,1,malware,51
edu.synthetic.androzoo.malware.ransomware_locker.0504,malware,1,0.8413805961608887,1,malware,73
com.appazur.nsspartans,benign,0,0.12319912761449814,0,benign,22
gr.christianikatragoudia.app,benign,0,0.005185903515666723,0,benign,50
it.redbitgames.hauntedmanor2full,malware,1,0.07042242586612701,0,benign,15
edu.synthetic.androzoo.malware.spyware_surveillance.0325,malware,1,0.9963490962982178,1,malware,86
com.merge.townhorizon.puzzlegame,benign,0,0.06714227795600891,0,benign,105
com.linker.scyt,malware,1,0.0005915595102123916,0,benign,64
com.ske6bento.kotodama,benign,0,0.004226254299283028,0,benign,85
edu.synthetic.androzoo.malware.banker_accessibility.1748,malware,1,0.9664970636367798,1,malware,170
com.nodemerger.class9thengbook,benign,0,0.004413491580635309,0,benign,28
com.cabs,benign,0,0.9468911290168762,1,malware,202
edu.synthetic.androzoo.malware.adware_clicker.0839,malware,1,0.9874688386917114,1,malware,185
edu.synthetic.androzoo.malware.ransomware_locker.1814,malware,1,0.9648804664611816,1,malware,82
edu.synthetic.androzoo.malware.ransomware_locker.2024,malware,1,0.9669340252876282,1,malware,109
com.faneganr.waygo.yyh,malware,1,0.86496901512146,1,malware,167
edu.synthetic.androzoo.malware.overlay_pin_stealer.0887,malware,1,0.9985429048538208,1,malware,65
com.beautybuddy,benign,0,0.8209890723228455,1,malware,103
edu.synthetic.androzoo.malware.ransomware_locker.0202,malware,1,0.8988174200057983,1,malware,155
edu.synthetic.androzoo.malware.spyware_surveillance.0841,malware,1,0.8669492602348328,1,malware,153
edu.synthetic.androzoo.malware.dropper_loader.0996,malware,1,0.9567443132400513,1,malware,127
edu.synthetic.androzoo.malware.overlay_pin_stealer.1635,malware,1,0.9756399393081665,1,malware,88
edu.synthetic.androzoo.malware.dropper_loader.1875,malware,1,0.9983813762664795,1,malware,197
com.whj.app.stavemaster,malware,1,0.001057745423167944,0,benign,10
edu.synthetic.androzoo.malware.ransomware_locker.1554,malware,1,0.96832275390625,1,malware,87
edu.synthetic.androzoo.malware.ransomware_locker.2053,malware,1,0.823326051235199,1,malware,137
edu.synthetic.androzoo.malware.dropper_loader.1020,malware,1,0.9481400847434998,1,malware,72
com.subsplashconsulting.s_XNK3P6,benign,0,0.9741713404655457,1,malware,153
edu.synthetic.androzoo.malware.dropper_loader.1310,malware,1,0.7153921723365784,1,malware,229
edu.synthetic.androzoo.malware.dropper_loader.1556,malware,1,0.8628054857254028,1,malware,85
com.mobeasyapp.app1308622866805,benign,0,0.006206339690834284,0,benign,146
edu.synthetic.androzoo.malware.dropper_loader.1703,malware,1,0.9872249960899353,1,malware,91
edu.synthetic.androzoo.malware.overlay_pin_stealer.0294,malware,1,0.9989639520645142,1,malware,46
com.gymchina.tomato.art,malware,1,0.16149203479290009,0,benign,74
com.findhelp.android.lpca,benign,0,0.9436998963356018,1,malware,32
com.tmapmobility.drive.driver,benign,0,0.0035636196844279766,0,benign,114
au.com.allhomes,malware,1,0.03913163021206856,0,benign,157
com.keesadens.SIMphonebookFree,benign,0,0.09732764214277267,0,benign,39
edu.synthetic.androzoo.malware.overlay_pin_stealer.0744,malware,1,0.9972449541091919,1,malware,49
edu.synthetic.androzoo.malware.overlay_pin_stealer.0103,malware,1,0.9985902905464172,1,malware,73
com.moblin.israeltrain,benign,0,0.0061293309554457664,0,benign,78
edu.synthetic.androzoo.malware.overlay_pin_stealer.1440,malware,1,0.9970824122428894,1,malware,60
edu.synthetic.androzoo.benign.commerce_social.0119,benign,0,0.01059652864933014,0,benign,214
com.CanttGames.GoldenEggCatcher,malware,1,0.29037630558013916,0,benign,75
word.riddles.guess.brain.test.tricky.puzzle.quiz.game.free,benign,0,0.0028082511853426695,0,benign,149
com.sei.sevencharge.ca,benign,0,0.8685222864151001,1,malware,56
com.video.videodownloader_appdl,malware,1,0.8111662268638611,1,malware,140
com.nopact.WetHoops,malware,1,0.001685317256487906,0,benign,61
edu.synthetic.androzoo.benign.utility_background.0108,benign,0,0.013547874055802822,0,benign,157
com.edurev.mpsc,benign,0,0.004011340904980898,0,benign,143
com.huoban,malware,1,0.0021872217766940594,0,benign,21
com.mobincube.homiletica.sc_HU3B1K,malware,1,0.9775671362876892,1,malware,126
com.thumbtel.anothernumber,malware,1,0.0009665930992923677,0,benign,79
com.didong.ddac,malware,1,0.00740410340949893,0,benign,65
edu.synthetic.androzoo.malware.adware_clicker.1341,malware,1,0.7727474570274353,1,malware,116
com.voice.changer.today,malware,1,0.0011941264383494854,0,benign,192
wheelzgh.app,benign,0,0.0008850962040014565,0,benign,136
com.jk.wisdomcam,malware,1,0.009595517069101334,0,benign,61
edu.synthetic.androzoo.malware.wallet_stealer.1294,malware,1,0.9977046847343445,1,malware,70
be.lgc.wep.herve,benign,0,0.3041664958000183,0,benign,94
com.yamabus.pocha.pj,malware,1,0.8659436106681824,1,malware,60
edu.synthetic.androzoo.benign.media_game.0182,benign,0,0.0373469814658165,0,benign,254
edu.synthetic.androzoo.malware.sms_otp_stealer.0533,malware,1,0.9976862668991089,1,malware,66
com.ciyun.oneshop,malware,1,0.9594923853874207,1,malware,26
com.innovatel.radiolavozdelimasur,benign,0,0.0026755037251859903,0,benign,108
org.NSAA.BOU,benign,0,0.003934910055249929,0,benign,27
com.resdiary.androidapp,benign,0,0.012954524718225002,0,benign,208
keikyu.kq_app,benign,0,0.7070830464363098,1,malware,25
com.turbo.turboplus,malware,1,0.009463351219892502,0,benign,36
edu.synthetic.androzoo.malware.banker_accessibility.2044,malware,1,0.9989456534385681,1,malware,65
com.coloringbookgames.ninjabikeColoring,benign,0,0.03842385858297348,0,benign,12
edu.synthetic.androzoo.malware.ransomware_locker.1605,malware,1,0.2342260181903839,0,benign,140
com.coyoapp.comtsnet.engage.android,benign,0,0.8229513168334961,1,malware,24
projet824.menorah,benign,0,0.6771804690361023,1,malware,34
com.simpler.dialer,benign,0,0.009971224702894688,0,benign,190
wjs.mobile.myquicknote,benign,0,0.0012333003105595708,0,benign,40
com.isharing.isharing,benign,0,0.10224803537130356,0,benign,239
edu.synthetic.androzoo.malware.dropper_loader.0889,malware,1,0.91363525390625,1,malware,195
feather.notes,malware,1,0.0010087572736665606,0,benign,27
edu.synthetic.androzoo.malware.banker_accessibility.1496,malware,1,0.9981924891471863,1,malware,43
edu.synthetic.androzoo.malware.spyware_surveillance.1831,malware,1,0.9947741627693176,1,malware,46
com.zjzk.auntserver,malware,1,0.20674461126327515,0,benign,71
edu.synthetic.androzoo.malware.ransomware_locker.0188,malware,1,0.9953405857086182,1,malware,101
com.overlapapp,benign,0,0.22098879516124725,0,benign,40
br.gov.fazenda.receita.eprocesso,benign,0,0.006389422342181206,0,benign,73
com.rkplayerjolite.rkjo,benign,0,0.00846871454268694,0,benign,119
edu.synthetic.androzoo.malware.dropper_loader.2017,malware,1,0.18600286543369293,0,benign,182
de.lightless.radiostation.dortmund,benign,0,0.2600347101688385,0,benign,93
nl.aareon.mybricr,benign,0,0.9981895089149475,1,malware,58
edu.synthetic.androzoo.malware.banker_accessibility.0307,malware,1,0.9841718077659607,1,malware,208
com.mazidashi.cs,malware,1,0.9745386838912964,1,malware,65
edu.synthetic.androzoo.benign.commerce_social.0138,benign,0,0.0012355903163552284,0,benign,156
com.upjers.dinosaurparkprimevalzoo,benign,0,0.0014544969890266657,0,benign,84
edu.synthetic.androzoo.malware.ransomware_locker.1047,malware,1,0.9972606897354126,1,malware,109
edu.synthetic.androzoo.malware.dropper_loader.1749,malware,1,0.7139443755149841,1,malware,181
com.cloudcc.mobile,malware,1,0.7498334050178528,1,malware,66
edu.synthetic.androzoo.malware.overlay_pin_stealer.1424,malware,1,0.999000608921051,1,malware,59
edu.synthetic.androzoo.benign.maps_cloud.0100,benign,0,0.1262601613998413,0,benign,177
edu.synthetic.androzoo.benign.maps_cloud.0159,benign,0,0.0015364652499556541,0,benign,163
com.UltimateGames.Fishing,benign,0,0.031861450523138046,0,benign,14
edu.synthetic.androzoo.malware.sms_otp_stealer.0694,malware,1,0.998006284236908,1,malware,60
online.wsticker,benign,0,0.147087961435318,0,benign,45
com.ROGER.mo3adali,benign,0,0.36536353826522827,0,benign,137
br.com.sistemaprover.pibbh,benign,0,0.825059711933136,1,malware,79
it.cgn.app.fatturazione,benign,0,0.19007036089897156,0,benign,32
com.opogo,benign,0,0.0016281148418784142,0,benign,129
com.games.trucksimulator.indiantruck.free,malware,1,0.01391732320189476,0,benign,91
com.privatevpn.internetaccess,benign,0,0.07044515013694763,0,benign,193
com.coffreo.coffreo.coffreo,benign,0,0.007979036308825016,0,benign,28
com.brilian.studyx.student,benign,0,0.04195559397339821,0,benign,13
com.fridaysgames.godsandglory,benign,0,0.006246537901461124,0,benign,35
com.hrblock.AtHome,benign,0,0.038745395839214325,0,benign,128
fr.coopcycle.lcr,benign,0,0.020719988271594048,0,benign,13
com.buwizz.buwizz2,benign,0,0.09590286761522293,0,benign,27
com.apazine.floral,benign,0,0.0346115306019783,0,benign,89
com.app.punctualiti,benign,0,0.20299690961837769,0,benign,78
com.sabe.brevet,benign,0,0.043412499129772186,0,benign,43
edu.synthetic.androzoo.malware.dropper_loader.1855,malware,1,0.999514102935791,1,malware,245
ireport.liberia.mobile,benign,0,0.9950897693634033,1,malware,31
com.ring.fantasy.today,malware,1,0.0031160791404545307,0,benign,49
edu.synthetic.androzoo.malware.sms_otp_stealer.0100,malware,1,0.9235329627990723,1,malware,103
com.arielvila.karcli.transtrip,benign,0,0.6861523985862732,1,malware,14
com.yc.dayband,malware,1,0.07410553842782974,0,benign,74
edu.synthetic.androzoo.malware.overlay_pin_stealer.0998,malware,1,0.9852312803268433,1,malware,134
dev.SellAnnuityPayment.WaterDropLiveWallpaper,benign,0,0.9360091090202332,1,malware,212
edu.synthetic.androzoo.malware.adware_clicker.0115,malware,1,0.9813150763511658,1,malware,137
edu.synthetic.androzoo.malware.wallet_stealer.1965,malware,1,0.9973112344741821,1,malware,64
com.kaneep.dmang,malware,1,0.020394159480929375,0,benign,43
com.trainerize.harrythorncoachingapp,benign,0,0.0028503797948360443,0,benign,10
am.studio.poison.habit.of.force,benign,0,0.0008992095245048404,0,benign,182
ro.superligafantasy.SuperligaFantasy,benign,0,0.9823426604270935,1,malware,146
com.synx.fleetmanager,benign,0,0.0035339968744665384,0,benign,24
jp.co.masa21.app.masa21scapp,benign,0,0.012709381990134716,0,benign,10
edu.synthetic.androzoo.malware.wallet_stealer.0752,malware,1,0.9992844462394714,1,malware,49
wap.ccw.shuxue,malware,1,0.9085413813591003,1,malware,47
com.lypro.motto,malware,1,0.9880241751670837,1,malware,120
edu.synthetic.androzoo.malware.spyware_surveillance.0793,malware,1,0.9904330968856812,1,malware,195
kr.co.nhcapital,benign,0,0.930945873260498,1,malware,61
com.cjump.clothing.store.sim.game,benign,0,0.052286580204963684,0,benign,21
net.wordbit.enru,benign,0,0.0007116497145034373,0,benign,214
com.dgscan.app,benign,0,0.005456036888062954,0,benign,110
it.xmenu.mandarinosushi,benign,0,0.9411404728889465,1,malware,70
us.adspecials.app,benign,0,0.13820810616016388,0,benign,164
edu.synthetic.androzoo.malware.dropper_loader.2032,malware,1,0.003320852527394891,0,benign,139
edu.synthetic.androzoo.malware.banker_accessibility.0309,malware,1,0.997660756111145,1,malware,76
com.jlahhw.sl096,benign,0,0.001190678682178259,0,benign,118
no.fishbuddy_playground.app,benign,0,0.09370075166225433,0,benign,89
edu.synthetic.androzoo.benign.webview_content.0145,benign,0,0.8504283428192139,1,malware,145
edu.synthetic.androzoo.malware.dropper_loader.0902,malware,1,0.5353640913963318,1,malware,163
com.fitivity.krav_maga_moves,benign,0,0.006909934338182211,0,benign,81
edu.synthetic.androzoo.malware.sms_otp_stealer.1313,malware,1,0.9980352520942688,1,malware,48
com.cadenverse.beat.tiles.musicgame,benign,0,0.3234693706035614,0,benign,97
com.youdao.translator,malware,1,0.02848619408905506,0,benign,30
edu.synthetic.androzoo.malware.banker_accessibility.1924,malware,1,0.9969680905342102,1,malware,49
edu.synthetic.androzoo.benign.utility_background.0212,benign,0,0.07869752496480942,0,benign,42
com.moon.baby.learn.pinying,malware,1,0.0003511845716275275,0,benign,14
mf.myeg.com.eservicemobile,benign,0,0.01751428283751011,0,benign,138
edu.synthetic.androzoo.malware.spyware_surveillance.1958,malware,1,0.9787788987159729,1,malware,175
com.noctualabs.android.hamstercheese,benign,0,0.14083988964557648,0,benign,120
com.pujiagames.ennichi,malware,1,0.0022260986734181643,0,benign,11
com.maxedadiygroup.brico,benign,0,0.12914586067199707,0,benign,125
com.trainerize.noahlyftsfitness,benign,0,0.6520444750785828,1,malware,24
edu.synthetic.androzoo.malware.ransomware_locker.0511,malware,1,0.9819955825805664,1,malware,152
edu.synthetic.androzoo.malware.dropper_loader.1264,malware,1,0.8792257905006409,1,malware,74
edu.synthetic.androzoo.malware.overlay_pin_stealer.1322,malware,1,0.9994999170303345,1,malware,31
edu.synthetic.androzoo.malware.wallet_stealer.0109,malware,1,0.9409370422363281,1,malware,94
com.appseed.famipoi,benign,0,0.0026096112560480833,0,benign,81
masar.bluetoothsplitter.free,benign,0,0.9996088147163391,1,malware,56
com.mobincube.promesas_biblicas.sc_HYL5R8,malware,1,0.014439673162996769,0,benign,67
com.sinyee.babybus.share,malware,1,0.9731954336166382,1,malware,50
edu.synthetic.androzoo.malware.dropper_loader.1917,malware,1,0.19276997447013855,0,benign,117
edu.synthetic.androzoo.benign.media_game.0205,benign,0,0.0016642529517412186,0,benign,79
com.IVR.horoscopocancer,benign,0,0.0038352590054273605,0,benign,103
edu.synthetic.androzoo.malware.spyware_surveillance.2027,malware,1,0.98665452003479,1,malware,39
edu.synthetic.androzoo.malware.overlay_pin_stealer.1288,malware,1,0.9939660429954529,1,malware,89
com.healthfitnessnordic.gxbooking,benign,0,0.003936771769076586,0,benign,180
com.ahboutique.android,benign,0,0.0452309176325798,0,benign,59
com.beliapp.myapp,benign,0,0.9228475689888,1,malware,127
com.gh.eurobus.driving.simulator.bus.game,benign,0,0.10200468450784683,0,benign,68
cn.e23.weihai,malware,1,0.002550992416217923,0,benign,24
com.berhanbanksc.mobiruby,benign,0,0.0026094720233231783,0,benign,15
tw.net.ebc.fncyoutube,benign,0,0.6740267276763916,1,malware,75
ch.beekeeper.bellfoodgroup,benign,0,0.23905746638774872,0,benign,84
com.IllusionsGames.PoppyAndGlamrock,benign,0,0.010801694355905056,0,benign,208
edu.synthetic.androzoo.malware.overlay_pin_stealer.1373,malware,1,0.9994242191314697,1,malware,44
com.onebit.iqtestraven,benign,0,0.07468214631080627,0,benign,111
edu.synthetic.androzoo.malware.dropper_loader.0867,malware,1,0.9794169068336487,1,malware,118
com.realvisiontv,benign,0,0.34681937098503113,0,benign,67
com.fywork.ballwa,malware,1,0.9994481205940247,1,malware,127
com.Emozzes.TheEmozzes,benign,0,0.001730294548906386,0,benign,11
edu.synthetic.androzoo.malware.spyware_surveillance.0316,malware,1,0.9408129453659058,1,malware,187
pl.com.pwm.con.sol.la,benign,0,0.021953226998448372,0,benign,57
com.trexit.trexedia,benign,0,0.005410229321569204,0,benign,131
com.ccspltms,benign,0,0.009802645072340965,0,benign,92
edu.synthetic.androzoo.malware.spyware_surveillance.0497,malware,1,0.9974748492240906,1,malware,156
edu.synthetic.androzoo.malware.banker_accessibility.0831,malware,1,0.9135623574256897,1,malware,165
edu.synthetic.androzoo.malware.spyware_surveillance.1342,malware,1,0.9846904873847961,1,malware,170
edu.synthetic.androzoo.malware.spyware_surveillance.0736,malware,1,0.6838961243629456,1,malware,94
edu.synthetic.androzoo.malware.banker_accessibility.0290,malware,1,0.9884276986122131,1,malware,223
edu.synthetic.androzoo.malware.overlay_pin_stealer.0709,malware,1,0.9987467527389526,1,malware,57
com.estsoft.alsong,benign,0,0.6950836777687073,1,malware,136
com.MyCollege.app,benign,0,0.17623122036457062,0,benign,118
edu.synthetic.androzoo.malware.spyware_surveillance.1460,malware,1,0.9936850666999817,1,malware,165
perfectly.imperfect.yoga,benign,0,0.8579404354095459,1,malware,119
edu.synthetic.androzoo.benign.commerce_social.0009,benign,0,0.0010081937070935965,0,benign,111
com.jai.connect,benign,0,0.1932814121246338,0,benign,40
edu.synthetic.androzoo.malware.banker_accessibility.0371,malware,1,0.9971434473991394,1,malware,55
edu.synthetic.androzoo.malware.banker_accessibility.1124,malware,1,0.9915456175804138,1,malware,204
naveen.duplicatefile.fixerfinder,benign,0,0.9974862337112427,1,malware,116
edu.synthetic.androzoo.benign.utility_background.0175,benign,0,0.003658212488517165,0,benign,75
com.subsplashconsulting.s_G5V9SS,benign,0,0.008957900106906891,0,benign,178
app.donkeymobile.interkerkelijkdovenpastoraat,benign,0,0.8031817674636841,1,malware,28
de.nextbike,benign,0,0.006601172033697367,0,benign,145
edu.synthetic.androzoo.malware.dropper_loader.0252,malware,1,0.9812175035476685,1,malware,157
jp.co.obunsha.dic.browser,benign,0,0.024985428899526596,0,benign,63
com.smoobu.app,benign,0,0.20658104121685028,0,benign,213
io.battle.state.war.clash,benign,0,0.002818239387124777,0,benign,106
com.GeorefSystems_TRPT,benign,0,0.06895000487565994,0,benign,152
edu.synthetic.androzoo.malware.sms_otp_stealer.0406,malware,1,0.9979965090751648,1,malware,155
com.webook.android,benign,0,0.5583770871162415,1,malware,41
com.moneybookers.skrillpayments,benign,0,0.1727066934108734,0,benign,217
com.trainerize.lisaelliottonlinecoaching,benign,0,0.028243495151400566,0,benign,35
edu.synthetic.androzoo.malware.dropper_loader.1295,malware,1,0.9670794010162354,1,malware,92
penguin.solitaire.match,benign,0,0.887452244758606,1,malware,180
edu.synthetic.androzoo.benign.utility_background.0117,benign,0,0.005374716594815254,0,benign,116
com.zhiliaoxl.lingyun,malware,1,0.8144609332084656,1,malware,202
ca.lockedup.teleporte,benign,0,0.18577605485916138,0,benign,115
com.attack.longlegs.yyh,malware,1,0.3201194107532501,0,benign,140
leviusLLC.Afterlife,malware,1,0.2658378481864929,0,benign,95
com.example.kuban24,benign,0,0.0025451050605624914,0,benign,133
nl.marktplaats.android,benign,0,0.008887263014912605,0,benign,239
edu.synthetic.androzoo.malware.wallet_stealer.1867,malware,1,0.990328848361969,1,malware,160
com.oscar.videochat.wow,benign,0,0.000962444581091404,0,benign,159
com.vioai.creator.aignite,benign,0,0.007687548641115427,0,benign,364
edu.synthetic.androzoo.malware.banker_accessibility.1347,malware,1,0.9778101444244385,1,malware,148
com.hungrypanda.waimai,benign,0,0.013780890963971615,0,benign,62
com.pocketpiano.mobile,malware,1,0.9484546184539795,1,malware,55
com.ipreto.android.ageofconquerors.st,malware,1,0.9256646037101746,1,malware,164
edu.synthetic.androzoo.malware.ransomware_locker.1662,malware,1,0.9439001679420471,1,malware,110
com.gigabyte.e7linecloud,benign,0,0.051635969430208206,0,benign,34
com.taza,benign,0,0.0015891091898083687,0,benign,15
com.hexun.caidaopro,malware,1,0.10311999917030334,0,benign,69
com.apptegy.greenar,benign,0,0.397188663482666,0,benign,128
com.igindis.worldempire2027,benign,0,0.0713975727558136,0,benign,11
edu.synthetic.androzoo.malware.dropper_loader.1669,malware,1,0.9799857139587402,1,malware,77
com.offroad.jeep.simulator.drive.tracks,benign,0,0.01856052130460739,0,benign,104
edu.synthetic.androzoo.malware.spyware_surveillance.0089,malware,1,0.9459267258644104,1,malware,176
edu.synthetic.androzoo.malware.wallet_stealer.0800,malware,1,0.9849371314048767,1,malware,113
com.sampark.roadwe,benign,0,0.0010251865023747087,0,benign,143
edu.synthetic.androzoo.malware.dropper_loader.0288,malware,1,0.21677710115909576,0,benign,42
com.fromsolvers.r10,benign,0,0.100705087184906,0,benign,46
com.crosoften.adjuve,benign,0,0.01952843926846981,0,benign,51
edu.synthetic.androzoo.malware.banker_accessibility.1497,malware,1,0.7087887525558472,1,malware,245
com.golinks.io,benign,0,0.005792398937046528,0,benign,60
com.bladexdesigns.helpdesk,benign,0,0.008093772456049919,0,benign,91
com.civicapps.hendersonnv,benign,0,0.0025083976797759533,0,benign,140
com.easysay.korean,malware,1,0.03899317607283592,0,benign,13
com.mobincube.estudios_biblicos.sc_HNPIES,malware,1,0.9981836676597595,1,malware,141
edu.synthetic.androzoo.malware.ransomware_locker.0714,malware,1,0.9440685510635376,1,malware,148
com.onefitstop.atora,benign,0,0.08410180360078812,0,benign,120
com.bimiboo.drawing,benign,0,0.0021803209092468023,0,benign,70
com.encar.encarMobileApp,benign,0,0.010776654817163944,0,benign,130
edu.synthetic.androzoo.malware.banker_accessibility.1498,malware,1,0.76953125,1,malware,170
edu.synthetic.androzoo.malware.banker_accessibility.1455,malware,1,0.9957707524299622,1,malware,101
com.dijitalvarliklar.tgrthaber,benign,0,0.16264590620994568,0,benign,104
edu.synthetic.androzoo.malware.overlay_pin_stealer.0662,malware,1,0.7152161598205566,1,malware,144
shanks.scgl,malware,1,0.692457377910614,1,malware,33
edu.synthetic.androzoo.malware.banker_accessibility.1278,malware,1,0.8689916729927063,1,malware,177
com.dfsc.vivo.jxmtkb.ywrs.yyh,malware,1,0.998308539390564,1,malware,184
edu.synthetic.androzoo.malware.wallet_stealer.1900,malware,1,0.9992462396621704,1,malware,116
edu.synthetic.androzoo.benign.maps_cloud.0044,benign,0,0.0029254478868097067,0,benign,99
gen.tech.keiki.world.learning,benign,0,0.0009327981970272958,0,benign,102
com.chinesemenuonline.asianwoklouisville,benign,0,0.19958043098449707,0,benign,76
edu.synthetic.androzoo.malware.adware_clicker.1204,malware,1,0.696344792842865,1,malware,112
edu.synthetic.androzoo.malware.adware_clicker.1208,malware,1,0.9988760352134705,1,malware,66
edu.synthetic.androzoo.malware.dropper_loader.1060,malware,1,0.9731321334838867,1,malware,82
edu.synthetic.androzoo.malware.adware_clicker.0703,malware,1,0.9861694574356079,1,malware,120
com.dragon.coloring.Coloringbook,benign,0,0.00047544334665872157,0,benign,13
com.bravolang.thai,malware,1,0.022887658327817917,0,benign,97
com.ata.games.spacecat,benign,0,0.010966557078063488,0,benign,159
edu.synthetic.androzoo.malware.dropper_loader.0205,malware,1,0.9763494729995728,1,malware,129
edu.synthetic.androzoo.malware.wallet_stealer.0651,malware,1,0.7688296437263489,1,malware,192
com.biz.android.mbanking,benign,0,0.005189092829823494,0,benign,94
edu.synthetic.androzoo.malware.banker_accessibility.0903,malware,1,0.9988884329795837,1,malware,61
com.kasbcompany.android,benign,0,0.8233870267868042,1,malware,23
com.fireworkcreator,benign,0,0.9981890320777893,1,malware,110
com.newssynergy.kxweatherapp,benign,0,0.1540415734052658,0,benign,196
edu.synthetic.androzoo.benign.commerce_social.0013,benign,0,0.0017683524638414383,0,benign,220
com.pgc.propertygaincalculator,benign,0,0.014981583692133427,0,benign,44
edu.synthetic.androzoo.malware.sms_otp_stealer.0802,malware,1,0.9693135619163513,1,malware,32
com.shaggyowl.cf753,benign,0,0.18526700139045715,0,benign,19
edu.synthetic.androzoo.malware.dropper_loader.1227,malware,1,0.3456272780895233,0,benign,56
edu.synthetic.androzoo.malware.dropper_loader.0514,malware,1,0.6623802185058594,1,malware,31
com.wanmeizhensuo.zhensuo,malware,1,0.01784501038491726,0,benign,22
edu.synthetic.androzoo.malware.spyware_surveillance.0225,malware,1,0.9861147403717041,1,malware,192
edu.synthetic.androzoo.benign.commerce_social.0125,benign,0,0.04677256569266319,0,benign,110
edu.synthetic.androzoo.malware.dropper_loader.0284,malware,1,0.776131808757782,1,malware,210
com.alphaunit.tapmoles,benign,0,0.47355425357818604,0,benign,282
com.openlms.myccmoodle,benign,0,0.9995706677436829,1,malware,47
com.amitech.alleventsorg,benign,0,0.0075456732884049416,0,benign,13
com.modhaus.cosmo,benign,0,0.9990658164024353,1,malware,139
hu.hvg.android,benign,0,0.15835244953632355,0,benign,28
edu.synthetic.androzoo.malware.spyware_surveillance.1284,malware,1,0.9223843812942505,1,malware,186
com.pyramids.icecream,malware,1,0.05903657525777817,0,benign,14
com.evrika.math.club,benign,0,0.0016826045466586947,0,benign,69
ie.uniquepublishing.limericketss,benign,0,0.010657778941094875,0,benign,148
com.ellabook,malware,1,0.034043923020362854,0,benign,32
edu.synthetic.androzoo.malware.spyware_surveillance.1793,malware,1,0.5244442224502563,1,malware,81
edu.synthetic.androzoo.malware.spyware_surveillance.0781,malware,1,0.9938229322433472,1,malware,186
edu.synthetic.androzoo.malware.overlay_pin_stealer.1571,malware,1,0.9994213581085205,1,malware,50
com.illtip.app.ios,malware,1,0.0026583021972328424,0,benign,124
edu.synthetic.androzoo.malware.ransomware_locker.0238,malware,1,0.9820329546928406,1,malware,33
com.subsplash.thechurchapp.s_XSKXQX,benign,0,0.002626367611810565,0,benign,186
com.qilu.studio.CrystalGuard,benign,0,0.732420802116394,1,malware,40
edu.synthetic.androzoo.malware.overlay_pin_stealer.0270,malware,1,0.978394627571106,1,malware,127
com.tithely.app.c38461,benign,0,0.0029120040126144886,0,benign,166
edu.synthetic.androzoo.malware.wallet_stealer.1614,malware,1,0.9218373894691467,1,malware,175
com.heavy.truck.driver.simulator.offroad.game,benign,0,0.02847670018672943,0,benign,39
net.xinhuamm.d0537,malware,1,0.7019882798194885,1,malware,93
com.my.jump.lab,benign,0,0.013114234432578087,0,benign,89
au.com.solus.GlenEiraLibraries,benign,0,0.9979002475738525,1,malware,30
edu.synthetic.androzoo.benign.maps_cloud.0194,benign,0,0.00037868611980229616,0,benign,136
edu.synthetic.androzoo.malware.banker_accessibility.0537,malware,1,0.8525744676589966,1,malware,174
com.vanniktech.meditationtimer,benign,0,0.9987791180610657,1,malware,146
edu.synthetic.androzoo.malware.spyware_surveillance.1896,malware,1,0.9910992980003357,1,malware,121
com.enovation.greentinsolutions,benign,0,0.9988605976104736,1,malware,84
kr.co.emeye.joinsautocom,benign,0,0.059691235423088074,0,benign,84
edu.synthetic.androzoo.malware.overlay_pin_stealer.0124,malware,1,0.9961250424385071,1,malware,79
com.microfund.app,malware,1,0.042967021465301514,0,benign,208
edu.synthetic.androzoo.malware.banker_accessibility.0220,malware,1,0.9274189472198486,1,malware,202
net.zdsoft.zerobook_android,malware,1,0.012354251928627491,0,benign,48
edu.synthetic.androzoo.malware.sms_otp_stealer.0382,malware,1,0.9981324076652527,1,malware,88
com.golfapp.gcgiez,benign,0,0.009285521693527699,0,benign,145
edu.synthetic.androzoo.malware.spyware_surveillance.0246,malware,1,0.9997567534446716,1,malware,161
com.life.palm,malware,1,0.051612187176942825,0,benign,118
com.BloompixStudios.HouseOfTerrorVRFree,malware,1,0.9959589838981628,1,malware,96
edu.synthetic.androzoo.benign.commerce_social.0079,benign,0,0.0011120066046714783,0,benign,63
ai.chat.gpt.bot,malware,1,0.02129415236413479,0,benign,181
org.wycliffe.zapotecoistmo.zai,benign,0,0.004776929039508104,0,benign,114
edu.synthetic.androzoo.malware.banker_accessibility.0974,malware,1,0.9965493679046631,1,malware,59
com.crossfit05.kevinboirel.strivee,benign,0,0.059949569404125214,0,benign,87
com.ulab.treasurehunter,benign,0,0.003404483897611499,0,benign,101
app.mynetvpnvip.build,malware,1,0.0005505870212800801,0,benign,27
edu.synthetic.androzoo.malware.overlay_pin_stealer.0936,malware,1,0.9977850914001465,1,malware,64
edu.synthetic.androzoo.malware.wallet_stealer.0719,malware,1,0.9973397850990295,1,malware,60
edu.synthetic.androzoo.malware.wallet_stealer.1197,malware,1,0.9931203126907349,1,malware,131
edu.synthetic.androzoo.malware.dropper_loader.1305,malware,1,0.6022676825523376,1,malware,83
edu.synthetic.androzoo.malware.banker_accessibility.0343,malware,1,0.9898138642311096,1,malware,219
edu.synthetic.androzoo.malware.spyware_surveillance.0426,malware,1,0.9711216688156128,1,malware,132
com.Kidoverse.HairSalon,benign,0,0.0036227386444807053,0,benign,86
com.Radyoye.Kurdi,benign,0,0.0004218373796902597,0,benign,164
edu.synthetic.androzoo.malware.overlay_pin_stealer.0624,malware,1,0.6375645995140076,1,malware,160
jp.co.c2inc.deepsleep.pokemedi,benign,0,0.4107082784175873,0,benign,233
com.bayer.cs.mscapp,benign,0,0.0013991332380101085,0,benign,124
com.cocoplay.shoppinggirl,benign,0,0.003536240430548787,0,benign,144
edu.synthetic.androzoo.malware.wallet_stealer.1990,malware,1,0.9902883768081665,1,malware,97
com.dawa.mobile,benign,0,0.31104201078414917,0,benign,139
edu.synthetic.androzoo.malware.banker_accessibility.0612,malware,1,0.9833495616912842,1,malware,163
com.apptegy.edgewoodtx,benign,0,0.9775362610816956,1,malware,127
edu.synthetic.androzoo.malware.banker_accessibility.0755,malware,1,0.9983341097831726,1,malware,88
edu.synthetic.androzoo.malware.banker_accessibility.0063,malware,1,0.9962783455848694,1,malware,103
io.lumat.pedregaldelamontana,benign,0,0.9403615593910217,1,malware,18
com.xiuxin.ins.follow.unfollow,malware,1,0.06153939291834831,0,benign,103
com.gamenug.hotdonutlite,malware,1,0.07343796640634537,0,benign,32
edu.synthetic.androzoo.benign.webview_content.0061,benign,0,0.9955000281333923,1,malware,207
edu.synthetic.androzoo.malware.dropper_loader.0801,malware,1,0.5290400385856628,1,malware,135
com.CitrusLife.CatchtheMammoth,benign,0,0.15371103584766388,0,benign,17
edu.synthetic.androzoo.malware.banker_accessibility.0940,malware,1,0.9951608777046204,1,malware,164
com.heshu.originofshanhai,malware,1,0.000973572488874197,0,benign,23
jp.co.a_tm.android.plus_lady_in_pink,benign,0,0.22617407143115997,0,benign,61
net.megastudy.qube,benign,0,0.0016759169520810246,0,benign,124
com.devjah.plants,benign,0,0.024973589926958084,0,benign,77
product.clicklabs.jugnoo.driver,benign,0,0.017576875165104866,0,benign,153
edu.synthetic.androzoo.malware.wallet_stealer.0445,malware,1,0.9990940093994141,1,malware,107
edu.synthetic.androzoo.malware.banker_accessibility.0044,malware,1,0.9849644303321838,1,malware,163
com.cielo.app.cielohome,benign,0,0.0012266559060662985,0,benign,116
com.openmygame.games.android.wordpizza,benign,0,0.19277077913284302,0,benign,42
edu.synthetic.androzoo.malware.sms_otp_stealer.0615,malware,1,0.9985462427139282,1,malware,56
com.coastonemortgage,benign,0,0.01850755140185356,0,benign,140
com.rvappstudios.tile.connect.link.puzzle.game,benign,0,0.27360421419143677,0,benign,46
com.ahs.gaipapp.gaipapp,benign,0,0.2084934264421463,0,benign,63
com.stickers.watermarker,malware,1,0.9678662419319153,1,malware,53
com.bankscene.bes.welllinkbank,benign,0,0.7604727745056152,1,malware,31
com.berrycomm.smarthome,benign,0,0.0002534142986405641,0,benign,142
edu.synthetic.androzoo.malware.dropper_loader.1632,malware,1,0.9961084723472595,1,malware,211
edu.synthetic.androzoo.malware.spyware_surveillance.1820,malware,1,0.998853325843811,1,malware,176
edu.synthetic.androzoo.malware.banker_accessibility.0626,malware,1,0.9987950325012207,1,malware,195
com.trycaviar.customer,benign,0,0.0024750118609517813,0,benign,168
edu.synthetic.androzoo.malware.overlay_pin_stealer.1426,malware,1,0.9993135929107666,1,malware,40
edu.synthetic.androzoo.malware.spyware_surveillance.1681,malware,1,0.9962665438652039,1,malware,49
com.eaziapps.cms.android6448f960e2122,benign,0,0.27334606647491455,0,benign,31
edu.synthetic.androzoo.malware.spyware_surveillance.0260,malware,1,0.9984862208366394,1,malware,42
edu.synthetic.androzoo.malware.overlay_pin_stealer.0891,malware,1,0.9992685914039612,1,malware,73
com.yamabus2.orca,benign,0,0.2550552487373352,0,benign,14
edu.synthetic.androzoo.malware.spyware_surveillance.1502,malware,1,0.9975472092628479,1,malware,49
com.polarix.prontopolarix,benign,0,0.6071366667747498,1,malware,85
com.luckyskeletonstudios.idlebanktycoon,benign,0,0.010825881734490395,0,benign,100
edu.synthetic.androzoo.benign.commerce_social.0003,benign,0,0.0027369132731109858,0,benign,36
com.aimo.quin.colibri,benign,0,0.0005960131529718637,0,benign,86
edu.synthetic.androzoo.malware.spyware_surveillance.0653,malware,1,0.9971838593482971,1,malware,54
edu.synthetic.androzoo.malware.spyware_surveillance.0695,malware,1,0.9979896545410156,1,malware,52
com.frugalflyer.airport.bgy,benign,0,0.1578560471534729,0,benign,37
com.cirkwi.pit,benign,0,0.04936612397432327,0,benign,156
edu.synthetic.androzoo.malware.spyware_surveillance.1467,malware,1,0.9985572695732117,1,malware,100
com.coljonesswim.icp,benign,0,0.0007721632136963308,0,benign,129
com.birodic.tafsir.ahlam,benign,0,0.9985730648040771,1,malware,140
edu.synthetic.androzoo.malware.overlay_pin_stealer.1576,malware,1,0.9880622625350952,1,malware,84
edu.synthetic.androzoo.malware.banker_accessibility.0866,malware,1,0.9813858866691589,1,malware,184
edu.synthetic.androzoo.malware.dropper_loader.0007,malware,1,0.9983639121055603,1,malware,126
edu.synthetic.androzoo.malware.banker_accessibility.0240,malware,1,0.992233157157898,1,malware,133
edu.synthetic.androzoo.malware.banker_accessibility.1030,malware,1,0.9996458292007446,1,malware,71
dk.tactile.lilysgarden,benign,0,0.005482845939695835,0,benign,105
com.mike.gifmaker,benign,0,0.2911686897277832,0,benign,21
com.realsys.poem,malware,1,0.19273805618286133,0,benign,87
edu.synthetic.androzoo.malware.spyware_surveillance.0551,malware,1,0.938217282295227,1,malware,45
com.intellect_soft_apps.photowarp,benign,0,0.9478738903999329,1,malware,95
edu.synthetic.androzoo.malware.spyware_surveillance.1591,malware,1,0.856002151966095,1,malware,162
edu.synthetic.androzoo.malware.overlay_pin_stealer.1206,malware,1,0.9958635568618774,1,malware,177
edu.synthetic.androzoo.malware.ransomware_locker.1054,malware,1,0.999568521976471,1,malware,35
es.odilo.capodilo,benign,0,0.8256282806396484,1,malware,129
edu.synthetic.androzoo.benign.commerce_social.0118,benign,0,0.5080896615982056,1,malware,87
com.hp.impulse.panorama,benign,0,0.004871731158345938,0,benign,161
com.loyverse.dashboard,benign,0,0.0013330931542441249,0,benign,114
com.dastyar.io,benign,0,0.0026215508114546537,0,benign,159
edu.synthetic.androzoo.malware.sms_otp_stealer.0886,malware,1,0.9983634352684021,1,malware,96
com.tappocket.dragonvillage,benign,0,0.14442507922649384,0,benign,35
edu.synthetic.androzoo.malware.banker_accessibility.0567,malware,1,0.9869033098220825,1,malware,154
edu.synthetic.androzoo.malware.overlay_pin_stealer.1484,malware,1,0.9788541793823242,1,malware,89
com.neopons.Talkytalky,benign,0,0.0009400289854966104,0,benign,105
edu.synthetic.androzoo.benign.commerce_social.0203,benign,0,0.08011346310377121,0,benign,69
com.my.cooking.chef.kitchen.craze.fever,benign,0,0.8178629875183105,1,malware,116
edu.synthetic.androzoo.malware.dropper_loader.1629,malware,1,0.9624580144882202,1,malware,191
com.sandsmedia.apps.android.entwicklerkiosk,benign,0,0.022665534168481827,0,benign,20
edu.synthetic.androzoo.malware.sms_otp_stealer.1106,malware,1,0.8722333312034607,1,malware,64
com.ma.ld.dict.mechanical,malware,1,0.04620670527219772,0,benign,84
edu.synthetic.androzoo.malware.spyware_surveillance.0917,malware,1,0.9419527053833008,1,malware,109
edu.synthetic.androzoo.malware.sms_otp_stealer.0218,malware,1,0.9918138980865479,1,malware,37
edu.synthetic.androzoo.malware.sms_otp_stealer.1046,malware,1,0.9892232418060303,1,malware,68
edu.synthetic.androzoo.benign.webview_content.0026,benign,0,0.9490054249763489,1,malware,126
com.application.zomato.district,benign,0,0.001945529947988689,0,benign,163
es.educaria.julioverne,benign,0,0.0008663301123306155,0,benign,142
edu.synthetic.androzoo.malware.wallet_stealer.1473,malware,1,0.9990701079368591,1,malware,86
edu.synthetic.androzoo.malware.overlay_pin_stealer.1558,malware,1,0.9978262782096863,1,malware,81
jp.co.fukuibank.bankingappli,benign,0,0.0012633120641112328,0,benign,135
edu.synthetic.androzoo.malware.ransomware_locker.1209,malware,1,0.9961742758750916,1,malware,92
edu.synthetic.androzoo.malware.spyware_surveillance.0550,malware,1,0.9670819640159607,1,malware,36
org.impahq.app,benign,0,0.0008767010876908898,0,benign,127
com.azyouxi.quanwangqw,malware,1,0.9972196817398071,1,malware,94
com.subsplashconsulting.s_JKQH7Q,benign,0,0.02288934588432312,0,benign,159
edu.synthetic.androzoo.malware.banker_accessibility.1145,malware,1,0.5865721106529236,1,malware,103
edu.synthetic.androzoo.benign.media_game.0078,benign,0,0.0002305700327269733,0,benign,107
edu.synthetic.androzoo.benign.media_game.0030,benign,0,0.018408259376883507,0,benign,116
com.subsplashconsulting.s_83272W,benign,0,0.011351204477250576,0,benign,125
edu.synthetic.androzoo.malware.wallet_stealer.1213,malware,1,0.9967998266220093,1,malware,80
com.lumilabs.LingoLooper,benign,0,0.01017121784389019,0,benign,12
com.streann.powerfm,benign,0,0.001211824594065547,0,benign,147
com.fingersoft.boomkarts,malware,1,0.009122076444327831,0,benign,96
com.empire.grow.rome.ly,malware,1,0.008045284077525139,0,benign,32
assamboardbooks.com,benign,0,0.0007728765485808253,0,benign,241
com.zamplus.marathonsh,malware,1,0.0009163092472590506,0,benign,21
edu.synthetic.androzoo.malware.ransomware_locker.1461,malware,1,0.6708866953849792,1,malware,97
edu.synthetic.androzoo.malware.spyware_surveillance.1344,malware,1,0.990760326385498,1,malware,176
com.ax003d.sichu,malware,1,0.993047297000885,1,malware,13
com.squarespace.android.squarespaceapp,benign,0,0.12015672028064728,0,benign,69
com.eduven.ld.lang.thai,malware,1,0.9958821535110474,1,malware,100
com.cosentino.cconnect,benign,0,0.9945743680000305,1,malware,149
edu.synthetic.androzoo.malware.sms_otp_stealer.1844,malware,1,0.998735249042511,1,malware,81
edu.synthetic.androzoo.malware.ransomware_locker.0380,malware,1,0.9763843417167664,1,malware,116
shamimsoft.sahar,malware,1,0.0037295829970389605,0,benign,13
edu.synthetic.androzoo.benign.media_game.0180,benign,0,0.014384869486093521,0,benign,142
edu.synthetic.androzoo.malware.spyware_surveillance.0257,malware,1,0.9551436305046082,1,malware,152
edu.synthetic.androzoo.malware.adware_clicker.1350,malware,1,0.9987829327583313,1,malware,185
edu.synthetic.androzoo.malware.overlay_pin_stealer.0992,malware,1,0.9981939196586609,1,malware,77
com.widex.arc,benign,0,0.26029232144355774,0,benign,29
edu.synthetic.androzoo.malware.ransomware_locker.1694,malware,1,0.9400501251220703,1,malware,53
edu.synthetic.androzoo.malware.sms_otp_stealer.1923,malware,1,0.9892072677612305,1,malware,86
com.gcap.jumbleword,benign,0,0.001351319719105959,0,benign,23
com.vacationtracker.app,benign,0,0.12539765238761902,0,benign,112
edu.synthetic.androzoo.malware.spyware_surveillance.1318,malware,1,0.9965779185295105,1,malware,183
edu.synthetic.androzoo.malware.dropper_loader.1111,malware,1,0.004318091552704573,0,benign,169
com.thepattern.app,benign,0,0.0016255759401246905,0,benign,55
com.trendyol.go,benign,0,0.9892405867576599,1,malware,248
edu.synthetic.androzoo.malware.overlay_pin_stealer.1528,malware,1,0.8432173728942871,1,malware,172
com.LDRLY.budmatch,benign,0,0.0006683340761810541,0,benign,98
com.softmaker.cowkisan,benign,0,0.04133859649300575,0,benign,11
com.gangster.crime.stickman.rob.kill.topfreegames,benign,0,0.0006894647376611829,0,benign,157
edu.synthetic.androzoo.malware.overlay_pin_stealer.0367,malware,1,0.995900571346283,1,malware,52
mk.functionalplanet.app,benign,0,0.00592171773314476,0,benign,72
com.pokulan.thehobo.st,malware,1,0.9254471063613892,1,malware,88
com.lixil.hmnet.android.smartjp,benign,0,0.0016630294267088175,0,benign,128
nl.mendrix.mobile.crossdock,benign,0,0.2290467768907547,0,benign,23
com.relax.wordsearch,benign,0,0.001391933299601078,0,benign,45
edu.synthetic.androzoo.malware.dropper_loader.1006,malware,1,0.9558542966842651,1,malware,100
it.bolognafc.app,benign,0,0.0009455587132833898,0,benign,14
edu.synthetic.androzoo.malware.spyware_surveillance.1640,malware,1,0.989107608795166,1,malware,63
appinventor.ai_izzybella419.AmateurRadioQCodeQuiz,malware,1,0.00020818419579882175,0,benign,31
edu.synthetic.androzoo.malware.banker_accessibility.1615,malware,1,0.9997500777244568,1,malware,194
edu.synthetic.androzoo.malware.dropper_loader.0931,malware,1,0.9153211712837219,1,malware,104
edu.synthetic.androzoo.malware.ransomware_locker.0830,malware,1,0.9973095655441284,1,malware,123
edu.synthetic.androzoo.malware.banker_accessibility.0350,malware,1,0.9984900951385498,1,malware,63
com.mskj.riwei,malware,1,0.9985758066177368,1,malware,256
edu.synthetic.androzoo.malware.adware_clicker.0216,malware,1,0.9992796778678894,1,malware,34
extension.app.ide,malware,1,0.10176829993724823,0,benign,27
com.scloud.scloud.mobile,benign,0,0.0027346613351255655,0,benign,218
edu.synthetic.androzoo.malware.overlay_pin_stealer.0268,malware,1,0.9972896575927734,1,malware,79
com.hqyl.freebot,benign,0,0.9392945766448975,1,malware,105
edu.synthetic.androzoo.malware.wallet_stealer.1383,malware,1,0.9809184670448303,1,malware,155
edu.synthetic.androzoo.benign.commerce_social.0170,benign,0,0.0028013959527015686,0,benign,47
com.vagell.kv4pht,benign,0,0.0014304113574326038,0,benign,20
com.houyikj.appocr,malware,1,0.9935624599456787,1,malware,33
com.abuwaelyenna.AzkARII,malware,1,0.9982120990753174,1,malware,48
komandco.matete,benign,0,0.25559139251708984,0,benign,66
ru.thenewschool.trainer.math,benign,0,0.04747742787003517,0,benign,36
com.subsplashconsulting.s_R5GMWK,benign,0,0.0025343119632452726,0,benign,127
edu.synthetic.androzoo.malware.spyware_surveillance.0394,malware,1,0.9922581315040588,1,malware,183
com.apptegy.centralca,benign,0,0.0016902543138712645,0,benign,135
com.apptegy.ithacaps,benign,0,0.001195276970975101,0,benign,141
com.cordic.happicabsSWF,benign,0,0.04605027288198471,0,benign,113
edu.synthetic.androzoo.malware.adware_clicker.1519,malware,1,0.9876312613487244,1,malware,45
venkatesh.stotra,benign,0,0.45839428901672363,0,benign,74
com.habby.archero,benign,0,0.0011176697444170713,0,benign,85
com.bankscene.bes.welllinkbank,malware,1,0.00067080621374771,0,benign,10
com.trainerize.mybod,benign,0,0.0660180076956749,0,benign,18
com.aizu.lite,malware,1,0.0011130960192531347,0,benign,123
io.voodoo.paper2,benign,0,0.0484880730509758,0,benign,44
net.manoloworks.radio_kiev_kyiv_kiyev_dnieper_ukraine,benign,0,0.08615682274103165,0,benign,108
com.habib.exchange,benign,0,0.9686732888221741,1,malware,45
edu.synthetic.androzoo.benign.commerce_social.0240,benign,0,0.9448882341384888,1,malware,148
com.bluegolf.android.ntpga,benign,0,0.9970952272415161,1,malware,63
edu.synthetic.androzoo.malware.sms_otp_stealer.1375,malware,1,0.9000473618507385,1,malware,160
com.patanjali.bulk,benign,0,0.013670009560883045,0,benign,20
com.app.file.duster.fdd,malware,1,0.0004038304032292217,0,benign,120
com.nsd.mysteryOfFortune,malware,1,0.012092271819710732,0,benign,27
com.smg.snow.blower.truck.simulator,benign,0,0.004526826553046703,0,benign,123
com.caltopo.android,benign,0,0.09841670840978622,0,benign,84
edu.synthetic.androzoo.malware.overlay_pin_stealer.0928,malware,1,0.9985247254371643,1,malware,48
edu.synthetic.androzoo.malware.dropper_loader.0412,malware,1,0.14097686111927032,0,benign,83
events.seminairepartenaires.iwi,benign,0,0.9970139265060425,1,malware,52
edu.synthetic.androzoo.malware.sms_otp_stealer.2073,malware,1,0.9977370500564575,1,malware,31
net.manoloworks.radio_nouvelle_aquitaine_bordeaux_france_gironde_limoges,benign,0,0.0016965685645118356,0,benign,237
edu.synthetic.androzoo.malware.spyware_surveillance.1639,malware,1,0.9989571571350098,1,malware,50
com.android.daoway,malware,1,0.06637788563966751,0,benign,69
edu.synthetic.androzoo.benign.utility_background.0229,benign,0,0.052489425987005234,0,benign,65
edu.synthetic.androzoo.malware.dropper_loader.1387,malware,1,0.005707547068595886,0,benign,228
edu.synthetic.androzoo.malware.banker_accessibility.1243,malware,1,0.9960165619850159,1,malware,70
ddidev94.fishingweather,benign,0,0.0053000967018306255,0,benign,189
com.fahrtenbuch.carlogbook,benign,0,0.4033859670162201,0,benign,99
jp.co.welpjob,benign,0,0.0005532926297746599,0,benign,176
com.google.android.youtube,benign,0,0.018589934334158897,0,benign,119
com.holyblade.cloud.platform,malware,1,0.9372940063476562,1,malware,40
com.zsjj.activity,malware,1,0.27034643292427063,0,benign,40
edu.synthetic.androzoo.benign.utility_background.0185,benign,0,0.05166415870189667,0,benign,122
edu.synthetic.androzoo.malware.sms_otp_stealer.0573,malware,1,0.9743830561637878,1,malware,46
com.ihuman.jump,malware,1,0.0011807475239038467,0,benign,19
edu.synthetic.androzoo.malware.ransomware_locker.1062,malware,1,0.9028947949409485,1,malware,160
cl.bci.app.personas,benign,0,0.06402992457151413,0,benign,268
com.knew.feed,malware,1,0.004637173376977444,0,benign,109
edu.synthetic.androzoo.malware.ransomware_locker.1028,malware,1,0.9942445158958435,1,malware,111
edu.synthetic.androzoo.benign.webview_content.0029,benign,0,0.07194962352514267,0,benign,160
com.arbella.myarbella,benign,0,0.0276825912296772,0,benign,55
com.anykrowd.luckyclub_app,benign,0,0.9994980096817017,1,malware,151
com.shping,benign,0,0.049846455454826355,0,benign,22
edu.synthetic.androzoo.malware.dropper_loader.0442,malware,1,0.9831578731536865,1,malware,204
edu.synthetic.androzoo.malware.adware_clicker.0253,malware,1,0.9841991662979126,1,malware,129
com.catail.beess,benign,0,0.6750028729438782,1,malware,93
edu.synthetic.androzoo.malware.dropper_loader.1879,malware,1,0.9946061968803406,1,malware,146
edu.synthetic.androzoo.malware.ransomware_locker.0574,malware,1,0.9760845303535461,1,malware,147
com.shionplus_android,benign,0,0.009167885407805443,0,benign,241
edu.synthetic.androzoo.malware.overlay_pin_stealer.1982,malware,1,0.999152421951294,1,malware,54
com.bhadartech.saint_rita_novena,benign,0,0.8883170485496521,1,malware,102
edu.synthetic.androzoo.malware.ransomware_locker.0034,malware,1,0.9838019609451294,1,malware,79
edu.synthetic.androzoo.malware.dropper_loader.1474,malware,1,0.9828275442123413,1,malware,194
edu.synthetic.androzoo.malware.ransomware_locker.1050,malware,1,0.9958369731903076,1,malware,41
edu.synthetic.androzoo.benign.utility_background.0161,benign,0,0.001203410793095827,0,benign,58
com.expert.eplive,benign,0,0.03865271434187889,0,benign,29
com.xemplar.drive,malware,1,0.10402709245681763,0,benign,24
com.itcode.reader,malware,1,0.9982147216796875,1,malware,54
step.counter.walkmate.android,malware,1,0.002134264213964343,0,benign,158
edu.synthetic.androzoo.malware.banker_accessibility.0214,malware,1,0.9994202852249146,1,malware,177
edu.synthetic.androzoo.malware.overlay_pin_stealer.1581,malware,1,0.997443437576294,1,malware,78
iclass.mathflat.parent.student,benign,0,0.9822357892990112,1,malware,115
edu.synthetic.androzoo.malware.ransomware_locker.1904,malware,1,0.8416138291358948,1,malware,167
edu.synthetic.androzoo.malware.ransomware_locker.1155,malware,1,0.9216805100440979,1,malware,40
com.zomecorp.zome,benign,0,0.007233417592942715,0,benign,81
edu.synthetic.androzoo.malware.ransomware_locker.0161,malware,1,0.8815992474555969,1,malware,32
com.partnerize.platform,benign,0,0.14298377931118011,0,benign,38
edu.synthetic.androzoo.benign.maps_cloud.0033,benign,0,0.0008412881288677454,0,benign,165
edu.synthetic.androzoo.benign.webview_content.0214,benign,0,0.005826247856020927,0,benign,132
br.mobilibus.mobcampolargo,benign,0,0.722567081451416,1,malware,17
com.lixiangdong.idphotomaker,malware,1,0.0011441627284511924,0,benign,14
com.appsforagri.smartfarm,benign,0,0.009602384641766548,0,benign,138
edu.synthetic.androzoo.benign.utility_background.0055,benign,0,0.0008317706524394453,0,benign,33
com.huashi6.hst,malware,1,0.9548625946044922,1,malware,60
com.jcdecaux.vls.maribor,benign,0,0.057336367666721344,0,benign,160
com.fragileheart.note,benign,0,0.0772569477558136,0,benign,242
com.game.mobi.recover.photo.files,malware,1,0.036591582000255585,0,benign,41
com.pineapple.woody.block.color.blast,benign,0,0.014456674456596375,0,benign,113
com.credit9.funding,benign,0,0.9953430891036987,1,malware,140
com.anji.plus.crm,malware,1,0.0010695664677768946,0,benign,12
edu.synthetic.androzoo.malware.sms_otp_stealer.0056,malware,1,0.8296611905097961,1,malware,87
com.tolot.print.android,benign,0,0.9846765398979187,1,malware,110
com.absolutist.witchpranksfreegame,benign,0,0.02131849341094494,0,benign,18
com.techmetrica.apps.codegenius.pizero_eduok,benign,0,0.0011001460952684283,0,benign,118
com.ahuxueshu,malware,1,0.9935286641120911,1,malware,74
com.eea.android,benign,0,0.015675418078899384,0,benign,61
edu.synthetic.androzoo.malware.sms_otp_stealer.2021,malware,1,0.9737697839736938,1,malware,134
edu.synthetic.androzoo.malware.ransomware_locker.0267,malware,1,0.9041998982429504,1,malware,137
edu.synthetic.androzoo.benign.utility_background.0143,benign,0,0.005374165717512369,0,benign,113
edu.synthetic.androzoo.malware.dropper_loader.1684,malware,1,0.006220703013241291,0,benign,146
com.mobeasyapp.app227612917576,benign,0,0.0012685105903074145,0,benign,168
games.syrupy.sandwichshop,benign,0,0.9276600480079651,1,malware,21
com.t2s.mospalace793657,benign,0,0.0020157413091510534,0,benign,157
edu.synthetic.androzoo.malware.wallet_stealer.0051,malware,1,0.9956709146499634,1,malware,111
com.canine.flash.flicker,malware,1,0.2964056134223938,0,benign,60
edu.synthetic.androzoo.malware.banker_accessibility.0189,malware,1,0.9994925260543823,1,malware,181
com.yandex.toloka.androidapp,benign,0,0.036118462681770325,0,benign,104
edu.synthetic.androzoo.malware.ransomware_locker.0462,malware,1,0.951897144317627,1,malware,180
com.minikara.bubble.android,benign,0,0.9148088693618774,1,malware,241
dbzzz.dragon.ssj.battle,malware,1,0.006385733839124441,0,benign,76
edu.synthetic.androzoo.malware.spyware_surveillance.1369,malware,1,0.9930415153503418,1,malware,188
edu.synthetic.androzoo.malware.sms_otp_stealer.1469,malware,1,0.9936891794204712,1,malware,29
com.f2fgames.games.easterchicken.lite,malware,1,0.9990234375,1,malware,86
com.hit_pay.hitpay,benign,0,0.002144363010302186,0,benign,226
edu.synthetic.androzoo.malware.overlay_pin_stealer.1134,malware,1,0.9533734321594238,1,malware,150
edu.synthetic.androzoo.malware.spyware_surveillance.0082,malware,1,0.5663782358169556,1,malware,151
org.graffon.tabula,benign,0,0.06751593202352524,0,benign,135
id.or.aaji.aaji_mobile_exam,benign,0,0.9234272241592407,1,malware,40
com.sjfc.ynyfyt,malware,1,0.9982239603996277,1,malware,86
edu.synthetic.androzoo.malware.ransomware_locker.1643,malware,1,0.9956340193748474,1,malware,87
com.prospre,benign,0,0.03693782538175583,0,benign,36
com.mindsethealth.ibs,benign,0,0.4671953320503235,0,benign,29
com.newday.magicgirlglobal,malware,1,0.0462149940431118,0,benign,142
com.showclix.crowd,benign,0,0.0781094878911972,0,benign,77
edu.synthetic.androzoo.malware.sms_otp_stealer.0674,malware,1,0.9980226755142212,1,malware,63
com.appsmart.delivery.restaurantgrillzumhollander15810,benign,0,0.40302324295043945,0,benign,68
edu.synthetic.androzoo.benign.media_game.0086,benign,0,0.10577569156885147,0,benign,31
com.curefun,malware,1,0.9951100945472717,1,malware,131
edu.synthetic.androzoo.malware.adware_clicker.0693,malware,1,0.9988847374916077,1,malware,68
com.sugamobile.santapocket,benign,0,0.002602933906018734,0,benign,10
br.com.bb.android,benign,0,0.8375899791717529,1,malware,114
edu.synthetic.androzoo.benign.media_game.0063,benign,0,0.0015910774236544967,0,benign,100
com.fastgame.p001012,benign,0,0.012317360378801823,0,benign,147
jp.co.a_tm.android.plus_umito_kaigarato_shinju,benign,0,0.81719571352005,1,malware,49
com.xingyukeji.ylyb,malware,1,0.998201847076416,1,malware,85
com.chuangkit,malware,1,0.027225710451602936,0,benign,32
edu.synthetic.androzoo.malware.ransomware_locker.1637,malware,1,0.9377031326293945,1,malware,95
com.intermaps.iskirussia,benign,0,0.0003707607102114707,0,benign,118
edu.synthetic.androzoo.malware.wallet_stealer.0534,malware,1,0.9552441239356995,1,malware,161
edu.synthetic.androzoo.malware.dropper_loader.1940,malware,1,0.9310922622680664,1,malware,193
edu.synthetic.androzoo.malware.banker_accessibility.1490,malware,1,0.9541521668434143,1,malware,182
com.exploremetro.sh,benign,0,0.8165859580039978,1,malware,133
edu.synthetic.androzoo.malware.ransomware_locker.0728,malware,1,0.9690780639648438,1,malware,178
com.spendesk.spendesk,benign,0,0.00029668115894310176,0,benign,151
hr.app.n207002376,benign,0,0.9022650122642517,1,malware,78
edu.synthetic.androzoo.benign.maps_cloud.0206,benign,0,0.04265828803181648,0,benign,213
edu.synthetic.androzoo.malware.spyware_surveillance.1405,malware,1,0.997789740562439,1,malware,72
edu.synthetic.androzoo.malware.ransomware_locker.1754,malware,1,0.9988149404525757,1,malware,103
com.ai.voice.recorder,malware,1,0.0028084367513656616,0,benign,206
edu.synthetic.androzoo.malware.banker_accessibility.1135,malware,1,0.9662108421325684,1,malware,108
com.kigle.cocobi.littlepolice,benign,0,0.012489351443946362,0,benign,91
edu.synthetic.androzoo.malware.banker_accessibility.1186,malware,1,0.9935163259506226,1,malware,147
com.YuZhenLi.ColorTree,malware,1,0.007170150522142649,0,benign,20
edu.synthetic.androzoo.malware.overlay_pin_stealer.1270,malware,1,0.9678277373313904,1,malware,111
edu.synthetic.androzoo.malware.banker_accessibility.1746,malware,1,0.9984110593795776,1,malware,56
edu.synthetic.androzoo.malware.banker_accessibility.0127,malware,1,0.9994263648986816,1,malware,142
com.ubestkid.phonics.a,malware,1,0.9752251505851746,1,malware,61
com.wingle.spinthewheel,benign,0,0.0016175215132534504,0,benign,134
edu.synthetic.androzoo.malware.banker_accessibility.1174,malware,1,0.9030670523643494,1,malware,187
app.nepaliapp.successbusiness,malware,1,0.026665128767490387,0,benign,74
com.tfg.codcwguides,benign,0,0.009144710376858711,0,benign,14
edu.synthetic.androzoo.malware.overlay_pin_stealer.0331,malware,1,0.9990749359130859,1,malware,62
com.sanmao.newlearnwordpro,malware,1,0.9763838648796082,1,malware,67
com.mmikdev.gorskieszczyty,benign,0,0.5582112073898315,1,malware,82
com.honeyfund.android,benign,0,0.00726545974612236,0,benign,95
io.github.fate_grand_automata,benign,0,0.0032337000593543053,0,benign,13
edu.synthetic.androzoo.malware.dropper_loader.0881,malware,1,0.9723283052444458,1,malware,97
edu.synthetic.androzoo.malware.spyware_surveillance.0152,malware,1,0.9928232431411743,1,malware,47
edu.synthetic.androzoo.malware.ransomware_locker.1390,malware,1,0.9917920827865601,1,malware,171
com.funny.sounds.hd,malware,1,0.03297616168856621,0,benign,101
edu.synthetic.androzoo.malware.overlay_pin_stealer.1074,malware,1,0.9975088834762573,1,malware,44
edu.synthetic.androzoo.malware.adware_clicker.0665,malware,1,0.941835343837738,1,malware,158
com.guoyuncm.rainbow,malware,1,0.9344958662986755,1,malware,49
com.app.goldnlilies,benign,0,0.006690619047731161,0,benign,34
edu.synthetic.androzoo.malware.spyware_surveillance.1319,malware,1,0.9885093569755554,1,malware,124
edu.synthetic.androzoo.malware.overlay_pin_stealer.1297,malware,1,0.9972131848335266,1,malware,115
edu.synthetic.androzoo.benign.webview_content.0096,benign,0,0.003530878107994795,0,benign,86
com.trainerize.bentonbetter,benign,0,0.4740414023399353,0,benign,35
edu.synthetic.androzoo.malware.banker_accessibility.0811,malware,1,0.9844251871109009,1,malware,179
com.lovebeat.v2.name,benign,0,0.997063934803009,1,malware,188
com.restaumatic.bar_saigon_z_gwiazdka_michalin_production,benign,0,0.03968025743961334,0,benign,61
com.brief_schreiben_deutsch.a005brief_schreiben_deutsch_a1_a2,benign,0,0.015450526960194111,0,benign,122
com.vedicrishiastro.kundli,benign,0,0.03884480148553848,0,benign,130
com.its.mobilebanking.ajf,benign,0,0.00031277441303245723,0,benign,30
edu.synthetic.androzoo.benign.commerce_social.0085,benign,0,0.02642795443534851,0,benign,48
com.grandgames.carmatch,benign,0,0.0018331740284338593,0,benign,144
com.TironiumTech.IdlePlanetMiner,benign,0,0.0033894223161041737,0,benign,93
edu.synthetic.androzoo.malware.banker_accessibility.1843,malware,1,0.9620787501335144,1,malware,186
edu.synthetic.androzoo.malware.overlay_pin_stealer.1259,malware,1,0.9988976716995239,1,malware,74
com.hsv.privatebrowser,malware,1,0.024852503091096878,0,benign,82
app.outsystems.ipppooling.PalletHero,benign,0,0.7164162993431091,1,malware,125
com.greenvalleyenglishschool,benign,0,0.9947903156280518,1,malware,95
edu.synthetic.androzoo.malware.sms_otp_stealer.0834,malware,1,0.9859153032302856,1,malware,29
edu.synthetic.androzoo.malware.banker_accessibility.1810,malware,1,0.9542707800865173,1,malware,249
edu.synthetic.androzoo.malware.dropper_loader.1763,malware,1,0.6467944383621216,1,malware,114
edu.synthetic.androzoo.malware.dropper_loader.2010,malware,1,0.9976490139961243,1,malware,216
net.meshkorea.vroongfriends,benign,0,0.00041636251262389123,0,benign,169
edu.synthetic.androzoo.malware.banker_accessibility.0547,malware,1,0.9991167187690735,1,malware,101
edu.synthetic.androzoo.malware.banker_accessibility.0446,malware,1,0.9986268281936646,1,malware,216
edu.synthetic.androzoo.malware.overlay_pin_stealer.0224,malware,1,0.9970753192901611,1,malware,129
com.advice.university.heysem99,benign,0,0.6627206802368164,1,malware,236
br.com.gomesmartins.gomesmartins,benign,0,0.8513646125793457,1,malware,102
edu.synthetic.androzoo.malware.banker_accessibility.0951,malware,1,0.9882750511169434,1,malware,98
edu.synthetic.androzoo.malware.spyware_surveillance.1397,malware,1,0.884235143661499,1,malware,114
edu.synthetic.androzoo.malware.dropper_loader.1304,malware,1,0.8505336046218872,1,malware,221
pl.appworks.holzberg_totem,benign,0,0.9992865920066833,1,malware,99
com.droidcorp.magicaljigsawpuzzles,malware,1,0.9980619549751282,1,malware,34
com.ihavecar.client,malware,1,0.6615900993347168,1,malware,98
com.loopsystems.rd,benign,0,0.0035533327609300613,0,benign,167
com.balaiagas,benign,0,0.0036017284728586674,0,benign,30
edu.synthetic.androzoo.malware.banker_accessibility.1255,malware,1,0.5808488130569458,1,malware,141
jp.gr.java_conf.koni.warasibe.pj,malware,1,0.03296523541212082,0,benign,18
edu.synthetic.androzoo.malware.overlay_pin_stealer.1015,malware,1,0.9996242523193359,1,malware,74
edu.synthetic.androzoo.malware.spyware_surveillance.0859,malware,1,0.9994637370109558,1,malware,158
com.icck.Elespectador,benign,0,0.0063184709288179874,0,benign,183
nl.trackitt.app,benign,0,0.0017302640480920672,0,benign,103
com.yunuo.zsxt,malware,1,0.023376958444714546,0,benign,103
com.notificationcenter.iphone.controlcenter.alarm,benign,0,0.00039877757080830634,0,benign,190
com.loner.fruitclear,malware,1,0.0004080487706232816,0,benign,12
com.ggeye.jiakao.api,malware,1,0.03023923560976982,0,benign,17
edu.synthetic.androzoo.malware.banker_accessibility.0228,malware,1,0.9660314917564392,1,malware,157
com.cookapps.myperfecthouse,benign,0,0.005987017415463924,0,benign,165
com.elephantgames.hstndhiddenobjects.googpremium,benign,0,0.038448818027973175,0,benign,16
edu.synthetic.androzoo.benign.utility_background.0021,benign,0,0.001979843946173787,0,benign,42
edu.synthetic.androzoo.malware.wallet_stealer.1011,malware,1,0.9981766939163208,1,malware,39
edu.synthetic.androzoo.malware.overlay_pin_stealer.1293,malware,1,0.9984145164489746,1,malware,73
com.euroscoreboard.euroscoreboard,benign,0,0.01529638096690178,0,benign,129
com.edxavier.wheels_equivalent,benign,0,0.009755165316164494,0,benign,193
no.mittatb.store,benign,0,0.3895583748817444,0,benign,74
edu.synthetic.androzoo.malware.ransomware_locker.0577,malware,1,0.9903607368469238,1,malware,162
com.xinan.motorgps,malware,1,0.9607108235359192,1,malware,41
id.akusantri.hairstyle,benign,0,0.9971184730529785,1,malware,132
edu.synthetic.androzoo.malware.dropper_loader.0197,malware,1,0.8917312026023865,1,malware,124
edu.synthetic.androzoo.malware.overlay_pin_stealer.0862,malware,1,0.9987832903862,1,malware,56
edu.synthetic.androzoo.malware.dropper_loader.0213,malware,1,0.9985172152519226,1,malware,188
edu.synthetic.androzoo.benign.utility_background.0197,benign,0,0.005121483467519283,0,benign,94
water.drink.reminder.tracker,benign,0,0.10145159810781479,0,benign,45
com.zellamsee.summercard,benign,0,0.05659540370106697,0,benign,87
edu.synthetic.androzoo.malware.dropper_loader.1098,malware,1,0.30832985043525696,0,benign,177
aventaplus.si.bulbshare,benign,0,0.571488618850708,1,malware,28
com.cookingmouse.cheesefry,benign,0,0.043595608323812485,0,benign,155
edu.synthetic.androzoo.benign.commerce_social.0053,benign,0,0.00063286506338045,0,benign,248
edu.synthetic.androzoo.malware.ransomware_locker.1678,malware,1,0.9866592884063721,1,malware,115
edu.synthetic.androzoo.malware.wallet_stealer.0423,malware,1,0.9980813264846802,1,malware,134
com.bananaapps.kidapps.cowboys.contourdots.free,malware,1,0.9796599745750427,1,malware,102
com.mse.monumentalnetworks,benign,0,0.001533191534690559,0,benign,176
edu.synthetic.androzoo.malware.dropper_loader.0139,malware,1,0.963108241558075,1,malware,97
com.goose.snake,benign,0,0.998755931854248,1,malware,124
com.taptasty.puroveroapp,benign,0,0.10725545883178711,0,benign,41
com.vg.drive.army.offroad.mountain.truck,benign,0,0.0015388516476377845,0,benign,86
com.clicklabs.flyingfun,malware,1,0.4420751631259918,0,benign,119
io.neuromobile.denia,benign,0,0.004627253394573927,0,benign,48
edu.synthetic.androzoo.benign.utility_background.0148,benign,0,0.0016183995176106691,0,benign,42
edu.synthetic.androzoo.malware.ransomware_locker.2020,malware,1,0.7394830584526062,1,malware,39
edu.synthetic.androzoo.malware.banker_accessibility.0803,malware,1,0.9675877094268799,1,malware,168
com.kuaichengwuliu.client,malware,1,0.0009849168127402663,0,benign,16
com.uruk.iraqi_exc,benign,0,0.9243338704109192,1,malware,137
com.apaman.android,benign,0,0.002838807413354516,0,benign,113
edu.synthetic.androzoo.malware.adware_clicker.1524,malware,1,0.9979450106620789,1,malware,74
com.kigle.cocobi.hospital,benign,0,0.0013048656983301044,0,benign,68
com.wonderfulgames.princesscatlearun,benign,0,0.06123457849025726,0,benign,59
com.sooperbooks.SooperBooks,benign,0,0.9986670017242432,1,malware,137
com.papoworld.apps.papotownfarm,benign,0,0.009780596941709518,0,benign,77
com.game.zombiosio,malware,1,0.8778353929519653,1,malware,77
com.loafish.erpfzb,malware,1,0.9984387755393982,1,malware,84
edu.synthetic.androzoo.malware.ransomware_locker.2059,malware,1,0.9984825253486633,1,malware,48
edu.synthetic.androzoo.benign.utility_background.0222,benign,0,0.002894260222092271,0,benign,118
au.com.avsoft.avplanefb,benign,0,0.0009739486849866807,0,benign,193
si.triglavskladi.app,benign,0,0.006286663468927145,0,benign,25
com.mercadolibre,benign,0,0.0012792270863428712,0,benign,136
com.architurk.rainbow,benign,0,0.4324341118335724,0,benign,92
edu.synthetic.androzoo.malware.overlay_pin_stealer.1170,malware,1,0.9905377626419067,1,malware,136
com.ecoleplus.app,benign,0,0.12979160249233246,0,benign,73
edu.synthetic.androzoo.malware.dropper_loader.1811,malware,1,0.9656800031661987,1,malware,77
com.newclassic.doublerich,benign,0,0.0005029183812439442,0,benign,171
edu.synthetic.androzoo.malware.ransomware_locker.0358,malware,1,0.9894221425056458,1,malware,77
de.appack.project.tv_bruckhausen,benign,0,0.040294744074344635,0,benign,105
com.card.carddiary,malware,1,0.00949633214622736,0,benign,30
edu.synthetic.androzoo.malware.ransomware_locker.1857,malware,1,0.03010372631251812,0,benign,135
com.guusto.guusto,benign,0,0.40051305294036865,0,benign,114
com.yathisha.learners,benign,0,0.01755809411406517,0,benign,13
edu.synthetic.androzoo.malware.overlay_pin_stealer.2070,malware,1,0.9989390969276428,1,malware,84
alldictdict.alldict.arhi,benign,0,0.08020471781492233,0,benign,93
com.Edugamus.CityPatrol,benign,0,0.06944826990365982,0,benign,15
com.ocv.a685,benign,0,0.0009084169869311154,0,benign,233
com.medpresso.Lonestar.currcardio,benign,0,0.09086636453866959,0,benign,106
com.rg.stickman.escape.thief.puzzle,benign,0,0.0023834125604480505,0,benign,96
com.snapbreak.doors,malware,1,0.019318507984280586,0,benign,73
edu.synthetic.androzoo.malware.spyware_surveillance.2061,malware,1,0.8633618950843811,1,malware,143
edu.synthetic.androzoo.malware.wallet_stealer.0724,malware,1,0.9567697644233704,1,malware,149
edu.synthetic.androzoo.malware.dropper_loader.0836,malware,1,0.05903930217027664,0,benign,121
com.airble.airble,benign,0,0.040446687489748,0,benign,25
com.mogo.dongmanpuzzle,malware,1,0.9986067414283752,1,malware,85
edu.synthetic.androzoo.malware.spyware_surveillance.2075,malware,1,0.9970210194587708,1,malware,57
edu.synthetic.androzoo.malware.adware_clicker.1682,malware,1,0.9989325404167175,1,malware,49
com.apptegy.wheelertx,benign,0,0.000909523805603385,0,benign,174
edu.synthetic.androzoo.malware.spyware_surveillance.0975,malware,1,0.9971758127212524,1,malware,80
com.oramdic.human.anatomy.dictionary,benign,0,0.8875713348388672,1,malware,134
com.leqi.ciweicuoti,malware,1,0.9351736903190613,1,malware,69
com.WriterInformation.dharana,benign,0,0.9985195994377136,1,malware,49
com.udemy.android,benign,0,0.7294099926948547,1,malware,31
cl.coopeuch.pass,malware,1,0.04612661898136139,0,benign,113
dk.fdmmotor.reader,benign,0,0.05051279067993164,0,benign,137
com.ten10code.consumerstudiesza,benign,0,0.8638795018196106,1,malware,85
com.startsecurityapptool.scanner,malware,1,0.9958623647689819,1,malware,109
edu.synthetic.androzoo.malware.adware_clicker.0647,malware,1,0.9986584186553955,1,malware,72
de.ndr.app.ndrhh,benign,0,0.999370276927948,1,malware,42
edu.synthetic.androzoo.malware.overlay_pin_stealer.2058,malware,1,0.9823728203773499,1,malware,172
com.bergfex.mobile.android,benign,0,0.0010397760197520256,0,benign,110
edu.synthetic.androzoo.malware.overlay_pin_stealer.1966,malware,1,0.9815927147865295,1,malware,80
edu.synthetic.androzoo.malware.sms_otp_stealer.0817,malware,1,0.9551473259925842,1,malware,122
edu.synthetic.androzoo.malware.banker_accessibility.1860,malware,1,0.978417158126831,1,malware,132
com.CSfroufrou.android,benign,0,0.07886023819446564,0,benign,103
edu.synthetic.androzoo.malware.spyware_surveillance.1336,malware,1,0.9840647578239441,1,malware,148
edu.synthetic.androzoo.malware.dropper_loader.1593,malware,1,0.9926039576530457,1,malware,178
com.hhll.learningchinese,benign,0,0.9928528666496277,1,malware,100
edu.synthetic.androzoo.malware.ransomware_locker.0069,malware,1,0.9997549653053284,1,malware,88
edu.synthetic.androzoo.malware.banker_accessibility.2001,malware,1,0.9406998157501221,1,malware,141
com.steinberg.cubasisle3,benign,0,0.014365446753799915,0,benign,12
edu.synthetic.androzoo.malware.banker_accessibility.1951,malware,1,0.9974185228347778,1,malware,52
br.org.iecsiderlandia.appEK1975,benign,0,0.9996961355209351,1,malware,49
edu.synthetic.androzoo.malware.banker_accessibility.0149,malware,1,0.9989352822303772,1,malware,98
io.attlas,benign,0,0.10273998230695724,0,benign,35
ru.iamtagir.tla4.ly,malware,1,0.0022903080098330975,0,benign,23
com.petreion.digitalsnow,malware,1,0.007448365446180105,0,benign,11
edu.synthetic.androzoo.benign.commerce_social.0116,benign,0,0.0014794975286349654,0,benign,167
com.pdmi.chongxin.media,malware,1,0.00043224915862083435,0,benign,57
edu.synthetic.androzoo.malware.sms_otp_stealer.0515,malware,1,0.9980027079582214,1,malware,73
edu.synthetic.androzoo.malware.adware_clicker.1055,malware,1,0.9189088940620422,1,malware,124
edu.synthetic.androzoo.benign.webview_content.0208,benign,0,0.005864251405000687,0,benign,92
com.readygo.dark.gp,benign,0,0.007065607700496912,0,benign,93
nz.co.nbs.app,benign,0,0.0003953388368245214,0,benign,116
edu.synthetic.androzoo.malware.banker_accessibility.1916,malware,1,0.9995633959770203,1,malware,55
com.ibrsdev.barbosacia,benign,0,0.7941732406616211,1,malware,114
com.singxie.olarticle,malware,1,0.8326259851455688,1,malware,35
com.vergolansw.vergola,benign,0,0.5610889792442322,1,malware,21
edu.synthetic.androzoo.malware.banker_accessibility.0005,malware,1,0.9928417205810547,1,malware,179
edu.synthetic.androzoo.malware.overlay_pin_stealer.0281,malware,1,0.9990710020065308,1,malware,75
net.sharetrip,benign,0,0.06873014569282532,0,benign,147
edu.synthetic.androzoo.malware.adware_clicker.1621,malware,1,0.9981175661087036,1,malware,162
com.classlist.parent,benign,0,0.001157613703981042,0,benign,28
edu.synthetic.androzoo.malware.banker_accessibility.0764,malware,1,0.9909692406654358,1,malware,121
edu.synthetic.androzoo.malware.banker_accessibility.0805,malware,1,0.9746035933494568,1,malware,163
edu.synthetic.androzoo.malware.overlay_pin_stealer.0073,malware,1,0.9990348815917969,1,malware,91
tw.com.skywatch.view,benign,0,0.0017632180824875832,0,benign,116
io.voodoo.holeio,malware,1,0.8409348726272583,1,malware,84
edu.synthetic.androzoo.malware.banker_accessibility.0581,malware,1,0.9608974456787109,1,malware,96
jp.co.imagineer.sumikkogurashi.kids,benign,0,0.008787520229816437,0,benign,127
com.coloring.games.color.by.numbers,benign,0,0.000552119396161288,0,benign,192
com.stbfmc.app,benign,0,0.002372505608946085,0,benign,53
com.skyfun.loveandfashiongp,malware,1,0.014884673990309238,0,benign,69
com.hccp.studygateway,benign,0,0.02432006038725376,0,benign,13
edu.synthetic.androzoo.malware.dropper_loader.0172,malware,1,0.9567139148712158,1,malware,90
edu.synthetic.androzoo.malware.banker_accessibility.1935,malware,1,0.9836367964744568,1,malware,142
com.chillingo.tinytroopers2.android.rowgplay,malware,1,0.007408299949020147,0,benign,49
edu.synthetic.androzoo.malware.dropper_loader.0630,malware,1,0.9993008375167847,1,malware,202
com.linchuan.vademecum,malware,1,0.26967766880989075,0,benign,149
edu.synthetic.androzoo.malware.banker_accessibility.1505,malware,1,0.9541351199150085,1,malware,158
com.lomolsoft.language.learnslovak,benign,0,0.052866775542497635,0,benign,33
edu.synthetic.androzoo.malware.spyware_surveillance.1058,malware,1,0.6962212920188904,1,malware,175
com.jewishoffice.tashma,malware,1,0.05107267200946808,0,benign,27
edu.synthetic.androzoo.malware.wallet_stealer.1996,malware,1,0.999208390712738,1,malware,38
com.next.nlp.stemfield,benign,0,0.0024992881808429956,0,benign,178
com.qatar.onlineshopping.onlinestoreqatar,benign,0,0.0025474943686276674,0,benign,33
edu.synthetic.androzoo.malware.overlay_pin_stealer.1812,malware,1,0.9996115565299988,1,malware,33
com.martian.RoomEscape21.yyh,malware,1,0.9987356066703796,1,malware,54
edu.synthetic.androzoo.malware.spyware_surveillance.0143,malware,1,0.7268598675727844,1,malware,141
edu.synthetic.androzoo.malware.dropper_loader.1616,malware,1,0.9891545176506042,1,malware,151
com.yotoplay.yoto,benign,0,0.09731603413820267,0,benign,92
edu.synthetic.androzoo.malware.spyware_surveillance.0818,malware,1,0.621212899684906,1,malware,122
edu.synthetic.androzoo.malware.spyware_surveillance.2068,malware,1,0.9973846077919006,1,malware,96
com.CarWallpapers.Ferrari,benign,0,0.7112616300582886,1,malware,64
com.bindassgames.csstrike.gun.shooting.game2020,benign,0,0.07385922223329544,0,benign,18
edu.synthetic.androzoo.benign.webview_content.0223,benign,0,0.0033887862227857113,0,benign,208
au.com.digivista.wordpipes,benign,0,0.0037216520868241787,0,benign,23
appinventor.ai_jhugo_meraka.Mon4x4,benign,0,0.0006286677671596408,0,benign,29
it.nexi.merchant,benign,0,0.0027633283752948046,0,benign,178
edu.synthetic.androzoo.benign.utility_background.0158,benign,0,0.039628513157367706,0,benign,91
net.grechu.gnetcctvsecond,malware,1,0.00044294263352639973,0,benign,146
com.impp.forklift.driver.games,benign,0,0.0028937591705471277,0,benign,164
edu.synthetic.androzoo.malware.ransomware_locker.1712,malware,1,0.9938431978225708,1,malware,88
de.randstad.meinrandstad,benign,0,0.9281672835350037,1,malware,31
com.visioncit.mudita,benign,0,0.005942567251622677,0,benign,12
edu.synthetic.androzoo.benign.utility_background.0058,benign,0,0.3040565252304077,0,benign,39
ca.craver.alessioscafe,benign,0,0.016738133504986763,0,benign,116
com.PYZGame.OverBlue,benign,0,0.2418489158153534,0,benign,14
com.sjsys.catalogo.stasy,benign,0,0.32296261191368103,0,benign,56
com.lj.ayzj.yyh,malware,1,0.9987913966178894,1,malware,20
edu.synthetic.androzoo.malware.sms_otp_stealer.0364,malware,1,0.9989460110664368,1,malware,65
jp.app.flipit,benign,0,0.015612590126693249,0,benign,142
com.moyun365.android.gkphysicaltong,malware,1,0.9567810893058777,1,malware,33
app.jkmichaelspm.com,benign,0,0.05219623073935509,0,benign,60
com.jiecang.app.android.aidesks,malware,1,0.013988609425723553,0,benign,46
com.bitkeep.wallet,benign,0,0.0013500320492312312,0,benign,26
com.bis.bisapp,benign,0,0.030795931816101074,0,benign,97
edu.synthetic.androzoo.benign.webview_content.0178,benign,0,0.2617509067058563,0,benign,120
com.joincarbon.nutrition,benign,0,0.013984045945107937,0,benign,93
edu.synthetic.androzoo.malware.wallet_stealer.0471,malware,1,0.9960194230079651,1,malware,175
com.zuuks.gangs.io,benign,0,0.0013027206296101213,0,benign,199
edu.synthetic.androzoo.malware.sms_otp_stealer.0578,malware,1,0.993341863155365,1,malware,43
edu.synthetic.androzoo.malware.ransomware_locker.0300,malware,1,0.5437871217727661,1,malware,111
com.suanaiyanxishe.loveandroid,malware,1,0.997977077960968,1,malware,165
com.fourthfrontier.biostrip,benign,0,0.6683248281478882,1,malware,139
com.soft.ware.lock.hd,malware,1,0.0026320095639675856,0,benign,153
edu.synthetic.androzoo.malware.spyware_surveillance.1013,malware,1,0.9620537161827087,1,malware,188
edu.synthetic.androzoo.malware.dropper_loader.1617,malware,1,0.9967083930969238,1,malware,41
in.org.vaishnaviconsultancy,benign,0,0.2544131577014923,0,benign,73
edu.synthetic.androzoo.benign.commerce_social.0024,benign,0,0.00032878105412237346,0,benign,42
com.de.colore,benign,0,0.0038190826307982206,0,benign,102
edu.synthetic.androzoo.malware.dropper_loader.1254,malware,1,0.9946966171264648,1,malware,139
edu.synthetic.androzoo.malware.overlay_pin_stealer.1331,malware,1,0.9199988842010498,1,malware,138
edu.synthetic.androzoo.malware.dropper_loader.1839,malware,1,0.8910458087921143,1,malware,196
com.mf.xjafx.mi,malware,1,0.9992924928665161,1,malware,114
com.gds.tennis.master.clash.mini.games.offline,benign,0,0.004103544168174267,0,benign,106
edu.synthetic.androzoo.malware.wallet_stealer.1767,malware,1,0.9933388829231262,1,malware,103
edu.synthetic.androzoo.malware.ransomware_locker.0819,malware,1,0.5213285088539124,1,malware,41
edu.synthetic.androzoo.malware.overlay_pin_stealer.0179,malware,1,0.9878191947937012,1,malware,87
com.trayport.joule.mobile,benign,0,0.9992586970329285,1,malware,24
com.iyaltamizh.app.btprinter,benign,0,0.9993256330490112,1,malware,231
edu.synthetic.androzoo.malware.spyware_surveillance.2018,malware,1,0.9975964426994324,1,malware,88
edu.synthetic.androzoo.benign.webview_content.0246,benign,0,0.0064195292070508,0,benign,169
org.cocos2dx.LittleBattle,malware,1,0.9985492825508118,1,malware,138
com.garda.gardaadc,benign,0,0.0024167937226593494,0,benign,80
cn.eakay,malware,1,0.9844679236412048,1,malware,107
com.niceplay.lt.android,malware,1,0.9980973601341248,1,malware,118
com.titanarrow.idle.farm.tycoon.farming.empire,benign,0,0.02128705382347107,0,benign,160
edu.synthetic.androzoo.malware.banker_accessibility.0741,malware,1,0.999342143535614,1,malware,205
edu.synthetic.androzoo.malware.spyware_surveillance.1698,malware,1,0.9969025254249573,1,malware,47
com.coyoapp.plswnet.engage.android,benign,0,0.014455519616603851,0,benign,17
edu.synthetic.androzoo.malware.overlay_pin_stealer.1314,malware,1,0.9990037083625793,1,malware,42
com.mogo.shuiguollk,malware,1,0.9995357990264893,1,malware,41
com.ogemary.smarthome,malware,1,0.4249890148639679,0,benign,103
edu.synthetic.androzoo.malware.ransomware_locker.1978,malware,1,0.9994126558303833,1,malware,44
edu.synthetic.androzoo.malware.dropper_loader.1809,malware,1,0.9880272150039673,1,malware,63
zhiyuan.net.pdf2,malware,1,0.9004060626029968,1,malware,50
net.xinhuamm.d3074,malware,1,0.18803352117538452,0,benign,134
com.bizico.socar,benign,0,0.00043150215060450137,0,benign,132
com.appgame.tiles.ianLucspinilsmagc,benign,0,0.0010295042302459478,0,benign,254
edu.synthetic.androzoo.malware.sms_otp_stealer.0861,malware,1,0.916924774646759,1,malware,100
edu.synthetic.androzoo.malware.spyware_surveillance.1435,malware,1,0.9557371139526367,1,malware,137
com.witmob.newsdigest,malware,1,0.25113120675086975,0,benign,74
edu.synthetic.androzoo.malware.dropper_loader.0495,malware,1,0.4916181266307831,0,benign,241
edu.synthetic.androzoo.malware.spyware_surveillance.0826,malware,1,0.9936997890472412,1,malware,69
edu.synthetic.androzoo.malware.dropper_loader.1612,malware,1,0.9626733064651489,1,malware,66
edu.synthetic.androzoo.malware.dropper_loader.1657,malware,1,0.9844722151756287,1,malware,110
com.gr.clean.dream.hotel,benign,0,0.0029588774777948856,0,benign,112
com.weetechmarcosfishandchips,benign,0,0.04473312571644783,0,benign,132
edu.synthetic.androzoo.malware.ransomware_locker.1150,malware,1,0.993793249130249,1,malware,108
com.zagdic.dicionario.portugues,benign,0,0.7370249032974243,1,malware,33
edu.synthetic.androzoo.malware.overlay_pin_stealer.0111,malware,1,0.9991576671600342,1,malware,80
com.ptwired.betapt,benign,0,0.0022303794976323843,0,benign,11
edu.synthetic.androzoo.malware.dropper_loader.1578,malware,1,0.9776813983917236,1,malware,141
edu.synthetic.androzoo.malware.spyware_surveillance.1586,malware,1,0.9461702108383179,1,malware,31
jp.factoryjapan.fjg,benign,0,0.9971666932106018,1,malware,94
com.jiaming.qiming,malware,1,0.16482852399349213,0,benign,79
edu.synthetic.androzoo.malware.sms_otp_stealer.1674,malware,1,0.9942588806152344,1,malware,70
com.balimedia.ramalan,benign,0,0.0015319889644160867,0,benign,225
com.gps.routefinder.livetraffic.map,benign,0,0.9974333643913269,1,malware,201
com.subsplashconsulting.s_7BFPKG,benign,0,0.9659883379936218,1,malware,160
edu.synthetic.androzoo.malware.overlay_pin_stealer.1532,malware,1,0.9971862435340881,1,malware,113
edu.synthetic.androzoo.malware.adware_clicker.2003,malware,1,0.7461065649986267,1,malware,167
edu.synthetic.androzoo.malware.banker_accessibility.2025,malware,1,0.9944690465927124,1,malware,179
com.iwangzhe.app,malware,1,0.006284128874540329,0,benign,12
edu.synthetic.androzoo.malware.overlay_pin_stealer.1821,malware,1,0.989565372467041,1,malware,157
edu.synthetic.androzoo.malware.banker_accessibility.1229,malware,1,0.9922041893005371,1,malware,78
edu.synthetic.androzoo.malware.overlay_pin_stealer.0973,malware,1,0.99882572889328,1,malware,54
com.riseuplabs.stickman,benign,0,0.0414835661649704,0,benign,26
com.youvisit.hybridvr61233,malware,1,0.25132158398628235,0,benign,104
io.everfit.wlreform,benign,0,0.02663503959774971,0,benign,110
manastorm.spacehorse,benign,0,0.22615279257297516,0,benign,79
com.IronHorseGames.IdleMineRPG,benign,0,0.0017672147369012237,0,benign,18
com.ixyzh.question,malware,1,0.06130431592464447,0,benign,11
com.ffreward.namit,malware,1,0.042332060635089874,0,benign,10
com.titan.fastrack.reflex,benign,0,0.11374635249376297,0,benign,18
edu.synthetic.androzoo.malware.overlay_pin_stealer.1361,malware,1,0.9989926218986511,1,malware,74
com.exim.bcbd,benign,0,0.5603669285774231,1,malware,23
edu.synthetic.androzoo.malware.dropper_loader.0718,malware,1,0.26572081446647644,0,benign,192
cn.shredjz.soundxmaker,malware,1,0.9939842820167542,1,malware,144
com.samvat.calendars,benign,0,0.003214638214558363,0,benign,175
freeset.app,benign,0,0.527742862701416,1,malware,209
edu.synthetic.androzoo.malware.spyware_surveillance.0273,malware,1,0.9986104965209961,1,malware,61
edu.synthetic.androzoo.malware.wallet_stealer.1198,malware,1,0.9976984858512878,1,malware,89
com.grokker,benign,0,0.11902658641338348,0,benign,23
edu.synthetic.androzoo.benign.webview_content.0037,benign,0,0.30676671862602234,0,benign,36
com.coeursoft.bbdeathpitch,benign,0,0.999303936958313,1,malware,30
com.technource.equipt,benign,0,0.21129381656646729,0,benign,49
edu.synthetic.androzoo.malware.spyware_surveillance.1216,malware,1,0.9958407282829285,1,malware,40
com.cta.liquorlineup,benign,0,0.6401036381721497,1,malware,121
edu.synthetic.androzoo.malware.overlay_pin_stealer.0570,malware,1,0.8286745548248291,1,malware,133
com.appwallet.fightphotoeditor,benign,0,0.27838844060897827,0,benign,44
edu.synthetic.androzoo.malware.spyware_surveillance.0575,malware,1,0.9980114698410034,1,malware,48
com.subsplash.thechurchapp.fellowshipbiblechurchtopeka,benign,0,0.008586053736507893,0,benign,166
com.cgs.FruitGemsClassicMatch3,benign,0,0.0008561653667129576,0,benign,89
com.niuwa.zsmz.yyh,malware,1,0.9994282126426697,1,malware,78
com.trainerize.physiqfitness3,benign,0,0.0014269297244027257,0,benign,11
edu.synthetic.androzoo.malware.sms_otp_stealer.1663,malware,1,0.9989519119262695,1,malware,35
edu.synthetic.androzoo.malware.ransomware_locker.1138,malware,1,0.9862724542617798,1,malware,90
com.roster.axedo,benign,0,0.9968661665916443,1,malware,28
edu.synthetic.androzoo.benign.webview_content.0020,benign,0,0.017250342294573784,0,benign,30
com.raisegames.kidsgarden,benign,0,0.9948462247848511,1,malware,46
com.pfhcard.production,benign,0,0.01602177694439888,0,benign,22
edu.synthetic.androzoo.malware.overlay_pin_stealer.1929,malware,1,0.9905939102172852,1,malware,89
com.uhaozu.app,malware,1,0.9981294274330139,1,malware,80
com.appslab.perth6ixradio1080,benign,0,0.9322241544723511,1,malware,138
edu.synthetic.androzoo.malware.banker_accessibility.0680,malware,1,0.9982490539550781,1,malware,63
games.dali.adventure.lucid.dream.part.three,malware,1,0.7217190265655518,1,malware,132
edu.synthetic.androzoo.malware.sms_otp_stealer.0957,malware,1,0.99903404712677,1,malware,187
com.ModernPhilosophy.Fallen,benign,0,0.0030893452931195498,0,benign,18
com.lixiangdong.videocutter,malware,1,0.0016410320531576872,0,benign,16
com.gergelynagy.wordfinder,benign,0,0.033515773713588715,0,benign,20
com.roadhurryup.fireandrush.yyh,malware,1,0.43743354082107544,0,benign,128
edu.synthetic.androzoo.malware.adware_clicker.0556,malware,1,0.943958044052124,1,malware,181
edu.synthetic.androzoo.malware.spyware_surveillance.0596,malware,1,0.9964118599891663,1,malware,41
edu.synthetic.androzoo.malware.overlay_pin_stealer.1876,malware,1,0.9991074204444885,1,malware,40
com.gethabitcoach.android2,benign,0,0.2724815607070923,0,benign,124
edu.synthetic.androzoo.malware.dropper_loader.1700,malware,1,0.9476262927055359,1,malware,137
edu.synthetic.androzoo.malware.overlay_pin_stealer.1340,malware,1,0.9989792704582214,1,malware,88
com.aboutjsp.memowidget,benign,0,0.05336303263902664,0,benign,256
com.tao.smartGyro,benign,0,0.0291002057492733,0,benign,94
com.ca.ppm.intune.mobile.v2,benign,0,0.9908072352409363,1,malware,68
edu.synthetic.androzoo.malware.dropper_loader.1330,malware,1,0.7553982734680176,1,malware,240
edu.synthetic.androzoo.malware.overlay_pin_stealer.1545,malware,1,0.9989093542098999,1,malware,46
com.parque.net,benign,0,0.18150873482227325,0,benign,47
com.rhmsoft.edit,benign,0,0.05473516508936882,0,benign,207
com.sbi.cariloha,malware,1,0.00242091272957623,0,benign,12
com.modeshift.jsp,benign,0,0.0019296967657282948,0,benign,16
edu.synthetic.androzoo.malware.banker_accessibility.1358,malware,1,0.9997026324272156,1,malware,170
com.my6.android,benign,0,0.023733288049697876,0,benign,212
com.flexaspect.android.everycallcontrol,benign,0,0.001077568274922669,0,benign,147
edu.synthetic.androzoo.malware.ransomware_locker.0941,malware,1,0.9314691424369812,1,malware,87
edu.synthetic.androzoo.malware.spyware_surveillance.0075,malware,1,0.9976547956466675,1,malware,74
edu.synthetic.androzoo.malware.spyware_surveillance.0969,malware,1,0.9978891015052795,1,malware,179
com.ongreen,benign,0,0.003032626351341605,0,benign,112
com.pyngmobile,benign,0,0.05480063334107399,0,benign,46
com.zoho.mail,benign,0,0.006784409750252962,0,benign,155
com.silvercrk.euchre_free,benign,0,0.9843474626541138,1,malware,45
com.lezhin.comics,benign,0,0.00039298622868955135,0,benign,143
com.tanwan.mobile.zhengtu,malware,1,0.0021289619617164135,0,benign,103
edu.synthetic.androzoo.malware.overlay_pin_stealer.0633,malware,1,0.9990490078926086,1,malware,45
com.asfcraftsmansupercraftingcraft.asfcraft,malware,1,0.9953413009643555,1,malware,117
edu.synthetic.androzoo.malware.dropper_loader.0993,malware,1,0.9932060241699219,1,malware,236
com.nechapps.hairdress,benign,0,0.009764565154910088,0,benign,273
com.washify,benign,0,0.00018493490642867982,0,benign,16
edu.synthetic.androzoo.malware.spyware_surveillance.0379,malware,1,0.9694832563400269,1,malware,169
w3bminds.engVarta.app,benign,0,0.029694652184844017,0,benign,19
edu.synthetic.androzoo.malware.ransomware_locker.1757,malware,1,0.8468794822692871,1,malware,35
edu.synthetic.androzoo.malware.overlay_pin_stealer.0880,malware,1,0.6480212807655334,1,malware,141
com.app.p4812EB,benign,0,0.015939895063638687,0,benign,25
com.vandersw.wenderlogbook,malware,1,0.3482806980609894,0,benign,73
edu.synthetic.androzoo.malware.overlay_pin_stealer.1307,malware,1,0.9990948438644409,1,malware,64
com.priotecs.MoneyControl,benign,0,0.026329869404435158,0,benign,20
com.desn.ffb.lihangzhixing,malware,1,0.0344979502260685,0,benign,14
com.ngc.fora,benign,0,0.014402303844690323,0,benign,77
net.lionbird.google.holyChristmasEvolutionTale,malware,1,0.07490138709545135,0,benign,78
edu.synthetic.androzoo.malware.banker_accessibility.0025,malware,1,0.9991106390953064,1,malware,41
com.rescue.machine,benign,0,0.0003152585995849222,0,benign,159
com.zeoniqgo,benign,0,0.9919124841690063,1,malware,55
com.haunted.silentinvade,malware,1,0.0028325000312179327,0,benign,93
no.compilo.civis,benign,0,0.019025122746825218,0,benign,108
edu.synthetic.androzoo.malware.ransomware_locker.0096,malware,1,0.9992547631263733,1,malware,97
com.inscore.inscore,benign,0,0.006798310671001673,0,benign,149
com.puzzle.blast.block.game,benign,0,0.0015012731309980154,0,benign,155
lu.tango,benign,0,0.6793108582496643,1,malware,151
edu.synthetic.androzoo.malware.overlay_pin_stealer.1568,malware,1,0.9724228978157043,1,malware,99
ca.craver.aptthreeespbar,benign,0,0.007961747236549854,0,benign,163
mixchatroom.chatsansar.com,benign,0,0.8039777278900146,1,malware,68
edu.synthetic.androzoo.benign.media_game.0071,benign,0,0.0020741589833050966,0,benign,158
com.liappsan.chansonmusique,benign,0,0.001984531292691827,0,benign,107
com.sector.sectoralarm,benign,0,0.0009524485212750733,0,benign,149
com.fiya.android,benign,0,0.019931945949792862,0,benign,15
com.subsplash.thechurchapp.s_TTF4T8,benign,0,0.06685690581798553,0,benign,165
com.qingyuegames.petmatch,benign,0,0.00368219125084579,0,benign,105
de.hugendubel.app,benign,0,0.011742419563233852,0,benign,161
edu.synthetic.androzoo.malware.overlay_pin_stealer.1475,malware,1,0.9994795918464661,1,malware,59
edu.synthetic.androzoo.benign.webview_content.0135,benign,0,0.127456933259964,0,benign,79
com.mudgames.snakesandladders3d,benign,0,0.04361564293503761,0,benign,58
com.tempgame.mysteryexit,malware,1,0.33411094546318054,0,benign,66
com.moyun365.android.zkhistory,malware,1,0.9585841298103333,1,malware,32
com.aura.suite,malware,1,0.039102427661418915,0,benign,129
com.meuradinho.radio40039,benign,0,0.1880510300397873,0,benign,87
amobi.weather.forecast.storm.radar,benign,0,0.000606512010563165,0,benign,199
net.wordbit.jpen,benign,0,0.0007309886859729886,0,benign,303
edu.synthetic.androzoo.malware.overlay_pin_stealer.0740,malware,1,0.9937416911125183,1,malware,81
com.sinyee.babybus.forest,malware,1,0.8413265347480774,1,malware,66
com.netbiscuits.bild.android,benign,0,0.09713519364595413,0,benign,30
com.CristobalApps.RadioTiempoCalienvivo,benign,0,0.04901617020368576,0,benign,172
tk.climbzilla,benign,0,0.9966052770614624,1,malware,109
com.pen.paper.note,benign,0,0.004021933767944574,0,benign,28
com.frazer.sidekick,benign,0,0.4492962956428528,0,benign,25
com.cruisetraka.amacruiser,benign,0,0.002018831204622984,0,benign,190
cash.selene.app,benign,0,0.7874345779418945,1,malware,46
com.boursorama.android.clients,benign,0,0.00024541860329918563,0,benign,23
com.medpresso.Lonestar.emsnotes,benign,0,0.8851324915885925,1,malware,105
edu.synthetic.androzoo.benign.media_game.0151,benign,0,0.00031024913187138736,0,benign,46
edu.synthetic.androzoo.malware.banker_accessibility.0925,malware,1,0.9989898800849915,1,malware,92
edu.synthetic.androzoo.malware.spyware_surveillance.0199,malware,1,0.9904181361198425,1,malware,124
com.paketin.paketinapp,malware,1,0.08504802733659744,0,benign,36
edu.synthetic.androzoo.malware.dropper_loader.0637,malware,1,0.5147596001625061,1,malware,215
alldictdict.alldict.pltr,benign,0,0.9938936829566956,1,malware,159
edu.synthetic.androzoo.malware.banker_accessibility.1133,malware,1,0.9936367273330688,1,malware,136
edu.synthetic.androzoo.malware.banker_accessibility.1393,malware,1,0.9960933327674866,1,malware,99
com.florasense,benign,0,0.003100411733612418,0,benign,167
edu.synthetic.androzoo.malware.ransomware_locker.1693,malware,1,0.9925175905227661,1,malware,65
com.alel.alelorder,benign,0,0.7814714312553406,1,malware,25
ru.medsoftpro.medcalc,benign,0,0.0264811422675848,0,benign,102
com.harsh.dhillon.colorbinder,benign,0,0.6036170125007629,1,malware,32
appinventor.ai_junipmalau.harvestmoonbtn,benign,0,0.0005144270253367722,0,benign,29
edu.synthetic.androzoo.benign.commerce_social.0166,benign,0,0.0021606599912047386,0,benign,46
com.shark.assetmanager,malware,1,0.9851486682891846,1,malware,66
com.timuzgames.missioncounterattack.ly,malware,1,0.0017979760887101293,0,benign,38
edu.synthetic.androzoo.malware.overlay_pin_stealer.1660,malware,1,0.9993124008178711,1,malware,79
edu.synthetic.androzoo.malware.spyware_surveillance.0508,malware,1,0.9923987984657288,1,malware,121
edu.synthetic.androzoo.malware.dropper_loader.1416,malware,1,0.9230241775512695,1,malware,148
com.info_sync.infosync,benign,0,0.0023578954860568047,0,benign,86
edu.synthetic.androzoo.malware.ransomware_locker.1816,malware,1,0.9842010140419006,1,malware,137
com.douguo.yummydiary,malware,1,0.9938812255859375,1,malware,94
fakegps.fakelocation.mocklocation.gpsfaker,malware,1,0.0017833724850788713,0,benign,249
edu.synthetic.androzoo.malware.sms_otp_stealer.1273,malware,1,0.9340600967407227,1,malware,150
edu.synthetic.androzoo.malware.ransomware_locker.1308,malware,1,0.7866280674934387,1,malware,160
edu.synthetic.androzoo.malware.ransomware_locker.1472,malware,1,0.9995384216308594,1,malware,168
com.uncleroccos,benign,0,0.0012510408414527774,0,benign,167
