package_name,label,label_bin,malware_probability,prediction_bin,prediction,seq_len
com.nznlabs.litpro_mx,benign,0,0.001539476914331317,0,benign,64
com.was.city.traffic.control.simulator3d,malware,1,0.9812979698181152,1,malware,67
com.arizonasunrays.icp,benign,0,0.0008605967741459608,0,benign,149
com.infolink.limeiptv,benign,0,0.0013267435133457184,0,benign,153
edu.synthetic.androzoo.malware.sms_otp_stealer.1306,malware,1,0.9990577101707458,1,malware,64
com.chownow.mimistoobagelsdeli,benign,0,0.000933424977120012,0,benign,139
com.styleseat.promobile,benign,0,0.0029016011394560337,0,benign,133
com.demaecan.shop.manager,benign,0,0.9861997365951538,1,malware,37
com.tap4fun.reignofwar.androidme,benign,0,0.0013324730098247528,0,benign,117
com.myworkoutplan.myworkoutplan,benign,0,0.0017778989858925343,0,benign,13
edu.synthetic.androzoo.malware.ransomware_locker.1384,malware,1,0.0032834855373948812,0,benign,188
br.tv.horizonte.android.premierefc,benign,0,0.056129202246665955,0,benign,96
com.coachcare.lifetimehnmhj,benign,0,0.1966436803340912,0,benign,21
com.mobilepcmonitor,benign,0,0.0008181055309250951,0,benign,106
com.kk.game.bubble,malware,1,0.9985496401786804,1,malware,60
com.match.club,benign,0,0.0009946944192051888,0,benign,152
uk.co.redchillieskincardinee,benign,0,0.001075824024155736,0,benign,177
edu.synthetic.androzoo.malware.overlay_pin_stealer.1433,malware,1,0.9992783665657043,1,malware,65
com.ruk.usastudio.mosshotassistant,benign,0,0.8513092398643494,1,malware,190
com.udemy.android.ufb,benign,0,0.0015570668037980795,0,benign,11
com.bca,benign,0,0.989456832408905,1,malware,74
edu.synthetic.androzoo.malware.dropper_loader.1552,malware,1,0.9437571167945862,1,malware,246
com.xweisoft.wx.family,malware,1,0.006106353364884853,0,benign,113
edu.synthetic.androzoo.benign.utility_background.0011,benign,0,0.0017230345401912928,0,benign,68
edu.synthetic.androzoo.malware.dropper_loader.1194,malware,1,0.009990222752094269,0,benign,214
edu.synthetic.androzoo.malware.ransomware_locker.0088,malware,1,0.608428418636322,1,malware,183
it.gasparilab.mypozzomaggiore,benign,0,0.016353460028767586,0,benign,98
edu.synthetic.androzoo.malware.overlay_pin_stealer.1838,malware,1,0.9989418387413025,1,malware,189
com.sinyee.babybus.food,malware,1,0.9986757636070251,1,malware,54
musica.musicfree.snaptube.weezer.mp3app,malware,1,0.002451476640999317,0,benign,223
edu.synthetic.androzoo.malware.banker_accessibility.1707,malware,1,0.9962611794471741,1,malware,117
edu.synthetic.androzoo.malware.wallet_stealer.0976,malware,1,0.9987121820449829,1,malware,60
edu.synthetic.androzoo.malware.banker_accessibility.0184,malware,1,0.9979897737503052,1,malware,193
com.mobiquest.gmelectrical,benign,0,0.016109349206089973,0,benign,21
com.mhl.pathworks2,benign,0,0.000817222346086055,0,benign,10
com.kyivstar.tv.mobile,benign,0,0.001133688841946423,0,benign,170
com.jianfeng.argame,malware,1,0.00265499553643167,0,benign,113
com.youloft.health,benign,0,0.9897786974906921,1,malware,14
edu.synthetic.androzoo.malware.wallet_stealer.1627,malware,1,0.9988522529602051,1,malware,119
com.taymay.alarm.thief,benign,0,0.0019316511461511254,0,benign,117
edu.synthetic.androzoo.benign.webview_content.0105,benign,0,0.0012913395185023546,0,benign,114
com.klopfensteinsoftware.forager,benign,0,0.000878000573720783,0,benign,10
com.realxworld.soccerjerseymaker,benign,0,0.17628878355026245,0,benign,147
com.threed.spider.hero.flying.bike.city.battle,malware,1,0.05492888391017914,0,benign,70
edu.synthetic.androzoo.malware.overlay_pin_stealer.0910,malware,1,0.9992905855178833,1,malware,133
edu.synthetic.androzoo.malware.wallet_stealer.0024,malware,1,0.9976354837417603,1,malware,61
edu.synthetic.androzoo.malware.ransomware_locker.1541,malware,1,0.9616482853889465,1,malware,39
com.bulkypix.wiredefuser,malware,1,0.9951781034469604,1,malware,55
com.staminatech.leaveoffice,benign,0,0.0017640413716435432,0,benign,105
com.razzlepuzzles.dotconnect,benign,0,0.001575213624164462,0,benign,296
com.wellspring.main,benign,0,0.015102842822670937,0,benign,69
com.fruit.hexa.sort,benign,0,0.0018192225834354758,0,benign,109
com.jetpack.android,benign,0,0.002481241477653384,0,benign,65
com.happigo.activity,malware,1,0.2967192530632019,0,benign,75
com.sinyee.babybus.foodstuff,malware,1,0.005838477052748203,0,benign,187
edu.synthetic.androzoo.malware.overlay_pin_stealer.0739,malware,1,0.9993641972541809,1,malware,82
com.speed.svpn,malware,1,0.003687123768031597,0,benign,84
edu.synthetic.androzoo.malware.overlay_pin_stealer.0016,malware,1,0.9993976354598999,1,malware,91
com.indiggcommunity,benign,0,0.000987788662314415,0,benign,96
edu.synthetic.androzoo.malware.sms_otp_stealer.0922,malware,1,0.9972519278526306,1,malware,36
edu.synthetic.androzoo.malware.ransomware_locker.0265,malware,1,0.016252337023615837,0,benign,39
jp.moneyeasy.combank,benign,0,0.007757808081805706,0,benign,33
edu.synthetic.androzoo.malware.dropper_loader.1759,malware,1,0.9390549659729004,1,malware,117
edu.synthetic.androzoo.malware.banker_accessibility.0716,malware,1,0.998982846736908,1,malware,180
co.diy17.jnbvs,benign,0,0.0009088936494663358,0,benign,130
com.neat.escapegallery,malware,1,0.9824129343032837,1,malware,115
com.gy.amobile.company,malware,1,0.9977147579193115,1,malware,145
com.inso.app,malware,1,0.06153110787272453,0,benign,22
com.apptegy.rosebudlott,benign,0,0.00120795879047364,0,benign,136
fr.rainetcom.indoorcenter,benign,0,0.0022246004082262516,0,benign,118
doctorjob.com.cn,malware,1,0.002638209145516157,0,benign,71
edu.synthetic.androzoo.malware.overlay_pin_stealer.0625,malware,1,0.9993539452552795,1,malware,56
edu.synthetic.androzoo.benign.commerce_social.0228,benign,0,0.0011327302781865,0,benign,127
com.nwagu.chai,benign,0,0.000966653402429074,0,benign,38
edu.synthetic.androzoo.malware.adware_clicker.0102,malware,1,0.9941853880882263,1,malware,72
com.trainerize.aspirecoaching,benign,0,0.002804118674248457,0,benign,139
studio.biom.app,benign,0,0.000982209574431181,0,benign,120
game.brain.games.iq.test.brain.test.teasers,benign,0,0.0010152246104553342,0,benign,11
com.skm.spk.biblestories,benign,0,0.9733486771583557,1,malware,134
com.tplink.omada,benign,0,0.004210688639432192,0,benign,155
edu.synthetic.androzoo.malware.ransomware_locker.0353,malware,1,0.0027477240655571222,0,benign,190
edu.synthetic.androzoo.malware.sms_otp_stealer.0370,malware,1,0.9957963228225708,1,malware,41
edu.synthetic.androzoo.malware.banker_accessibility.0295,malware,1,0.9924321174621582,1,malware,123
com.swaas.hidoctor,benign,0,0.0013347198255360126,0,benign,68
com.rebbix.modnakasta,benign,0,0.0010102478554472327,0,benign,75
edu.synthetic.androzoo.malware.overlay_pin_stealer.1396,malware,1,0.9992914199829102,1,malware,42
com.isl.sifootball,benign,0,0.0013902997598052025,0,benign,178
com.moyun365.android.zkgeography,malware,1,0.993069052696228,1,malware,32
com.sbi.costco,malware,1,0.0018441790016368032,0,benign,19
edu.synthetic.androzoo.benign.utility_background.0035,benign,0,0.001176153658889234,0,benign,178
edu.synthetic.androzoo.benign.commerce_social.0111,benign,0,0.001592296059243381,0,benign,69
com.sendit.senditapp,benign,0,0.004213856998831034,0,benign,43
edu.synthetic.androzoo.malware.overlay_pin_stealer.1624,malware,1,0.9992978572845459,1,malware,88
com.eastsidegames.ccmatch,benign,0,0.0009965643985196948,0,benign,100
air.com.vikrams.telugucalendar2014,benign,0,0.8776710629463196,1,malware,46
edu.synthetic.androzoo.malware.banker_accessibility.0185,malware,1,0.9946361184120178,1,malware,137
com.pronunciatorllc.bluebird.persian,benign,0,0.981899619102478,1,malware,22
channelmentor.travelgrid.nh,benign,0,0.0013389961095526814,0,benign,17
com.goldtouch.mako,benign,0,0.0016330842627212405,0,benign,289
com.sayhi.app,benign,0,0.0015749307349324226,0,benign,261
com.sgs.xamarin.engage,benign,0,0.0030795112252235413,0,benign,70
com.henteri.addressfinder,benign,0,0.033327583223581314,0,benign,22
edu.synthetic.androzoo.malware.dropper_loader.1192,malware,1,0.9974902868270874,1,malware,128
org.redsnow.Jiffy,malware,1,0.9937454462051392,1,malware,120
it.cineca.app.unime,benign,0,0.9956727027893066,1,malware,36
edu.synthetic.androzoo.malware.sms_otp_stealer.0827,malware,1,0.9989888072013855,1,malware,144
com.champapps.gtp,benign,0,0.9665480852127075,1,malware,52
com.mango.sanguo15.plsz,malware,1,0.9992678761482239,1,malware,20
sa.absher.business,benign,0,0.008578223176300526,0,benign,22
com.notartel.esignotp,benign,0,0.0019185973796993494,0,benign,119
edu.synthetic.androzoo.benign.maps_cloud.0120,benign,0,0.0017574504017829895,0,benign,49
edu.synthetic.androzoo.malware.banker_accessibility.1721,malware,1,0.9969979524612427,1,malware,162
com.migastone.app.app57fbb72fadd13,benign,0,0.5274577736854553,1,malware,38
com.sug3rs.manypaper,malware,1,0.004028344992548227,0,benign,78
com.mcpe.skins.barbie,benign,0,0.042940180748701096,0,benign,65
fgs.com.simulation,benign,0,0.0010535827605053782,0,benign,102
tw.com.thsrc.texpress,benign,0,0.0036065680906176567,0,benign,16
radio.szent.istvan,benign,0,0.0011871345341205597,0,benign,26
com.morbid_tech.morbid,benign,0,0.7775763273239136,1,malware,67
com.radiopatsh.libia_arab,benign,0,0.0024066141340881586,0,benign,22
com.peguin.pinsart,malware,1,0.001262241043150425,0,benign,169
com.subsplashconsulting.s_V9XJC8,benign,0,0.0021268457639962435,0,benign,201
edu.synthetic.androzoo.malware.banker_accessibility.0049,malware,1,0.9991087317466736,1,malware,128
com.dengyu.coolvideo,malware,1,0.21323008835315704,0,benign,16
com.yc.games,malware,1,0.003888301085680723,0,benign,12
edu.synthetic.androzoo.malware.spyware_surveillance.1973,malware,1,0.9886879324913025,1,malware,181
com.longkoo.fighter,malware,1,0.94240403175354,1,malware,30
com.kraftwerk9.firetv,benign,0,0.0026163654401898384,0,benign,107
edu.synthetic.androzoo.malware.banker_accessibility.1024,malware,1,0.9991723299026489,1,malware,78
com.digeam.a.mhgl,benign,0,0.0009558707824908197,0,benign,149
edu.synthetic.androzoo.malware.sms_otp_stealer.0790,malware,1,0.9990848302841187,1,malware,68
edu.synthetic.androzoo.malware.sms_otp_stealer.0916,malware,1,0.9939911961555481,1,malware,159
com.ThreeCatGames.HamsterAttack,malware,1,0.0032822166103869677,0,benign,87
edu.synthetic.androzoo.malware.wallet_stealer.0468,malware,1,0.9991775155067444,1,malware,143
com.klickl4u.apps,benign,0,0.07346417009830475,0,benign,23
com.cqaizhe.cassette,malware,1,0.20026539266109467,0,benign,233
com.auyou.eqy,malware,1,0.8208439350128174,1,malware,55
com.ionicframework.vezeetapatientsmobile694843,benign,0,0.9879575371742249,1,malware,49
com.repsly.android.feed,benign,0,0.00104034086689353,0,benign,161
kr.neolab.edu.collector,benign,0,0.9980939030647278,1,malware,13
app.smartspaces.eqbristol,benign,0,0.006618134677410126,0,benign,35
co.ivyonline.app,benign,0,0.9982428550720215,1,malware,36
com.ubestkid.jigsawpuzzle.a,malware,1,0.032293740659952164,0,benign,61
edu.synthetic.androzoo.malware.banker_accessibility.1626,malware,1,0.999019980430603,1,malware,180
uk.co.unibuses,benign,0,0.38065871596336365,0,benign,112
com.smartlife.nebula,benign,0,0.0013542597880586982,0,benign,200
com.angel.cuentachistesia,benign,0,0.441826730966568,0,benign,44
com.BERLITZDC.DprincessHDWallpaper2019,benign,0,0.03207806125283241,0,benign,19
stock.xiaomi.mi.mix.fold.poco.redmi.k50.launcher.wallpaper,benign,0,0.873067319393158,1,malware,164
edu.synthetic.androzoo.malware.banker_accessibility.0689,malware,1,0.9992665648460388,1,malware,65
com.marinahome,benign,0,0.003373165847733617,0,benign,139
edu.synthetic.androzoo.malware.sms_otp_stealer.1774,malware,1,0.9989773035049438,1,malware,164
mmorpg.main,benign,0,0.0015982509357854724,0,benign,66
com.livextra.bible.awadhi,benign,0,0.0036950588691979647,0,benign,213
edu.synthetic.androzoo.malware.banker_accessibility.0816,malware,1,0.998565137386322,1,malware,142
com.mthaler.ferments,benign,0,0.00287681445479393,0,benign,20
apprendre.francais.rapidement.facilement,benign,0,0.0007691137143410742,0,benign,10
edu.synthetic.androzoo.malware.banker_accessibility.0608,malware,1,0.9992959499359131,1,malware,89
ru.ivi.client,benign,0,0.0009421783033758402,0,benign,190
com.apptegy.sundowntx,benign,0,0.0013301236322149634,0,benign,125
com.cn.yikaosouti,malware,1,0.009172317571938038,0,benign,61
com.makotsl.app,benign,0,0.0015003326116129756,0,benign,155
com.visma.hryou,benign,0,0.01172511838376522,0,benign,35
gta.grandtheftauto.five.crime,benign,0,0.9542802572250366,1,malware,44
edu.synthetic.androzoo.malware.sms_otp_stealer.2074,malware,1,0.9983970522880554,1,malware,124
edu.synthetic.androzoo.malware.banker_accessibility.0945,malware,1,0.958151638507843,1,malware,174
website.lookandfindapp.app,benign,0,0.995427131652832,1,malware,30
com.newoffroadgames.cargotruck.driver3d.offroad.truck.simulator.free,benign,0,0.0011504287831485271,0,benign,101
com.ario.tor,malware,1,0.0030355961062014103,0,benign,77
com.ny33333.ti.shangchong,malware,1,0.9749885201454163,1,malware,121
com.oldmutual.myoldmutual,benign,0,0.003963045310229063,0,benign,49
com.app4joy.world_flags_free,benign,0,0.9932914972305298,1,malware,114
tiger.free.wild.wallpapers,benign,0,0.0122889569029212,0,benign,175
edu.synthetic.androzoo.malware.spyware_surveillance.0040,malware,1,0.9972208738327026,1,malware,62
edu.synthetic.androzoo.malware.wallet_stealer.2019,malware,1,0.9976485371589661,1,malware,42
edu.synthetic.androzoo.malware.spyware_surveillance.1038,malware,1,0.9984002709388733,1,malware,140
edu.synthetic.androzoo.malware.spyware_surveillance.0838,malware,1,0.9983797073364258,1,malware,77
edu.synthetic.androzoo.malware.adware_clicker.1529,malware,1,0.035149626433849335,0,benign,150
com.rift.no.wifi.offline.puzzles.offline.games,benign,0,0.0011446777498349547,0,benign,109
edu.synthetic.androzoo.malware.banker_accessibility.1890,malware,1,0.9988678693771362,1,malware,38
two.factor.authenticator.generator.code,benign,0,0.0013306874316185713,0,benign,218
edu.synthetic.androzoo.malware.sms_otp_stealer.0997,malware,1,0.9987338185310364,1,malware,129
edu.synthetic.androzoo.malware.ransomware_locker.1035,malware,1,0.9818118214607239,1,malware,186
com.sh.tlzgh,malware,1,0.22332854568958282,0,benign,164
edu.synthetic.androzoo.malware.overlay_pin_stealer.1245,malware,1,0.9986831545829773,1,malware,42
edu.synthetic.androzoo.benign.maps_cloud.0224,benign,0,0.001088075921870768,0,benign,96
com.ntsoft.android.photogaffe,malware,1,0.6570558547973633,1,malware,61
com.asmr.color.master,benign,0,0.001240453915670514,0,benign,149
com.hanweb.ganfutong,malware,1,0.0038018745835870504,0,benign,80
com.gl.wood_blockpro,benign,0,0.0024045039899647236,0,benign,49
com.nt.games.busjam,benign,0,0.0011278189485892653,0,benign,143
edu.synthetic.androzoo.malware.dropper_loader.0028,malware,1,0.9992079138755798,1,malware,59
com.sagi.barrett,benign,0,0.0010752896778285503,0,benign,130
edu.synthetic.androzoo.malware.spyware_surveillance.1376,malware,1,0.9983736276626587,1,malware,114
com.gradientwallpapers,benign,0,0.49840307235717773,0,benign,108
com.vietplaygames.tienlenmiennam,benign,0,0.9969547986984253,1,malware,18
edu.synthetic.androzoo.malware.spyware_surveillance.1953,malware,1,0.9958155751228333,1,malware,91
edu.synthetic.androzoo.malware.dropper_loader.1446,malware,1,0.9958837628364563,1,malware,155
edu.synthetic.androzoo.malware.wallet_stealer.0241,malware,1,0.9992830157279968,1,malware,38
photoeditor.photoretouch.removeobjects.retouch,benign,0,0.0024765816051512957,0,benign,272
edu.synthetic.androzoo.benign.media_game.0160,benign,0,0.0010593291372060776,0,benign,161
edu.synthetic.androzoo.malware.adware_clicker.0960,malware,1,0.005698199849575758,0,benign,190
com.rd.huatest,malware,1,0.005150162149220705,0,benign,18
edu.synthetic.androzoo.malware.overlay_pin_stealer.1108,malware,1,0.9989026784896851,1,malware,82
com.lungtransplant,benign,0,0.023682739585638046,0,benign,31
edu.synthetic.androzoo.malware.wallet_stealer.1365,malware,1,0.9972295165061951,1,malware,124
edu.synthetic.androzoo.malware.banker_accessibility.0332,malware,1,0.9991156458854675,1,malware,47
com.deere.myoperations,benign,0,0.0010708965128287673,0,benign,136
com.skymobi.battletowers,malware,1,0.006151819601655006,0,benign,115
com.ionicframework.cs0786,benign,0,0.9987562894821167,1,malware,66
edu.synthetic.androzoo.malware.banker_accessibility.0484,malware,1,0.9986147880554199,1,malware,238
com.newscope.news.wk,benign,0,0.0013231036718934774,0,benign,163
com.elian.lambabible,benign,0,0.002510848455131054,0,benign,199
com.workvivo.android,benign,0,0.8326501250267029,1,malware,27
com.sxb.answer.activity,malware,1,0.9991639852523804,1,malware,29
hu.vodafone.apps.myvodafone,benign,0,0.0010444939834997058,0,benign,205
nz.co.solus.Kotui.Selwyn,benign,0,0.9936524629592896,1,malware,30
edu.synthetic.androzoo.malware.ransomware_locker.0685,malware,1,0.05250705033540726,0,benign,140
edu.synthetic.androzoo.malware.spyware_surveillance.0872,malware,1,0.998863935470581,1,malware,155
com.trinity.edupam,malware,1,0.005224061664193869,0,benign,58
edu.synthetic.androzoo.malware.wallet_stealer.1648,malware,1,0.9954522252082825,1,malware,134
nz.co.snapper.mobile,benign,0,0.0012949197553098202,0,benign,156
edu.synthetic.androzoo.malware.banker_accessibility.1638,malware,1,0.6002948880195618,1,malware,190
com.finger2finger.games.chickeninline.lite,malware,1,0.5300203561782837,1,malware,67
com.qasidtandoori,benign,0,0.2130051553249359,0,benign,101
edu.synthetic.androzoo.benign.utility_background.0242,benign,0,0.004763694945722818,0,benign,72
pro.arendacar.carsandgoapp,benign,0,0.9984799027442932,1,malware,47
com.sheepyard.clickersimulator.idlecreepypark,malware,1,0.4601069986820221,0,benign,170
com.loyal.musicality,benign,0,0.0010988173307850957,0,benign,109
com.appsolutionslab.discoverusa,benign,0,0.001002729288302362,0,benign,35
cc.meowssage.astroweather,benign,0,0.9943757057189941,1,malware,137
ovh.sauzanaprod.meteovenezuela,benign,0,0.0010696923127397895,0,benign,161
com.picturest.my,malware,1,0.9992306232452393,1,malware,47
com.lq.speedracingGP,malware,1,0.0021207823883742094,0,benign,15
com.scoolinary.app,benign,0,0.07804427295923233,0,benign,13
edu.synthetic.androzoo.malware.overlay_pin_stealer.0178,malware,1,0.9994137287139893,1,malware,145
com.tradeindia.apps.timessenger,benign,0,0.004322025924921036,0,benign,112
com.hy.csj,malware,1,0.0012634943705052137,0,benign,230
edu.synthetic.androzoo.malware.ransomware_locker.0067,malware,1,0.0022358119022101164,0,benign,89
edu.synthetic.androzoo.malware.overlay_pin_stealer.1263,malware,1,0.9990655779838562,1,malware,159
edu.synthetic.androzoo.malware.dropper_loader.0699,malware,1,0.3418407440185547,0,benign,176
com.redshieldvpn.app,benign,0,0.0013906128006055951,0,benign,48
edu.synthetic.androzoo.benign.commerce_social.0244,benign,0,0.001491016591899097,0,benign,180
webviewgold.iTipFooty,benign,0,0.0010150582529604435,0,benign,126
edu.synthetic.androzoo.malware.spyware_surveillance.1456,malware,1,0.007688364014029503,0,benign,170
edu.synthetic.androzoo.malware.dropper_loader.0266,malware,1,0.999313235282898,1,malware,57
com.binary.hrms,benign,0,0.0017920809332281351,0,benign,55
com.gaudium.skoob,benign,0,0.001136102364398539,0,benign,175
com.egeio.fangcloud,malware,1,0.0014025972923263907,0,benign,28
com.sebferrer.life_notes,benign,0,0.0015231138095259666,0,benign,41
edu.synthetic.androzoo.benign.maps_cloud.0031,benign,0,0.0009133531129918993,0,benign,208
edu.synthetic.androzoo.malware.spyware_surveillance.1574,malware,1,0.9962426424026489,1,malware,102
ru.nexttehnika.sos112ru.wrtc,benign,0,0.9675444960594177,1,malware,32
com.pricelesscarrental.app,benign,0,0.4196872115135193,0,benign,88
com.arketa.herehotyoga,benign,0,0.001019983203150332,0,benign,25
edu.synthetic.androzoo.malware.spyware_surveillance.1220,malware,1,0.9986382126808167,1,malware,154
com.subsplashconsulting.s_98GV3H,benign,0,0.0015932460082694888,0,benign,174
com.openworld.carsimulatorct,benign,0,0.0016069363337010145,0,benign,89
edu.synthetic.androzoo.malware.banker_accessibility.1410,malware,1,0.9990146160125732,1,malware,101
se.selfmadeacademy,benign,0,0.009262677282094955,0,benign,11
org.alias,benign,0,0.001516465563327074,0,benign,151
com.subsplashconsulting.s_FT5NQC,benign,0,0.005965277552604675,0,benign,142
app.hallow.android,benign,0,0.004818232264369726,0,benign,173
com.u8.pblast,benign,0,0.0011238829465582967,0,benign,129
com.transsion.healthlife,benign,0,0.0016443501226603985,0,benign,12
com.scriptoind.coinsim,benign,0,0.0015012517105787992,0,benign,118
edu.synthetic.androzoo.malware.dropper_loader.1551,malware,1,0.9928888082504272,1,malware,198
edu.synthetic.androzoo.malware.wallet_stealer.0392,malware,1,0.9992627501487732,1,malware,119
edu.synthetic.androzoo.malware.dropper_loader.0796,malware,1,0.009853344410657883,0,benign,202
edu.synthetic.androzoo.malware.spyware_surveillance.1872,malware,1,0.8921469449996948,1,malware,47
ai.hyke.dealer,benign,0,0.001523518585599959,0,benign,93
com.guesttoguest.android,benign,0,0.6497862339019775,1,malware,37
edu.synthetic.androzoo.malware.sms_otp_stealer.1905,malware,1,0.9906259775161743,1,malware,43
edu.synthetic.androzoo.malware.banker_accessibility.0500,malware,1,0.9992489218711853,1,malware,74
br.com.zeroeum.biblia,benign,0,0.006978748831897974,0,benign,75
com.innobe.apps.farmdiary.vnext,benign,0,0.999297022819519,1,malware,46
edu.synthetic.androzoo.malware.banker_accessibility.1343,malware,1,0.998323380947113,1,malware,203
com.global.pnck,benign,0,0.0009444255265407264,0,benign,228
edu.synthetic.androzoo.malware.sms_otp_stealer.1974,malware,1,0.9991248250007629,1,malware,143
com.plussmilea.lamhaa,benign,0,0.008023989386856556,0,benign,95
com.leqi.ProfessionalIDPhoto,malware,1,0.971149206161499,1,malware,49
com.tmgreengrouptimesheets,benign,0,0.0012013253290206194,0,benign,64
com.hstech.cretamaris,benign,0,0.0017289335373789072,0,benign,139
com.jeindevica.origamiairplanes,benign,0,0.0030863729771226645,0,benign,99
edu.synthetic.androzoo.benign.maps_cloud.0104,benign,0,0.0012263469398021698,0,benign,67
com.ab.vectronix,benign,0,0.0014545441372320056,0,benign,112
com.dmitsoft.pinwheel,benign,0,0.390794962644577,0,benign,69
edu.synthetic.androzoo.malware.ransomware_locker.0737,malware,1,0.006337717175483704,0,benign,107
edu.synthetic.androzoo.malware.banker_accessibility.1404,malware,1,0.9983453750610352,1,malware,165
com.ilicit.istanbul.metro.hd,malware,1,0.9993500113487244,1,malware,113
edu.synthetic.androzoo.malware.ransomware_locker.0548,malware,1,0.997761607170105,1,malware,84
edu.synthetic.androzoo.malware.banker_accessibility.0407,malware,1,0.9080198407173157,1,malware,223
water.sort.soda.color.puzzle.games,benign,0,0.0015857922844588757,0,benign,161
com.youth4work.BHU_TEST,benign,0,0.0021504731848835945,0,benign,84
com.dengtadoctor.ear,malware,1,0.9965019226074219,1,malware,83
edu.synthetic.androzoo.malware.banker_accessibility.1740,malware,1,0.9990382194519043,1,malware,71
edu.synthetic.androzoo.malware.spyware_surveillance.0978,malware,1,0.9988333582878113,1,malware,121
jp.arrano.dogyearscalc,benign,0,0.0030900929123163223,0,benign,15
edu.synthetic.androzoo.malware.overlay_pin_stealer.1051,malware,1,0.998672366142273,1,malware,172
com.softwareeurope.expensesmobile,benign,0,0.022810963913798332,0,benign,21
com.shopgate.android.app10238,benign,0,0.013138473965227604,0,benign,118
com.brooksee.boulderthon,benign,0,0.158051535487175,0,benign,34
edu.synthetic.androzoo.malware.adware_clicker.1562,malware,1,0.08036777377128601,0,benign,81
com.cofox.kahunas.CameronLeemingFitness,benign,0,0.001227289903908968,0,benign,137
edu.synthetic.androzoo.malware.adware_clicker.1536,malware,1,0.0641789361834526,0,benign,177
edu.synthetic.androzoo.benign.media_game.0067,benign,0,0.0010412570554763079,0,benign,157
edu.synthetic.androzoo.malware.banker_accessibility.1837,malware,1,0.9993475079536438,1,malware,82
com.abs_ns.vessel653,benign,0,0.6690353155136108,1,malware,43
edu.synthetic.androzoo.malware.spyware_surveillance.1706,malware,1,0.9930926561355591,1,malware,154
appinventor.ai_illescasjesica.Eticaconchaire,benign,0,0.001002518110908568,0,benign,44
com.assistant.file.clean.pro,malware,1,0.9681903123855591,1,malware,54
br.com.mytrace.stark,benign,0,0.9745627045631409,1,malware,36
com.indiandevelopershailendra.tailorbookpro,benign,0,0.0009141832706518471,0,benign,125
com.salla.badreig,benign,0,0.0014159833081066608,0,benign,208
edu.synthetic.androzoo.malware.overlay_pin_stealer.1321,malware,1,0.9968084692955017,1,malware,118
com.truemythgames.beadssortcraft,benign,0,0.0020201450679451227,0,benign,117
com.pedidosya,benign,0,0.0011931066401302814,0,benign,247
com.thuanlumi.gentlesunny,benign,0,0.1968553066253662,0,benign,35
com.t2s.cookiecrumble798808,benign,0,0.0008874420891515911,0,benign,165
com.istar.rclient,benign,0,0.002777434652671218,0,benign,22
com.microsoft.windowsintune.companyportal,benign,0,0.004641788545995951,0,benign,116
edu.synthetic.androzoo.malware.dropper_loader.1509,malware,1,0.8357214331626892,1,malware,91
com.lijordan.terra,benign,0,0.00171476393006742,0,benign,144
edu.synthetic.androzoo.malware.spyware_surveillance.0460,malware,1,0.11826248466968536,0,benign,190
edu.synthetic.androzoo.malware.sms_otp_stealer.0053,malware,1,0.9986526966094971,1,malware,114
edu.synthetic.androzoo.malware.spyware_surveillance.0898,malware,1,0.9985841512680054,1,malware,113
com.vero.neomiAR,benign,0,0.0009326142026111484,0,benign,10
net.manoloworks.Mecklenburg_Vorpommern_radiosender,benign,0,0.0015009765047580004,0,benign,150
edu.synthetic.androzoo.malware.spyware_surveillance.0487,malware,1,0.9923864603042603,1,malware,141
edu.synthetic.androzoo.malware.wallet_stealer.0682,malware,1,0.9986442923545837,1,malware,56
edu.synthetic.androzoo.malware.wallet_stealer.0644,malware,1,0.9992101192474365,1,malware,156
edu.synthetic.androzoo.benign.maps_cloud.0149,benign,0,0.001044591423124075,0,benign,134
edu.synthetic.androzoo.malware.banker_accessibility.1768,malware,1,0.8738713264465332,1,malware,232
com.kddglm.xjl,malware,1,0.011103317141532898,0,benign,85
edu.synthetic.androzoo.malware.spyware_surveillance.1724,malware,1,0.9626834392547607,1,malware,44
com.ht96.trongdaotran.dongyapplication,benign,0,0.09361614286899567,0,benign,75
com.abacuschampsacademy.abacusChamp,benign,0,0.0007691137143410742,0,benign,10
com.acid.app,benign,0,0.00099635508377105,0,benign,102
edu.synthetic.androzoo.malware.spyware_surveillance.0153,malware,1,0.9978044629096985,1,malware,135
edu.synthetic.androzoo.malware.banker_accessibility.0829,malware,1,0.9990702271461487,1,malware,149
com.allup.ufc,benign,0,0.8894549608230591,1,malware,22
com.keytom.app.twa,benign,0,0.0012689727591350675,0,benign,76
es.odilo.merck,benign,0,0.001376479514874518,0,benign,159
uk.co.stefsquared.vanguard,benign,0,0.0011241532629355788,0,benign,111
com.lt.shakeme,malware,1,0.9988889098167419,1,malware,95
com.restaumatic.bosca_pizzeria_production,benign,0,0.013248086906969547,0,benign,67
edu.synthetic.androzoo.benign.utility_background.0140,benign,0,0.001601831172592938,0,benign,102
com.sstech.suh.dic.hau,malware,1,0.1348293572664261,0,benign,65
com.taskgo.app,benign,0,0.002878716215491295,0,benign,100
com.otobeas.horus,benign,0,0.0022447947412729263,0,benign,23
edu.synthetic.androzoo.malware.banker_accessibility.1173,malware,1,0.9990345239639282,1,malware,185
com.teccom.radiosdenicaraguaenvivo,benign,0,0.0007916914764791727,0,benign,11
edu.synthetic.androzoo.malware.banker_accessibility.0321,malware,1,0.9992762207984924,1,malware,93
edu.synthetic.androzoo.malware.overlay_pin_stealer.1176,malware,1,0.9982430934906006,1,malware,42
edu.synthetic.androzoo.malware.ransomware_locker.0868,malware,1,0.024359410628676414,0,benign,148
com.cslm.abc,malware,1,0.0008237012079916894,0,benign,12
edu.synthetic.androzoo.malware.banker_accessibility.1299,malware,1,0.9993025064468384,1,malware,95
edu.synthetic.androzoo.malware.spyware_surveillance.1157,malware,1,0.9985672235488892,1,malware,61
com.fornetjob.neonballs,benign,0,0.0012409182963892817,0,benign,102
edu.synthetic.androzoo.malware.ransomware_locker.1257,malware,1,0.6927787065505981,1,malware,98
edu.synthetic.androzoo.benign.media_game.0115,benign,0,0.0016775386175140738,0,benign,141
com.ingrails.motherland,benign,0,0.9891316890716553,1,malware,27
cs.cover.strike.gun.shooting.games.offline,benign,0,0.01598821021616459,0,benign,21
com.nuqiapp.mayzallari,benign,0,0.9966961145401001,1,malware,40
com.evaapp.evacharging,benign,0,0.0025433648843318224,0,benign,37
edu.synthetic.androzoo.malware.banker_accessibility.1685,malware,1,0.9990991353988647,1,malware,102
edu.synthetic.androzoo.malware.overlay_pin_stealer.0540,malware,1,0.9993306398391724,1,malware,39
ru.ftc.faktura.kbhmb,benign,0,0.0008703748462721705,0,benign,63
com.writer.xzj,malware,1,0.0010342169553041458,0,benign,41
jp.naver.linemanga.android,benign,0,0.0031195960473269224,0,benign,50
com.freeappszone.mariachimusic,benign,0,0.0009486451745033264,0,benign,121
edu.synthetic.androzoo.malware.banker_accessibility.1195,malware,1,0.9990723133087158,1,malware,149
com.woqu.fruit.yyh,malware,1,0.0017320316983386874,0,benign,10
co.benx.weverse,benign,0,0.004629720002412796,0,benign,159
edu.synthetic.androzoo.malware.overlay_pin_stealer.0505,malware,1,0.9988245368003845,1,malware,69
xyz.xoventechdev.saifnetudplite,malware,1,0.0014638715656474233,0,benign,18
com.wepartytt,benign,0,0.0012941306922584772,0,benign,207
com.clanified.virtual.rent.family.sim,benign,0,0.0018419419648125768,0,benign,14
com.dictionary.englishtohinditranslator,malware,1,0.048809606581926346,0,benign,221
com.fibrum.froggyvr,malware,1,0.9608607888221741,1,malware,15
com.lechneralexander.privatebrowser,malware,1,0.014874196611344814,0,benign,63
com.cashaa.app,benign,0,0.004152373410761356,0,benign,12
edu.synthetic.androzoo.malware.ransomware_locker.1799,malware,1,0.9058334827423096,1,malware,56
edu.synthetic.androzoo.malware.spyware_surveillance.1592,malware,1,0.9992159605026245,1,malware,91
com.august.bennu,benign,0,0.02117178402841091,0,benign,52
edu.synthetic.androzoo.malware.sms_otp_stealer.1766,malware,1,0.9987921118736267,1,malware,119
edu.synthetic.androzoo.malware.overlay_pin_stealer.1100,malware,1,0.9988996982574463,1,malware,171
com.chronogolf.booking.pinecrest,benign,0,0.0011221765307709575,0,benign,146
com.sinyee.babybus.digging,malware,1,0.007568245753645897,0,benign,18
edu.synthetic.androzoo.malware.wallet_stealer.0389,malware,1,0.9985477328300476,1,malware,132
edu.synthetic.androzoo.malware.dropper_loader.1955,malware,1,0.655549168586731,1,malware,239
tv.nexstar.id3552,benign,0,0.0022461197804659605,0,benign,186
edu.synthetic.androzoo.malware.spyware_surveillance.1772,malware,1,0.9869629740715027,1,malware,114
com.ggstudio.yeloli,benign,0,0.026002250611782074,0,benign,17
edu.synthetic.androzoo.malware.wallet_stealer.1701,malware,1,0.9992610812187195,1,malware,88
jp.studysapurienglish.student,benign,0,0.0010428443783894181,0,benign,124
com.kuaiyou.loveplatform,malware,1,0.8838127255439758,1,malware,64
app.ledscrolldisplay,benign,0,0.001178380218334496,0,benign,126
com.yuwanxiong.yzddtwo,malware,1,0.7034677267074585,1,malware,181
edu.synthetic.androzoo.malware.dropper_loader.1491,malware,1,0.8051638603210449,1,malware,98
edu.synthetic.androzoo.malware.overlay_pin_stealer.1936,malware,1,0.9992927312850952,1,malware,48
pi.browser,benign,0,0.0011114230146631598,0,benign,138
edu.synthetic.androzoo.malware.adware_clicker.1851,malware,1,0.9956257343292236,1,malware,150
edu.synthetic.androzoo.benign.webview_content.0088,benign,0,0.0012000444112345576,0,benign,69
io.aira.explorer,benign,0,0.6434856653213501,1,malware,25
no.nyby,benign,0,0.0010387898655608296,0,benign,112
edu.synthetic.androzoo.malware.spyware_surveillance.1027,malware,1,0.9972718358039856,1,malware,103
com.roadside.drive,benign,0,0.9124403595924377,1,malware,49
edu.synthetic.androzoo.malware.dropper_loader.0399,malware,1,0.9992905855178833,1,malware,46
com.funnygames.game.smania,benign,0,0.0011616041883826256,0,benign,207
edu.synthetic.androzoo.malware.dropper_loader.0177,malware,1,0.3151777386665344,0,benign,163
acumen.track.gps,benign,0,0.005610172171145678,0,benign,39
com.rez.minebuild,malware,1,0.0010706388857215643,0,benign,35
edu.synthetic.androzoo.malware.adware_clicker.0965,malware,1,0.9961754083633423,1,malware,50
com.accor.appli.hybrid,benign,0,0.002139949705451727,0,benign,215
edu.synthetic.androzoo.benign.media_game.0146,benign,0,0.016368187963962555,0,benign,47
br.com.ideia2001.CatalogoFConfuorto,benign,0,0.9990791082382202,1,malware,52
news.cnr.cn,malware,1,0.9678040146827698,1,malware,103
com.gomemyc.mylc.android,malware,1,0.004442498087882996,0,benign,106
edu.synthetic.androzoo.malware.dropper_loader.0780,malware,1,0.9055328965187073,1,malware,180
edu.synthetic.androzoo.malware.ransomware_locker.1859,malware,1,0.9936890602111816,1,malware,71
edu.synthetic.androzoo.malware.overlay_pin_stealer.0585,malware,1,0.9987039566040039,1,malware,192
com.habapp,benign,0,0.13196563720703125,0,benign,85
com.apextiming.speeders,benign,0,0.0009488242794759572,0,benign,178
ai.qed.scanspectrum2.app.ss,benign,0,0.008168289437890053,0,benign,51
com.jfox.huntersss.tw,malware,1,0.0017154465895146132,0,benign,59
com.trackingtopia.seoulairportguide,benign,0,0.007477873470634222,0,benign,111
fr.djma.app,benign,0,0.20819053053855896,0,benign,35
edu.synthetic.androzoo.malware.spyware_surveillance.1113,malware,1,0.9888603091239929,1,malware,177
edu.synthetic.androzoo.malware.spyware_surveillance.0616,malware,1,0.9991482496261597,1,malware,151
net.dzyga.android.fishing,benign,0,0.005668930243700743,0,benign,122
edu.synthetic.androzoo.benign.utility_background.0014,benign,0,0.001719304476864636,0,benign,44
com.gff.car.transport.cargo.plane,malware,1,0.8647111058235168,1,malware,13
com.roababusinessdirectory.roaba,benign,0,0.0010775092523545027,0,benign,32
org.lateral.app,benign,0,0.13070601224899292,0,benign,69
com.drcom.DuoDian,malware,1,0.7014865875244141,1,malware,17
com.productmadness.cashmancasino,benign,0,0.000933281728066504,0,benign,113
com.xizi.quan,malware,1,0.0012160467449575663,0,benign,106
jp.pxv.android,benign,0,0.0011249905219301581,0,benign,187
com.sinyee.babybus.babydrawing,malware,1,0.9979547262191772,1,malware,50
com.akhenaton.dr_shady,benign,0,0.0015646793181076646,0,benign,104
com.weappin.weappfitAquaSportsLanzarote,benign,0,0.0024701780639588833,0,benign,15
com.lilithgame.sgame.gp.oss,benign,0,0.0012086423812434077,0,benign,35
com.yxkj.medicine,malware,1,0.0015108335064724088,0,benign,34
edu.synthetic.androzoo.malware.banker_accessibility.1021,malware,1,0.9993835687637329,1,malware,111
edu.synthetic.androzoo.malware.dropper_loader.1499,malware,1,0.23493950068950653,0,benign,155
com.gravitygamestudio.hiddenobject,benign,0,0.001873714616522193,0,benign,82
com.touringplans.dlrlines.android,benign,0,0.1467345952987671,0,benign,93
edu.synthetic.androzoo.malware.overlay_pin_stealer.0691,malware,1,0.9989854693412781,1,malware,45
edu.synthetic.androzoo.benign.media_game.0076,benign,0,0.0010431882692500949,0,benign,130
com.arksur.navol,malware,1,0.006651587318629026,0,benign,157
edu.synthetic.androzoo.malware.dropper_loader.1539,malware,1,0.9990617632865906,1,malware,65
jp.co.jal.flightfun,benign,0,0.007009136490523815,0,benign,76
edu.synthetic.androzoo.malware.sms_otp_stealer.0163,malware,1,0.9984086155891418,1,malware,82
com.ambrotechs.bluebay,benign,0,0.9992464780807495,1,malware,57
edu.synthetic.androzoo.malware.overlay_pin_stealer.1477,malware,1,0.9992802739143372,1,malware,44
com.prim.app.primarkmf,benign,0,0.0029339303728193045,0,benign,16
edu.synthetic.androzoo.malware.spyware_surveillance.1002,malware,1,0.943092942237854,1,malware,41
ecommerce_166.android.app,benign,0,0.0017220604931935668,0,benign,100
com.nexon.bluearchive,benign,0,0.0054300688207149506,0,benign,124
com.viva.vivamax,benign,0,0.001150934025645256,0,benign,166
br.com.guiasos.app53on,benign,0,0.0009396121604368091,0,benign,137
edu.synthetic.androzoo.malware.overlay_pin_stealer.0366,malware,1,0.9991704225540161,1,malware,168
com.ibuild.isaving,benign,0,0.001037074252963066,0,benign,100
edu.synthetic.androzoo.malware.banker_accessibility.0011,malware,1,0.9939272403717041,1,malware,176
edu.synthetic.androzoo.malware.spyware_surveillance.0459,malware,1,0.9868847131729126,1,malware,122
in.mohalla.video,benign,0,0.0012062713503837585,0,benign,298
com.cargo.gel,benign,0,0.9993259906768799,1,malware,26
com.vikingmaxx.hook,benign,0,0.9262776970863342,1,malware,17
com.appsphereinnovations.tamilcomedystickers,benign,0,0.07182695716619492,0,benign,131
edu.synthetic.androzoo.malware.overlay_pin_stealer.0696,malware,1,0.9992765784263611,1,malware,42
edu.synthetic.androzoo.malware.banker_accessibility.1985,malware,1,0.9991692304611206,1,malware,53
com.ysg.ejt,malware,1,0.36111459136009216,0,benign,81
com.TrofyGames.UboatAttack,benign,0,0.023996105417609215,0,benign,70
com.tippingcanoe.pepperpl,benign,0,0.0009872019290924072,0,benign,118
com.lotus.lianliankan,malware,1,0.9986541271209717,1,malware,159
edu.synthetic.androzoo.malware.banker_accessibility.0415,malware,1,0.9990028738975525,1,malware,68
com.linj,malware,1,0.001929540652781725,0,benign,14
world.battle.army.power,benign,0,0.001156033482402563,0,benign,129
com.funiza.poolstrikeoffline,benign,0,0.0010267568286508322,0,benign,130
io.stockapp.starter,benign,0,0.5430306792259216,1,malware,76
com.bob.luckystar,malware,1,0.0028376400005072355,0,benign,157
edu.synthetic.androzoo.malware.adware_clicker.1328,malware,1,0.9994531273841858,1,malware,40
edu.synthetic.androzoo.malware.banker_accessibility.1775,malware,1,0.9798928499221802,1,malware,232
edu.synthetic.androzoo.malware.banker_accessibility.0748,malware,1,0.9990361928939819,1,malware,169
edu.synthetic.androzoo.malware.dropper_loader.0874,malware,1,0.9969108700752258,1,malware,165
de.web.mobile.android.mail,benign,0,0.002398002427071333,0,benign,34
com.apptegy.citydesarc,benign,0,0.00103397062048316,0,benign,150
edu.synthetic.androzoo.benign.webview_content.0022,benign,0,0.0017587324837222695,0,benign,157
com.mxtech.videoplayer.ad,benign,0,0.0011173465754836798,0,benign,347
edu.synthetic.androzoo.malware.spyware_surveillance.1507,malware,1,0.9982660412788391,1,malware,66
ai.atheneum,benign,0,0.31108519434928894,0,benign,17
edu.synthetic.androzoo.malware.dropper_loader.1486,malware,1,0.6527485847473145,1,malware,162
com.watercountry.mobile,benign,0,0.0012911317171528935,0,benign,202
com.neema.android,benign,0,0.0012395172379910946,0,benign,333
net.motortalk.android.board,benign,0,0.0009745752904564142,0,benign,111
com.maddevices.combatsmobile,malware,1,0.997564435005188,1,malware,47
com.conformit.intervention,benign,0,0.548449695110321,1,malware,84
com.codewai.radios.uk.hsm,benign,0,0.0016655044164508581,0,benign,103
com.egitimyazilimlari.smartboard,benign,0,0.030732790008187294,0,benign,23
io.plagap.com,benign,0,0.9919961094856262,1,malware,55
edu.synthetic.androzoo.malware.spyware_surveillance.1942,malware,1,0.9966000914573669,1,malware,100
com.igg.android.galaxyonline3_beta,malware,1,0.0015540429158136249,0,benign,53
com.couplower.qin,malware,1,0.013766836374998093,0,benign,84
edu.synthetic.androzoo.malware.dropper_loader.1886,malware,1,0.9975488781929016,1,malware,138
com.bushiroad.BushiroadFightersNavigator,benign,0,0.0023169945925474167,0,benign,146
com.hishabee.business,benign,0,0.0026830367278307676,0,benign,164
com.gizmodus.myswimcoach,benign,0,0.0011266532819718122,0,benign,128
com.trainerize.unconventionaltrainingapp,benign,0,0.9976465106010437,1,malware,41
com.ppapps.collections,benign,0,0.004461205564439297,0,benign,121
edu.synthetic.androzoo.malware.wallet_stealer.0878,malware,1,0.999121367931366,1,malware,57
com.newsparkapps.indianheavydrivercheatcodes,benign,0,0.0013866910012438893,0,benign,179
edu.synthetic.androzoo.malware.wallet_stealer.1065,malware,1,0.032170962542295456,0,benign,154
com.kairogame.android.Depart,malware,1,0.9945588707923889,1,malware,89
com.immusician.musiclass,malware,1,0.1392352283000946,0,benign,58
com.nekki.shadowfight3,malware,1,0.000826868403237313,0,benign,121
edu.synthetic.androzoo.malware.banker_accessibility.1645,malware,1,0.9991724491119385,1,malware,172
edu.synthetic.androzoo.malware.spyware_surveillance.0788,malware,1,0.9989904761314392,1,malware,164
edu.synthetic.androzoo.malware.ransomware_locker.0451,malware,1,0.008667041547596455,0,benign,77
edu.synthetic.androzoo.malware.banker_accessibility.1094,malware,1,0.9992196559906006,1,malware,151
com.happy.box.draw.shapes.game.cn,malware,1,0.5822092890739441,1,malware,25
ld.learn.acupressure.points.acupuncture.tips,malware,1,0.0008908219751901925,0,benign,10
com.ledpixelart.piledriver,benign,0,0.002248480450361967,0,benign,15
com.visionect.joan.desk,benign,0,0.0014890686143189669,0,benign,136
edu.synthetic.androzoo.benign.commerce_social.0066,benign,0,0.0009681524825282395,0,benign,162
org.osmosis.med,benign,0,0.9422296285629272,1,malware,18
com.pickle.HelicopterFlightPilotSimulator,benign,0,0.0010674531804397702,0,benign,143
com.kt.kids.playground,benign,0,0.0010827518999576569,0,benign,120
com.youvisit.hybridvr59971,malware,1,0.0010802879696711898,0,benign,104
edu.synthetic.androzoo.malware.overlay_pin_stealer.1613,malware,1,0.9988701939582825,1,malware,33
com.funeasylearn.danish,benign,0,0.0011843639658764005,0,benign,149
com.facilitygrid.mobile,benign,0,0.9981254935264587,1,malware,58
com.kigle.seaanimals,benign,0,0.01068310346454382,0,benign,39
io.axip.inneralchemy,benign,0,0.006282774265855551,0,benign,105
com.barcode.picture.scanner.reader,malware,1,0.15488971769809723,0,benign,52
com.englishkeyboard.voicetyping.speaktotype.translator,benign,0,0.0008972029900178313,0,benign,101
com.dhadbadati.apps.ram_katha_hindi,benign,0,0.0038631909992545843,0,benign,177
ru.zebomba.find,benign,0,0.003955538850277662,0,benign,142
com.taxigo.ee,benign,0,0.0011324228253215551,0,benign,165
edu.synthetic.androzoo.malware.banker_accessibility.0553,malware,1,0.9984625577926636,1,malware,216
edu.synthetic.androzoo.malware.spyware_surveillance.0715,malware,1,0.9917238354682922,1,malware,42
ruler.bubblelevel,benign,0,0.001454532379284501,0,benign,129
com.grinasys.fwl,benign,0,0.9954110980033875,1,malware,23
com.colorful.colors.wallPapers,benign,0,0.005100386682897806,0,benign,188
edu.synthetic.androzoo.malware.overlay_pin_stealer.0435,malware,1,0.9992608428001404,1,malware,80
com.app.float_chat,malware,1,0.005005087703466415,0,benign,11
edu.synthetic.androzoo.malware.wallet_stealer.1411,malware,1,0.9990184307098389,1,malware,64
org.getcompliant.getcompliantapp,benign,0,0.9683484435081482,1,malware,36
com.edurev.ielts,benign,0,0.0010991839226335287,0,benign,140
jp.co.zensho.sukiyamoap,benign,0,0.0008122547878883779,0,benign,123
com.esiwei.yyasianshop,malware,1,0.034563977271318436,0,benign,104
com.paysii.referral,benign,0,0.014833544380962849,0,benign,95
edu.synthetic.androzoo.malware.sms_otp_stealer.1068,malware,1,0.9917899370193481,1,malware,36
edu.synthetic.androzoo.malware.ransomware_locker.1044,malware,1,0.14487586915493011,0,benign,42
com.metta.mindfulness,malware,1,0.005505171604454517,0,benign,95
edu.synthetic.androzoo.malware.sms_otp_stealer.0092,malware,1,0.9986675977706909,1,malware,30
uk.co.newsquest.dorsetecho,benign,0,0.000924393068999052,0,benign,189
edu.synthetic.androzoo.malware.spyware_surveillance.0304,malware,1,0.9931332468986511,1,malware,54
com.DevDragon.QuebraCabecasBenzemaPuzzles,benign,0,0.9683987498283386,1,malware,91
edu.synthetic.androzoo.malware.ransomware_locker.0897,malware,1,0.9696066379547119,1,malware,78
edu.synthetic.androzoo.malware.ransomware_locker.1641,malware,1,0.7329526543617249,1,malware,73
edu.synthetic.androzoo.malware.dropper_loader.0014,malware,1,0.9992883801460266,1,malware,69
com.trainerize.topnotchfitness,benign,0,0.9910638332366943,1,malware,36
edu.synthetic.androzoo.malware.dropper_loader.1769,malware,1,0.8769078850746155,1,malware,235
edu.synthetic.androzoo.malware.spyware_surveillance.1776,malware,1,0.9864841103553772,1,malware,94
edu.synthetic.androzoo.benign.maps_cloud.0045,benign,0,0.9695348143577576,1,malware,45
edu.synthetic.androzoo.malware.banker_accessibility.1864,malware,1,0.9988803267478943,1,malware,199
com.qysoft.zyhj,malware,1,0.999440610408783,1,malware,55
edu.synthetic.androzoo.malware.wallet_stealer.0844,malware,1,0.9992626309394836,1,malware,103
org.impactindia.llemeddocket,benign,0,0.003206145018339157,0,benign,15
edu.synthetic.androzoo.malware.banker_accessibility.0323,malware,1,0.9990934133529663,1,malware,84
com.esuper.file.explorer,benign,0,0.0014492679620161653,0,benign,266
com.frolicfoxstudio.bssd,malware,1,0.9775564074516296,1,malware,74
edu.synthetic.androzoo.malware.overlay_pin_stealer.1755,malware,1,0.9991596937179565,1,malware,121
swipestox.mobile,benign,0,0.04150038957595825,0,benign,21
com.beyondthewhiteboard.johnnyutah,benign,0,0.8730329871177673,1,malware,21
com.fcy.wordgame,benign,0,0.001008255174383521,0,benign,105
conversor.conversaotaxasbasico.clptop,benign,0,0.003533170325681567,0,benign,230
com.ifanr.activitys,malware,1,0.002009938471019268,0,benign,75
com.martian.yly.yyh,malware,1,0.45880022644996643,0,benign,85
com.saubcy.games.puzzle.Pokemon.B,malware,1,0.9861811995506287,1,malware,41
edu.synthetic.androzoo.malware.ransomware_locker.0210,malware,1,0.0048559121787548065,0,benign,153
com.ubestkid.beilehu.android,malware,1,0.004109232686460018,0,benign,104
com.primeopinion.appname,benign,0,0.00172407494392246,0,benign,168
ridewithvia.bra.branttransit,benign,0,0.2828737795352936,0,benign,81
edu.synthetic.androzoo.malware.banker_accessibility.1819,malware,1,0.9989032745361328,1,malware,69
com.communi.app,benign,0,0.00606142170727253,0,benign,36
com.is.android.modalis,benign,0,0.0009600482881069183,0,benign,146
de.tutao.tutanota,benign,0,0.9968517422676086,1,malware,24
edu.synthetic.androzoo.malware.overlay_pin_stealer.1142,malware,1,0.9990197420120239,1,malware,149
it.cardright,benign,0,0.9966021776199341,1,malware,19
edu.synthetic.androzoo.malware.banker_accessibility.0015,malware,1,0.9790043830871582,1,malware,215
edu.synthetic.androzoo.malware.banker_accessibility.0465,malware,1,0.9988067150115967,1,malware,163
com.threeminutegames.lifelinecrisislinegoog.st,malware,1,0.860741376876831,1,malware,163
edu.synthetic.androzoo.benign.maps_cloud.0109,benign,0,0.000989921623840928,0,benign,98
edu.synthetic.androzoo.malware.sms_otp_stealer.1673,malware,1,0.9981693029403687,1,malware,38
edu.synthetic.androzoo.malware.overlay_pin_stealer.1792,malware,1,0.9994495511054993,1,malware,79
edu.synthetic.androzoo.malware.dropper_loader.1258,malware,1,0.9891555905342102,1,malware,205
com.nu.production,benign,0,0.06881727278232574,0,benign,54
com.souche.apps.destiny,malware,1,0.007654294371604919,0,benign,20
com.app.fsinsight,benign,0,0.0015883846208453178,0,benign,80
com.constanttherapy.android.main,benign,0,0.0011737651657313108,0,benign,159
edu.synthetic.androzoo.malware.spyware_surveillance.1949,malware,1,0.998933732509613,1,malware,100
com.Sunscool.Sunscool,benign,0,0.8006905317306519,1,malware,42
com.nttdocomo.keitai.payment,benign,0,0.0010175921488553286,0,benign,209
com.edujia.ime,malware,1,0.0048919422551989555,0,benign,78
edu.synthetic.androzoo.malware.spyware_surveillance.0558,malware,1,0.9990867376327515,1,malware,92
edu.synthetic.androzoo.malware.dropper_loader.0663,malware,1,0.8889678120613098,1,malware,159
edu.synthetic.androzoo.malware.ransomware_locker.1032,malware,1,0.00924201961606741,0,benign,126
com.Playtime.CC0107,malware,1,0.9982638955116272,1,malware,30
sharedesk.net.optixapp.launchcowork,benign,0,0.000915042997803539,0,benign,148
edu.synthetic.androzoo.malware.dropper_loader.0958,malware,1,0.026398375630378723,0,benign,171
com.zhihui.chinese,malware,1,0.026997266337275505,0,benign,17
jp.co.iyobank.dhdl.safety.playstore,benign,0,0.9591471552848816,1,malware,96
com.vool.app,benign,0,0.011621157638728619,0,benign,18
edu.synthetic.androzoo.malware.spyware_surveillance.0763,malware,1,0.995448887348175,1,malware,175
edu.synthetic.androzoo.malware.overlay_pin_stealer.0278,malware,1,0.9990723133087158,1,malware,121
com.easytech.wc4.android,benign,0,0.0021937587298452854,0,benign,79
com.xiyue.drama,benign,0,0.0026355667505413294,0,benign,34
com.mnightt.slices,benign,0,0.0008972970535978675,0,benign,134
edu.synthetic.androzoo.malware.dropper_loader.0085,malware,1,0.9978060126304626,1,malware,166
com.uniforest.connect,benign,0,0.9977632761001587,1,malware,51
edu.synthetic.androzoo.malware.banker_accessibility.0433,malware,1,0.9987863898277283,1,malware,138
com.domicilien.aase,benign,0,0.9819068312644958,1,malware,32
edu.synthetic.androzoo.malware.overlay_pin_stealer.1412,malware,1,0.9994109869003296,1,malware,105
edu.synthetic.androzoo.malware.banker_accessibility.1251,malware,1,0.9922186136245728,1,malware,117
com.udyam,benign,0,0.0015010744100436568,0,benign,129
com.comptoirdespecheurs.app.dkt,benign,0,0.0009093812550418079,0,benign,180
fi.upsi,benign,0,0.9951699376106262,1,malware,49
edu.synthetic.androzoo.malware.dropper_loader.1324,malware,1,0.988280177116394,1,malware,179
digifit.android.virtuagym.pro.personaltrainingastensomeren,benign,0,0.9124225974082947,1,malware,46
com.southradios,benign,0,0.0010362629545852542,0,benign,176
edu.synthetic.androzoo.malware.wallet_stealer.0815,malware,1,0.9982147216796875,1,malware,127
dev.Frases.deAmor.jado,benign,0,0.004338373895734549,0,benign,32
com.hltcorp.footcare,benign,0,0.002739023882895708,0,benign,175
com.aladinfun.islandking.android,benign,0,0.0008834746549837291,0,benign,118
edu.synthetic.androzoo.malware.adware_clicker.2043,malware,1,0.021426495164632797,0,benign,98
edu.synthetic.androzoo.malware.spyware_surveillance.0890,malware,1,0.9961909055709839,1,malware,50
bin.mt.plus,malware,1,0.01867210865020752,0,benign,51
com.recode.pregis,benign,0,0.0028708104509860277,0,benign,34
com.fintasys.weddy,benign,0,0.24747340381145477,0,benign,30
com.joinrh.ead,benign,0,0.9991137385368347,1,malware,55
edu.synthetic.androzoo.malware.overlay_pin_stealer.0274,malware,1,0.999060332775116,1,malware,55
com.inhouse.chinesewriter,benign,0,0.13174952566623688,0,benign,56
edu.synthetic.androzoo.malware.overlay_pin_stealer.1052,malware,1,0.9993365406990051,1,malware,82
com.compareinsurance.carinsurancecheckapp,malware,1,0.00219760206528008,0,benign,82
uk.co.aifactory.sudokufree,benign,0,0.1543368250131607,0,benign,56
com.focustech.abizbest.app.moblie,malware,1,0.07661402970552444,0,benign,79
com.lemellabs.differences,benign,0,0.001088451244868338,0,benign,141
edu.synthetic.androzoo.malware.spyware_surveillance.0509,malware,1,0.9969202280044556,1,malware,125
com.ssgz.pica,benign,0,0.0034808446653187275,0,benign,38
edu.synthetic.androzoo.malware.wallet_stealer.0711,malware,1,0.9989308714866638,1,malware,37
com.app.naijaacres,benign,0,0.9962078332901001,1,malware,13
edu.synthetic.androzoo.malware.wallet_stealer.1829,malware,1,0.9986335635185242,1,malware,158
com.m2sys.secugenpro,benign,0,0.0008927785092964768,0,benign,70
edu.synthetic.androzoo.malware.ransomware_locker.1177,malware,1,0.9079081416130066,1,malware,63
com.trainerize.dutifitness,benign,0,0.18605871498584747,0,benign,16
edu.synthetic.androzoo.malware.ransomware_locker.1164,malware,1,0.9832291007041931,1,malware,163
com.chairenhuo.qshuiynm.cookman.happiness,malware,1,0.0011121665593236685,0,benign,121
com.customchurchapps.appooghwy0c,benign,0,0.003434885526075959,0,benign,164
cn.jiedh.app.jiedaihui,malware,1,0.7215331196784973,1,malware,199
edu.synthetic.androzoo.malware.dropper_loader.0173,malware,1,0.1626203954219818,0,benign,208
edu.synthetic.androzoo.malware.wallet_stealer.1088,malware,1,0.9991449117660522,1,malware,72
cutanddry.acmesteak.mobile.android,benign,0,0.0010264604352414608,0,benign,147
com.magicapp.keepclean.phonebooster,malware,1,0.0012167964596301317,0,benign,101
com.cambodianinvestorscorporation,benign,0,0.0011841210070997477,0,benign,35
com.Revamp.SteampunkPuzzle2,malware,1,0.9978766441345215,1,malware,161
com.jasp.rosarioVirgenMaria,benign,0,0.0021208832040429115,0,benign,92
com.bulkypix.orborun,malware,1,0.018073776736855507,0,benign,33
com.sahell.holyquran,benign,0,0.002284419722855091,0,benign,26
com.owlogue.mandrakeboys.kor,benign,0,0.0008983573061414063,0,benign,141
com.cb.cakebaker.bakinggames.makergames,benign,0,0.01210944727063179,0,benign,124
com.jewel.drop.slide.block.puzzlegame,benign,0,0.0009611895075067878,0,benign,122
com.hiwell,benign,0,0.004957841709256172,0,benign,79
edu.synthetic.androzoo.malware.sms_otp_stealer.1607,malware,1,0.9991211295127869,1,malware,71
com.studio27.MelonPlayground,benign,0,0.0014460254460573196,0,benign,133
com.overworld.app,benign,0,0.0009158139582723379,0,benign,164
edu.synthetic.androzoo.malware.overlay_pin_stealer.0140,malware,1,0.9988693594932556,1,malware,107
io.flexprotect.mobile,benign,0,0.9976587295532227,1,malware,22
com.best.quick.browser,malware,1,0.00098993384744972,0,benign,209
edu.synthetic.androzoo.benign.media_game.0162,benign,0,0.0013344618491828442,0,benign,93
br.com.raise.app10239,benign,0,0.0034042655024677515,0,benign,55
com.gutrendvision.robot,benign,0,0.0139046935364604,0,benign,82
com.kbpro.Fixiclicker,malware,1,0.0031299549154937267,0,benign,238
com.pearlabyss.pearlapp,benign,0,0.0010167378932237625,0,benign,145
com.blackbird.card.aata,benign,0,0.000976630370132625,0,benign,85
hr.asseco.android.jimba.cecro,benign,0,0.001007706276141107,0,benign,140
com.dxysolutions.scihist,benign,0,0.9993059635162354,1,malware,35
edu.synthetic.androzoo.benign.utility_background.0080,benign,0,0.0009769486496225,0,benign,156
com.grocerkey.frontendapp.woodmans,benign,0,0.02130582183599472,0,benign,74
com.idcardsapp,benign,0,0.060992445796728134,0,benign,14
edu.synthetic.androzoo.malware.banker_accessibility.0083,malware,1,0.9991897940635681,1,malware,107
edu.synthetic.androzoo.malware.dropper_loader.1109,malware,1,0.9973434805870056,1,malware,89
com.MapsAndVirtualCompass,benign,0,0.0012474242830649018,0,benign,117
edu.synthetic.androzoo.malware.dropper_loader.1452,malware,1,0.010691432282328606,0,benign,168
heybarber.app,benign,0,0.008882707916200161,0,benign,15
com.directfn.universal_adx,benign,0,0.48711374402046204,0,benign,61
com.whetcloud.forunpoint.user,benign,0,0.665295422077179,1,malware,56
com.gameme5.FTHDHD,malware,1,0.0008527798927389085,0,benign,10
edu.synthetic.androzoo.malware.dropper_loader.0523,malware,1,0.8199167847633362,1,malware,132
air.nn.VEhFUEFQQVNIT1RET0dHRVJJQQ.ThePapasHotDoggeria,malware,1,0.0013356443960219622,0,benign,29
com.sobrr.agnes,benign,0,0.9938872456550598,1,malware,24
com.dailyworkhoroscopes.net,benign,0,0.466234415769577,0,benign,58
edu.synthetic.androzoo.malware.dropper_loader.1745,malware,1,0.15890392661094666,0,benign,175
com.app.brik,benign,0,0.001901863026432693,0,benign,90
com.CSlillians.android,benign,0,0.0008380312938243151,0,benign,103
com.flipkart.seller,benign,0,0.001791979419067502,0,benign,129
jp.co.dtpnet.user86.lc2,benign,0,0.0011842872481793165,0,benign,159
edu.synthetic.androzoo.malware.spyware_surveillance.1495,malware,1,0.9989450573921204,1,malware,142
org.commitglobal.votemonitor.app,benign,0,0.0040862164460122585,0,benign,17
edu.synthetic.androzoo.malware.overlay_pin_stealer.1647,malware,1,0.9992825388908386,1,malware,88
com.storytaco.p25client,benign,0,0.0012917380081489682,0,benign,114
edu.synthetic.androzoo.malware.ransomware_locker.0906,malware,1,0.005033490713685751,0,benign,135
com.Alaa.Akl.App.Quran.Karime,benign,0,0.1523924171924591,0,benign,68
com.trainerize.theaxleworkout,benign,0,0.07804427295923233,0,benign,13
com.boa.elearning,benign,0,0.005089710466563702,0,benign,26
com.classpro.enquiry,benign,0,0.0009028873755596578,0,benign,21
com.hqgames.pencil.sketch.photo,benign,0,0.0014205349143594503,0,benign,262
edu.synthetic.androzoo.malware.dropper_loader.1515,malware,1,0.9968141913414001,1,malware,35
edu.synthetic.androzoo.malware.banker_accessibility.0340,malware,1,0.9952936768531799,1,malware,198
timetrax.com.pk,benign,0,0.9975192546844482,1,malware,58
edu.synthetic.androzoo.malware.spyware_surveillance.0561,malware,1,0.9970861077308655,1,malware,61
com.stilog.VPGOU,benign,0,0.9989066123962402,1,malware,67
com.yk.banan,malware,1,0.8363531827926636,1,malware,19
com.unitel.mocha.app,benign,0,0.0009575780713930726,0,benign,32
com.blaszmo.bthere,benign,0,0.001269267755560577,0,benign,122
edu.synthetic.androzoo.malware.sms_otp_stealer.0110,malware,1,0.9993643164634705,1,malware,137
uk.playdrop.cherrytree_idletextrpg,benign,0,0.0008543496369384229,0,benign,139
com.valentinewatchface.valentinesday.watchface,benign,0,0.001904017524793744,0,benign,117
edu.synthetic.androzoo.malware.dropper_loader.0768,malware,1,0.9851057529449463,1,malware,165
com.xd.impostor.alphabet,benign,0,0.0010405023349449039,0,benign,74
net.wordbit.enes,benign,0,0.001717479433864355,0,benign,167
edu.synthetic.androzoo.malware.overlay_pin_stealer.0639,malware,1,0.999161958694458,1,malware,78
com.cheche365.cheche.android,malware,1,0.970876157283783,1,malware,69
cn.com.ethank.mobilehotel,malware,1,0.0008819081704132259,0,benign,203
edu.synthetic.androzoo.malware.dropper_loader.0555,malware,1,0.9861336350440979,1,malware,236
edu.synthetic.androzoo.malware.sms_otp_stealer.0746,malware,1,0.9967077970504761,1,malware,49
edu.synthetic.androzoo.malware.sms_otp_stealer.0809,malware,1,0.9988327622413635,1,malware,93
edu.synthetic.androzoo.malware.overlay_pin_stealer.0195,malware,1,0.9993616938591003,1,malware,76
com.keeson.hotelmanagement,malware,1,0.00660488149151206,0,benign,23
edu.synthetic.androzoo.benign.media_game.0132,benign,0,0.008754590526223183,0,benign,61
com.inditex.ecommerce.zarahome.android,benign,0,0.0014624845935031772,0,benign,129
com.gtsy.capturing.heroes,benign,0,0.001085323398001492,0,benign,99
edu.synthetic.androzoo.malware.banker_accessibility.0667,malware,1,0.9980650544166565,1,malware,133
com.mds.tplus,benign,0,0.01851923018693924,0,benign,89
com.crazy.doctor.hospital,benign,0,0.0010426962981000543,0,benign,169
com.supersendcustomer,malware,1,0.9510595798492432,1,malware,64
app.habitedge.chrono_cat,benign,0,0.003740370739251375,0,benign,21
edu.synthetic.androzoo.malware.adware_clicker.0536,malware,1,0.8735122680664062,1,malware,66
com.is.vitllinkSOS,malware,1,0.0010835789144039154,0,benign,37
edu.synthetic.androzoo.malware.ransomware_locker.0055,malware,1,0.4234154224395752,0,benign,132
edu.synthetic.androzoo.malware.banker_accessibility.1994,malware,1,0.9990436434745789,1,malware,183
com.chirayusoft.thashnabullion,benign,0,0.9580349922180176,1,malware,71
com.madotter.vhmmo,benign,0,0.0016755532706156373,0,benign,115
com.audible.application,benign,0,0.0012503160396590829,0,benign,182
com.ftnetid.dogeminerlite,malware,1,0.0008807387785054743,0,benign,82
edu.synthetic.androzoo.malware.spyware_surveillance.0598,malware,1,0.99915611743927,1,malware,133
com.CSbossbabeboutiquellc.android,benign,0,0.0015082568861544132,0,benign,152
edu.synthetic.androzoo.malware.spyware_surveillance.1371,malware,1,0.9974861145019531,1,malware,97
edu.synthetic.androzoo.benign.webview_content.0083,benign,0,0.0013141249073669314,0,benign,107
com.store.cardcaptor,benign,0,0.0008571469224989414,0,benign,100
com.investors.leaderboard.android,benign,0,0.0012298234505578876,0,benign,141
com.simpfect.mrsilver.easyklassmember,benign,0,0.9991748929023743,1,malware,26
com.chief.mobile,benign,0,0.0009585086954757571,0,benign,83
edu.synthetic.androzoo.malware.banker_accessibility.0646,malware,1,0.998547375202179,1,malware,128
com.androtv.autoallstars,benign,0,0.0012088703224435449,0,benign,131
com.qubits.fw3.tb,benign,0,0.001079416018910706,0,benign,137
musicplayer.hdvideoplayer.backgroundmusic,benign,0,0.001727580325677991,0,benign,180
edu.synthetic.androzoo.malware.ransomware_locker.0894,malware,1,0.9881883263587952,1,malware,119
edu.synthetic.androzoo.malware.ransomware_locker.0322,malware,1,0.0034965001977980137,0,benign,36
com.crisp.vertical,benign,0,0.043925829231739044,0,benign,35
edu.synthetic.androzoo.malware.wallet_stealer.1868,malware,1,0.9959983825683594,1,malware,35
it.fi.comune.ifmobilita,benign,0,0.010619178414344788,0,benign,14
edu.synthetic.androzoo.malware.banker_accessibility.1730,malware,1,0.9968818426132202,1,malware,96
com.app4joy.tunisia_free,benign,0,0.0089446185156703,0,benign,169
edu.synthetic.androzoo.malware.banker_accessibility.1354,malware,1,0.9993100166320801,1,malware,119
net.nightdevsolutions.easy_catalog,benign,0,0.0011193195823580027,0,benign,31
com.subhash.ghosh.sg.gita,malware,1,0.9987829327583313,1,malware,26
edu.synthetic.androzoo.malware.spyware_surveillance.1907,malware,1,0.9991983771324158,1,malware,125
io.covalue.www.covalueapp,benign,0,0.0013647732557728887,0,benign,138
radios.deparaguay3,benign,0,0.0013921359786763787,0,benign,156
com.expertsuggestion.percentagecalculator,benign,0,0.7777385711669922,1,malware,162
com.gm.ordering.customer.app.babia,benign,0,0.001227893284521997,0,benign,14
com.zhaot.zhigj,malware,1,0.9985041618347168,1,malware,50
com.makeshop.powerapp.modooin,benign,0,0.0017071147449314594,0,benign,72
com.silverbat.knightage,malware,1,0.18841157853603363,0,benign,15
edu.synthetic.androzoo.benign.utility_background.0192,benign,0,0.0019101276993751526,0,benign,83
edu.synthetic.androzoo.malware.sms_otp_stealer.0673,malware,1,0.9987013339996338,1,malware,55
edu.synthetic.androzoo.malware.overlay_pin_stealer.0671,malware,1,0.9993069171905518,1,malware,85
com.kamoer.x1dosingpump,malware,1,0.014111649245023727,0,benign,15
edu.synthetic.androzoo.malware.dropper_loader.0019,malware,1,0.9990946054458618,1,malware,41
com.ricoh.pfu.scansnaphome,benign,0,0.0011713654967024922,0,benign,41
edu.synthetic.androzoo.malware.sms_otp_stealer.1833,malware,1,0.9977627992630005,1,malware,97
com.shelvz.fieldForce,benign,0,0.0008938083192333579,0,benign,115
com.androtv.fvm,benign,0,0.0017134632216766477,0,benign,127
edu.synthetic.androzoo.malware.wallet_stealer.1869,malware,1,0.998530387878418,1,malware,54
com.goldenapps05.happyfathersday2020,benign,0,0.9895703792572021,1,malware,35
edu.synthetic.androzoo.benign.media_game.0042,benign,0,0.0011929594911634922,0,benign,254
com.gribbon.android.rocketbosang,benign,0,0.0010712163057178259,0,benign,224
com.dotgames.CrazyRoadGP,malware,1,0.9988069534301758,1,malware,89
com.innovativedev.todolist,benign,0,0.0016262981807813048,0,benign,54
com.renderedideas.idlefarmingtycoon,benign,0,0.0012614718871191144,0,benign,218
com.leltek.leltekultrasound,benign,0,0.0015570668037980795,0,benign,11
com.zzkko,malware,1,0.001372479135170579,0,benign,179
com.lloydsbank.businessmobile,benign,0,0.01105327159166336,0,benign,58
com.stb.v2,benign,0,0.0032304881606251,0,benign,12
com.htmobileapps.DollarSquad,benign,0,0.002225995995104313,0,benign,38
com.subsplashconsulting.s_SSS86K,benign,0,0.0054327575489878654,0,benign,156
com.dgt.hairstyleforshorthairgirls,benign,0,0.9938051700592041,1,malware,73
edu.synthetic.androzoo.malware.spyware_surveillance.1064,malware,1,0.9632686972618103,1,malware,46
com.sca.skogsvard,benign,0,0.0018041597213596106,0,benign,74
edu.synthetic.androzoo.malware.banker_accessibility.1687,malware,1,0.99899822473526,1,malware,130
edu.synthetic.androzoo.malware.spyware_surveillance.1296,malware,1,0.9986683130264282,1,malware,71
com.demansol.santaescape.free,malware,1,0.9994239807128906,1,malware,60
edu.synthetic.androzoo.malware.spyware_surveillance.1200,malware,1,0.995585560798645,1,malware,176
edu.synthetic.androzoo.malware.spyware_surveillance.2030,malware,1,0.9916937947273254,1,malware,49
nz.co.trademe.trademe,benign,0,0.00099895428866148,0,benign,232
pharossolutions.app.schoolapp.home.sja,benign,0,0.001861558179371059,0,benign,142
com.filerecoverypro.master.frp,malware,1,0.0010951755102723837,0,benign,227
edu.synthetic.androzoo.malware.ransomware_locker.0717,malware,1,0.003419737098738551,0,benign,143
edu.synthetic.androzoo.malware.banker_accessibility.1952,malware,1,0.995287299156189,1,malware,158
de.dimock.shallowchess,benign,0,0.0007691137143410742,0,benign,10
com.playrix.gardenscapes,benign,0,0.008319157175719738,0,benign,20
edu.synthetic.androzoo.benign.utility_background.0041,benign,0,0.001333435415290296,0,benign,42
com.trainerize.fightfitness,benign,0,0.016373401507735252,0,benign,13
edu.synthetic.androzoo.malware.overlay_pin_stealer.0128,malware,1,0.9991171956062317,1,malware,134
com.sinyee.babybus.numberwriter,benign,0,0.0028416463173925877,0,benign,122
edu.synthetic.androzoo.malware.banker_accessibility.1910,malware,1,0.9992536902427673,1,malware,49
com.JetToast.BlockyFarm.block,malware,1,0.9939048886299133,1,malware,193
edu.synthetic.androzoo.malware.wallet_stealer.0618,malware,1,0.9985313415527344,1,malware,35
edu.synthetic.androzoo.malware.overlay_pin_stealer.1368,malware,1,0.9985852241516113,1,malware,164
edu.synthetic.androzoo.malware.adware_clicker.1577,malware,1,0.7801466584205627,1,malware,145
com.subsplash.thechurchapp.s_5DSKHR,benign,0,0.0014446229906752706,0,benign,180
com.trimble.d2link,benign,0,0.0010711076902225614,0,benign,164
edu.synthetic.androzoo.benign.media_game.0062,benign,0,0.0012415709206834435,0,benign,133
com.colobu.flyrunner,malware,1,0.7691368460655212,1,malware,53
com.dmm.app.mvno,benign,0,0.0012357262894511223,0,benign,146
com.mahasty.song.bouchinc,benign,0,0.0016298744594678283,0,benign,117
com.subsplashconsulting.s_5MFNFH,benign,0,0.0018445301102474332,0,benign,156
rebar.com.yh,benign,0,0.0015936382114887238,0,benign,154
com.kiarygames.tinyroom,malware,1,0.005565690342336893,0,benign,153
net.absoluta.brpostefacil,benign,0,0.0010867210803553462,0,benign,159
com.estoty.riverjump,malware,1,0.028212429955601692,0,benign,263
edu.synthetic.androzoo.malware.ransomware_locker.1219,malware,1,0.013854674994945526,0,benign,40
edu.synthetic.androzoo.malware.banker_accessibility.0751,malware,1,0.9987699389457703,1,malware,164
com.simonclub.dominoaccesible,benign,0,0.0009226226829923689,0,benign,13
com.Nubapp.Resawod,benign,0,0.9783061146736145,1,malware,99
edu.synthetic.androzoo.malware.dropper_loader.0434,malware,1,0.9976038336753845,1,malware,153
com.mods.maps.mine,benign,0,0.005742800422012806,0,benign,180
com.padeldev.stat,benign,0,0.028790559619665146,0,benign,15
com.pujiagames.Grandmother,malware,1,0.9957233667373657,1,malware,15
com.chattanoogatakeaway,benign,0,0.0011741555063053966,0,benign,168
com.infiniplay.merge.fashion.romance.story,benign,0,0.001422304194420576,0,benign,300
com.drum.muse.pad.bit,malware,1,0.001101507805287838,0,benign,227
com.addimin,benign,0,0.9961283206939697,1,malware,72
com.desirepk.mountain.hitman.project.assasin.apps,malware,1,0.023784328252077103,0,benign,48
com.sinyee.babybus.number,malware,1,0.9986757636070251,1,malware,54
com.fairfaxmedia.ink.metro.smh,benign,0,0.9992490410804749,1,malware,36
net.gastfreund.Bruggerhof,benign,0,0.0008774143643677235,0,benign,25
com.lduboscq.goodvibesdaily,benign,0,0.000840911001432687,0,benign,12
edu.synthetic.androzoo.malware.overlay_pin_stealer.0272,malware,1,0.9992097616195679,1,malware,76
com.ionic.enginehire,benign,0,0.001371036865748465,0,benign,112
edu.synthetic.androzoo.malware.wallet_stealer.0650,malware,1,0.997724711894989,1,malware,44
edu.synthetic.androzoo.benign.utility_background.0147,benign,0,0.0015703053213655949,0,benign,133
com.GoblinStudio.L4KApp,benign,0,0.0016867321683093905,0,benign,68
edu.synthetic.androzoo.benign.webview_content.0092,benign,0,0.0012498474679887295,0,benign,103
com.anexat.realCarRace,malware,1,0.9915668368339539,1,malware,22
edu.synthetic.androzoo.malware.spyware_surveillance.0291,malware,1,0.9986035227775574,1,malware,52
edu.synthetic.androzoo.malware.spyware_surveillance.1582,malware,1,0.9972604513168335,1,malware,129
com.regula.documentreader,benign,0,0.000939585326705128,0,benign,139
com.estsoft.alyac,benign,0,0.0013397810980677605,0,benign,206
edu.synthetic.androzoo.malware.ransomware_locker.0351,malware,1,0.0052275219932198524,0,benign,145
edu.synthetic.androzoo.malware.dropper_loader.0554,malware,1,0.9473357796669006,1,malware,138
edu.synthetic.androzoo.malware.banker_accessibility.0467,malware,1,0.9991777539253235,1,malware,83
com.superspesa,benign,0,0.017433881759643555,0,benign,74
zombie.survival.craft.z,benign,0,0.002679874189198017,0,benign,90
edu.synthetic.androzoo.malware.sms_otp_stealer.2050,malware,1,0.9991199374198914,1,malware,97
edu.synthetic.androzoo.malware.sms_otp_stealer.2041,malware,1,0.9988659620285034,1,malware,107
edu.synthetic.androzoo.malware.spyware_surveillance.0824,malware,1,0.9966647028923035,1,malware,47
edu.synthetic.androzoo.malware.spyware_surveillance.1933,malware,1,0.3772878646850586,0,benign,119
edu.synthetic.androzoo.malware.dropper_loader.0357,malware,1,0.9980741739273071,1,malware,44
jp.co.excite.radiotalk,benign,0,0.026318050920963287,0,benign,69
edu.synthetic.androzoo.malware.ransomware_locker.0346,malware,1,0.0074331555515527725,0,benign,154
cc.septnet.student,malware,1,0.2038014978170395,0,benign,65
edu.synthetic.androzoo.malware.dropper_loader.1666,malware,1,0.9987779259681702,1,malware,37
com.zaggle,benign,0,0.0008920514374040067,0,benign,168
edu.synthetic.androzoo.malware.overlay_pin_stealer.0756,malware,1,0.999110996723175,1,malware,37
edu.synthetic.androzoo.malware.banker_accessibility.0814,malware,1,0.983105480670929,1,malware,227
edu.synthetic.androzoo.malware.overlay_pin_stealer.0840,malware,1,0.9993360638618469,1,malware,46
edu.synthetic.androzoo.malware.dropper_loader.1352,malware,1,0.9992737174034119,1,malware,35
edu.synthetic.androzoo.malware.ransomware_locker.0296,malware,1,0.017549287527799606,0,benign,121
com.saubcy.games.puzzle.Palm,malware,1,0.0049448623321950436,0,benign,17
edu.synthetic.androzoo.malware.ransomware_locker.1912,malware,1,0.9992691874504089,1,malware,99
com.zyxr.home.toulfhome,malware,1,0.5224844217300415,1,malware,196
edu.synthetic.androzoo.malware.spyware_surveillance.0702,malware,1,0.9973674416542053,1,malware,107
com.mobincube.diccionario_hebreo_biblico.sc_HPLU6P,malware,1,0.0029883431270718575,0,benign,76
com.rsupport.remotemeeting.application.solution.kinfa,benign,0,0.0033079576678574085,0,benign,48
edu.synthetic.androzoo.malware.banker_accessibility.1355,malware,1,0.9992415904998779,1,malware,42
edu.synthetic.androzoo.malware.spyware_surveillance.0641,malware,1,0.9979141354560852,1,malware,120
net.myarx.placesbeen,benign,0,0.016301820054650307,0,benign,27
edu.synthetic.androzoo.malware.adware_clicker.1862,malware,1,0.004313352517783642,0,benign,169
com.sibisoft.lakemoni,benign,0,0.0010414326097816229,0,benign,223
com.only.capy.parkour.up.six,benign,0,0.0009535253047943115,0,benign,103
edu.synthetic.androzoo.malware.overlay_pin_stealer.1573,malware,1,0.9990047812461853,1,malware,154
com.genji.zimiscq,malware,1,0.0014361953362822533,0,benign,80
com.orion.pasienqu_2,benign,0,0.8998523354530334,1,malware,38
edu.synthetic.androzoo.malware.spyware_surveillance.1188,malware,1,0.9939259886741638,1,malware,42
com.pentad.bridge,benign,0,0.0009471045923419297,0,benign,11
com.happytools.learning.kids.games,benign,0,0.001025147968903184,0,benign,102
edu.synthetic.androzoo.malware.overlay_pin_stealer.0455,malware,1,0.9993288516998291,1,malware,167
com.baiyi.shiti,malware,1,0.36111459136009216,0,benign,81
edu.synthetic.androzoo.malware.dropper_loader.1609,malware,1,0.099263496696949,0,benign,183
nl.wienelware.calligraphydesignideas.app,benign,0,0.0009672314627096057,0,benign,110
edu.synthetic.androzoo.malware.ransomware_locker.1385,malware,1,0.26409295201301575,0,benign,170
com.mais.smairtherov2,benign,0,0.0018740640953183174,0,benign,12
edu.synthetic.androzoo.malware.ransomware_locker.1679,malware,1,0.0025003631599247456,0,benign,179
com.comichub,benign,0,0.0012206330429762602,0,benign,92
edu.synthetic.androzoo.malware.dropper_loader.1752,malware,1,0.09026123583316803,0,benign,157
edu.synthetic.androzoo.malware.banker_accessibility.0961,malware,1,0.9991174340248108,1,malware,68
com.gangdong.AndroidDisplay,benign,0,0.005410901270806789,0,benign,153
edu.synthetic.androzoo.malware.sms_otp_stealer.1453,malware,1,0.9852781891822815,1,malware,61
com.haulio.hcs.release,benign,0,0.20819053053855896,0,benign,35
edu.synthetic.androzoo.malware.sms_otp_stealer.1765,malware,1,0.9990021586418152,1,malware,149
edu.synthetic.androzoo.malware.dropper_loader.0404,malware,1,0.3075293004512787,0,benign,95
me.magicgirl.magicgirl,benign,0,0.4490441381931305,0,benign,14
com.FunLandGames.BlockPuzzle,benign,0,0.0009893638780340552,0,benign,95
com.mmc.fengshui.pass.gm,benign,0,0.772281289100647,1,malware,36
com.amutcomi.acty.client,benign,0,0.009847499430179596,0,benign,23
com.gvapps.philosophy,benign,0,0.0010547833517193794,0,benign,77
com.apptegy.villageforsyth,benign,0,0.000927833141759038,0,benign,161
edu.synthetic.androzoo.malware.adware_clicker.0356,malware,1,0.362194299697876,0,benign,149
com.Prompt.MuApp,benign,0,0.0012643045047298074,0,benign,72
get.lokal.localjobs,benign,0,0.0020232158713042736,0,benign,114
edu.synthetic.androzoo.malware.wallet_stealer.1849,malware,1,0.9992115497589111,1,malware,62
it.tecnoconference.MITO,benign,0,0.08642580360174179,0,benign,15
edu.synthetic.androzoo.malware.overlay_pin_stealer.2013,malware,1,0.9992744326591492,1,malware,108
edu.synthetic.androzoo.malware.overlay_pin_stealer.0933,malware,1,0.9989792704582214,1,malware,57
edu.synthetic.androzoo.malware.dropper_loader.0020,malware,1,0.9985756874084473,1,malware,124
edu.synthetic.androzoo.malware.banker_accessibility.1542,malware,1,0.9991744160652161,1,malware,49
edu.synthetic.androzoo.benign.commerce_social.0049,benign,0,0.001156069803982973,0,benign,116
com.cinkate.rmd,malware,1,0.9918196201324463,1,malware,55
unlsoc.seniordesign.huskerstemvr_mobile,benign,0,0.0012741090031340718,0,benign,13
edu.synthetic.androzoo.malware.dropper_loader.1118,malware,1,0.7097353935241699,1,malware,131
com.kaderisoft.islam,benign,0,0.001681231427937746,0,benign,15
com.wizeyes.colorcapture,malware,1,0.007684749085456133,0,benign,61
org.cocos2dx.lianliankan,malware,1,0.9990231990814209,1,malware,57
com.constantcontact.toolkit,benign,0,0.0024101794697344303,0,benign,164
com.avanza.ambitwizfbl,benign,0,0.0009037331328727305,0,benign,24
com.aljazeera.mobile,benign,0,0.9527972340583801,1,malware,14
edu.synthetic.androzoo.malware.adware_clicker.0336,malware,1,0.020221490412950516,0,benign,153
edu.synthetic.androzoo.malware.ransomware_locker.1611,malware,1,0.977833092212677,1,malware,77
app.pod1um.coach,benign,0,0.5429559350013733,1,malware,35
com.tarotlife.tarot.card.reading.numerology,benign,0,0.009071387350559235,0,benign,169
edu.synthetic.androzoo.malware.spyware_surveillance.0522,malware,1,0.9982568621635437,1,malware,154
com.saleit.ffm,benign,0,0.0024415962398052216,0,benign,21
de.sgunterrath.app,benign,0,0.010670964606106281,0,benign,80
edu.synthetic.androzoo.malware.banker_accessibility.1141,malware,1,0.9991078972816467,1,malware,136
edu.synthetic.androzoo.benign.media_game.0215,benign,0,0.0014236931456252933,0,benign,64
com.ff2.ladder.yyh,malware,1,0.005331790540367365,0,benign,112
com.sideplus,benign,0,0.0016250723274424672,0,benign,68
guide.portugal.lisbon.prod,benign,0,0.8205876350402832,1,malware,34
com.firebear.androil,malware,1,0.0019080236088484526,0,benign,76
edu.synthetic.androzoo.malware.overlay_pin_stealer.1191,malware,1,0.9991673231124878,1,malware,109
my.company.japanesewordryu1,malware,1,0.0007898840704001486,0,benign,11
edu.synthetic.androzoo.benign.commerce_social.0081,benign,0,0.0009197026374749839,0,benign,159
com.shiyi.toolbox,malware,1,0.001314453431405127,0,benign,39
com.battledragonrpg.death,malware,1,0.9987010955810547,1,malware,118
com.yong.bible_plus,malware,1,0.0011938080424442887,0,benign,134
edu.synthetic.androzoo.malware.wallet_stealer.0948,malware,1,0.999283492565155,1,malware,69
com.uroad.zhgs,malware,1,0.9097732305526733,1,malware,284
edu.synthetic.androzoo.malware.overlay_pin_stealer.0968,malware,1,0.9993175268173218,1,malware,52
edu.synthetic.androzoo.malware.spyware_surveillance.1882,malware,1,0.998735249042511,1,malware,110
com.DiyPalletsAndCrates.andidev,benign,0,0.010606241412460804,0,benign,78
edu.synthetic.androzoo.malware.ransomware_locker.0725,malware,1,0.009471498429775238,0,benign,39
com.sudenmunwah.bestmusic,benign,0,0.8077196478843689,1,malware,149
com.byairapp.android,benign,0,0.0019401152385398746,0,benign,193
easy.smarttools.font.emoji.custom.keyboard.photokeyboard,benign,0,0.07179822027683258,0,benign,121
edu.synthetic.androzoo.malware.dropper_loader.0820,malware,1,0.961611807346344,1,malware,180
com.messi.languagehelper,malware,1,0.11712640523910522,0,benign,13
com.hailong0707.android.paradox,malware,1,0.9988189339637756,1,malware,34
edu.synthetic.androzoo.malware.dropper_loader.1132,malware,1,0.16126519441604614,0,benign,237
edu.synthetic.androzoo.malware.banker_accessibility.0773,malware,1,0.9990934133529663,1,malware,115
com.rogue.under,malware,1,0.0016686710296198726,0,benign,185
edu.synthetic.androzoo.malware.spyware_surveillance.0183,malware,1,0.9992801547050476,1,malware,104
edu.synthetic.androzoo.malware.overlay_pin_stealer.1489,malware,1,0.9990072846412659,1,malware,55
com.pizzanova.ui,benign,0,0.001451150281354785,0,benign,80
de.crysxd.octoapp,benign,0,0.00098023796454072,0,benign,131
es.tpc.matchpoint.appclient.goldenpoint,benign,0,0.0023204993922263384,0,benign,78
com.trainerize.rec,benign,0,0.9536591172218323,1,malware,29
jp.ne.sk_mine.android.game.chronos_gem_stories,benign,0,0.005776561796665192,0,benign,261
edu.synthetic.androzoo.malware.banker_accessibility.1246,malware,1,0.9992800354957581,1,malware,106
edu.synthetic.androzoo.malware.adware_clicker.0587,malware,1,0.9976862668991089,1,malware,135
com.makeshop.powerapp.swad120,benign,0,0.001280622323974967,0,benign,87
edu.synthetic.androzoo.malware.wallet_stealer.0383,malware,1,0.9990672469139099,1,malware,36
am.ro.android,benign,0,0.027302144095301628,0,benign,16
com.herofang,malware,1,0.0019385130144655704,0,benign,13
cn.pinming.bim360,malware,1,0.002332786563783884,0,benign,17
com.eximdj.faida,benign,0,0.01370310690253973,0,benign,35
edu.synthetic.androzoo.malware.spyware_surveillance.1129,malware,1,0.9983596205711365,1,malware,135
edu.synthetic.androzoo.malware.spyware_surveillance.1082,malware,1,0.9988858103752136,1,malware,98
edu.synthetic.androzoo.malware.spyware_surveillance.1399,malware,1,0.9988604784011841,1,malware,128
edu.synthetic.androzoo.malware.dropper_loader.0849,malware,1,0.998666524887085,1,malware,107
edu.synthetic.androzoo.malware.spyware_surveillance.1323,malware,1,0.9980568289756775,1,malware,115
com.mgsstudio.ownteleportpe,malware,1,0.652714192867279,1,malware,213
com.tpltrakker.main,benign,0,0.19872280955314636,0,benign,26
net.staca,benign,0,0.9981896281242371,1,malware,28
com.xiaoshi.toupiao,malware,1,0.0045645274221897125,0,benign,19
com.runde.khs,malware,1,0.04413245618343353,0,benign,58
mobile.wallpaper.planetslivewallpaperplus,benign,0,0.0030389458406716585,0,benign,14
com.tygame.game33,malware,1,0.0018187958048656583,0,benign,34
edu.synthetic.androzoo.malware.overlay_pin_stealer.1012,malware,1,0.9991328120231628,1,malware,162
edu.synthetic.androzoo.benign.webview_content.0157,benign,0,0.001209067297168076,0,benign,256
recipes.chocolate.maker,benign,0,0.8418051600456238,1,malware,84
zeljkoa.games.planetdrop,malware,1,0.92681485414505,1,malware,172
com.loja.ddown,malware,1,0.718463122844696,1,malware,31
edu.synthetic.androzoo.malware.spyware_surveillance.0723,malware,1,0.9958882927894592,1,malware,74
com.bandindustries.roadie,benign,0,0.014326906763017178,0,benign,52
edu.synthetic.androzoo.benign.maps_cloud.0017,benign,0,0.0013509889831766486,0,benign,110
com.wjbk.android.weather,benign,0,0.001104036346077919,0,benign,172
edu.synthetic.androzoo.malware.spyware_surveillance.0562,malware,1,0.9966578483581543,1,malware,134
com.elmoussafirfatimazahra.amawal,benign,0,0.0025501155760139227,0,benign,79
edu.synthetic.androzoo.malware.wallet_stealer.1743,malware,1,0.9981198906898499,1,malware,31
edu.synthetic.androzoo.malware.dropper_loader.1731,malware,1,0.6816132664680481,1,malware,174
com.mjcsoft.stream.latopweb,benign,0,0.001755607663653791,0,benign,142
com.ananinja.lava,benign,0,0.0017876055790111423,0,benign,208
edu.synthetic.androzoo.malware.dropper_loader.0920,malware,1,0.9991433620452881,1,malware,119
edu.synthetic.androzoo.malware.banker_accessibility.1828,malware,1,0.9991881251335144,1,malware,76
com.simyasolutions.ling,benign,0,0.0010434724390506744,0,benign,118
com.howtobiz.innoutm,benign,0,0.000983766163699329,0,benign,148
edu.synthetic.androzoo.malware.overlay_pin_stealer.1919,malware,1,0.999041736125946,1,malware,191
biz.kajiken.app,benign,0,0.0011567330220714211,0,benign,25
com.mp.satisfying.carwash.asmr.repair,benign,0,0.0011821255320683122,0,benign,142
edu.synthetic.androzoo.malware.banker_accessibility.1379,malware,1,0.997963547706604,1,malware,163
com.insideoutside.ihunternb,benign,0,0.0011605892796069384,0,benign,11
jp.go.kunaicho.iha,benign,0,0.0011805120157077909,0,benign,93
com.NekoFurryStudios.Coramine,benign,0,0.07348760962486267,0,benign,15
com.animocabrands.google.hoverrider,malware,1,0.9969626069068909,1,malware,35
vn.qsoft.chinhxac,benign,0,0.02569776400923729,0,benign,12
com.radios.en.linea.de.venezuela,benign,0,0.00896660890430212,0,benign,71
com.totaltexto.bancamovil,benign,0,0.0015074220718815923,0,benign,64
edu.synthetic.androzoo.malware.banker_accessibility.0563,malware,1,0.9988409876823425,1,malware,139
edu.synthetic.androzoo.malware.overlay_pin_stealer.1303,malware,1,0.9990262985229492,1,malware,47
com.vnptpayagent,benign,0,0.0010155655909329653,0,benign,106
com.myrebornpack.gr,benign,0,0.021234974265098572,0,benign,76
com.techarts.hexa.sort.master.color.puzzle,benign,0,0.0025433648843318224,0,benign,37
com.RegionXIBLSSMO,benign,0,0.9991676807403564,1,malware,29
com.neb.app.nebsl,benign,0,0.0009175057639367878,0,benign,11
com.wawagame.app.colorfulworld,malware,1,0.0011915313079953194,0,benign,164
edu.synthetic.androzoo.benign.commerce_social.0059,benign,0,0.0012763992417603731,0,benign,30
com.Fibrum.vrfall,malware,1,0.9878814220428467,1,malware,20
edu.synthetic.androzoo.malware.banker_accessibility.0893,malware,1,0.47947263717651367,0,benign,153
edu.synthetic.androzoo.malware.banker_accessibility.0914,malware,1,0.9991829991340637,1,malware,83
edu.synthetic.androzoo.benign.commerce_social.0139,benign,0,0.003110829507932067,0,benign,45
com.lstapps.batterywidget,malware,1,0.0011501624248921871,0,benign,68
edu.synthetic.androzoo.benign.webview_content.0204,benign,0,0.0016195932403206825,0,benign,72
edu.synthetic.androzoo.malware.banker_accessibility.0833,malware,1,0.998630702495575,1,malware,193
com.wanderlog.android,benign,0,0.0009140208712778986,0,benign,43
edu.synthetic.androzoo.malware.banker_accessibility.1339,malware,1,0.9990373849868774,1,malware,105
my.com.edu.emgs,benign,0,0.0011366853723302484,0,benign,206
com.luyun.diary,malware,1,0.06898237019777298,0,benign,66
com.yelp.android,benign,0,0.0011016966309398413,0,benign,71
in.co.woco,benign,0,0.0009631206630729139,0,benign,145
edu.synthetic.androzoo.malware.banker_accessibility.0444,malware,1,0.9988452196121216,1,malware,111
jp.bizstation.drgps,benign,0,0.29464906454086304,0,benign,36
dance.fit.zumba.weightloss.danceburn,benign,0,0.001325871329754591,0,benign,197
com.inforcrom.android.avfarena,malware,1,0.998329222202301,1,malware,151
com.ariesapp.elisi.elisiwrapper,benign,0,0.007120674010366201,0,benign,166
com.vplus.learnoldnorsefree,benign,0,0.9943085312843323,1,malware,29
com.wishfinityinc.wishfinity,benign,0,0.3249337375164032,0,benign,120
com.global.technolabs.jupitertouchlab,benign,0,0.044763315469026566,0,benign,110
edu.synthetic.androzoo.malware.overlay_pin_stealer.1292,malware,1,0.9989571571350098,1,malware,181
edu.synthetic.androzoo.malware.sms_otp_stealer.0750,malware,1,0.9980515241622925,1,malware,91
edu.synthetic.androzoo.malware.sms_otp_stealer.1517,malware,1,0.9868890047073364,1,malware,64
com.tapbee.lohas,benign,0,0.005098393186926842,0,benign,85
edu.synthetic.androzoo.malware.overlay_pin_stealer.0491,malware,1,0.9987514019012451,1,malware,39
edu.synthetic.androzoo.malware.banker_accessibility.1167,malware,1,0.9945626854896545,1,malware,155
com.ikdong.recipe.b07491ycs9,benign,0,0.001565871643833816,0,benign,81
com.gil.nxtdigital.mynxt,benign,0,0.0010253326036036015,0,benign,136
com.subsplash.thechurchapp.s_2KTBXN,benign,0,0.0009468455682508647,0,benign,130
com.subsplash.thechurchapp.s_2JP2SW,benign,0,0.0011106255697086453,0,benign,184
com.wangzhi.microlife,malware,1,0.01232132874429226,0,benign,14
com.appking.adz_dzariyah,benign,0,0.0008504108409397304,0,benign,10
com.blupearl.healthocarepath,benign,0,0.9980252981185913,1,malware,42
edu.synthetic.androzoo.malware.overlay_pin_stealer.1080,malware,1,0.9988679885864258,1,malware,190
com.bitmancoin.app,malware,1,0.23461923003196716,0,benign,53
com.india.manomay,benign,0,0.0021497427951544523,0,benign,73
edu.synthetic.androzoo.malware.dropper_loader.1482,malware,1,0.9991069436073303,1,malware,35
com.jobsdb,benign,0,0.001105753006413579,0,benign,177
edu.synthetic.androzoo.malware.dropper_loader.1885,malware,1,0.9962010979652405,1,malware,71
edu.synthetic.androzoo.malware.banker_accessibility.1652,malware,1,0.9794878363609314,1,malware,161
com.care.drogueriapatria,benign,0,0.0011324449442327023,0,benign,134
com.aduro.amp,benign,0,0.0037689160089939833,0,benign,131
edu.synthetic.androzoo.malware.overlay_pin_stealer.1561,malware,1,0.9701224565505981,1,malware,95
edu.synthetic.androzoo.malware.spyware_surveillance.0461,malware,1,0.9976297616958618,1,malware,76
edu.synthetic.androzoo.malware.spyware_surveillance.0032,malware,1,0.998534083366394,1,malware,153
edu.synthetic.androzoo.malware.sms_otp_stealer.1570,malware,1,0.9990646243095398,1,malware,155
com.mcleansmartialarts.mcleans,benign,0,0.9990890026092529,1,malware,46
edu.synthetic.androzoo.malware.banker_accessibility.0705,malware,1,0.9993016719818115,1,malware,51
edu.synthetic.androzoo.malware.overlay_pin_stealer.1190,malware,1,0.9994514584541321,1,malware,80
ru.thenewschool.trainer.physics,benign,0,0.1668829470872879,0,benign,51
com.wzhx.mobile.sgbxdw,malware,1,0.9969852566719055,1,malware,58
edu.synthetic.androzoo.malware.dropper_loader.1363,malware,1,0.9977374076843262,1,malware,78
com.provakil.provakil,benign,0,0.0012005456956103444,0,benign,186
edu.synthetic.androzoo.malware.spyware_surveillance.1081,malware,1,0.997385561466217,1,malware,186
com.cronostechnologies.skiplan,benign,0,0.001681231427937746,0,benign,15
com.fairtiq.android.ftqlab,benign,0,0.003177950158715248,0,benign,53
com.zenlabs.challenge.squats,benign,0,0.002382473088800907,0,benign,112
edu.synthetic.androzoo.malware.banker_accessibility.0162,malware,1,0.9992260932922363,1,malware,49
edu.synthetic.androzoo.malware.ransomware_locker.1277,malware,1,0.99808669090271,1,malware,76
radio.tacana,benign,0,0.0010285837342962623,0,benign,143
shamimsoft.vares,malware,1,0.0008813953027129173,0,benign,11
com.logisk.chronos,malware,1,0.001154407043941319,0,benign,11
com.duyleo.hannomdict,benign,0,0.9980442523956299,1,malware,41
edu.synthetic.androzoo.malware.banker_accessibility.1790,malware,1,0.999046266078949,1,malware,160
com.estgames.cm.jp,benign,0,0.0009882248705253005,0,benign,163
com.kingsoft.mobile3d.iloli91,malware,1,0.007993857376277447,0,benign,14
com.zakg.scaryteacher.hellgame,benign,0,0.0008717775926925242,0,benign,151
com.toccata.games.cannonman,malware,1,0.9961462020874023,1,malware,37
in.quikview,benign,0,0.0011085838777944446,0,benign,160
art.teamlab.exhibitions.app,benign,0,0.9475914239883423,1,malware,38
com.subsplashconsulting.s_FJMDHB,benign,0,0.002259915927425027,0,benign,161
shenzhen.com.cn,malware,1,0.016800394281744957,0,benign,107
edu.synthetic.androzoo.malware.banker_accessibility.1928,malware,1,0.995337963104248,1,malware,166
com.magicalstory.cleaner,malware,1,0.0013542493106797338,0,benign,37
com.mms.mms,benign,0,0.002932926407083869,0,benign,13
edu.synthetic.androzoo.malware.sms_otp_stealer.1688,malware,1,0.9981808662414551,1,malware,147
edu.synthetic.androzoo.malware.spyware_surveillance.0362,malware,1,0.9982286095619202,1,malware,136
com.cuddlynest,benign,0,0.9985334873199463,1,malware,34
edu.synthetic.androzoo.benign.media_game.0121,benign,0,0.001079693902283907,0,benign,222
edu.synthetic.androzoo.malware.wallet_stealer.0712,malware,1,0.9991546869277954,1,malware,132
tw.com.fontrip.citypass.taipei.production,benign,0,0.0007784089539200068,0,benign,11
edu.synthetic.androzoo.malware.adware_clicker.1758,malware,1,0.9974230527877808,1,malware,97
abudhabi.healthlink,benign,0,0.1230325922369957,0,benign,67
com.dangerb.pedometer,malware,1,0.9982621073722839,1,malware,47
edu.synthetic.androzoo.malware.sms_otp_stealer.0180,malware,1,0.9978998899459839,1,malware,56
cn.museedu.iden,benign,0,0.9881728291511536,1,malware,108
com.dws.armyantz,malware,1,0.9927135109901428,1,malware,129
com.citizenobserver.dodgecitypd,benign,0,0.9880282878875732,1,malware,44
com.ArtSoft.EscapeofHorror,benign,0,0.0012582294875755906,0,benign,116
com.harri.employer,benign,0,0.0023625686299055815,0,benign,203
com.windcloud.recorder,malware,1,0.6852730512619019,1,malware,178
jp.co.rarejob,benign,0,0.0011170837096869946,0,benign,136
bali.gamelan.kantil,benign,0,0.001061848015524447,0,benign,157
com.gallerypro.photosgalleryalbum,benign,0,0.0011579274432733655,0,benign,308
com.finance.hotline,benign,0,0.001235258998349309,0,benign,96
edu.synthetic.androzoo.malware.dropper_loader.0676,malware,1,0.9891840219497681,1,malware,196
com.stepstone.totaljobs,benign,0,0.0011948483297601342,0,benign,151
com.gestionpos.app,benign,0,0.9987063407897949,1,malware,70
edu.synthetic.androzoo.malware.wallet_stealer.1180,malware,1,0.996159553527832,1,malware,172
com.dicedom.dicemerge.puzzlegame,benign,0,0.0010934157762676477,0,benign,126
com.activtrades.app,benign,0,0.0010684537701308727,0,benign,184
com.eyecon.global,benign,0,0.001026423298753798,0,benign,214
edu.synthetic.androzoo.malware.sms_otp_stealer.0052,malware,1,0.999040424823761,1,malware,146
com.pdmi.qingshui.media,malware,1,0.001006856095045805,0,benign,33
com.huaban.android,malware,1,0.9854975342750549,1,malware,31
edu.synthetic.androzoo.malware.spyware_surveillance.0806,malware,1,0.9974818825721741,1,malware,90
com.LuB.RoyalRealms,benign,0,0.002255798550322652,0,benign,116
com.mttnow.android.bcd.production,benign,0,0.005071645136922598,0,benign,27
org.ccc.aa,malware,1,0.02161022089421749,0,benign,96
edu.synthetic.androzoo.malware.sms_otp_stealer.0623,malware,1,0.9991816878318787,1,malware,102
com.livemcq.livemcq,benign,0,0.0018754409393295646,0,benign,85
com.victie.reader,benign,0,0.991122841835022,1,malware,23
je.fit,benign,0,0.0015453912783414125,0,benign,159
edu.synthetic.androzoo.malware.banker_accessibility.1137,malware,1,0.9986509680747986,1,malware,113
vk.milyang,benign,0,0.0008447743603028357,0,benign,10
edu.synthetic.androzoo.malware.spyware_surveillance.1450,malware,1,0.9802141785621643,1,malware,65
edu.synthetic.androzoo.malware.ransomware_locker.1954,malware,1,0.966052770614624,1,malware,118
edu.synthetic.androzoo.malware.banker_accessibility.1116,malware,1,0.99769526720047,1,malware,168
edu.synthetic.androzoo.malware.banker_accessibility.0479,malware,1,0.9989575147628784,1,malware,143
com.akashlilhare.homeworkout,benign,0,0.9954614043235779,1,malware,25
net.spookygames.sacrifices,benign,0,0.11502046138048172,0,benign,55
com.agile.community,malware,1,0.007225860841572285,0,benign,75
edu.synthetic.androzoo.malware.banker_accessibility.1943,malware,1,0.967756450176239,1,malware,157
edu.synthetic.androzoo.malware.spyware_surveillance.0732,malware,1,0.9934343099594116,1,malware,62
com.hungama.myplay.activity,malware,1,0.0009745084680616856,0,benign,146
edu.synthetic.androzoo.malware.adware_clicker.0475,malware,1,0.9917294383049011,1,malware,179
com.force.artifact,malware,1,0.0015765054849907756,0,benign,64
edu.synthetic.androzoo.malware.ransomware_locker.1628,malware,1,0.006401012651622295,0,benign,127
edu.synthetic.androzoo.malware.ransomware_locker.1242,malware,1,0.02027709409594536,0,benign,141
edu.synthetic.androzoo.malware.banker_accessibility.1720,malware,1,0.9992403984069824,1,malware,155
cn.com.drivedu.chexuetang,malware,1,0.9949677586555481,1,malware,73
com.fi6798.godough,benign,0,0.0009429891943000257,0,benign,115
com.dnm.radioeuskirchen,benign,0,0.0015793865313753486,0,benign,148
com.gwhizmobile.lippincottpathology,benign,0,0.007971729151904583,0,benign,148
com.tranhuynhcreative.pigyclash,benign,0,0.0010897554457187653,0,benign,102
com.yunosolutions.newzealandcalendar,benign,0,0.0015228398842737079,0,benign,32
edu.synthetic.androzoo.malware.adware_clicker.0334,malware,1,0.9988767504692078,1,malware,63
com.ideas.guide.diy.origami.stepbystep3,malware,1,0.000987028470262885,0,benign,13
edu.synthetic.androzoo.malware.sms_otp_stealer.1989,malware,1,0.9993684887886047,1,malware,83
edu.synthetic.androzoo.malware.ransomware_locker.0425,malware,1,0.02071361616253853,0,benign,93
edu.synthetic.androzoo.malware.spyware_surveillance.1927,malware,1,0.9977658987045288,1,malware,42
edu.synthetic.androzoo.malware.ransomware_locker.1585,malware,1,0.8261183500289917,1,malware,102
edu.synthetic.androzoo.malware.overlay_pin_stealer.1735,malware,1,0.9994066953659058,1,malware,83
edu.synthetic.androzoo.malware.adware_clicker.0026,malware,1,0.9585425853729248,1,malware,132
edu.synthetic.androzoo.malware.ransomware_locker.1121,malware,1,0.10478071868419647,0,benign,150
moe.quickscreentrading.android,benign,0,0.0011480055982246995,0,benign,121
com.bnt.torfx,benign,0,0.9816843867301941,1,malware,45
edu.synthetic.androzoo.benign.webview_content.0093,benign,0,0.9966392517089844,1,malware,30
edu.synthetic.androzoo.malware.banker_accessibility.1881,malware,1,0.9895658493041992,1,malware,232
jp.co.inte.miidas,benign,0,0.001139964908361435,0,benign,10
com.dazheng,malware,1,0.9886758327484131,1,malware,43
edu.synthetic.androzoo.malware.wallet_stealer.1710,malware,1,0.9979275465011597,1,malware,183
com.spoton.tablet.android,benign,0,0.0038184768054634333,0,benign,59
fr.mutlab.lmp,benign,0,0.16017583012580872,0,benign,15
edu.synthetic.androzoo.benign.media_game.0243,benign,0,0.0013446074444800615,0,benign,41
com.ayome.sg,benign,0,0.0655650645494461,0,benign,221
edu.synthetic.androzoo.malware.dropper_loader.2048,malware,1,0.9967612624168396,1,malware,177
com.mogo.DropBubble,malware,1,0.9987930059432983,1,malware,136
com.qiyue.trdog,benign,0,0.005898633040487766,0,benign,48
edu.synthetic.androzoo.malware.spyware_surveillance.1946,malware,1,0.9973316192626953,1,malware,153
com.jura.formula.race.master,benign,0,0.0010970283765345812,0,benign,27
com.stolenpad.barrelmaker,benign,0,0.0009571393020451069,0,benign,12
com.curatedplanet.client.ophorus.release,benign,0,0.002948466455563903,0,benign,130
edu.synthetic.androzoo.malware.overlay_pin_stealer.2060,malware,1,0.9991951584815979,1,malware,48
edu.synthetic.androzoo.benign.webview_content.0126,benign,0,0.000961306388489902,0,benign,132
in.gov.incometaxindia.android,benign,0,0.0012156091397628188,0,benign,126
edu.synthetic.androzoo.malware.banker_accessibility.0203,malware,1,0.9992881417274475,1,malware,146
edu.synthetic.androzoo.malware.wallet_stealer.0956,malware,1,0.9989089965820312,1,malware,80
edu.synthetic.androzoo.malware.dropper_loader.1818,malware,1,0.999251663684845,1,malware,77
edu.synthetic.androzoo.benign.media_game.0112,benign,0,0.0013221262488514185,0,benign,149
edu.synthetic.androzoo.malware.spyware_surveillance.2033,malware,1,0.9992384910583496,1,malware,160
com.smilion.CaboclinhoDoReMi,benign,0,0.0020577532704919577,0,benign,69
com.gmfr.heavy.excavator.simulator2,malware,1,0.7115087509155273,1,malware,29
com.bardovpn,malware,1,0.984483540058136,1,malware,40
by.gov.mns.mobile.selfemployed,benign,0,0.014308400452136993,0,benign,27
edu.synthetic.androzoo.malware.sms_otp_stealer.0851,malware,1,0.9983554482460022,1,malware,188
com.phone.caller.contacts,benign,0,0.0014534239890053868,0,benign,164
com.az.prado.parking.driver.car.game.offline,benign,0,0.0036539342254400253,0,benign,74
com.tpcm.crisis,benign,0,0.021106263622641563,0,benign,36
edu.synthetic.androzoo.malware.overlay_pin_stealer.0447,malware,1,0.999301552772522,1,malware,47
com.ihuman.yuwen,malware,1,0.0018583119381219149,0,benign,46
edu.synthetic.androzoo.malware.adware_clicker.1777,malware,1,0.309829980134964,0,benign,78
com.unyte.relaxingrhythms2,benign,0,0.0009121538605540991,0,benign,11
com.microsoft.planner,benign,0,0.00106955470982939,0,benign,74
edu.synthetic.androzoo.malware.overlay_pin_stealer.0789,malware,1,0.999152660369873,1,malware,38
mkdevelpor.compass,benign,0,0.004862130619585514,0,benign,107
edu.synthetic.androzoo.malware.dropper_loader.0374,malware,1,0.9927273988723755,1,malware,104
edu.synthetic.androzoo.malware.adware_clicker.1161,malware,1,0.9930834770202637,1,malware,147
edu.synthetic.androzoo.malware.sms_otp_stealer.1569,malware,1,0.9992796778678894,1,malware,79
edu.synthetic.androzoo.benign.utility_background.0169,benign,0,0.001188981463201344,0,benign,80
com.iappsbeats.bbuilder,benign,0,0.001374854939058423,0,benign,110
edu.synthetic.androzoo.malware.sms_otp_stealer.0847,malware,1,0.998773992061615,1,malware,96
com.arryved,benign,0,0.0009957578731700778,0,benign,142
com.zyberchief.mindfuel.danmark,benign,0,0.017191452905535698,0,benign,15
com.yottagames.gameofmafia,benign,0,0.989167332649231,1,malware,16
com.umeox.qibla,malware,1,0.0032474263571202755,0,benign,126
cn.zepeto.main,malware,1,0.0011754670413210988,0,benign,65
com.echurchapps.newspringks,benign,0,0.001918434863910079,0,benign,114
edu.synthetic.androzoo.malware.ransomware_locker.0093,malware,1,0.0018936339765787125,0,benign,162
com.alan.mod.skin.for.mcpe,malware,1,0.6296423673629761,1,malware,72
com.cheche365.a.chebaoyi,malware,1,0.007257007993757725,0,benign,19
ch.beekeeper.beekeeper,benign,0,0.0018159187166020274,0,benign,81
com.tradera,benign,0,0.0014409723225980997,0,benign,13
com.hayl,benign,0,0.0010147647699341178,0,benign,83
edu.synthetic.androzoo.malware.dropper_loader.1889,malware,1,0.9981701374053955,1,malware,71
com.ultragames.ArmWrestler3D,benign,0,0.25478488206863403,0,benign,48
li.mews.android.commander,benign,0,0.007210279814898968,0,benign,102
edu.synthetic.androzoo.malware.overlay_pin_stealer.0236,malware,1,0.9991695880889893,1,malware,39
com.xcyh.novelpal,benign,0,0.0013795681297779083,0,benign,330
com.homeprotech.homeproalarm,benign,0,0.0015296355122700334,0,benign,80
com.mustafayigit.tabula,benign,0,0.003831729991361499,0,benign,14
com.microsoft.intune,benign,0,0.0835803672671318,0,benign,47
com.eetop.bewt.liveapp,malware,1,0.031344685703516006,0,benign,106
com.smartup.veedz,benign,0,0.006886121351271868,0,benign,160
edu.synthetic.androzoo.malware.sms_otp_stealer.1280,malware,1,0.9991963505744934,1,malware,77
com.SunnyMoonProject.SweetStacksV2,benign,0,0.0009571393020451069,0,benign,12
edu.synthetic.androzoo.malware.spyware_surveillance.0222,malware,1,0.9712156653404236,1,malware,174
com.avoma.android,benign,0,0.9574155807495117,1,malware,32
com.body_scanner.cloth_remover,benign,0,0.990332305431366,1,malware,105
picedit.traslatekeyboard.manglishkeyboard,benign,0,0.006904017645865679,0,benign,108
cn.changsha.xczxapp,malware,1,0.0012454072711989284,0,benign,24
edu.synthetic.androzoo.malware.dropper_loader.1618,malware,1,0.035185664892196655,0,benign,141
edu.synthetic.androzoo.malware.overlay_pin_stealer.0287,malware,1,0.9991726279258728,1,malware,57
edu.synthetic.androzoo.malware.adware_clicker.0048,malware,1,0.999064028263092,1,malware,36
com.g5e.nineclues2.android,malware,1,0.0009595819283276796,0,benign,61
com.baijiayun.hanfeng,malware,1,0.0015002833679318428,0,benign,186
com.nurseio,benign,0,0.006606345530599356,0,benign,60
edu.synthetic.androzoo.malware.dropper_loader.2063,malware,1,0.12738095223903656,0,benign,211
edu.synthetic.androzoo.malware.banker_accessibility.0176,malware,1,0.9989675283432007,1,malware,57
com.translateasy.chattranslator,benign,0,0.9864029884338379,1,malware,34
edu.synthetic.androzoo.benign.commerce_social.0227,benign,0,0.002064257627353072,0,benign,76
jp.co.bronco.app.bronco,benign,0,0.0026706235948950052,0,benign,13
edu.synthetic.androzoo.malware.banker_accessibility.1689,malware,1,0.9985544085502625,1,malware,162
edu.synthetic.androzoo.malware.ransomware_locker.1078,malware,1,0.925061047077179,1,malware,154
com.applestudio.games.au1303014.lite,malware,1,0.0016903678188100457,0,benign,24
com.toptrendin.gingerbreadmanrun,benign,0,0.0009326142026111484,0,benign,10
edu.synthetic.androzoo.malware.overlay_pin_stealer.1847,malware,1,0.9994109869003296,1,malware,59
edu.synthetic.androzoo.benign.webview_content.0075,benign,0,0.0010556027991697192,0,benign,141
edu.synthetic.androzoo.malware.ransomware_locker.0864,malware,1,0.9928382039070129,1,malware,55
edu.synthetic.androzoo.malware.ransomware_locker.2026,malware,1,0.00793173722922802,0,benign,156
edu.synthetic.androzoo.malware.overlay_pin_stealer.0328,malware,1,0.9992156028747559,1,malware,64
edu.synthetic.androzoo.benign.media_game.0068,benign,0,0.0010266233002766967,0,benign,150
com.olimsoft.android.oplayer,malware,1,0.0056018042378127575,0,benign,132
edu.synthetic.androzoo.malware.banker_accessibility.1676,malware,1,0.9989166259765625,1,malware,49
com.nexmachina.grupsoletict,benign,0,0.35899803042411804,0,benign,59
org.me.mobiexpensifyg,benign,0,0.0018724226392805576,0,benign,49
edu.synthetic.androzoo.malware.banker_accessibility.1434,malware,1,0.9989369511604309,1,malware,166
com.easyhome.fucai,malware,1,0.0008142394362948835,0,benign,11
edu.synthetic.androzoo.malware.dropper_loader.1948,malware,1,0.031644340604543686,0,benign,232
edu.synthetic.androzoo.malware.spyware_surveillance.0473,malware,1,0.9985445737838745,1,malware,43
com.macroscop.mobile,benign,0,0.0009737529908306897,0,benign,105
edu.synthetic.androzoo.malware.overlay_pin_stealer.1168,malware,1,0.9994044303894043,1,malware,73
edu.synthetic.androzoo.malware.overlay_pin_stealer.0341,malware,1,0.9992745518684387,1,malware,158
edu.synthetic.androzoo.malware.dropper_loader.1523,malware,1,0.020839910954236984,0,benign,205
com.salik.smartsalik,malware,1,0.0009307226282544434,0,benign,11
com.mydroid.svg.print.craft.design.graphic.sticker,benign,0,0.0013286327011883259,0,benign,141
edu.synthetic.androzoo.benign.commerce_social.0195,benign,0,0.0009914038237184286,0,benign,180
com.subsplashconsulting.s_J59FST,benign,0,0.0019581031519919634,0,benign,152
io.expopass.expo,benign,0,0.0013884042855352163,0,benign,180
ua.radio.autolife,benign,0,0.005939019378274679,0,benign,57
com.inyad.store,benign,0,0.0017160885035991669,0,benign,179
edu.synthetic.androzoo.malware.sms_otp_stealer.0421,malware,1,0.9989110231399536,1,malware,185
edu.synthetic.androzoo.malware.banker_accessibility.0528,malware,1,0.9990628361701965,1,malware,59
com.hoge.android.app.wxsjz,malware,1,0.5737161636352539,1,malware,25
com.dreame.reader,malware,1,0.021797113120555878,0,benign,133
fr.gestionsports.dijonpadel,benign,0,0.9890056252479553,1,malware,30
com.aroma.flowers.salesapp,benign,0,0.0018247101688757539,0,benign,69
edu.synthetic.androzoo.benign.commerce_social.0005,benign,0,0.001051256200298667,0,benign,181
edu.synthetic.androzoo.malware.overlay_pin_stealer.0634,malware,1,0.9988288283348083,1,malware,67
com.style_7.lightanalogclocklw_7,benign,0,0.016250522807240486,0,benign,120
edu.synthetic.androzoo.malware.banker_accessibility.1926,malware,1,0.9988916516304016,1,malware,53
com.fronius.solarweb,benign,0,0.0009629852720536292,0,benign,116
com.guidebook.apps.uos.android,benign,0,0.001434587873518467,0,benign,36
com.pushpress.chopshopphysiques,benign,0,0.14210101962089539,0,benign,38
edu.synthetic.androzoo.malware.ransomware_locker.0303,malware,1,0.0011468831216916442,0,benign,113
com.fedha.kenyan,benign,0,0.002000771462917328,0,benign,262
com.bloommushroom.fourworlds.shiba,malware,1,0.0014897180953994393,0,benign,143
com.tap4fun.reignofwar,benign,0,0.0009912268724292517,0,benign,69
com.zumoapps.curso.teologia.evangelica,malware,1,0.9633400440216064,1,malware,110
com.navimods.radio_free,benign,0,0.0023810872808098793,0,benign,95
com.edictonary.Sociology.Dictionary,malware,1,0.30914831161499023,0,benign,117
com.plndr.activity,benign,0,0.0013620315585285425,0,benign,136
org.wikipedia.beta,benign,0,0.002748121041804552,0,benign,113
e.moob.app,benign,0,0.001238711178302765,0,benign,166
edu.synthetic.androzoo.malware.overlay_pin_stealer.1016,malware,1,0.9992290735244751,1,malware,94
lv.bite.manabite,benign,0,0.0009827458998188376,0,benign,202
com.communi.stamiapp,benign,0,0.00256765796802938,0,benign,182
com.kratosle.unlim,benign,0,0.9766567945480347,1,malware,50
edu.synthetic.androzoo.malware.overlay_pin_stealer.0731,malware,1,0.9990986585617065,1,malware,41
edu.synthetic.androzoo.malware.overlay_pin_stealer.1236,malware,1,0.9988062381744385,1,malware,123
edu.synthetic.androzoo.malware.spyware_surveillance.0799,malware,1,0.9988217949867249,1,malware,99
at.csd.emurmuru,benign,0,0.0022304952144622803,0,benign,95
edu.synthetic.androzoo.malware.banker_accessibility.0660,malware,1,0.9967893958091736,1,malware,181
edu.synthetic.androzoo.benign.maps_cloud.0164,benign,0,0.0018948176875710487,0,benign,46
edu.synthetic.androzoo.malware.ransomware_locker.1017,malware,1,0.24570463597774506,0,benign,152
com.thefishing.hawaii,benign,0,0.0014826321275904775,0,benign,16
edu.synthetic.androzoo.malware.wallet_stealer.0175,malware,1,0.9991569519042969,1,malware,147
edu.synthetic.androzoo.malware.dropper_loader.0885,malware,1,0.4464217722415924,0,benign,160
com.grunkr.facelock,malware,1,0.0011638497235253453,0,benign,11
edu.synthetic.androzoo.malware.dropper_loader.1938,malware,1,0.9978620409965515,1,malware,80
edu.synthetic.androzoo.malware.sms_otp_stealer.0023,malware,1,0.9991563558578491,1,malware,69
edu.synthetic.androzoo.malware.dropper_loader.0934,malware,1,0.8678213953971863,1,malware,243
edu.synthetic.androzoo.malware.spyware_surveillance.1975,malware,1,0.9985744953155518,1,malware,120
edu.synthetic.androzoo.malware.overlay_pin_stealer.0588,malware,1,0.9992774128913879,1,malware,140
com.antescofo.metronaut,benign,0,0.001494370517320931,0,benign,223
bfac.android.ngmdapp,benign,0,0.456720232963562,0,benign,10
uk.takeaway.android,benign,0,0.0011172837112098932,0,benign,141
edu.synthetic.androzoo.malware.wallet_stealer.0441,malware,1,0.9991171956062317,1,malware,87
com.hotpodyoga,benign,0,0.9857660531997681,1,malware,25
edu.synthetic.androzoo.malware.adware_clicker.0234,malware,1,0.014371929690241814,0,benign,139
edu.synthetic.androzoo.malware.dropper_loader.0904,malware,1,0.9994087219238281,1,malware,68
com.myyounit.selfstoragedenhaag,benign,0,0.10967393964529037,0,benign,56
com.tinmanarts.IWantToWatchTVPhone,malware,1,0.9984803795814514,1,malware,57
com.huge.betting.tips,malware,1,0.0016377877909690142,0,benign,76
com.wsccs.yn,malware,1,0.9707550406455994,1,malware,121
com.chairenhuo.qshuiynm,malware,1,0.010649967938661575,0,benign,19
edu.synthetic.androzoo.malware.sms_otp_stealer.0747,malware,1,0.9991099238395691,1,malware,74
com.friendscube.somoim,benign,0,0.0014021851820871234,0,benign,159
com.b01t.touchphotolock,benign,0,0.9566488862037659,1,malware,43
air.jp.globalgear.shere.pj,malware,1,0.006194683723151684,0,benign,22
edu.synthetic.androzoo.malware.wallet_stealer.0988,malware,1,0.9984128475189209,1,malware,95
com.topnewgames.car.parking.game.free,benign,0,0.0012658232590183616,0,benign,88
com.bithack.apparatus.st,malware,1,0.993447482585907,1,malware,32
com.LonerGames.RayOfHopeApocalypse,benign,0,0.0011336137540638447,0,benign,66
com.specialy.app,benign,0,0.0011328603141009808,0,benign,141
com.damidev.ipoolremote,benign,0,0.001107622287236154,0,benign,134
com.amuvirus.hookvpn,malware,1,0.0013347198255360126,0,benign,141
edu.synthetic.androzoo.malware.overlay_pin_stealer.0219,malware,1,0.9988021850585938,1,malware,78
edu.synthetic.androzoo.malware.overlay_pin_stealer.0439,malware,1,0.9993807077407837,1,malware,71
com.stefanroobol.pelvicfloor,benign,0,0.0010163887636736035,0,benign,38
com.myunitel.activities,benign,0,0.0010042106732726097,0,benign,123
linkdesks.solitaire.zoo,benign,0,0.0014974608784541488,0,benign,111
com.aok.xyygame.K57,malware,1,0.9944954514503479,1,malware,24
edu.synthetic.androzoo.malware.dropper_loader.1516,malware,1,0.6102883815765381,1,malware,181
org.traccar.client,malware,1,0.0014207994099706411,0,benign,97
edu.synthetic.androzoo.malware.banker_accessibility.1029,malware,1,0.9992679953575134,1,malware,87
edu.synthetic.androzoo.malware.overlay_pin_stealer.0317,malware,1,0.9991713762283325,1,malware,171
edu.synthetic.androzoo.malware.ransomware_locker.1423,malware,1,0.005770186893641949,0,benign,190
com.czy.guandeng,malware,1,0.9992560744285583,1,malware,58
edu.synthetic.androzoo.malware.spyware_surveillance.0481,malware,1,0.9986668825149536,1,malware,113
com.tree.dayleft,benign,0,0.001294379704631865,0,benign,183
edu.synthetic.androzoo.malware.banker_accessibility.0086,malware,1,0.9991598129272461,1,malware,144
com.subsplashconsulting.s_RT2T5K,benign,0,0.002304665744304657,0,benign,183
com.subsplash.thechurchapp.TheUrbanAlternative,benign,0,0.002102502388879657,0,benign,176
com.m7.downloads,malware,1,0.19296397268772125,0,benign,21
edu.synthetic.androzoo.malware.overlay_pin_stealer.0631,malware,1,0.9987543821334839,1,malware,42
edu.synthetic.androzoo.malware.ransomware_locker.0038,malware,1,0.004737223032861948,0,benign,152
edu.synthetic.androzoo.malware.adware_clicker.1171,malware,1,0.9911251664161682,1,malware,36
com.subsplashconsulting.s_983JH4,benign,0,0.0011268857633695006,0,benign,190
edu.synthetic.androzoo.benign.media_game.0098,benign,0,0.9492250084877014,1,malware,41
com.EscapeFactory.CursedSchool,benign,0,0.0019069105619564652,0,benign,135
com.lyd.mobilely,malware,1,0.002831465797498822,0,benign,31
edu.synthetic.androzoo.malware.wallet_stealer.1741,malware,1,0.9984933137893677,1,malware,70
com.tvsmartview.tvcast.mirroring,benign,0,0.0016095832688733935,0,benign,173
com.funny.voicechanger.free.voiceeditor.voiceeffects.soundeffects,benign,0,0.028455423191189766,0,benign,14
com.brewgames.coinmatch,benign,0,0.0043129161931574345,0,benign,62
edu.synthetic.androzoo.malware.dropper_loader.0417,malware,1,0.994989812374115,1,malware,106
com.makeshop.podbbang,benign,0,0.0011792639270424843,0,benign,198
com.simyasolutions.ling.lv,benign,0,0.001340848277322948,0,benign,121
com.telek.smarthome.android,malware,1,0.17661167681217194,0,benign,80
com.ita.scaleup,benign,0,0.0024453995283693075,0,benign,58
edu.synthetic.androzoo.benign.commerce_social.0001,benign,0,0.0009681336232461035,0,benign,244
edu.synthetic.androzoo.malware.banker_accessibility.0761,malware,1,0.9989219903945923,1,malware,93
com.iacad.apps,benign,0,0.0009163430077023804,0,benign,139
com.bitmango.go.fruitsmaniamatch3,benign,0,0.001190881128422916,0,benign,146
edu.synthetic.androzoo.malware.spyware_surveillance.1256,malware,1,0.9961382746696472,1,malware,48
com.linecorp.linemanth,benign,0,0.004278756678104401,0,benign,74
ie.flipdish.fd18352,benign,0,0.009533802978694439,0,benign,119
hivebrite.gabv_community.app,benign,0,0.0014164660824462771,0,benign,124
com.skisosoft.coach.ly,malware,1,0.004974944982677698,0,benign,21
com.oq.store,benign,0,0.9937851428985596,1,malware,51
edu.synthetic.androzoo.malware.spyware_surveillance.1853,malware,1,0.9940010905265808,1,malware,182
com.activecampaign.androidcrm,benign,0,0.008471068926155567,0,benign,108
edu.synthetic.androzoo.malware.dropper_loader.2031,malware,1,0.9969538450241089,1,malware,116
xyz.modtech.hexagon,benign,0,0.0011004473781213164,0,benign,53
com.alfanetwork.cloudmineapp,malware,1,0.9376285076141357,1,malware,24
ru.shtrafy_gibdd.nalogi,benign,0,0.0009480752050876617,0,benign,198
com.kahunas.io.OsborneCoaching,benign,0,0.0013013106072321534,0,benign,26
edu.synthetic.androzoo.malware.banker_accessibility.1871,malware,1,0.9987421631813049,1,malware,213
nc.zygo.taxi.passenger,benign,0,0.001106704119592905,0,benign,144
edu.synthetic.androzoo.benign.commerce_social.0046,benign,0,0.01747545786201954,0,benign,77
com.anacity,benign,0,0.9971725940704346,1,malware,25
com.videodownloader.mks,benign,0,0.0015035148244351149,0,benign,275
edu.synthetic.androzoo.malware.dropper_loader.0438,malware,1,0.980420708656311,1,malware,238
com.wireguard.android,benign,0,0.0009388765320181847,0,benign,12
sg.gov.digitalworkplace,benign,0,0.17051690816879272,0,benign,108
com.audiosdroid.speech2text,malware,1,0.0009363431017845869,0,benign,10
com.freebird.zsp.DailyAccounting,malware,1,0.9215461611747742,1,malware,233
com.careem.acma,benign,0,0.0014136697864159942,0,benign,228
edu.synthetic.androzoo.malware.overlay_pin_stealer.0879,malware,1,0.9993709921836853,1,malware,89
edu.synthetic.androzoo.malware.overlay_pin_stealer.2035,malware,1,0.999262273311615,1,malware,43
com.walainteractive.roshambodash,benign,0,0.0009121538605540991,0,benign,11
com.bestfuncoolapps.TakeYourPills,benign,0,0.00593059416860342,0,benign,182
edu.synthetic.androzoo.benign.maps_cloud.0102,benign,0,0.00432400219142437,0,benign,44
linguado.com.linguado,benign,0,0.001204916974529624,0,benign,147
com.jose.quesada.instrumentalchua,malware,1,0.9991254210472107,1,malware,16
com.cleanmate.abroad,malware,1,0.010120275430381298,0,benign,18
de.keleya.app,benign,0,0.0016091419383883476,0,benign,165
edu.synthetic.androzoo.malware.spyware_surveillance.0116,malware,1,0.9983507394790649,1,malware,171
de.loewen.dart.android,benign,0,0.002377511700615287,0,benign,18
edu.synthetic.androzoo.malware.wallet_stealer.1057,malware,1,0.9983857870101929,1,malware,130
com.mwaa.digital.signage.tc.iad,benign,0,0.472023606300354,0,benign,45
com.tanggo.frogjump,malware,1,0.0021212343126535416,0,benign,17
edu.synthetic.androzoo.malware.sms_otp_stealer.0713,malware,1,0.9990842342376709,1,malware,77
edu.synthetic.androzoo.malware.banker_accessibility.1233,malware,1,0.9991544485092163,1,malware,134
com.endalia.mobile.hr,benign,0,0.0008284306968562305,0,benign,94
edu.synthetic.androzoo.malware.spyware_surveillance.0437,malware,1,0.9684358835220337,1,malware,50
com.xd_geospatial.andorra,benign,0,0.980933427810669,1,malware,152
com.example.administrator.picturetransliteration,malware,1,0.002294458681717515,0,benign,38
com.askme.application,benign,0,0.6878014206886292,1,malware,53
kr.co.ssibc.igoziptong,benign,0,0.0031595700420439243,0,benign,26
com.exeysoft.mathcalculator,benign,0,0.9907951951026917,1,malware,130
com.recode.aerodyneapex,benign,0,0.0009314274066127837,0,benign,35
com.multibrains.taxi.driver.ridepassengeret,benign,0,0.003555902047082782,0,benign,163
vk.chungju,benign,0,0.0008334149024449289,0,benign,10
jp.niben.miniben,benign,0,0.1835174411535263,0,benign,51
gazpacho.strawberries.vova_adidas,benign,0,0.0017877138452604413,0,benign,14
com.howtopraythescriptures.dailyverses,benign,0,0.001387107651680708,0,benign,147
com.tenon.connect,benign,0,0.000891373842023313,0,benign,127
armaforte.mobile,benign,0,0.0017685714410617948,0,benign,56
au.org.rrr.stream,benign,0,0.15513168275356293,0,benign,20
uy.com.Santander,benign,0,0.0010728436755016446,0,benign,153
edu.synthetic.androzoo.malware.banker_accessibility.0808,malware,1,0.9981460571289062,1,malware,65
edu.synthetic.androzoo.malware.sms_otp_stealer.0845,malware,1,0.991715133190155,1,malware,53
com.cloudtech.weatherradar,malware,1,0.9985226988792419,1,malware,54
com.cabtime.android.customerApp,benign,0,0.0032447355333715677,0,benign,18
edu.synthetic.androzoo.benign.utility_background.0082,benign,0,0.001174358418211341,0,benign,123
com.mtoolstec.mtoolsLite,benign,0,0.0010675473604351282,0,benign,110
com.wearlynx.slandroidjacksonhole,malware,1,0.0009563499479554594,0,benign,126
com.sflep.course,malware,1,0.005080193281173706,0,benign,22
com.jewelblast.puzzlelegend,benign,0,0.001783872488886118,0,benign,223
com.nthgensoftware.traderev.android,benign,0,0.0009171600104309618,0,benign,184
com.taxsee.taxsee,benign,0,0.001553425332531333,0,benign,230
com.GERANGAMA.ContainerHouseDesign,benign,0,0.9896857142448425,1,malware,32
com.primexbt.trade,benign,0,0.012817165814340115,0,benign,24
edu.synthetic.androzoo.malware.banker_accessibility.1169,malware,1,0.9992648959159851,1,malware,216
com.mysticmobileapps.terrain.radar,benign,0,0.002135421382263303,0,benign,227
it.eolo.appeolo,benign,0,0.0010121959494426847,0,benign,137
edu.synthetic.androzoo.malware.adware_clicker.1530,malware,1,0.00544299092143774,0,benign,195
com.easytor.barbel,benign,0,0.004795371554791927,0,benign,66
asia.coins.mobile,benign,0,0.0009416802204214036,0,benign,133
com.quicdent,benign,0,0.011199232190847397,0,benign,75
edu.synthetic.androzoo.malware.banker_accessibility.1511,malware,1,0.9993647933006287,1,malware,101
com.ak.ta.dainikbhaskar.activity,benign,0,0.0012635467574000359,0,benign,237
edu.synthetic.androzoo.benign.commerce_social.0134,benign,0,0.0009686235571280122,0,benign,156
com.melodygames.royaldreamindianwedding,benign,0,0.02187233977019787,0,benign,77
co.madlife.stopmotion,malware,1,0.00808978732675314,0,benign,21
edu.synthetic.androzoo.malware.banker_accessibility.0601,malware,1,0.9989620447158813,1,malware,164
edu.synthetic.androzoo.malware.wallet_stealer.1992,malware,1,0.9992583394050598,1,malware,30
edu.synthetic.androzoo.malware.banker_accessibility.0795,malware,1,0.9974510073661804,1,malware,52
edu.synthetic.androzoo.benign.webview_content.0094,benign,0,0.007163558155298233,0,benign,79
edu.synthetic.androzoo.malware.sms_otp_stealer.0418,malware,1,0.9992511868476868,1,malware,41
com.magicube.live,malware,1,0.001344097196124494,0,benign,34
com.multibrains.taxi.passenger.ulendotaxizambia,benign,0,0.0014129617484286427,0,benign,108
org.fcbh.xalibt.n2.n,benign,0,0.9814240336418152,1,malware,17
com.xaebike.laosgo,benign,0,0.9915247559547424,1,malware,28
edu.synthetic.androzoo.malware.wallet_stealer.1500,malware,1,0.9992778897285461,1,malware,82
com.trainerize.evolveadaptfitness,benign,0,0.961881697177887,1,malware,14
edu.synthetic.androzoo.malware.banker_accessibility.1037,malware,1,0.9864842295646667,1,malware,154
com.tinmanarts.TwoGoodFriendsPhone,malware,1,0.9972565770149231,1,malware,58
com.kiloo.subwaysurf,malware,1,0.6215150356292725,1,malware,140
edu.synthetic.androzoo.benign.utility_background.0152,benign,0,0.006122352089732885,0,benign,74
org.viewspark.admin,benign,0,0.0013355528935790062,0,benign,123
edu.synthetic.androzoo.malware.banker_accessibility.0424,malware,1,0.998108983039856,1,malware,150
edu.synthetic.androzoo.malware.banker_accessibility.0084,malware,1,0.9993137121200562,1,malware,106
edu.synthetic.androzoo.malware.spyware_surveillance.1795,malware,1,0.059297192841768265,0,benign,41
com.subsplashconsulting.s_KNX3RK,benign,0,0.0015030682552605867,0,benign,197
com.weatherteam.dailyweather.forecast,benign,0,0.0011371092405170202,0,benign,244
com.mrblue.mrblue,benign,0,0.0012261734809726477,0,benign,99
edu.synthetic.androzoo.malware.banker_accessibility.0453,malware,1,0.9989497065544128,1,malware,169
edu.synthetic.androzoo.malware.overlay_pin_stealer.1719,malware,1,0.9991129040718079,1,malware,62
edu.synthetic.androzoo.malware.ransomware_locker.2004,malware,1,0.9530603885650635,1,malware,108
com.sinyee.babybus.musicparty,malware,1,0.15717348456382751,0,benign,65
com.exmge.app,benign,0,0.07433298230171204,0,benign,64
me.kch_app.kch,benign,0,0.0038588501047343016,0,benign,53
com.cmpsoft.MediaBrowser,benign,0,0.002254408085718751,0,benign,83
vor.rider,benign,0,0.973770797252655,1,malware,86
edu.synthetic.androzoo.malware.sms_otp_stealer.0226,malware,1,0.9990334510803223,1,malware,142
com.quiply.leimerkg,benign,0,0.9940206408500671,1,malware,65
edu.synthetic.androzoo.benign.utility_background.0027,benign,0,0.0009821210987865925,0,benign,183
edu.synthetic.androzoo.malware.overlay_pin_stealer.1333,malware,1,0.9990394711494446,1,malware,109
edu.synthetic.androzoo.malware.ransomware_locker.0306,malware,1,0.028466328978538513,0,benign,156
jp.mixi,benign,0,0.002892463468015194,0,benign,83
com.gozem.provider,benign,0,0.0010073569137603045,0,benign,159
com.momsitter.android.hybridapp,benign,0,0.000983764766715467,0,benign,221
com.prashantsj.apps.movietitlegame,benign,0,0.0896853432059288,0,benign,181
ridewithvia.tra.treviso,benign,0,0.0010298211127519608,0,benign,159
com.ywx.qhyx.yyh,malware,1,0.9985291957855225,1,malware,144
com.dongqiudi.news,malware,1,0.0015982829499989748,0,benign,89
com.chronogolf.booking.westlock,benign,0,0.001044267090037465,0,benign,142
com.cookie.match3.casual,benign,0,0.0010827998630702496,0,benign,119
edu.synthetic.androzoo.malware.overlay_pin_stealer.1791,malware,1,0.9967555403709412,1,malware,153
edu.synthetic.androzoo.benign.media_game.0191,benign,0,0.002716793678700924,0,benign,84
eu.mobile_alerts.thermoconnect,benign,0,0.0013003009371459484,0,benign,186
edu.synthetic.androzoo.benign.webview_content.0018,benign,0,0.001291802036575973,0,benign,112
az.foodsoul.c82,benign,0,0.0015027942135930061,0,benign,90
edu.synthetic.androzoo.malware.ransomware_locker.1388,malware,1,0.013086941093206406,0,benign,154
com.yulin.VertexVerveInc.Games,malware,1,0.9981928467750549,1,malware,34
fi.eventbrokers.sporttipassimobile,benign,0,0.0010120831429958344,0,benign,157
com.rv.gym,benign,0,0.10951049625873566,0,benign,14
edu.synthetic.androzoo.malware.dropper_loader.1260,malware,1,0.994195282459259,1,malware,157
cn.cetv.zgjy,malware,1,0.003255002899095416,0,benign,68
com.stamfordfgkebab,benign,0,0.002081554848700762,0,benign,10
it.creareunapp.editor.android5fe4be4037921,benign,0,0.9987937211990356,1,malware,41
com.onemt.and.shen,benign,0,0.0015608728863298893,0,benign,68
air.cn.iduoduo.frog,malware,1,0.0013704265002161264,0,benign,28
edu.synthetic.androzoo.malware.dropper_loader.1394,malware,1,0.010907023213803768,0,benign,147
edu.synthetic.androzoo.malware.dropper_loader.0843,malware,1,0.9989953637123108,1,malware,54
com.garantiemeklilik.cepsube,benign,0,0.003445263719186187,0,benign,76
com.ea.emiratesauction,benign,0,0.0010043790098279715,0,benign,136
com.combine.loss,benign,0,0.0010470343986526132,0,benign,98
com.todoorstep.store,benign,0,0.0011718833120539784,0,benign,174
com.ttk.hdl,malware,1,0.9990283250808716,1,malware,87
edu.synthetic.androzoo.malware.overlay_pin_stealer.1840,malware,1,0.9992915391921997,1,malware,91
com.LongNeckDog.BallRaceRoyale,benign,0,0.001315377070568502,0,benign,107
edu.synthetic.androzoo.benign.utility_background.0128,benign,0,0.001077525201253593,0,benign,110
com.ai.chat.bot.aichat,malware,1,0.0015041413716971874,0,benign,190
in.playsimple.jigsaw_puzzle,benign,0,0.1015494167804718,0,benign,13
com.schoolpointe.oh_mississinawavalleyschs,benign,0,0.3562629222869873,0,benign,23
edu.synthetic.androzoo.malware.wallet_stealer.1345,malware,1,0.9990429282188416,1,malware,157
edu.synthetic.androzoo.malware.ransomware_locker.1967,malware,1,0.003221054095774889,0,benign,150
edu.synthetic.androzoo.malware.wallet_stealer.1302,malware,1,0.9992640614509583,1,malware,49
com.jdomni.jdswathirestaurantbangalore,benign,0,0.0015828507021069527,0,benign,127
edu.synthetic.androzoo.malware.sms_otp_stealer.1553,malware,1,0.9992600083351135,1,malware,126
app.haoce.com,malware,1,0.9683657884597778,1,malware,84
net.peakgames.ginrummyplus,benign,0,0.9612014889717102,1,malware,34
no.membro.adrenalin,benign,0,0.9262396693229675,1,malware,26
co.bitx.android.wallet,benign,0,0.0010341410525143147,0,benign,176
com.zakinn.app,benign,0,0.0011332920985296369,0,benign,176
com.scoutium.app,benign,0,0.918988823890686,1,malware,97
com.eonsoft.MultiTimer,benign,0,0.9337424635887146,1,malware,85
com.tyou.daizhu,malware,1,0.0023762828204780817,0,benign,90
com.xdtech.news.greatriver,malware,1,0.002108812564983964,0,benign,129
edu.synthetic.androzoo.malware.banker_accessibility.0449,malware,1,0.9963219165802002,1,malware,99
edu.synthetic.androzoo.malware.dropper_loader.0994,malware,1,0.2673340439796448,0,benign,234
smile.com.telonium.mobile,benign,0,0.004608528688549995,0,benign,20
net.pixiv.vroid.android,benign,0,0.0010029672412201762,0,benign,100
com.boyneresorts.loon,benign,0,0.001392014673911035,0,benign,195
com.starom1.ome222,malware,1,0.9901083707809448,1,malware,89
edu.synthetic.androzoo.malware.dropper_loader.0735,malware,1,0.11522878706455231,0,benign,154
edu.synthetic.androzoo.malware.adware_clicker.0546,malware,1,0.9960770010948181,1,malware,94
com.bhima.nameonpics,benign,0,0.007430503610521555,0,benign,104
com.slb.drillops.touch,benign,0,0.015779634937644005,0,benign,101
edu.synthetic.androzoo.malware.dropper_loader.0125,malware,1,0.6390805244445801,1,malware,134
edu.synthetic.androzoo.benign.webview_content.0010,benign,0,0.0010719181736931205,0,benign,177
jp.co.lavan7.gakupuri_android,benign,0,0.0028963552322238684,0,benign,134
com.ebdaadt.rentelly,benign,0,0.001159314182586968,0,benign,179
com.ma.ld.dict.idioms,malware,1,0.008448890410363674,0,benign,50
edu.synthetic.androzoo.malware.dropper_loader.1686,malware,1,0.9977560639381409,1,malware,130
com.orimuse.android,malware,1,0.005208428483456373,0,benign,39
com.jeffreytht.gobblet,benign,0,0.2598484456539154,0,benign,133
edu.synthetic.androzoo.malware.banker_accessibility.0706,malware,1,0.9987938404083252,1,malware,87
edu.synthetic.androzoo.malware.dropper_loader.1413,malware,1,0.9828060269355774,1,malware,83
edu.synthetic.androzoo.malware.adware_clicker.1249,malware,1,0.7136960625648499,1,malware,107
com.bforbank.androidapp,benign,0,0.0016291916836053133,0,benign,130
edu.synthetic.androzoo.malware.dropper_loader.0935,malware,1,0.997596800327301,1,malware,43
edu.synthetic.androzoo.malware.ransomware_locker.1983,malware,1,0.002950855763629079,0,benign,183
com.qbis,benign,0,0.002674998715519905,0,benign,103
edu.synthetic.androzoo.malware.ransomware_locker.0627,malware,1,0.002499260939657688,0,benign,109
com.aemobile.games.tycoon.capitalist.idle,benign,0,0.0009696590714156628,0,benign,125
com.yingedu.ppst,malware,1,0.1783437281847,0,benign,30
edu.synthetic.androzoo.malware.overlay_pin_stealer.2006,malware,1,0.9993637204170227,1,malware,78
edu.synthetic.androzoo.benign.media_game.0176,benign,0,0.0011952108470723033,0,benign,170
edu.synthetic.androzoo.malware.banker_accessibility.1610,malware,1,0.9986178874969482,1,malware,69
edu.synthetic.androzoo.malware.ransomware_locker.2037,malware,1,0.014312502928078175,0,benign,100
cn.com.rektec.xmobile.jcy,malware,1,0.9824607968330383,1,malware,53
edu.synthetic.androzoo.malware.ransomware_locker.1107,malware,1,0.0036113348323851824,0,benign,180
edu.synthetic.androzoo.malware.ransomware_locker.1364,malware,1,0.003915625158697367,0,benign,111
com.panagola.app.om,benign,0,0.0008291726117022336,0,benign,13
edu.synthetic.androzoo.malware.overlay_pin_stealer.0873,malware,1,0.9993863105773926,1,malware,78
com.inpeaceapp.quadrangularavareregionalieq.sp,benign,0,0.0012650948483496904,0,benign,185
com.jacks_flights,benign,0,0.9907724857330322,1,malware,108
edu.synthetic.androzoo.benign.media_game.0089,benign,0,0.0012384811416268349,0,benign,117
com.litegames.farkle,benign,0,0.0009229101706296206,0,benign,154
info.metconsul.airtech_aos,benign,0,0.0010044550290331244,0,benign,148
oasys.edocs.h2a2,benign,0,0.9970808625221252,1,malware,22
com.vinetree.gametalktalk2,benign,0,0.0010839707683771849,0,benign,317
com.cars.laosticket,malware,1,0.006119424942880869,0,benign,161
edu.synthetic.androzoo.malware.ransomware_locker.0679,malware,1,0.12953706085681915,0,benign,116
edu.synthetic.androzoo.malware.banker_accessibility.0677,malware,1,0.9992389678955078,1,malware,91
edu.synthetic.androzoo.malware.adware_clicker.0923,malware,1,0.3048998713493347,0,benign,76
com.octotelematics.creditras,benign,0,0.0010109108407050371,0,benign,103
com.xynderous.vatole.floattube,benign,0,0.0022672228515148163,0,benign,219
edu.synthetic.androzoo.malware.banker_accessibility.1535,malware,1,0.9992214441299438,1,malware,43
com.cleverapps.adventure,benign,0,0.0010941890068352222,0,benign,209
com.ridetaskapp.store,benign,0,0.001352566061541438,0,benign,94
com.easysecure,benign,0,0.9530864953994751,1,malware,37
se.langia.fishpoc,benign,0,0.003126576542854309,0,benign,199
edu.synthetic.androzoo.malware.overlay_pin_stealer.0381,malware,1,0.9983159303665161,1,malware,187
com.aapmobile,benign,0,0.005542466416954994,0,benign,50
edu.synthetic.androzoo.malware.overlay_pin_stealer.1128,malware,1,0.9992635846138,1,malware,116
com.ultrahuman.android,benign,0,0.900837242603302,1,malware,36
cn.com.gxrb.client,malware,1,0.7873779535293579,1,malware,79
com.MiniCo.UltraFarmingTractorTrucks,benign,0,0.5229318737983704,1,malware,17
club.betnow.coral,benign,0,0.9779466390609741,1,malware,81
edu.synthetic.androzoo.malware.banker_accessibility.0607,malware,1,0.9990376234054565,1,malware,91
edu.synthetic.androzoo.malware.sms_otp_stealer.0753,malware,1,0.9980668425559998,1,malware,87
com.exys2008.over,benign,0,0.0013037496246397495,0,benign,92
edu.synthetic.androzoo.malware.dropper_loader.0544,malware,1,0.9972801208496094,1,malware,88
com.ig.tastyworks.app,benign,0,0.002759582130238414,0,benign,96
com.launcher.light.theme3d,malware,1,0.012400866486132145,0,benign,27
edu.synthetic.androzoo.malware.adware_clicker.0349,malware,1,0.1357678472995758,0,benign,102
com.gears42.surelock,malware,1,0.06535983085632324,0,benign,25
orphy.orphyDrive,benign,0,0.9582817554473877,1,malware,44
com.azena.gemini,benign,0,0.0008148494525812566,0,benign,12
edu.synthetic.androzoo.malware.dropper_loader.1268,malware,1,0.29616251587867737,0,benign,124
edu.synthetic.androzoo.malware.banker_accessibility.0519,malware,1,0.9992122650146484,1,malware,52
gazpacho.strawberries.stones,benign,0,0.0010267718462273479,0,benign,20
edu.synthetic.androzoo.malware.sms_otp_stealer.1421,malware,1,0.9992678761482239,1,malware,87
edu.synthetic.androzoo.malware.banker_accessibility.0230,malware,1,0.9989401698112488,1,malware,134
com.PiguinSoft.CafeRacer.ly,malware,1,0.037229616194963455,0,benign,26
edu.synthetic.androzoo.malware.overlay_pin_stealer.0194,malware,1,0.9989620447158813,1,malware,88
com.koudai.zuhao,malware,1,0.966858446598053,1,malware,67
com.sdyxjd.yony,malware,1,0.9936438798904419,1,malware,146
com.alphazeedevs.quotifyy,benign,0,0.0015583608765155077,0,benign,102
edu.synthetic.androzoo.benign.media_game.0036,benign,0,0.01985328644514084,0,benign,69
edu.synthetic.androzoo.malware.overlay_pin_stealer.1518,malware,1,0.9991169571876526,1,malware,88
mohot.fit.booking,benign,0,0.014184088446199894,0,benign,68
com.bayatree.sommerlearning,benign,0,0.22999221086502075,0,benign,91
edu.synthetic.androzoo.malware.sms_otp_stealer.0239,malware,1,0.9971914887428284,1,malware,61
edu.synthetic.androzoo.malware.banker_accessibility.0681,malware,1,0.996604323387146,1,malware,139
com.subsplashconsulting.s_3XV6D9,benign,0,0.0010867029195651412,0,benign,154
edu.synthetic.androzoo.benign.maps_cloud.0163,benign,0,0.0011973263463005424,0,benign,157
com.screamgo.onion,malware,1,0.994134247303009,1,malware,80
edu.synthetic.androzoo.malware.wallet_stealer.0211,malware,1,0.9990014433860779,1,malware,190
edu.synthetic.androzoo.malware.overlay_pin_stealer.0901,malware,1,0.9991534948348999,1,malware,59
com.lixiangdong.LCDWatch.Pro,malware,1,0.0014580722199752927,0,benign,30
com.webcontrol.android,benign,0,0.91691654920578,1,malware,88
edu.synthetic.androzoo.benign.commerce_social.0007,benign,0,0.0012540287571027875,0,benign,36
edu.synthetic.androzoo.malware.dropper_loader.1619,malware,1,0.9948847889900208,1,malware,90
edu.synthetic.androzoo.malware.banker_accessibility.1656,malware,1,0.9990172386169434,1,malware,103
edu.synthetic.androzoo.malware.sms_otp_stealer.2034,malware,1,0.5516273975372314,1,malware,177
air.EscapeBackyardNow,malware,1,0.04956132918596268,0,benign,119
com.collectorz.javamobile.android.music,benign,0,0.0021353939082473516,0,benign,70
com.pachagame.FlatEarth,malware,1,0.9796786308288574,1,malware,143
com.franceair.appc4,benign,0,0.1322546750307083,0,benign,82
edu.synthetic.androzoo.benign.commerce_social.0087,benign,0,0.0009478782885707915,0,benign,162
com.matrix_digi.ma_remote,malware,1,0.001741770189255476,0,benign,57
edu.synthetic.androzoo.malware.ransomware_locker.1798,malware,1,0.9757532477378845,1,malware,168
fr.morvan.morvanurbasee,benign,0,0.0009326142026111484,0,benign,10
com.mispacientescmnb.app,benign,0,0.9439465999603271,1,malware,38
edu.synthetic.androzoo.malware.ransomware_locker.2066,malware,1,0.10219211131334305,0,benign,141
com.mirmeapp,benign,0,0.0010109873255714774,0,benign,126
com.xeno.investment,benign,0,0.2997061014175415,0,benign,32
com.ape.games.impact,malware,1,0.1562376767396927,0,benign,163
edu.synthetic.androzoo.malware.adware_clicker.1298,malware,1,0.2214086353778839,0,benign,163
edu.synthetic.androzoo.malware.ransomware_locker.1670,malware,1,0.0019438167801126838,0,benign,82
com.apptegy.dawson,benign,0,0.0014914384810253978,0,benign,125
edu.synthetic.androzoo.benign.media_game.0107,benign,0,0.0010436346055939794,0,benign,177
edu.synthetic.androzoo.malware.spyware_surveillance.0452,malware,1,0.9988154172897339,1,malware,86
com.trainerize.kevinmorreyfitness,benign,0,0.5188044309616089,1,malware,25
com.software.v.it.familytree,benign,0,0.506518542766571,1,malware,38
com.wnqncivu.renpeo,malware,1,0.04012686386704445,0,benign,31
com.passporterapp.android,benign,0,0.0010534296743571758,0,benign,193
com.hero.legend.mmo,benign,0,0.001205679145641625,0,benign,102
com.Ignition.fiveaces,benign,0,0.16748052835464478,0,benign,25
com.njh.biubiu,malware,1,0.0020839967764914036,0,benign,15
edu.synthetic.androzoo.malware.wallet_stealer.0159,malware,1,0.9989264607429504,1,malware,115
edu.synthetic.androzoo.malware.dropper_loader.0999,malware,1,0.9993392825126648,1,malware,47
com.ryumoto.gfx,malware,1,0.03481867164373398,0,benign,22
com.VideoEditor.videomakerpro,benign,0,0.0014229218941181898,0,benign,205
com.FortuneMine.WonderGo,benign,0,0.015850352123379707,0,benign,73
com.cocos2dx.hobbit,malware,1,0.9987574815750122,1,malware,19
re.leaderprice.comptefidelite,benign,0,0.9596884846687317,1,malware,112
com.winworks.winworksinspect,benign,0,0.2318820059299469,0,benign,22
edu.synthetic.androzoo.malware.spyware_surveillance.0621,malware,1,0.9965764880180359,1,malware,51
com.upbean.appcmcoop,benign,0,0.0045656501315534115,0,benign,88
edu.synthetic.androzoo.malware.overlay_pin_stealer.1807,malware,1,0.9991995692253113,1,malware,65
com.nobrainstate.city.construction.building.game,benign,0,0.002000802895054221,0,benign,122
edu.synthetic.androzoo.malware.banker_accessibility.0066,malware,1,0.9963701963424683,1,malware,146
com.praharaj_sqlite.app,benign,0,0.002677205251529813,0,benign,13
edu.synthetic.androzoo.malware.dropper_loader.0852,malware,1,0.9951335787773132,1,malware,128
com.plusgames.ideologyr,benign,0,0.0034178912173956633,0,benign,86
com.fankexinxi.fanhuishou,malware,1,0.9234944581985474,1,malware,80
edu.synthetic.androzoo.benign.maps_cloud.0129,benign,0,0.0016606268472969532,0,benign,100
embroidery.design.app.tutorial,benign,0,0.0011333719594404101,0,benign,160
com.avirise.praytimes.azanreminder,benign,0,0.0025576939806342125,0,benign,274
com.qupil,benign,0,0.9927816987037659,1,malware,27
edu.synthetic.androzoo.malware.ransomware_locker.1049,malware,1,0.0029734123963862658,0,benign,135
edu.synthetic.androzoo.malware.spyware_surveillance.1457,malware,1,0.990992546081543,1,malware,184
edu.synthetic.androzoo.malware.sms_otp_stealer.1097,malware,1,0.9966157078742981,1,malware,37
edu.synthetic.androzoo.malware.sms_otp_stealer.1659,malware,1,0.9990712404251099,1,malware,93
ru.uralsib.business,benign,0,0.001120191067457199,0,benign,164
edu.synthetic.androzoo.malware.spyware_surveillance.0584,malware,1,0.981124222278595,1,malware,92
com.postulate.postulate_erp,benign,0,0.9993500113487244,1,malware,45
edu.synthetic.androzoo.malware.adware_clicker.1960,malware,1,0.004385142121464014,0,benign,183
edu.synthetic.androzoo.malware.banker_accessibility.1595,malware,1,0.9992274045944214,1,malware,173
com.wink.android.weather,benign,0,0.0012495266273617744,0,benign,213
edu.synthetic.androzoo.malware.banker_accessibility.1237,malware,1,0.9992986917495728,1,malware,96
com.phone.contact.call.phonecontact,malware,1,0.0011338131735101342,0,benign,131
com.skyphone.app,benign,0,0.0011399149661883712,0,benign,10
edu.synthetic.androzoo.malware.wallet_stealer.0277,malware,1,0.9991642236709595,1,malware,112
com.dmm.pointclub,benign,0,0.00380015023984015,0,benign,55
com.ba.mobile,benign,0,0.001235620235092938,0,benign,101
com.fibrum.propastvr,malware,1,0.9143536686897278,1,malware,25
edu.synthetic.androzoo.malware.spyware_surveillance.0242,malware,1,0.9988120794296265,1,malware,157
com.kahunas.io.LEANERSTRONGERFASTER,benign,0,0.0023009059950709343,0,benign,133
com.laoniao.leaperkim,malware,1,0.0015940616140142083,0,benign,50
mycity.popstar.pt,malware,1,0.005402109585702419,0,benign,33
cn.meihuiapp.videomaker,malware,1,0.001748971757479012,0,benign,71
edu.synthetic.androzoo.malware.overlay_pin_stealer.1239,malware,1,0.9992339611053467,1,malware,94
com.pik.roxstar,benign,0,0.0012008745688945055,0,benign,112
edu.synthetic.androzoo.malware.dropper_loader.0798,malware,1,0.9612080454826355,1,malware,131
edu.synthetic.androzoo.malware.sms_otp_stealer.1863,malware,1,0.9970665574073792,1,malware,46
com.mta.videotube.playtube,benign,0,0.0011985496385022998,0,benign,180
ljm.course.app,malware,1,0.0021489534992724657,0,benign,59
com.dubaiculture,benign,0,0.025162789970636368,0,benign,67
com.ac.englishtokhmertranslator,benign,0,0.0011842128587886691,0,benign,49
com.asobimo.alchemiastory,benign,0,0.0010437419405207038,0,benign,170
edu.synthetic.androzoo.malware.dropper_loader.0474,malware,1,0.9965556859970093,1,malware,111
com.lunosoft.puuung1,benign,0,0.004434483125805855,0,benign,57
com.sinyee.babybus.popsicles,malware,1,0.1411309838294983,0,benign,244
edu.synthetic.androzoo.malware.dropper_loader.0348,malware,1,0.9970857501029968,1,malware,224
edu.synthetic.androzoo.benign.maps_cloud.0235,benign,0,0.0009774505160748959,0,benign,110
alarmclock.alarm.simplealarm.clock.alarmapp,malware,1,0.003404627786949277,0,benign,144
com.sg.spinner.merge.fight,benign,0,0.002421655459329486,0,benign,72
jp.co.a_tm.android.plus_strawberry_time,benign,0,0.0021593989804387093,0,benign,64
com.brc.keyline,benign,0,0.0028324800077825785,0,benign,108
com.reliantparking.resident,benign,0,0.0026590251363813877,0,benign,115
edu.synthetic.androzoo.malware.dropper_loader.1980,malware,1,0.9990823268890381,1,malware,181
az.studio.gkztc,malware,1,0.03436648100614548,0,benign,263
com.apptegy.balticsd,benign,0,0.0013086848193779588,0,benign,128
edu.synthetic.androzoo.malware.spyware_surveillance.1548,malware,1,0.994205892086029,1,malware,63
com.touchnote.android,benign,0,0.0013583673862740397,0,benign,225
com.alarm.alarmmobile.android.securitas,benign,0,0.000916728051379323,0,benign,116
com.SingaporeShopping.sgu,benign,0,0.9957221746444702,1,malware,141
cz.seznam.mapy,benign,0,0.001019432907924056,0,benign,13
br.com.wiki4fit.flashstudio,benign,0,0.0008591662044636905,0,benign,118
com.marchnetworks.searchlight,benign,0,0.001561025157570839,0,benign,87
roll.unblock.ball.block.puzzle,benign,0,0.001227142638526857,0,benign,176
edu.synthetic.androzoo.malware.overlay_pin_stealer.1117,malware,1,0.9989379048347473,1,malware,155
edu.synthetic.androzoo.malware.banker_accessibility.1430,malware,1,0.9986442923545837,1,malware,75
com.canva.editor,benign,0,0.001682073576375842,0,benign,199
edu.synthetic.androzoo.malware.overlay_pin_stealer.0865,malware,1,0.9993047714233398,1,malware,83
edu.synthetic.androzoo.malware.overlay_pin_stealer.1538,malware,1,0.9993450045585632,1,malware,119
com.silky.apps.gold.lock,benign,0,0.9975367784500122,1,malware,23
edu.synthetic.androzoo.malware.sms_otp_stealer.1053,malware,1,0.9974518418312073,1,malware,48
com.iglesia24h.redapostolica,benign,0,0.009345977567136288,0,benign,118
edu.synthetic.androzoo.malware.spyware_surveillance.1407,malware,1,0.9991469383239746,1,malware,83
edu.synthetic.androzoo.malware.banker_accessibility.1941,malware,1,0.9992668032646179,1,malware,94
edu.synthetic.androzoo.benign.utility_background.0189,benign,0,0.00131680176127702,0,benign,157
com.vanceandhines.fp4,benign,0,0.23227593302726746,0,benign,93
com.netease.blockchain,malware,1,0.13272331655025482,0,benign,113
edu.synthetic.androzoo.malware.sms_otp_stealer.1244,malware,1,0.9987566471099854,1,malware,55
edu.synthetic.androzoo.malware.ransomware_locker.1217,malware,1,0.9741007685661316,1,malware,162
com.ets100.pupil,malware,1,0.4105704426765442,0,benign,17
com.trainerize.fitnesstogether,benign,0,0.0020074243657290936,0,benign,82
com.subsplashconsulting.s_BR2B97,benign,0,0.0012813995126634836,0,benign,121
com.basenjiapps.breeze,benign,0,0.001645317068323493,0,benign,134
com.yanka.mc,benign,0,0.0010212131310254335,0,benign,156
edu.synthetic.androzoo.malware.dropper_loader.0857,malware,1,0.9974597096443176,1,malware,60
com.xtylus.remotesalestouch,benign,0,0.001288168947212398,0,benign,103
com.paoword.www.paoword,malware,1,0.9394869804382324,1,malware,82
com.budgetmaster.expensetrackerapp,benign,0,0.7690269351005554,1,malware,39
com.pulu.popforest,benign,0,0.0014219885924831033,0,benign,107
com.appss.wallpaperaestetic2026,benign,0,0.0038639120757579803,0,benign,96
com.BuzzGaming.YantlaKazan,benign,0,0.11014197021722794,0,benign,12
com.hippo.lighthouse,benign,0,0.000895569974090904,0,benign,74
edu.synthetic.androzoo.malware.dropper_loader.1085,malware,1,0.9992375373840332,1,malware,39
com.sega.ColorfulStage.en,benign,0,0.013155942782759666,0,benign,49
edu.synthetic.androzoo.malware.banker_accessibility.1175,malware,1,0.9762786626815796,1,malware,169
com.biemore.android.ExploreSupermarket,malware,1,0.9982553124427795,1,malware,131
org.sdcarddatarecovery,benign,0,0.8399929404258728,1,malware,96
edu.synthetic.androzoo.malware.wallet_stealer.0899,malware,1,0.9990082383155823,1,malware,84
com.educabiz.educabiz.mobile,benign,0,0.011855131015181541,0,benign,116
com.yachtserv.app,benign,0,0.09469619393348694,0,benign,56
com.rumbo.mobile.android,benign,0,0.9424577355384827,1,malware,27
com.whalo.games.fishoffortune,benign,0,0.0014166326727718115,0,benign,109
edu.synthetic.androzoo.malware.ransomware_locker.0464,malware,1,0.03775586187839508,0,benign,129
com.hotelscombined.mobile,benign,0,0.001251055859029293,0,benign,236
edu.synthetic.androzoo.malware.ransomware_locker.0837,malware,1,0.006859709974378347,0,benign,122
com.lijianqiang12.silent,malware,1,0.00948280654847622,0,benign,26
com.subsplash.thechurchapp.worship,benign,0,0.0011306944070383906,0,benign,188
com.puzzleiq.challenge.yyh,malware,1,0.0017381715588271618,0,benign,141
edu.synthetic.androzoo.malware.spyware_surveillance.0395,malware,1,0.9980973601341248,1,malware,111
edu.synthetic.androzoo.malware.spyware_surveillance.0223,malware,1,0.9973936080932617,1,malware,189
edu.synthetic.androzoo.malware.spyware_surveillance.1143,malware,1,0.9966065883636475,1,malware,184
edu.synthetic.androzoo.malware.overlay_pin_stealer.0909,malware,1,0.9992307424545288,1,malware,40
edu.synthetic.androzoo.benign.commerce_social.0179,benign,0,0.0014527555322274566,0,benign,137
se.svd.start,benign,0,0.0015747719444334507,0,benign,192
edu.synthetic.androzoo.malware.dropper_loader.1739,malware,1,0.9321193695068359,1,malware,137
edu.synthetic.androzoo.malware.dropper_loader.0896,malware,1,0.24286557734012604,0,benign,183
com.pado.smartlock,malware,1,0.0018943992909044027,0,benign,105
edu.synthetic.androzoo.malware.dropper_loader.1787,malware,1,0.9993854761123657,1,malware,91
edu.synthetic.androzoo.malware.ransomware_locker.1856,malware,1,0.6464069485664368,1,malware,191
com.ritzdeligames.eraserblast,benign,0,0.0008714864961802959,0,benign,131
com.plazz,benign,0,0.002337477868422866,0,benign,147
edu.synthetic.androzoo.malware.dropper_loader.1546,malware,1,0.04332292079925537,0,benign,240
com.phorest.bmonroesalon,benign,0,0.001161854830570519,0,benign,111
com.inovcares.patient,benign,0,0.7379658818244934,1,malware,35
nz.school.npbhstraining.train.own,benign,0,0.0015562796033918858,0,benign,70
com.nebulajoy.act.dmcpoc.asia,benign,0,0.0009482820751145482,0,benign,134
edu.synthetic.androzoo.benign.commerce_social.0202,benign,0,0.014301535673439503,0,benign,81
io.breezeway.Breezeway,benign,0,0.0008222190081141889,0,benign,139
edu.synthetic.androzoo.malware.adware_clicker.0652,malware,1,0.024109892547130585,0,benign,187
edu.synthetic.androzoo.malware.overlay_pin_stealer.1634,malware,1,0.998824417591095,1,malware,49
th.co.the1.the1app,benign,0,0.9908561706542969,1,malware,18
com.et2t.xingbao,malware,1,0.6801754236221313,1,malware,35
com.appcursin.blogspot,malware,1,0.9182541370391846,1,malware,58
com.ymatou.shop,malware,1,0.0041001164354383945,0,benign,53
kh.com.wooribank.ibanking,benign,0,0.10698095709085464,0,benign,72
edu.synthetic.androzoo.malware.banker_accessibility.0828,malware,1,0.9990824460983276,1,malware,119
com.kuberbullion,benign,0,0.03775591403245926,0,benign,58
edu.synthetic.androzoo.malware.spyware_surveillance.0450,malware,1,0.9982643723487854,1,malware,179
com.master.ball.v5.yyh,malware,1,0.0007735356339253485,0,benign,12
edu.synthetic.androzoo.malware.ransomware_locker.0987,malware,1,0.002606288529932499,0,benign,141
com.bettertomorrowapps.camerablockfree,benign,0,0.0011073554633185267,0,benign,103
com.customchurchapps.lafamiliaapp,benign,0,0.0018779919482767582,0,benign,168
edu.synthetic.androzoo.malware.spyware_surveillance.0895,malware,1,0.9989355206489563,1,malware,182
edu.synthetic.androzoo.benign.utility_background.0188,benign,0,0.0009571912814863026,0,benign,147
com.subsplash.thechurchapp.reallife,benign,0,0.008978870697319508,0,benign,157
edu.synthetic.androzoo.malware.spyware_surveillance.0726,malware,1,0.9968928098678589,1,malware,138
edu.synthetic.androzoo.malware.banker_accessibility.1736,malware,1,0.9963757395744324,1,malware,193
com.moex.finuslugi,benign,0,0.0009828368201851845,0,benign,155
edu.synthetic.androzoo.benign.maps_cloud.0028,benign,0,0.0010008581448346376,0,benign,207
com.customchurchappsmtlassencommunitychurch,benign,0,0.00326694012619555,0,benign,174
com.wixot.merge,benign,0,0.0008839461370371282,0,benign,111
edu.synthetic.androzoo.malware.spyware_surveillance.0269,malware,1,0.9879999756813049,1,malware,71
com.automatedyogamarketing.app,benign,0,0.9933645725250244,1,malware,24
com.dorian.playtogether,benign,0,0.001585734891705215,0,benign,124
edu.synthetic.androzoo.malware.overlay_pin_stealer.1089,malware,1,0.9993353486061096,1,malware,81
edu.synthetic.androzoo.malware.spyware_surveillance.0106,malware,1,0.9956744313240051,1,malware,102
com.mobincube.diccionario_griego_biblico.sc_HP9E26,malware,1,0.001591782900504768,0,benign,94
pf.isi.TiareFM,benign,0,0.0011048907181248069,0,benign,100
edu.synthetic.androzoo.malware.wallet_stealer.0472,malware,1,0.9992088675498962,1,malware,120
com.game168.gameofmafia,benign,0,0.6068605780601501,1,malware,10
com.mobile.number.location.call.number.locator.call.tracker,benign,0,0.00873503927141428,0,benign,22
edu.synthetic.androzoo.malware.adware_clicker.1459,malware,1,0.00973301101475954,0,benign,154
edu.synthetic.androzoo.malware.overlay_pin_stealer.0513,malware,1,0.9992179870605469,1,malware,71
edu.synthetic.androzoo.malware.spyware_surveillance.0429,malware,1,0.9990384578704834,1,malware,88
com.miaomiaoapp.tinydungeon1.all,malware,1,0.9982933402061462,1,malware,32
com.llj.ball,malware,1,0.9994122982025146,1,malware,86
edu.synthetic.androzoo.malware.spyware_surveillance.0659,malware,1,0.9984952211380005,1,malware,190
com.vf.frozenwar,benign,0,0.0023905287962406874,0,benign,54
jp.Marvelous.BMWC,benign,0,0.0014067715965211391,0,benign,101
com.nstudio.weatherhere.free,benign,0,0.0018700679065659642,0,benign,129
com.feelcrafters.buspuzzle,benign,0,0.0016951534198597074,0,benign,106
com.cgff.moutned.horseback.police.chase,benign,0,0.0015362275298684835,0,benign,97
edu.synthetic.androzoo.benign.maps_cloud.0054,benign,0,0.0012931290548294783,0,benign,68
edu.synthetic.androzoo.malware.overlay_pin_stealer.0670,malware,1,0.9984248876571655,1,malware,92
com.team17.escapists,malware,1,0.003144485643133521,0,benign,134
com.neonglass.iconpack,benign,0,0.0037848944775760174,0,benign,85
edu.synthetic.androzoo.malware.ransomware_locker.1066,malware,1,0.11993947625160217,0,benign,181
edu.synthetic.androzoo.malware.spyware_surveillance.1329,malware,1,0.6432960033416748,1,malware,47
edu.synthetic.androzoo.malware.spyware_surveillance.0422,malware,1,0.9989303946495056,1,malware,41
com.sinyee.babybus.hotel,malware,1,0.006201171316206455,0,benign,184
edu.synthetic.androzoo.malware.overlay_pin_stealer.0569,malware,1,0.9992758631706238,1,malware,77
edu.synthetic.androzoo.benign.media_game.0124,benign,0,0.001017351751215756,0,benign,150
com.cf_holding.mint.app,benign,0,0.0010358089348301291,0,benign,182
com.pushbinary.electric,benign,0,0.9920795559883118,1,malware,124
com.abi.royalcarcustom,benign,0,0.009761316701769829,0,benign,14
edu.synthetic.androzoo.malware.dropper_loader.1346,malware,1,0.967825174331665,1,malware,122
edu.synthetic.androzoo.malware.wallet_stealer.1717,malware,1,0.9991374015808105,1,malware,135
edu.synthetic.androzoo.malware.ransomware_locker.0181,malware,1,0.049330513924360275,0,benign,75
com.qiuwen.android,malware,1,0.0013354988768696785,0,benign,33
com.darkwind.nucarnival,benign,0,0.0010298540582880378,0,benign,99
com.yodo1.crossyroad,benign,0,0.0010419893078505993,0,benign,26
com.immediatemedia.historyextrarn,benign,0,0.0027511483058333397,0,benign,126
com.magzter.architectureplusdesign,benign,0,0.0031239204108715057,0,benign,188
edu.synthetic.androzoo.malware.ransomware_locker.0457,malware,1,0.7890002727508545,1,malware,104
com.h8games.helixjump,malware,1,0.013057916425168514,0,benign,156
com.qunhe.rendershow,malware,1,0.0011347060790285468,0,benign,13
com.reportallusa.landglide,benign,0,0.0021890471689403057,0,benign,11
es.iberdrola.ibdistrconsumidores,benign,0,0.00290966359898448,0,benign,66
edu.synthetic.androzoo.malware.wallet_stealer.1222,malware,1,0.9955353736877441,1,malware,39
neronovs.urlplayer,benign,0,0.008701667189598083,0,benign,45
edu.synthetic.androzoo.malware.spyware_surveillance.0749,malware,1,0.9939029216766357,1,malware,67
edu.synthetic.androzoo.malware.banker_accessibility.1359,malware,1,0.9993987083435059,1,malware,142
edu.synthetic.androzoo.malware.overlay_pin_stealer.2077,malware,1,0.9993693232536316,1,malware,84
com.watchface.heartratetracker.heartratemonitor,benign,0,0.0011392843443900347,0,benign,162
edu.synthetic.androzoo.malware.ransomware_locker.0489,malware,1,0.8094673156738281,1,malware,38
cc.flyblue.quickspot,malware,1,0.0007906122482381761,0,benign,10
com.khetigaadi,benign,0,0.0008365887333638966,0,benign,121
org.wycliffe.mixtecosurpuebla.mit,benign,0,0.0022160618100315332,0,benign,116
edu.synthetic.androzoo.malware.spyware_surveillance.0757,malware,1,0.9963123202323914,1,malware,47
com.wnapp.id1717297840426,benign,0,0.991357684135437,1,malware,35
com.nutilogi.nutilogi,benign,0,0.9989897608757019,1,malware,27
com.lgufstore_rn,benign,0,0.5380504727363586,1,malware,16
edu.synthetic.androzoo.benign.utility_background.0245,benign,0,0.0009205214446410537,0,benign,128
com.DigitalDreamDynamism.jumpingball,benign,0,0.0015823006397113204,0,benign,75
com.educonnect.totvs.unisal,benign,0,0.002275759121403098,0,benign,33
com.koinum.app,malware,1,0.997355580329895,1,malware,52
lsh.nzcp4,malware,1,0.9992753863334656,1,malware,25
edu.synthetic.androzoo.malware.banker_accessibility.1409,malware,1,0.9573686718940735,1,malware,214
com.YsoCorp.Bacteria,benign,0,0.0013899779878556728,0,benign,149
com.joinknack.knack,benign,0,0.037207573652267456,0,benign,36
com.eztcn.user,malware,1,0.329241007566452,0,benign,230
com.prisaradio.replicapp.caracolradio,benign,0,0.0012109840754419565,0,benign,143
com.maketore.kintorememo,benign,0,0.0016309019410982728,0,benign,117
edu.synthetic.androzoo.malware.ransomware_locker.0620,malware,1,0.004483839962631464,0,benign,112
edu.synthetic.androzoo.malware.overlay_pin_stealer.0777,malware,1,0.9987980127334595,1,malware,48
com.mytowntonight.aviationweather,benign,0,0.0012482955353334546,0,benign,73
edu.synthetic.androzoo.malware.ransomware_locker.1075,malware,1,0.30381473898887634,0,benign,60
com.addietudeculturalartsctrapp.mi,benign,0,0.003409591969102621,0,benign,39
com.a33slona.aizk,benign,0,0.0022945033852010965,0,benign,125
com.salion.superimpostor,benign,0,0.0009654021705500782,0,benign,15
edu.synthetic.androzoo.malware.wallet_stealer.1179,malware,1,0.9991211295127869,1,malware,144
edu.synthetic.androzoo.malware.overlay_pin_stealer.0207,malware,1,0.9991711378097534,1,malware,65
com.sauer.unity.griddefender,benign,0,0.0009615615126676857,0,benign,11
com.bol.shop,benign,0,0.001800143625587225,0,benign,199
in.odiaportal.odiajataka,malware,1,0.0014750134432688355,0,benign,76
edu.synthetic.androzoo.malware.banker_accessibility.0911,malware,1,0.999306321144104,1,malware,111
com.williamsinteractive.goldfish,benign,0,0.001106373267248273,0,benign,143
jp.nexyz.aimed,benign,0,0.000951476686168462,0,benign,159
edu.synthetic.androzoo.malware.dropper_loader.1911,malware,1,0.23522844910621643,0,benign,185
edu.synthetic.androzoo.malware.wallet_stealer.1356,malware,1,0.9983966946601868,1,malware,155
com.sched.hosastateleadershiptwofour,benign,0,0.0010332075180485845,0,benign,146
edu.synthetic.androzoo.malware.sms_otp_stealer.1092,malware,1,0.9984833598136902,1,malware,128
com.Moveware.Mobi,benign,0,0.9277661442756653,1,malware,14
edu.synthetic.androzoo.malware.dropper_loader.0130,malware,1,0.008118343539536,0,benign,175
jp.mana_tea,benign,0,0.001246230793185532,0,benign,38
com.dungmori.dungmoriapp,benign,0,0.0011137276887893677,0,benign,137
net.plazz.mea.octopusfreightnetwork,benign,0,0.0013855675933882594,0,benign,125
com.sala.RuVBKKProd,benign,0,0.0009080604068003595,0,benign,10
com.chat.dominicano,malware,1,0.0011538217077031732,0,benign,103
com.appslitedesarrolladores.bibliadejerusalen,malware,1,0.9738209843635559,1,malware,36
edu.synthetic.androzoo.malware.overlay_pin_stealer.1067,malware,1,0.9989944100379944,1,malware,66
com.shenyaocn.android.usbcamera,benign,0,0.021994953975081444,0,benign,157
com.android.weici.senior.teacher,malware,1,0.022066889330744743,0,benign,56
de.bild.MeinKlub,benign,0,0.0016476474702358246,0,benign,108
edu.synthetic.androzoo.malware.banker_accessibility.1218,malware,1,0.9984948635101318,1,malware,161
com.gaminations.murlan,benign,0,0.0019688124302774668,0,benign,140
com.att100.android,malware,1,0.030422264710068703,0,benign,87
edu.synthetic.androzoo.malware.spyware_surveillance.1908,malware,1,0.4750297963619232,0,benign,61
com.pacific.hometeam,benign,0,0.001702848938293755,0,benign,92
com.appcano.catchphrase,benign,0,0.0009434615494683385,0,benign,127
com.awcc.asan,benign,0,0.0018421243876218796,0,benign,65
edu.synthetic.androzoo.malware.dropper_loader.1969,malware,1,0.9172041416168213,1,malware,121
edu.synthetic.androzoo.malware.dropper_loader.0565,malware,1,0.9981697797775269,1,malware,129
com.tarotreading.aitarot,benign,0,0.06592469662427902,0,benign,228
com.plusme.live,malware,1,0.0011021343525499105,0,benign,146
com.centr.app,benign,0,0.01680692471563816,0,benign,127
com.zlapcreator.blockor,malware,1,0.9118128418922424,1,malware,65
jp.boi.mementomori.android,benign,0,0.001063713920302689,0,benign,89
edu.synthetic.androzoo.malware.dropper_loader.1119,malware,1,0.9964732527732849,1,malware,134
wireless.forum,malware,1,0.0009481934830546379,0,benign,61
io.datoms.dgmonitoring,benign,0,0.015260804444551468,0,benign,116
edu.synthetic.androzoo.malware.adware_clicker.0926,malware,1,0.9922086000442505,1,malware,74
com.kidzian.binaryconverter,benign,0,0.9543386101722717,1,malware,14
app.rosario.it,benign,0,0.0008864992996677756,0,benign,12
com.betelge.divetru,benign,0,0.0023933507036417723,0,benign,158
edu.synthetic.androzoo.malware.banker_accessibility.0430,malware,1,0.9991593360900879,1,malware,172
edu.synthetic.androzoo.malware.wallet_stealer.0061,malware,1,0.9992547631263733,1,malware,163
edu.synthetic.androzoo.malware.wallet_stealer.1762,malware,1,0.9989149570465088,1,malware,49
edu.synthetic.androzoo.malware.spyware_surveillance.1921,malware,1,0.9963021278381348,1,malware,129
edu.synthetic.androzoo.benign.webview_content.0172,benign,0,0.001474088290706277,0,benign,98
com.xtornado.ghostsofwar2,benign,0,0.0019495459273457527,0,benign,86
edu.synthetic.androzoo.malware.sms_otp_stealer.1697,malware,1,0.9992781281471252,1,malware,62
ru.FoodSoul.VelikiyNovgorodSkazkafood,benign,0,0.0015983909834176302,0,benign,91
com.qxdazhuzai.mzyw,malware,1,0.8539470434188843,1,malware,96
com.audaxis.nordlittoral,benign,0,0.0014122783904895186,0,benign,203
edu.synthetic.androzoo.malware.overlay_pin_stealer.2076,malware,1,0.9986577033996582,1,malware,56
com.tapblaze.pizzabusiness,benign,0,0.000895146862603724,0,benign,96
com.edgetechapps.crypto_khabar,benign,0,0.0013360654702410102,0,benign,193
edu.synthetic.androzoo.malware.spyware_surveillance.0774,malware,1,0.998236894607544,1,malware,44
edu.synthetic.androzoo.malware.dropper_loader.1480,malware,1,0.9986999034881592,1,malware,34
edu.synthetic.androzoo.benign.maps_cloud.0039,benign,0,0.0012740064412355423,0,benign,87
edu.synthetic.androzoo.malware.wallet_stealer.1083,malware,1,0.9991575479507446,1,malware,84
com.linkdokter.halodoc.android,benign,0,0.0012818682007491589,0,benign,180
edu.synthetic.androzoo.malware.banker_accessibility.1139,malware,1,0.9991342425346375,1,malware,54
com.bmac.usbsnc,benign,0,0.0021795376669615507,0,benign,148
edu.synthetic.androzoo.malware.banker_accessibility.1382,malware,1,0.997093677520752,1,malware,137
com.simyasolutions.ling.sk,benign,0,0.0037088997196406126,0,benign,17
com.vip.bet.predict,malware,1,0.31134384870529175,0,benign,105
edu.synthetic.androzoo.malware.dropper_loader.0924,malware,1,0.6041239500045776,1,malware,242
com.pixplus.ali,malware,1,0.9847280979156494,1,malware,290
edu.synthetic.androzoo.benign.media_game.0052,benign,0,0.6637970209121704,1,malware,29
edu.synthetic.androzoo.malware.overlay_pin_stealer.1981,malware,1,0.9992207288742065,1,malware,65
com.studdywise,benign,0,0.0010288776829838753,0,benign,110
edu.synthetic.androzoo.malware.overlay_pin_stealer.1367,malware,1,0.9990215301513672,1,malware,93
edu.synthetic.androzoo.malware.wallet_stealer.0594,malware,1,0.9969639182090759,1,malware,148
edu.synthetic.androzoo.malware.ransomware_locker.1699,malware,1,0.5532262921333313,1,malware,168
com.NanoMedix.EasyGameDev,malware,1,0.0008675163262523711,0,benign,10
com.bidwrangler.sevenbauction,benign,0,0.016910061240196228,0,benign,75
air.ru.crazypanda.blitzpoker,benign,0,0.0016905817901715636,0,benign,91
com.moyun365.android.zkenglish,malware,1,0.8227958679199219,1,malware,53
edu.synthetic.androzoo.malware.banker_accessibility.0235,malware,1,0.9989542961120605,1,malware,132
com.etips.cincinatti.travel.guide,benign,0,0.9324142932891846,1,malware,38
it.mic.terremoto,benign,0,0.0012368931202217937,0,benign,15
com.wishsoft.yyj.phone,malware,1,0.0008709194371476769,0,benign,128
com.doggymakers.tuckerattack,benign,0,0.0015065845800563693,0,benign,81
edu.synthetic.androzoo.malware.banker_accessibility.1003,malware,1,0.9985014200210571,1,malware,67
edu.synthetic.androzoo.malware.sms_otp_stealer.0094,malware,1,0.9991740584373474,1,malware,60
com.subsplashconsulting.s_5PXTR6,benign,0,0.004178760573267937,0,benign,154
edu.synthetic.androzoo.malware.overlay_pin_stealer.0133,malware,1,0.9993560910224915,1,malware,62
edu.synthetic.androzoo.malware.adware_clicker.1742,malware,1,0.20858165621757507,0,benign,85
com.mike.textocr,malware,1,0.0007811062969267368,0,benign,11
com.afgame.app.poolball,benign,0,0.0008735549636185169,0,benign,142
edu.synthetic.androzoo.malware.overlay_pin_stealer.1984,malware,1,0.9992067217826843,1,malware,58
free.ocean.fish.solitaire.match,benign,0,0.0038158311508595943,0,benign,189
com.edanadservicecooperativebank.mobileapplcation,benign,0,0.0013018065365031362,0,benign,103
com.pregnant.bestpregnancytime,benign,0,0.00223873695358634,0,benign,40
br.org.admanancial.appEK1811,benign,0,0.16453714668750763,0,benign,71
com.linecorp.b612.android,malware,1,0.008235501125454903,0,benign,110
com.suchgamesmuchwow.readysetcat,malware,1,0.001371999504044652,0,benign,138
com.oupeng.mini.android,malware,1,0.0010582911781966686,0,benign,137
ru.psbank.invest,benign,0,0.0011651430977508426,0,benign,150
com.appeasybuild.apps6093bab1a04b5,benign,0,0.012078134343028069,0,benign,29
com.upperpik.beadtoyasmr,benign,0,0.0008633120451122522,0,benign,126
edu.synthetic.androzoo.malware.overlay_pin_stealer.1301,malware,1,0.9990291595458984,1,malware,176
edu.synthetic.androzoo.malware.banker_accessibility.1922,malware,1,0.9992294311523438,1,malware,43
edu.synthetic.androzoo.malware.wallet_stealer.1125,malware,1,0.9989983439445496,1,malware,122
com.zenixnetwork.cloudmineapp,malware,1,0.9979764819145203,1,malware,58
com.szckhd.jwgly.azyw,benign,0,0.9912344217300415,1,malware,44
com.stickman.warmblood.ly,malware,1,0.041192393749952316,0,benign,155
edu.synthetic.androzoo.malware.spyware_surveillance.1366,malware,1,0.9936238527297974,1,malware,65
com.app.professionalcamera,benign,0,0.0010301724541932344,0,benign,68
com.chownow.riardosbargrill,benign,0,0.0009648229461163282,0,benign,149
com.pi.rxfilesplus,benign,0,0.0009086121572181582,0,benign,117
edu.synthetic.androzoo.benign.media_game.0034,benign,0,0.0014639851870015264,0,benign,113
edu.synthetic.androzoo.malware.wallet_stealer.1603,malware,1,0.999091625213623,1,malware,60
com.mgif.ball.v,benign,0,0.0009215991594828665,0,benign,173
edu.synthetic.androzoo.malware.adware_clicker.0043,malware,1,0.9990192651748657,1,malware,35
com.radiosenpy.radioactivafm,benign,0,0.004985535051673651,0,benign,88
com.IllusionsGames.BrainWorkout,benign,0,0.0018965959316119552,0,benign,21
edu.synthetic.androzoo.malware.sms_otp_stealer.1007,malware,1,0.9980512857437134,1,malware,52
edu.synthetic.androzoo.malware.overlay_pin_stealer.0963,malware,1,0.9991180300712585,1,malware,68
com.gabama.monopostolite,benign,0,0.020311174914240837,0,benign,14
edu.synthetic.androzoo.malware.banker_accessibility.1436,malware,1,0.9990068078041077,1,malware,161
edu.synthetic.androzoo.malware.ransomware_locker.1185,malware,1,0.9922930002212524,1,malware,38
com.onewaycab,benign,0,0.002575523452833295,0,benign,44
appsolutions.HMT,benign,0,0.027755364775657654,0,benign,12
com.creativeconsultant.comcomcoin,benign,0,0.004569521639496088,0,benign,24
io.teslatech.callbreak,benign,0,0.4112911820411682,0,benign,82
com.mywidz.mwp.hb.app.di.android,benign,0,0.016930023208260536,0,benign,87
edu.synthetic.androzoo.malware.wallet_stealer.2051,malware,1,0.9989762306213379,1,malware,106
edu.synthetic.androzoo.malware.overlay_pin_stealer.0971,malware,1,0.9991598129272461,1,malware,45
com.translator.haw,benign,0,0.8891831636428833,1,malware,139
com.Torpidogames.Carcrashstuntgame3dramp,benign,0,0.0010242308489978313,0,benign,11
com.fatmerge.global,benign,0,0.000944754050578922,0,benign,124
edu.synthetic.androzoo.malware.ransomware_locker.1151,malware,1,0.00610946211963892,0,benign,93
com.yuanlue.chongwu,malware,1,0.21379142999649048,0,benign,139
com.kabam.doamobile,benign,0,0.001234352239407599,0,benign,130
edu.synthetic.androzoo.malware.wallet_stealer.1873,malware,1,0.998909592628479,1,malware,70
com.deltaepa.smarthome,benign,0,0.0017149908235296607,0,benign,96
com.instapaper.android,benign,0,0.0010742110898718238,0,benign,148
psychiatrie.pro,benign,0,0.003925444092601538,0,benign,25
com.trainerize.kettlebellkim,benign,0,0.001191812800243497,0,benign,12
com.yandex.yango,benign,0,0.002137002069503069,0,benign,184
com.boxwiki.app,benign,0,0.002510865218937397,0,benign,48
com.VForVictory.ExtremeBallStrikerGoalBlast,benign,0,0.014961364679038525,0,benign,16
com.fanimalapp.organizer,benign,0,0.0028412623796612024,0,benign,43
coach.zing.fitness,benign,0,0.0010947812115773559,0,benign,268
com.profittrading.forkucoin,benign,0,0.0011460656533017755,0,benign,200
in.crossy.daily_crossword,benign,0,0.9897786974906921,1,malware,14
edu.synthetic.androzoo.malware.spyware_surveillance.2049,malware,1,0.9981460571289062,1,malware,193
com.alexto.radio.cambodia,benign,0,0.0020615030080080032,0,benign,204
com.falan.humanfall,benign,0,0.0010493871523067355,0,benign,34
ru.ikey.express,benign,0,0.0015570668037980795,0,benign,11
edu.synthetic.androzoo.malware.overlay_pin_stealer.1677,malware,1,0.999259889125824,1,malware,40
com.sino_net.cits,malware,1,0.007336736656725407,0,benign,137
com.scopely.gardenjoy,benign,0,0.0010113732423633337,0,benign,158
edu.synthetic.androzoo.malware.overlay_pin_stealer.1362,malware,1,0.9994369149208069,1,malware,86
uon.earth,benign,0,0.3078140318393707,0,benign,118
com.swash.transitworld.ottawa,benign,0,0.0012464355677366257,0,benign,212
com.funeasylearn.english.american,benign,0,0.0011121564311906695,0,benign,157
com.elan.ask,malware,1,0.0059698340483009815,0,benign,133
edu.synthetic.androzoo.malware.spyware_surveillance.0786,malware,1,0.999014139175415,1,malware,115
com.yara.atfarm,benign,0,0.005270920228213072,0,benign,44
com.holoteq.moodgo,benign,0,0.002904394641518593,0,benign,39
edu.synthetic.androzoo.malware.ransomware_locker.0390,malware,1,0.0022665271535515785,0,benign,106
edu.synthetic.androzoo.malware.banker_accessibility.0669,malware,1,0.8982882499694824,1,malware,192
no.vigga.push,benign,0,0.0009567482629790902,0,benign,107
com.huch.kosmopolit,benign,0,0.418425053358078,0,benign,44
com.play.tube.adsblock.video.vanceded.free,malware,1,0.0030710569117218256,0,benign,168
com.napoleon.bookoffate,benign,0,0.9912664294242859,1,malware,154
jp.dotgames.maouyusya_hh,malware,1,0.0008764839149080217,0,benign,10
app.cheriedating,benign,0,0.0008673162665218115,0,benign,144
en.mk.bestdict,benign,0,0.0010245924349874258,0,benign,42
edu.synthetic.androzoo.malware.dropper_loader.0810,malware,1,0.9425226449966431,1,malware,89
com.kopca.goldengoal,benign,0,0.0014512359630316496,0,benign,168
edu.synthetic.androzoo.malware.ransomware_locker.1172,malware,1,0.007150442339479923,0,benign,92
edu.synthetic.androzoo.malware.banker_accessibility.1120,malware,1,0.9702048897743225,1,malware,175
edu.synthetic.androzoo.malware.sms_otp_stealer.0794,malware,1,0.9978055357933044,1,malware,121
edu.synthetic.androzoo.malware.ransomware_locker.0888,malware,1,0.7859464287757874,1,malware,93
com.skyblue.pra.wrkf,benign,0,0.0015542131150141358,0,benign,169
pl.netigen.perfect.bouzouki.tuner,benign,0,0.0017843956593424082,0,benign,15
edu.synthetic.androzoo.malware.dropper_loader.0977,malware,1,0.999154806137085,1,malware,54
edu.synthetic.androzoo.malware.dropper_loader.1914,malware,1,0.9874106049537659,1,malware,176
edu.synthetic.androzoo.malware.banker_accessibility.1887,malware,1,0.9989726543426514,1,malware,207
org.benevity.app,benign,0,0.0008728510001674294,0,benign,153
com.hw22pro.smartwatch.guidetaha,benign,0,0.9914705157279968,1,malware,135
com.YsoCorp.DinoDomination,benign,0,0.00111940479837358,0,benign,147
edu.synthetic.androzoo.malware.adware_clicker.1285,malware,1,0.9303113222122192,1,malware,188
it.creareunapp.editor.android606ecded11679,benign,0,0.984173059463501,1,malware,40
com.rich.person.roll,malware,1,0.0008050017058849335,0,benign,113
tr.turkgram.messenger,benign,0,0.997154951095581,1,malware,37
edu.synthetic.androzoo.malware.banker_accessibility.1353,malware,1,0.9986166954040527,1,malware,157
com.seacloud.bc,benign,0,0.0010570165468379855,0,benign,159
edu.synthetic.androzoo.malware.adware_clicker.1122,malware,1,0.6303697824478149,1,malware,144
edu.synthetic.androzoo.malware.overlay_pin_stealer.0776,malware,1,0.9991672039031982,1,malware,45
edu.synthetic.androzoo.benign.media_game.0012,benign,0,0.005420520436018705,0,benign,33
edu.synthetic.androzoo.malware.adware_clicker.1247,malware,1,0.04930121451616287,0,benign,103
edu.synthetic.androzoo.benign.webview_content.0199,benign,0,0.0010521389776840806,0,benign,205
com.jacapps.wfed,benign,0,0.0013093866873532534,0,benign,155
com.themafiagames.helpthegirl,benign,0,0.001672543934546411,0,benign,10
edu.synthetic.androzoo.malware.sms_otp_stealer.0825,malware,1,0.9726427793502808,1,malware,49
com.ShahPTPIS,benign,0,0.0011426192941144109,0,benign,63
net.gntalk.oitalk,benign,0,0.0008671257528476417,0,benign,130
com.tech.bazaar.easykhata,benign,0,0.001672543934546411,0,benign,10
kr.co.mobine.blockpuzzle,benign,0,0.002564252819865942,0,benign,109
edu.synthetic.androzoo.malware.spyware_surveillance.0658,malware,1,0.9862045049667358,1,malware,48
com.modeleon.northernlightsalert,benign,0,0.9989497065544128,1,malware,99
edu.synthetic.androzoo.malware.overlay_pin_stealer.0991,malware,1,0.9991078972816467,1,malware,75
de.leiner.markisenplanermehr,benign,0,0.9988217949867249,1,malware,40
com.freigcarrillo.doda,benign,0,0.0030158322770148516,0,benign,15
net.senyonet.prost,benign,0,0.9992426633834839,1,malware,29
jp.sihdbk.opapp,benign,0,0.03944305330514908,0,benign,20
edu.synthetic.androzoo.malware.banker_accessibility.1156,malware,1,0.9970677495002747,1,malware,170
edu.synthetic.androzoo.malware.overlay_pin_stealer.0835,malware,1,0.9992333650588989,1,malware,41
edu.synthetic.androzoo.malware.spyware_surveillance.0201,malware,1,0.9983838796615601,1,malware,100
com.iq.brain.out.ly,malware,1,0.9965560436248779,1,malware,95
com.issmobile.datang.case_dough,malware,1,0.9653705954551697,1,malware,103
edu.synthetic.androzoo.malware.overlay_pin_stealer.0496,malware,1,0.9993335604667664,1,malware,64
com.akd.luxurycars,malware,1,0.3955167531967163,0,benign,179
edu.synthetic.androzoo.malware.dropper_loader.2081,malware,1,0.9972478747367859,1,malware,54
it.xmenu.pizzaexport,benign,0,0.026392845436930656,0,benign,30
net.felinger.dashboard,benign,0,0.0010282070143148303,0,benign,144
edu.synthetic.androzoo.malware.ransomware_locker.0476,malware,1,0.05926463007926941,0,benign,167
com.kdhnews.android,benign,0,0.001083864364773035,0,benign,163
edu.synthetic.androzoo.benign.media_game.0155,benign,0,0.345003217458725,0,benign,41
net.wakit.wamr,benign,0,0.011856176890432835,0,benign,26
com.passionair.biletsatis,benign,0,0.7456678152084351,1,malware,22
edu.synthetic.androzoo.malware.sms_otp_stealer.1095,malware,1,0.9983093738555908,1,malware,77
com.lambtongames.pokerjumble,benign,0,0.00254406058229506,0,benign,135
edu.synthetic.androzoo.malware.ransomware_locker.1267,malware,1,0.026599569246172905,0,benign,55
edu.synthetic.androzoo.benign.utility_background.0174,benign,0,0.0010527224512770772,0,benign,182
edu.synthetic.androzoo.malware.dropper_loader.0132,malware,1,0.9904333353042603,1,malware,150
edu.synthetic.androzoo.malware.spyware_surveillance.1888,malware,1,0.998108983039856,1,malware,145
com.modtool.boxapp,malware,1,0.9989274144172668,1,malware,73
tws.vision.viaim.headset,benign,0,0.9971340894699097,1,malware,14
air.conditioner.calculator,benign,0,0.0008769287378527224,0,benign,10
edu.synthetic.androzoo.malware.dropper_loader.0492,malware,1,0.9986116886138916,1,malware,39
com.customchurchapps.appvxkjg2z3,benign,0,0.00748985493555665,0,benign,193
com.dengta120.app.hearingtestproject,malware,1,0.0033712266013026237,0,benign,81
gtpay.gtronicspay.com,benign,0,0.003208704525604844,0,benign,11
edu.synthetic.androzoo.malware.spyware_surveillance.0785,malware,1,0.9987059831619263,1,malware,143
jp.co.hotelnewgrand.app.newgrandclub,benign,0,0.0026706235948950052,0,benign,13
edu.synthetic.androzoo.malware.spyware_surveillance.0009,malware,1,0.966202974319458,1,malware,144
com.AresGames.SwordSorceryAC,benign,0,0.00680786045268178,0,benign,15
edu.synthetic.androzoo.benign.utility_background.0065,benign,0,0.002331328811123967,0,benign,36
com.minikara.crossword.android,benign,0,0.0014398078201338649,0,benign,280
edu.synthetic.androzoo.malware.sms_otp_stealer.1771,malware,1,0.9964590668678284,1,malware,53
edu.synthetic.androzoo.malware.overlay_pin_stealer.0167,malware,1,0.9993395209312439,1,malware,68
com.appliedballisticsllc.appliedballistics,benign,0,0.008291908539831638,0,benign,78
com.mindalcove.mental.health.app,benign,0,0.5359682440757751,1,malware,34
edu.synthetic.androzoo.benign.utility_background.0213,benign,0,0.0009239757200703025,0,benign,137
com.xiachufang,malware,1,0.002541379537433386,0,benign,21
edu.synthetic.androzoo.benign.maps_cloud.0006,benign,0,0.00104995456058532,0,benign,92
com.tikalk.worktracker,benign,0,0.028171995654702187,0,benign,44
com.hypercasual.gp.DotConnectp2e,benign,0,0.0016877820016816258,0,benign,112
au.gov.nsw.service,benign,0,0.35216090083122253,0,benign,23
edu.synthetic.androzoo.malware.dropper_loader.1036,malware,1,0.9791447520256042,1,malware,96
conversor.conversaotaxasbasico.eurttd,benign,0,0.001017221831716597,0,benign,141
edu.synthetic.androzoo.malware.banker_accessibility.1212,malware,1,0.9993035793304443,1,malware,96
com.elderribador,benign,0,0.0012509283842518926,0,benign,74
edu.synthetic.androzoo.benign.commerce_social.0073,benign,0,0.0009871748043224216,0,benign,166
edu.synthetic.androzoo.malware.ransomware_locker.1309,malware,1,0.23692011833190918,0,benign,37
com.oslonokkel,benign,0,0.0008223173790611327,0,benign,139
edu.synthetic.androzoo.malware.wallet_stealer.1114,malware,1,0.9971014857292175,1,malware,53
com.shivakushwaha.class10thsciencenotes,benign,0,0.0013973255408927798,0,benign,15
br.com.dod.msx2cas,benign,0,0.39448365569114685,0,benign,27
edu.synthetic.androzoo.malware.wallet_stealer.1045,malware,1,0.9983028173446655,1,malware,35
edu.synthetic.androzoo.malware.overlay_pin_stealer.0559,malware,1,0.999150276184082,1,malware,57
com.sixfootthreefoot.elevensup,benign,0,0.0014083198038861156,0,benign,92
com.cwgame.app.mahjong,benign,0,0.0009041051380336285,0,benign,121
edu.synthetic.androzoo.malware.overlay_pin_stealer.0229,malware,1,0.999146580696106,1,malware,39
com.m360.android.elsiesante,benign,0,0.0014726612716913223,0,benign,182
com.appmocion.club_gourmet,benign,0,0.0011743444483727217,0,benign,115
edu.synthetic.androzoo.malware.spyware_surveillance.0636,malware,1,0.9952163696289062,1,malware,47
com.subsplashconsulting.s_V97894,benign,0,0.0021514815744012594,0,benign,122
edu.synthetic.androzoo.malware.banker_accessibility.1997,malware,1,0.999275267124176,1,malware,113
org.smap.smapTask.android,benign,0,0.0016373252728953958,0,benign,98
com.wrx.wazirx,benign,0,0.0017344572115689516,0,benign,230
com.tangiappsit.shiva.herorescue,benign,0,0.0007889346452429891,0,benign,13
com.pupilleader.android.apps.stfrancis,benign,0,0.0012654491001740098,0,benign,96
mkisly.american.checkers,benign,0,0.013840713538229465,0,benign,30
edu.synthetic.androzoo.malware.sms_otp_stealer.1451,malware,1,0.9990921020507812,1,malware,74
edu.synthetic.androzoo.malware.adware_clicker.1892,malware,1,0.12882257997989655,0,benign,47
edu.synthetic.androzoo.malware.banker_accessibility.0871,malware,1,0.9989909529685974,1,malware,120
edu.synthetic.androzoo.malware.adware_clicker.0727,malware,1,0.9991075396537781,1,malware,60
co.ninetynine.android,benign,0,0.001563101657666266,0,benign,173
at.falstaff.gourmet,benign,0,0.0020628839265555143,0,benign,165
guangzhou.com.cn,malware,1,0.002780576003715396,0,benign,26
edu.synthetic.androzoo.malware.banker_accessibility.0697,malware,1,0.9989877343177795,1,malware,60
edu.synthetic.androzoo.malware.dropper_loader.1600,malware,1,0.9964872598648071,1,malware,60
com.bulkypix.calimero,malware,1,0.015098828822374344,0,benign,79
edu.synthetic.androzoo.malware.dropper_loader.1380,malware,1,0.694726824760437,1,malware,243
edu.synthetic.androzoo.malware.spyware_surveillance.1395,malware,1,0.993465006351471,1,malware,188
edu.synthetic.androzoo.malware.ransomware_locker.1986,malware,1,0.9926517605781555,1,malware,65
com.jsdx.hsdj,malware,1,0.0010290791979059577,0,benign,36
edu.synthetic.androzoo.malware.dropper_loader.1805,malware,1,0.9986624717712402,1,malware,83
com.canadiantire.noma,benign,0,0.0009392155916430056,0,benign,145
edu.synthetic.androzoo.malware.ransomware_locker.1836,malware,1,0.9912202954292297,1,malware,52
com.moseiki.moseiki,benign,0,0.011719693429768085,0,benign,22
com.publicmediaapps.brpsw,benign,0,0.001184697961434722,0,benign,195
cn.duome.winnerc,malware,1,0.03099118545651436,0,benign,80
edu.synthetic.androzoo.malware.ransomware_locker.0384,malware,1,0.2772718667984009,0,benign,83
com.subsplashconsulting.s_H9CPMS,benign,0,0.0019273958168923855,0,benign,144
com.trainerize.dynamicfitnesshtx,benign,0,0.002605399815365672,0,benign,31
edu.synthetic.androzoo.malware.banker_accessibility.0775,malware,1,0.9983855485916138,1,malware,128
edu.synthetic.androzoo.malware.dropper_loader.0123,malware,1,0.9313278794288635,1,malware,213
com.selogerplus.android,benign,0,0.0009254806209355593,0,benign,141
edu.synthetic.androzoo.malware.banker_accessibility.1159,malware,1,0.9251631498336792,1,malware,120
com.hospital.games.happy.doctor,benign,0,0.0015842921566218138,0,benign,99
com.lei.kongzhan,malware,1,0.9969923496246338,1,malware,58
edu.synthetic.androzoo.malware.ransomware_locker.0330,malware,1,0.9923656582832336,1,malware,71
io.ionic.idcp,benign,0,0.0033091700170189142,0,benign,55
kr.co.smartskin.sseoqkr7,benign,0,0.3266338109970093,0,benign,68
com.emcan.emarat,benign,0,0.0011816431069746614,0,benign,228
edu.synthetic.androzoo.malware.overlay_pin_stealer.1667,malware,1,0.9987857937812805,1,malware,192
com.snappyappz.c_calc,benign,0,0.117094486951828,0,benign,172
edu.synthetic.androzoo.malware.sms_otp_stealer.1205,malware,1,0.994675874710083,1,malware,44
edu.synthetic.androzoo.malware.dropper_loader.0564,malware,1,0.008210644125938416,0,benign,213
com.communi.fegmuehlacker,benign,0,0.0013429282698780298,0,benign,104
edu.synthetic.androzoo.benign.media_game.0173,benign,0,0.0011471600737422705,0,benign,171
com.ximi.weightrecord,malware,1,0.0009992950363084674,0,benign,11
edu.synthetic.androzoo.malware.wallet_stealer.0097,malware,1,0.9991350769996643,1,malware,158
edu.synthetic.androzoo.benign.utility_background.0210,benign,0,0.0010122142266482115,0,benign,182
com.llj.qq,malware,1,0.9993267059326172,1,malware,85
edu.synthetic.androzoo.malware.wallet_stealer.1957,malware,1,0.9992926120758057,1,malware,68
edu.synthetic.androzoo.malware.spyware_surveillance.0538,malware,1,0.9981131553649902,1,malware,88
edu.synthetic.androzoo.malware.spyware_surveillance.0622,malware,1,0.998873770236969,1,malware,85
edu.synthetic.androzoo.malware.banker_accessibility.1850,malware,1,0.9892014265060425,1,malware,241
mn.ard.android,benign,0,0.04452124238014221,0,benign,34
edu.synthetic.androzoo.malware.banker_accessibility.1147,malware,1,0.9979592561721802,1,malware,128
edu.synthetic.androzoo.malware.banker_accessibility.0599,malware,1,0.9937258362770081,1,malware,242
edu.synthetic.androzoo.malware.overlay_pin_stealer.0244,malware,1,0.9993300437927246,1,malware,135
fi.digilehdet,benign,0,0.18101680278778076,0,benign,113
vn.cimbbank.octo,benign,0,0.009594080038368702,0,benign,35
com.aplikasisiasat.id,benign,0,0.005854735616594553,0,benign,32
edu.synthetic.androzoo.malware.overlay_pin_stealer.0391,malware,1,0.9993952512741089,1,malware,90
com.appabc.paopaolong,malware,1,0.9986525177955627,1,malware,61
edu.synthetic.androzoo.malware.overlay_pin_stealer.1152,malware,1,0.9992731213569641,1,malware,103
com.nrpriore.TT2RaidOptimizer,benign,0,0.0019060123013332486,0,benign,11
com.homeMenu,malware,1,0.9528898000717163,1,malware,19
edu.synthetic.androzoo.malware.banker_accessibility.0597,malware,1,0.997001588344574,1,malware,106
com.zmlearn.lancher,malware,1,0.0017271192045882344,0,benign,82
edu.synthetic.androzoo.malware.wallet_stealer.1447,malware,1,0.9991127848625183,1,malware,113
com.e.fratebookingapp,benign,0,0.0012813867069780827,0,benign,99
edu.synthetic.androzoo.malware.spyware_surveillance.1279,malware,1,0.9991915822029114,1,malware,140
com.fitatu.tracker,benign,0,0.013128201477229595,0,benign,20
com.orange.pop,benign,0,0.0010146057466045022,0,benign,132
edu.synthetic.androzoo.malware.dropper_loader.0760,malware,1,0.6244907379150391,1,malware,186
com.beloris,benign,0,0.0010201421100646257,0,benign,223
com.resetfitness.tribe,benign,0,0.21250082552433014,0,benign,28
edu.synthetic.androzoo.malware.spyware_surveillance.1241,malware,1,0.9982422590255737,1,malware,126
edu.synthetic.androzoo.malware.banker_accessibility.0264,malware,1,0.9774282574653625,1,malware,220
com.eventodivertido.eventodivertido,benign,0,0.0017781214555725455,0,benign,53
com.ingin.games.hangryplant,benign,0,0.043217048048973083,0,benign,15
com.ios.callscreen.icalldialer,benign,0,0.0010954614263027906,0,benign,128
edu.synthetic.androzoo.malware.overlay_pin_stealer.1934,malware,1,0.999285876750946,1,malware,120
io.shiftee.app,benign,0,0.9988275170326233,1,malware,46
edu.synthetic.androzoo.malware.ransomware_locker.2064,malware,1,0.9827437400817871,1,malware,103
edu.synthetic.androzoo.benign.utility_background.0097,benign,0,0.000993632129393518,0,benign,175
edu.synthetic.androzoo.malware.wallet_stealer.1583,malware,1,0.9987183809280396,1,malware,142
appinventor.ai_darkvid3r.fiducia,benign,0,0.0008901762194000185,0,benign,106
com.multibrains.taxi.driver.purusocioschilenew,benign,0,0.0843576118350029,0,benign,62
edu.synthetic.androzoo.malware.spyware_surveillance.1630,malware,1,0.9981814622879028,1,malware,143
com.sglabs.mysymptoms,benign,0,0.0015173068968579173,0,benign,33
cz.hipercalc,benign,0,0.0019816907588392496,0,benign,290
edu.synthetic.androzoo.malware.spyware_surveillance.1547,malware,1,0.9727492332458496,1,malware,139
edu.synthetic.androzoo.malware.wallet_stealer.0687,malware,1,0.9964005947113037,1,malware,38
com.creativefungames.crashdummy3d,benign,0,0.0009121538605540991,0,benign,11
com.crescentmoongames.hammerbomb_st,malware,1,0.994270920753479,1,malware,78
com.webedge,benign,0,0.9748414158821106,1,malware,49
edu.synthetic.androzoo.benign.maps_cloud.0165,benign,0,0.001058755093254149,0,benign,74
edu.synthetic.androzoo.malware.spyware_surveillance.0158,malware,1,0.9985398054122925,1,malware,178
tr.edu.ku.newmobile,benign,0,0.0036365396808832884,0,benign,32
jp.andpad.android,benign,0,0.9897700548171997,1,malware,15
com.eZone.app,benign,0,0.17782962322235107,0,benign,68
com.hrs.decibelmobilesolution,malware,1,0.0008512942004017532,0,benign,179
edu.synthetic.androzoo.malware.spyware_surveillance.1575,malware,1,0.999026894569397,1,malware,41
jp.co.umk.umkapp,benign,0,0.0009593675495125353,0,benign,142
edu.synthetic.androzoo.malware.sms_otp_stealer.1162,malware,1,0.9983976483345032,1,malware,41
edu.synthetic.androzoo.benign.maps_cloud.0050,benign,0,0.0010505464160814881,0,benign,155
com.andreyf.muslimprayer,benign,0,0.0015718926442787051,0,benign,176
edu.synthetic.androzoo.malware.wallet_stealer.0832,malware,1,0.9990392923355103,1,malware,105
edu.synthetic.androzoo.malware.dropper_loader.0932,malware,1,0.21111375093460083,0,benign,242
com.theosys.deogracia,benign,0,0.0013040489284321666,0,benign,122
nz.co.solus.Kotui.HawkesBay,benign,0,0.9983373880386353,1,malware,48
edu.synthetic.androzoo.malware.adware_clicker.0251,malware,1,0.29357680678367615,0,benign,187
edu.synthetic.androzoo.malware.wallet_stealer.0758,malware,1,0.9992135763168335,1,malware,146
edu.synthetic.androzoo.malware.overlay_pin_stealer.1391,malware,1,0.9993985891342163,1,malware,110
edu.synthetic.androzoo.malware.dropper_loader.0355,malware,1,0.9990610480308533,1,malware,83
com.carlosv.menulateral,benign,0,0.0009428144549019635,0,benign,177
com.alphabeat.cacitizenship,benign,0,0.0018166960217058659,0,benign,79
edu.synthetic.androzoo.malware.overlay_pin_stealer.0410,malware,1,0.9992870688438416,1,malware,92
edu.synthetic.androzoo.malware.wallet_stealer.0001,malware,1,0.9991724491119385,1,malware,80
com.letsgetdigital.app3790x,benign,0,0.9781372547149658,1,malware,48
com.mventus.selfcare.activity,benign,0,0.03223622962832451,0,benign,20
za.co.pnet.andr,benign,0,0.0013776952400803566,0,benign,163
ru.biletpdd,benign,0,0.001220898819155991,0,benign,206
com.englishbay.App,benign,0,0.06607023626565933,0,benign,14
com.asus.rog.roggamingcenter3,benign,0,0.0025054155848920345,0,benign,52
com.onevision.workspace.workstations,benign,0,0.014754341915249825,0,benign,18
edu.synthetic.androzoo.malware.overlay_pin_stealer.0157,malware,1,0.9994113445281982,1,malware,91
kr.ac.hufs.mobilecampus,benign,0,0.000907954468857497,0,benign,145
dngsoftware.acerfid,benign,0,0.0011647030478343368,0,benign,18
com.radio.tkbonanza,benign,0,0.004424524027854204,0,benign,48
edu.synthetic.androzoo.benign.utility_background.0141,benign,0,0.0009391395724378526,0,benign,202
my.hotel.design,benign,0,0.0009315405040979385,0,benign,133
edu.synthetic.androzoo.benign.commerce_social.0023,benign,0,0.0013962839730083942,0,benign,47
edu.synthetic.androzoo.benign.utility_background.0207,benign,0,0.0012729463633149862,0,benign,85
ru.DmitryLomakin.ReanimationInc.yg,malware,1,0.9921894073486328,1,malware,135
edu.synthetic.androzoo.benign.webview_content.0090,benign,0,0.0016677307430654764,0,benign,125
com.qiyang.yueyu,malware,1,0.0022536080796271563,0,benign,71
edu.synthetic.androzoo.malware.overlay_pin_stealer.1103,malware,1,0.998360812664032,1,malware,50
no.aftenbladet,benign,0,0.4967644512653351,0,benign,43
edu.synthetic.androzoo.malware.spyware_surveillance.0396,malware,1,0.9976796507835388,1,malware,136
com.dengtadoctor.bjyuyue,malware,1,0.0012341993860900402,0,benign,23
edu.synthetic.androzoo.malware.overlay_pin_stealer.0701,malware,1,0.9984910488128662,1,malware,154
com.KrakerStudio.IHeelGood,benign,0,0.0011915790382772684,0,benign,163
com.apptegy.pilotgrove,benign,0,0.001090880250558257,0,benign,139
edu.synthetic.androzoo.malware.banker_accessibility.0463,malware,1,0.9990776777267456,1,malware,132
com.lahitaksi.passengerapp,benign,0,0.0015412464272230864,0,benign,104
edu.synthetic.androzoo.benign.utility_background.0123,benign,0,0.0010033886646851897,0,benign,40
edu.synthetic.androzoo.malware.sms_otp_stealer.0635,malware,1,0.9990235567092896,1,malware,106
edu.synthetic.androzoo.malware.overlay_pin_stealer.0877,malware,1,0.9989263415336609,1,malware,68
com.flickr.android,benign,0,0.001649218495003879,0,benign,28
edu.synthetic.androzoo.malware.banker_accessibility.0120,malware,1,0.9818345904350281,1,malware,179
com.almashines.bimtech,benign,0,0.0022298002149909735,0,benign,114
com.bridgebase.BridgeBase,benign,0,0.2695685029029846,0,benign,121
edu.synthetic.androzoo.benign.webview_content.0217,benign,0,0.0009677443886175752,0,benign,248
com.tpwar,benign,0,0.9948158860206604,1,malware,18
com.sybogames.subway.surfers.game,benign,0,0.0019885690417140722,0,benign,104
edu.synthetic.androzoo.malware.banker_accessibility.0401,malware,1,0.9990788698196411,1,malware,95
com.ejk.Panda.Bubble.Shooter,benign,0,0.00086397206177935,0,benign,83
ru.mts.launcher,benign,0,0.0009656579350121319,0,benign,220
com.sciences.economiques.commerciales,malware,1,0.9660769104957581,1,malware,59
com.theblackbit.animemania.android,benign,0,0.0010878127068281174,0,benign,72
com.playspare.pizzarestaurant,malware,1,0.002181131159886718,0,benign,81
com.jiemo.kana,malware,1,0.0034958089236170053,0,benign,17
edu.synthetic.androzoo.malware.dropper_loader.1788,malware,1,0.006858734879642725,0,benign,86
io.openaccounting.oaApp,benign,0,0.9987990856170654,1,malware,33
edu.synthetic.androzoo.malware.banker_accessibility.0280,malware,1,0.9985849857330322,1,malware,160
edu.synthetic.androzoo.malware.banker_accessibility.0248,malware,1,0.9384771585464478,1,malware,234
edu.synthetic.androzoo.malware.adware_clicker.1432,malware,1,0.03097258135676384,0,benign,141
edu.synthetic.androzoo.malware.ransomware_locker.1963,malware,1,0.9621374607086182,1,malware,145
edu.synthetic.androzoo.malware.spyware_surveillance.0668,malware,1,0.9988654851913452,1,malware,88
edu.synthetic.androzoo.malware.wallet_stealer.1406,malware,1,0.9993127584457397,1,malware,132
com.apptegy.michael,benign,0,0.003949225880205631,0,benign,129
edu.synthetic.androzoo.malware.spyware_surveillance.1072,malware,1,0.9832133054733276,1,malware,170
com.magzter.agridoctor,benign,0,0.0014649698277935386,0,benign,199
com.subsplashconsulting.s_RKDTCB,benign,0,0.004575371276587248,0,benign,160
edu.synthetic.androzoo.malware.banker_accessibility.1827,malware,1,0.9992145299911499,1,malware,85
com.webbergate.chs,benign,0,0.0021239998750388622,0,benign,79
edu.synthetic.androzoo.malware.sms_otp_stealer.0154,malware,1,0.9989546537399292,1,malware,144
edu.synthetic.androzoo.malware.dropper_loader.0440,malware,1,0.031960878521203995,0,benign,189
org.wycliffe.zapotecorinconsur.zsr,benign,0,0.001053926651366055,0,benign,120
com.yizhilu.caidiantong,malware,1,0.02228466421365738,0,benign,42
com.organilog.v4,benign,0,0.9819504022598267,1,malware,35
edu.synthetic.androzoo.malware.banker_accessibility.0605,malware,1,0.99887615442276,1,malware,49
edu.synthetic.androzoo.benign.media_game.0168,benign,0,0.0009657535701990128,0,benign,260
edu.synthetic.androzoo.malware.banker_accessibility.1398,malware,1,0.9982128143310547,1,malware,58
com.gps.gpskids,benign,0,0.12984846532344818,0,benign,47
com.beautiful.wallpaper.backgrounds.interesting,malware,1,0.001115183811634779,0,benign,127
com.jyouhousyoriisya_kakindesu.englishstudy,benign,0,0.24820517003536224,0,benign,159
com.sunavi.caricox,benign,0,0.9989206790924072,1,malware,20
edu.synthetic.androzoo.malware.ransomware_locker.1815,malware,1,0.006097874138504267,0,benign,119
edu.synthetic.androzoo.benign.webview_content.0142,benign,0,0.0019273428479209542,0,benign,65
com.subsplashconsulting.s_VM45B6,benign,0,0.001825594692490995,0,benign,198
fr.acd_groupe.PLURI,benign,0,0.9991807341575623,1,malware,41
com.AnderK.WheelScale.pt,malware,1,0.8979173898696899,1,malware,14
tictactoe.game.imagebutton_group,benign,0,0.9490211606025696,1,malware,27
edu.synthetic.androzoo.malware.banker_accessibility.2072,malware,1,0.9990702271461487,1,malware,67
moneytracker.expensetracker.budgetplanner.spendingtracker,malware,1,0.00169689254835248,0,benign,301
com.fissa.scan,benign,0,0.003811186645179987,0,benign,100
no.faebrik.app,benign,0,0.002712968271225691,0,benign,137
com.marsor.game.frog,malware,1,0.9992696642875671,1,malware,87
com.crossfield.catroom,benign,0,0.0017711457330733538,0,benign,121
com.EvolutionOfGames.EvolutionOfSpecies2,benign,0,0.9933340549468994,1,malware,55
indian.army.photo.suit,benign,0,0.11936335265636444,0,benign,173
edu.synthetic.androzoo.malware.overlay_pin_stealer.1351,malware,1,0.9992653727531433,1,malware,57
cz.etnetera.mobile.rossmann,benign,0,0.0012690984876826406,0,benign,173
edu.synthetic.androzoo.malware.banker_accessibility.0289,malware,1,0.9987539052963257,1,malware,89
com.eni.communication,benign,0,0.0023359148763120174,0,benign,134
edu.synthetic.androzoo.malware.wallet_stealer.0008,malware,1,0.9988992214202881,1,malware,159
com.EdicionesAlborada.PiensaMateALM2AR2023,benign,0,0.04169962555170059,0,benign,41
edu.synthetic.androzoo.malware.spyware_surveillance.2014,malware,1,0.9976633787155151,1,malware,133
com.net2phone.office.android,benign,0,0.9869472980499268,1,malware,41
edu.synthetic.androzoo.malware.spyware_surveillance.1764,malware,1,0.9993151426315308,1,malware,110
com.swapcard.apps.android.irmeet,benign,0,0.0009775441139936447,0,benign,11
bass.booster,malware,1,0.019397718831896782,0,benign,60
edu.synthetic.androzoo.malware.banker_accessibility.0030,malware,1,0.9940714240074158,1,malware,134
com.genie9.intelli,malware,1,0.0010987325804308057,0,benign,95
com.deadwarfare.gungames,malware,1,0.04133810102939606,0,benign,214
com.visma.ruby,benign,0,0.0016339499270543456,0,benign,158
com.rainbow.shreecarpenter,benign,0,0.0017493615159764886,0,benign,88
com.ap.adval,benign,0,0.0026691253297030926,0,benign,296
edu.synthetic.androzoo.benign.webview_content.0025,benign,0,0.0050974017940461636,0,benign,43
edu.synthetic.androzoo.malware.banker_accessibility.2069,malware,1,0.9747278094291687,1,malware,223
com.raysharp.bolidenew,benign,0,0.0021971066016703844,0,benign,111
com.escalationstudios.nuke.st,malware,1,0.011348321102559566,0,benign,112
edu.synthetic.androzoo.malware.dropper_loader.1993,malware,1,0.5387284755706787,1,malware,180
edu.synthetic.androzoo.benign.commerce_social.0198,benign,0,0.0009777001105248928,0,benign,142
com.artbookmagazine.lisa,benign,0,0.008650791831314564,0,benign,96
edu.synthetic.androzoo.benign.maps_cloud.0133,benign,0,0.0016649399185553193,0,benign,46
com.ultra.gfx.tool.pro,malware,1,0.00483791995793581,0,benign,27
com.heyholi.holi,benign,0,0.08704894036054611,0,benign,19
edu.synthetic.androzoo.malware.spyware_surveillance.0499,malware,1,0.9988619089126587,1,malware,97
com.bnesim.android,benign,0,0.0027043598238378763,0,benign,13
com.shoujiduoduo.dj,malware,1,0.003353975946083665,0,benign,83
com.subsplashconsulting.s_V8XQ24,benign,0,0.0014470608439296484,0,benign,177
se.appcorn.Blocket,benign,0,0.0011940053664147854,0,benign,151
jp.fourm.ragdollbowling,benign,0,0.0011431375751271844,0,benign,96
com.posteitaliane.spim,benign,0,0.0024131853133440018,0,benign,193
cc.ldsd.yxt,malware,1,0.001743857515975833,0,benign,70
edu.synthetic.androzoo.malware.banker_accessibility.1202,malware,1,0.999147891998291,1,malware,162
jp.co.jreast.jrepoint,benign,0,0.15381473302841187,0,benign,90
com.aospstudio.quicksearch,benign,0,0.0009025756153278053,0,benign,122
com.puzzle1studio.go.wordsearchinspiration,benign,0,0.0012052302481606603,0,benign,146
jbl.stc.com,benign,0,0.0013929582200944424,0,benign,76
com.nirmitaentertainment.golfshotopeninfinitecourse,benign,0,0.0009584114886820316,0,benign,110
edu.synthetic.androzoo.malware.wallet_stealer.0204,malware,1,0.9991132616996765,1,malware,167
jp.pya.tenten.app.minuterogue,benign,0,0.0011917231604456902,0,benign,13
edu.synthetic.androzoo.malware.ransomware_locker.1468,malware,1,0.00356714497320354,0,benign,38
edu.synthetic.androzoo.malware.dropper_loader.2038,malware,1,0.8397224545478821,1,malware,183
com.yamaha.av.musiccastcontroller,benign,0,0.001784483902156353,0,benign,20
edu.synthetic.androzoo.malware.banker_accessibility.1400,malware,1,0.9992029070854187,1,malware,130
com.intermaps.iskituerkiye,benign,0,0.0012094042031094432,0,benign,155
edu.synthetic.androzoo.malware.ransomware_locker.1680,malware,1,0.016851525753736496,0,benign,86
com.anchornode.rabbitcafe,benign,0,0.0015622802311554551,0,benign,116
eka.care.doctor,benign,0,0.0012691504089161754,0,benign,95
notes.notebook.todolist.notepad.checklist,benign,0,0.00130223308224231,0,benign,225
edu.synthetic.androzoo.malware.ransomware_locker.0388,malware,1,0.973559558391571,1,malware,187
com.alight.motion.preset,malware,1,0.9951378703117371,1,malware,27
cn.wsds.gamemaster,malware,1,0.006975417956709862,0,benign,27
com.examgoal.android.app,benign,0,0.0009233526070602238,0,benign,105
com.destroyingdust.horrorasylum,malware,1,0.5097649693489075,1,malware,45
com.ionicframework.ionicapp410897,benign,0,0.0012813946232199669,0,benign,146
com.eduven.cc.italian,benign,0,0.0010631983168423176,0,benign,170
melstudio.mpilates,benign,0,0.0019845368806272745,0,benign,124
edu.synthetic.androzoo.malware.spyware_surveillance.0995,malware,1,0.9981770515441895,1,malware,93
edu.synthetic.androzoo.malware.sms_otp_stealer.1565,malware,1,0.9916768074035645,1,malware,53
jp.Ruta56.SlantGauge,benign,0,0.9965662360191345,1,malware,113
edu.synthetic.androzoo.malware.spyware_surveillance.1968,malware,1,0.9974446296691895,1,malware,143
gm.passion.app,benign,0,0.0009036322589963675,0,benign,10
com.mtd.ccis,benign,0,0.9918688535690308,1,malware,41
my.com.maxis.hotlink.production,benign,0,0.0017786462558433414,0,benign,171
edu.synthetic.androzoo.malware.wallet_stealer.0187,malware,1,0.9989311099052429,1,malware,137
edu.synthetic.androzoo.malware.wallet_stealer.0017,malware,1,0.9993333220481873,1,malware,85
edu.synthetic.androzoo.malware.dropper_loader.1494,malware,1,0.9987878203392029,1,malware,80
edu.synthetic.androzoo.malware.banker_accessibility.0031,malware,1,0.9990991353988647,1,malware,53
com.vs.mena,benign,0,0.004132069647312164,0,benign,75
com.igindis.asiaempire2027,benign,0,0.023461129516363144,0,benign,15
edu.synthetic.androzoo.malware.ransomware_locker.1193,malware,1,0.0030886363238096237,0,benign,177
edu.synthetic.androzoo.malware.wallet_stealer.0247,malware,1,0.999202311038971,1,malware,96
com.genesys.purecloud.collaborate,benign,0,0.0024323295801877975,0,benign,30
com.psma.videosplitter,benign,0,0.003618556773290038,0,benign,110
edu.synthetic.androzoo.malware.spyware_surveillance.0729,malware,1,0.9973909854888916,1,malware,145
net.playtouch.myponymlr,benign,0,0.002281544730067253,0,benign,301
com.mitsu.ColorNo33_autumn,benign,0,0.0011433684267103672,0,benign,24
ott.buildandburn,benign,0,0.012004969641566277,0,benign,102
edu.synthetic.androzoo.malware.dropper_loader.0448,malware,1,0.9982033967971802,1,malware,60
com.dayoneapp.dayone,benign,0,0.11318373680114746,0,benign,132
com.nbs.StudentStore,benign,0,0.0017784718656912446,0,benign,104
com.epay.wallet.epmm,benign,0,0.0008823363459669054,0,benign,11
edu.synthetic.androzoo.malware.adware_clicker.0142,malware,1,0.6507537961006165,1,malware,27
schoolgirl.supervisor.saori.sato.multiplayer,malware,1,0.00763117428869009,0,benign,161
com.globalgarner,benign,0,0.00678532849997282,0,benign,77
com.acesoft.ninjajump,benign,0,0.061471909284591675,0,benign,76
health.step.walk,malware,1,0.00104653334710747,0,benign,222
edu.synthetic.androzoo.malware.ransomware_locker.0416,malware,1,0.007842383347451687,0,benign,135
com.anbe.app,benign,0,0.0018177666934207082,0,benign,45
com.zhkj.lawquerysystem,malware,1,0.06930975615978241,0,benign,91
com.biemore.android.kidsFireman,malware,1,0.9959730505943298,1,malware,29
com.julyz.babyenglish,malware,1,0.27992281317710876,0,benign,40
edu.synthetic.androzoo.malware.adware_clicker.0170,malware,1,0.008248250931501389,0,benign,175
edu.synthetic.androzoo.malware.wallet_stealer.0915,malware,1,0.9985756874084473,1,malware,121
ru.tutu.etrains,benign,0,0.0014889842132106423,0,benign,225
com.lyricfluent.app,benign,0,0.0010249848710373044,0,benign,48
edu.synthetic.androzoo.malware.overlay_pin_stealer.1004,malware,1,0.9991132616996765,1,malware,45
edu.synthetic.androzoo.benign.webview_content.0048,benign,0,0.3874651789665222,0,benign,39
com.soundmedicalweightloss.bodysite,benign,0,0.03674786165356636,0,benign,61
edu.synthetic.androzoo.malware.spyware_surveillance.0848,malware,1,0.9982712268829346,1,malware,160
edu.synthetic.androzoo.malware.overlay_pin_stealer.0258,malware,1,0.9979526996612549,1,malware,191
com.yindan.jiazhengmerchant,malware,1,0.0012380483094602823,0,benign,16
uk.co.gonortheast.android,benign,0,0.0015262368833646178,0,benign,113
com.alexiaclark.com,malware,1,0.8890700340270996,1,malware,18
net.passone.itbankcyber,benign,0,0.0015193290309980512,0,benign,99
com.loginext.fieldforce,benign,0,0.0009325732826255262,0,benign,105
edu.synthetic.androzoo.malware.banker_accessibility.1070,malware,1,0.9987078905105591,1,malware,69
edu.synthetic.androzoo.malware.ransomware_locker.1008,malware,1,0.8310496211051941,1,malware,167
jp.co.nomura.onestock,benign,0,0.0011043798876926303,0,benign,150
water.sort.puzzle.color.sort.games,benign,0,0.0009666584082879126,0,benign,114
com.tallurigames.nurserykids,benign,0,0.0012326157884672284,0,benign,12
com.surviva.grand,malware,1,0.0024364220444113016,0,benign,194
com.moyun365.android.gkhistorytong,malware,1,0.9582313299179077,1,malware,47
com.bbumgames.opa,benign,0,0.5235034823417664,1,malware,23
com.bravolang.dutch,malware,1,0.0020331870764493942,0,benign,159
edu.synthetic.androzoo.malware.ransomware_locker.0166,malware,1,0.013014094904065132,0,benign,125
edu.synthetic.androzoo.malware.banker_accessibility.0791,malware,1,0.9990429282188416,1,malware,176
com.equipmentgroup.AlignerSX1,benign,0,0.004275040701031685,0,benign,16
edu.synthetic.androzoo.malware.adware_clicker.0722,malware,1,0.7620779871940613,1,malware,26
edu.synthetic.androzoo.benign.utility_background.0137,benign,0,0.0011463129194453359,0,benign,94
com.breo.luson.breo,malware,1,0.043429527431726456,0,benign,118
edu.synthetic.androzoo.malware.banker_accessibility.1945,malware,1,0.6699386835098267,1,malware,113
edu.synthetic.androzoo.malware.ransomware_locker.0707,malware,1,0.031109081581234932,0,benign,35
com.bhmginc.id2997,benign,0,0.0018235832685604692,0,benign,164
abs.homeworkout.fit.packs.healthy,benign,0,0.0010815709829330444,0,benign,103
edu.synthetic.androzoo.malware.overlay_pin_stealer.1804,malware,1,0.9986276626586914,1,malware,53
edu.synthetic.androzoo.malware.sms_otp_stealer.1182,malware,1,0.9966891407966614,1,malware,45
ru.waptaxi.taksolet,benign,0,0.9913008809089661,1,malware,51
live.moreshort.app,benign,0,0.9817948937416077,1,malware,35
edu.synthetic.androzoo.malware.dropper_loader.0480,malware,1,0.9993540644645691,1,malware,48
edu.synthetic.androzoo.malware.spyware_surveillance.1848,malware,1,0.9990965127944946,1,malware,89
games.grouper.checkmatewildwest,benign,0,0.0009842864237725735,0,benign,90
com.iproyal.android,malware,1,0.0010556791676208377,0,benign,113
com.android.kmax.noisecheck,malware,1,0.9991821646690369,1,malware,42
com.moimob.drinkable,benign,0,0.9993560910224915,1,malware,28
edu.synthetic.androzoo.malware.overlay_pin_stealer.1196,malware,1,0.9992082715034485,1,malware,133
edu.synthetic.androzoo.malware.ransomware_locker.1631,malware,1,0.19370748102664948,0,benign,121
edu.synthetic.androzoo.malware.spyware_surveillance.0283,malware,1,0.9986024498939514,1,malware,96
edu.synthetic.androzoo.malware.spyware_surveillance.0649,malware,1,0.9745171070098877,1,malware,48
it.froggymedia.sportmediaset,benign,0,0.0013805900234729052,0,benign,195
com.MaenghoFactory.HyperPeepers,benign,0,0.0016587006393820047,0,benign,88
edu.synthetic.androzoo.malware.banker_accessibility.1544,malware,1,0.9991322159767151,1,malware,52
com.songkick,benign,0,0.5245744585990906,1,malware,66
edu.synthetic.androzoo.benign.media_game.0190,benign,0,0.8154057860374451,1,malware,31
com.skoda.skoda_inspection_android_app,benign,0,0.001008296967484057,0,benign,44
cn.w3cschool.android.python,malware,1,0.9932679533958435,1,malware,72
com.tengniu.p2p.tnp2p,malware,1,0.9987552165985107,1,malware,174
edu.synthetic.androzoo.malware.overlay_pin_stealer.0033,malware,1,0.9991505146026611,1,malware,38
edu.synthetic.androzoo.malware.banker_accessibility.0318,malware,1,0.9991335272789001,1,malware,46
com.android.angel.babyanimal,malware,1,0.9984279870986938,1,malware,116
edu.synthetic.androzoo.malware.banker_accessibility.0905,malware,1,0.9992320537567139,1,malware,83
com.chris.hyperrace,malware,1,0.9605488777160645,1,malware,240
cc.ottclub.android,benign,0,0.0019895865116268396,0,benign,135
com.cellsavers.savers,benign,0,0.001242313883267343,0,benign,156
edu.synthetic.androzoo.malware.spyware_surveillance.1073,malware,1,0.9936267137527466,1,malware,39
edu.synthetic.androzoo.malware.ransomware_locker.0782,malware,1,0.008370460942387581,0,benign,117
edu.synthetic.androzoo.malware.banker_accessibility.0282,malware,1,0.9989602565765381,1,malware,225
edu.synthetic.androzoo.malware.dropper_loader.0947,malware,1,0.8296338319778442,1,malware,193
edu.synthetic.androzoo.malware.banker_accessibility.2002,malware,1,0.9966046810150146,1,malware,211
usa.radio.hishop,benign,0,0.0036840722896158695,0,benign,99
com.aiyu.kaipanla,malware,1,0.0018262204248458147,0,benign,15
cn.smm.en,benign,0,0.0008369906572625041,0,benign,111
edu.synthetic.androzoo.malware.banker_accessibility.0400,malware,1,0.9989036321640015,1,malware,172
com.YovoGames.tailor,benign,0,0.0012078569270670414,0,benign,149
edu.synthetic.androzoo.malware.spyware_surveillance.1683,malware,1,0.9954407215118408,1,malware,53
com.pirate.plunder,benign,0,0.998197615146637,1,malware,22
com.iz.timpy.ice.cream.cone.bar.maker.shop.truck.game,benign,0,0.0015764972195029259,0,benign,113
com.bayt,benign,0,0.003992754500359297,0,benign,72
com.xtrend.app,benign,0,0.962561309337616,1,malware,99
com.tocoding.neutral,benign,0,0.001539355143904686,0,benign,11
cn.fitdays.fitdays,benign,0,0.00313516054302454,0,benign,210
com.cat.kitten.wallpapers,benign,0,0.004435792565345764,0,benign,201
academy.gocrypto.trading,benign,0,0.0009400070994161069,0,benign,69
io.pushpay.hcnazarene,benign,0,0.0017057588556781411,0,benign,202
edu.synthetic.androzoo.malware.spyware_surveillance.0276,malware,1,0.9990680813789368,1,malware,96
com.okioki.ws,benign,0,0.0015570668037980795,0,benign,11
edu.synthetic.androzoo.malware.ransomware_locker.1803,malware,1,0.0064374408684670925,0,benign,168
edu.synthetic.androzoo.benign.webview_content.0201,benign,0,0.0015564567875117064,0,benign,83
edu.synthetic.androzoo.malware.sms_otp_stealer.0256,malware,1,0.9976420998573303,1,malware,71
edu.synthetic.androzoo.malware.overlay_pin_stealer.0929,malware,1,0.9993897676467896,1,malware,56
edu.synthetic.androzoo.malware.ransomware_locker.0521,malware,1,0.9988798499107361,1,malware,28
sk.antik.antikgo,benign,0,0.0011003405088558793,0,benign,121
edu.synthetic.androzoo.benign.utility_background.0184,benign,0,0.0009663582895882428,0,benign,143
edu.synthetic.androzoo.malware.overlay_pin_stealer.1925,malware,1,0.9988866448402405,1,malware,75
com.appical.io,benign,0,0.001152223558165133,0,benign,109
com.pip.yxppp.yyh,malware,1,0.9981383085250854,1,malware,55
edu.synthetic.androzoo.benign.webview_content.0144,benign,0,0.004176171496510506,0,benign,84
edu.synthetic.androzoo.malware.spyware_surveillance.1649,malware,1,0.9785590171813965,1,malware,48
edu.synthetic.androzoo.malware.ransomware_locker.1225,malware,1,0.0019421487813815475,0,benign,186
edu.synthetic.androzoo.benign.commerce_social.0074,benign,0,0.001526686712168157,0,benign,79
com.sinyee.babybus.wobunanguo,malware,1,0.10067784041166306,0,benign,64
edu.synthetic.androzoo.benign.maps_cloud.0002,benign,0,0.0030005762819200754,0,benign,49
com.abiitur.gridlayout,benign,0,0.0013964077224954963,0,benign,34
com.color.busfrenzy,benign,0,0.0010774640832096338,0,benign,122
zahleb.me,benign,0,0.001030294573865831,0,benign,170
com.boomradio.player,benign,0,0.0016137196216732264,0,benign,152
edu.synthetic.androzoo.benign.commerce_social.0232,benign,0,0.0010092906886711717,0,benign,161
edu.synthetic.androzoo.malware.ransomware_locker.0469,malware,1,0.9830869436264038,1,malware,179
pro.bacca.uralairlines,benign,0,0.0018237358890473843,0,benign,55
edu.synthetic.androzoo.malware.dropper_loader.1099,malware,1,0.9557235240936279,1,malware,136
edu.synthetic.androzoo.malware.ransomware_locker.1149,malware,1,0.011057284660637379,0,benign,100
app.upvpn.upvpn,benign,0,0.957295835018158,1,malware,12
edu.synthetic.androzoo.malware.banker_accessibility.1403,malware,1,0.9987735152244568,1,malware,222
edu.synthetic.androzoo.malware.spyware_surveillance.1110,malware,1,0.9987389445304871,1,malware,93
com.gemdale.client,malware,1,0.0008849405567161739,0,benign,24
com.collect.letterlinkgame,malware,1,0.7381489276885986,1,malware,65
edu.synthetic.androzoo.malware.wallet_stealer.0064,malware,1,0.9990143775939941,1,malware,108
edu.synthetic.androzoo.malware.adware_clicker.0710,malware,1,0.3908075988292694,0,benign,49
org.olympic.app.mobile,benign,0,0.001015280606225133,0,benign,139
com.cradlepoint.verify,benign,0,0.004004524555057287,0,benign,71
app.seniorsafety,malware,1,0.001009409548714757,0,benign,93
com.memopad.for_.writing.babylon,benign,0,0.0011687902733683586,0,benign,156
edu.synthetic.androzoo.malware.dropper_loader.1976,malware,1,0.013899861834943295,0,benign,166
com.elephantgames.parfilthetall,benign,0,0.9940061569213867,1,malware,15
cz.prumsys.s7plchmi,benign,0,0.004073860123753548,0,benign,10
edu.synthetic.androzoo.malware.banker_accessibility.0602,malware,1,0.5278038382530212,1,malware,233
edu.synthetic.androzoo.malware.spyware_surveillance.0967,malware,1,0.9935731291770935,1,malware,122
com.mobiweb.bizcloud,benign,0,0.011505794711411,0,benign,17
edu.synthetic.androzoo.malware.dropper_loader.0595,malware,1,0.9960219264030457,1,malware,35
edu.synthetic.androzoo.malware.sms_otp_stealer.0980,malware,1,0.9986273050308228,1,malware,73
com.subsplash.thechurchapp.skyline,benign,0,0.0029904935508966446,0,benign,147
edu.synthetic.androzoo.malware.banker_accessibility.0148,malware,1,0.9913683533668518,1,malware,187
com.ripstone.flyhunter,malware,1,0.9974053502082825,1,malware,24
com.grmrk.dressupgames,malware,1,0.0016269237967208028,0,benign,115
edu.synthetic.androzoo.malware.spyware_surveillance.1801,malware,1,0.9986820816993713,1,malware,83
com.Eclipse.Neuphoria,benign,0,0.0013776650885120034,0,benign,129
albyrakNew.cvit,benign,0,0.0011841210070997477,0,benign,35
edu.synthetic.androzoo.malware.adware_clicker.0678,malware,1,0.9979941844940186,1,malware,52
com.mobincube.estudios_biblicos_mujeres.sc_H2AC4E,malware,1,0.028893494978547096,0,benign,132
es.tpc.matchpoint.appclient.globopadelclub,benign,0,0.0011470235185697675,0,benign,80
com.ddsafricaltd.fieldmetrics,benign,0,0.000897980818990618,0,benign,149
edu.synthetic.androzoo.malware.ransomware_locker.0319,malware,1,0.06494897603988647,0,benign,120
edu.synthetic.androzoo.benign.webview_content.0219,benign,0,0.0013004692737013102,0,benign,210
edu.synthetic.androzoo.malware.banker_accessibility.1510,malware,1,0.8164653778076172,1,malware,240
com.tianxiang.skputonghua,malware,1,0.0032583014108240604,0,benign,17
edu.synthetic.androzoo.malware.ransomware_locker.1248,malware,1,0.9804136157035828,1,malware,64
com.evgeniusdev.fallingblocks,benign,0,0.016482330858707428,0,benign,49
edu.synthetic.androzoo.malware.wallet_stealer.0784,malware,1,0.9989187717437744,1,malware,114
com.math.hydraulique.dz.univ,malware,1,0.1125931665301323,0,benign,63
com.cloudn.orientallounge,benign,0,0.004532483406364918,0,benign,24
edu.synthetic.androzoo.malware.wallet_stealer.1338,malware,1,0.9991326928138733,1,malware,34
edu.synthetic.androzoo.malware.overlay_pin_stealer.1337,malware,1,0.9990917444229126,1,malware,44
edu.synthetic.androzoo.benign.utility_background.0106,benign,0,0.012791969813406467,0,benign,67
edu.synthetic.androzoo.malware.dropper_loader.0918,malware,1,0.9984171390533447,1,malware,171
edu.synthetic.androzoo.malware.overlay_pin_stealer.0613,malware,1,0.9984460473060608,1,malware,72
diy.soap.recipes,malware,1,0.9968101382255554,1,malware,34
edu.qau.queenarwauniversity.yemen,benign,0,0.002873434918001294,0,benign,73
com.exxonmobil.esso.hk,benign,0,0.0037060342729091644,0,benign,160
com.fukuhara.toyo.app,benign,0,0.9300506711006165,1,malware,28
com.overlay.pokeratlasmobile,benign,0,0.0012521876487880945,0,benign,111
com.peyman.dateconvert,malware,1,0.0008764696540310979,0,benign,146
edu.synthetic.androzoo.malware.sms_otp_stealer.1602,malware,1,0.999121367931366,1,malware,87
edu.synthetic.androzoo.malware.overlay_pin_stealer.1725,malware,1,0.9993102550506592,1,malware,112
edu.synthetic.androzoo.malware.dropper_loader.0684,malware,1,0.9823269844055176,1,malware,65
orangekik.app,benign,0,0.0013606389984488487,0,benign,134
edu.synthetic.androzoo.malware.sms_otp_stealer.0742,malware,1,0.9993841648101807,1,malware,113
edu.synthetic.androzoo.malware.banker_accessibility.1598,malware,1,0.9973275661468506,1,malware,41
com.easeinc.beacon,benign,0,0.9987161159515381,1,malware,38
appinventor.ai_kayipkayik.Maps,malware,1,0.007993686944246292,0,benign,44
sk.bouli.lc,benign,0,0.9828237295150757,1,malware,39
com.programmisty.emiasapp,benign,0,0.007462278474122286,0,benign,133
edu.synthetic.androzoo.malware.spyware_surveillance.0531,malware,1,0.9866002202033997,1,malware,107
com.finch.finch,benign,0,0.35072916746139526,0,benign,28
com.tap_to_translate.snap_translate,malware,1,0.0009847489418461919,0,benign,144
com.appsmart.delivery.pizzeriacaravellaa5272,benign,0,0.00983270164579153,0,benign,132
edu.synthetic.androzoo.malware.sms_otp_stealer.1317,malware,1,0.9982183575630188,1,malware,149
edu.synthetic.androzoo.malware.overlay_pin_stealer.0352,malware,1,0.999355137348175,1,malware,41
com.flixeron.my_passkeeper,benign,0,0.0011201916495338082,0,benign,92
com.airkast.tunekast1825_165,benign,0,0.0012878794223070145,0,benign,102
com.keane1212.maskefelleren,benign,0,0.06689140200614929,0,benign,16
dk.klaravik.app,benign,0,0.9831539988517761,1,malware,26
com.appsmart.delivery.bacchusrestt3982,benign,0,0.0014680679887533188,0,benign,174
edu.synthetic.androzoo.malware.banker_accessibility.0771,malware,1,0.9861454963684082,1,malware,162
edu.synthetic.androzoo.malware.overlay_pin_stealer.1512,malware,1,0.9990081191062927,1,malware,65
com.chunyuqiufeng.gaozhongapp,malware,1,0.05099348723888397,0,benign,126
com.grunkr.gravitylockscreen,malware,1,0.002510241698473692,0,benign,15
com.newindiadevs.weedseed,benign,0,0.0037330857012420893,0,benign,16
edu.synthetic.androzoo.malware.banker_accessibility.1644,malware,1,0.9984316229820251,1,malware,199
com.holucent.grammarde,benign,0,0.0016594532644376159,0,benign,135
eu.screensoft.vigneullesinfos,benign,0,0.0018596292939037085,0,benign,73
co.com.hgi.hginetmovil,benign,0,0.001940988004207611,0,benign,20
edu.synthetic.androzoo.malware.wallet_stealer.0643,malware,1,0.999091386795044,1,malware,74
edu.synthetic.androzoo.malware.wallet_stealer.1897,malware,1,0.999083399772644,1,malware,174
edu.synthetic.androzoo.malware.spyware_surveillance.1471,malware,1,0.9084620475769043,1,malware,48
com.responsivedata.anoviteprospector,benign,0,0.9944056272506714,1,malware,50
edu.synthetic.androzoo.malware.banker_accessibility.0160,malware,1,0.9990038275718689,1,malware,139
com.gpps.gpps.gppsapp,benign,0,0.0060551222413778305,0,benign,40
org.ghfcu.mobile,benign,0,0.0015621180646121502,0,benign,122
com.centra.livekirtan,benign,0,0.0010504209203645587,0,benign,48
edu.synthetic.androzoo.malware.adware_clicker.1199,malware,1,0.48089900612831116,0,benign,35
com.transcore.android.commuterLink,benign,0,0.0048202816396951675,0,benign,69
za.co.discovery.consumer.remedi,benign,0,0.02869841642677784,0,benign,69
com.icready.apps.gallery_with_file_manager,benign,0,0.0009932247921824455,0,benign,217
com.metasense.lqdcnvs_mobile,benign,0,0.0022713630460202694,0,benign,20
com.good.xuanyuan.appchina,malware,1,0.7783915996551514,1,malware,32
com.onswitchboard.eld,benign,0,0.002138975542038679,0,benign,145
edu.synthetic.androzoo.benign.utility_background.0233,benign,0,0.005049166735261679,0,benign,55
edu.synthetic.androzoo.malware.banker_accessibility.1327,malware,1,0.9992727637290955,1,malware,48
com.meest.ua,benign,0,0.0012651707511395216,0,benign,164
com.huazx.hpy,malware,1,0.0018497682176530361,0,benign,38
com.redhands.twoplayergames,benign,0,0.7669503688812256,1,malware,33
com.instabridge.android,benign,0,0.001135097467340529,0,benign,207
com.bssys.mbcphone.akbars,benign,0,0.002084131818264723,0,benign,34
edu.synthetic.androzoo.malware.spyware_surveillance.0610,malware,1,0.9379621148109436,1,malware,50
edu.synthetic.androzoo.malware.wallet_stealer.1034,malware,1,0.9989567995071411,1,malware,174
com.rumble.denver_post_sports,benign,0,0.0010055418824777007,0,benign,118
linkdesks.jigsaw.puzzle.classic,benign,0,0.0016353887040168047,0,benign,136
edu.synthetic.androzoo.malware.banker_accessibility.0986,malware,1,0.97870272397995,1,malware,194
edu.synthetic.androzoo.malware.ransomware_locker.0405,malware,1,0.7452012896537781,1,malware,88
com.kaleris.stationlog,benign,0,0.9991471767425537,1,malware,26
com.overplaygames,benign,0,0.0011957575334236026,0,benign,190
com.mobiloids.findjoe.mystery_of_the_stones.margaret,benign,0,0.001298174960538745,0,benign,94
com.playwindgames.freedefender,benign,0,0.0026645546313375235,0,benign,141
com.goodwallpapers.autumn_4k,benign,0,0.004549792502075434,0,benign,141
com.asgarvpn.asgar2023,malware,1,0.001031832885928452,0,benign,113
com.game.officelife.pt,malware,1,0.0030171331018209457,0,benign,47
edu.synthetic.androzoo.benign.commerce_social.0238,benign,0,0.000963353319093585,0,benign,196
ru.premiumbonus.tapchan,benign,0,0.013486579060554504,0,benign,50
de.check24.check24,benign,0,0.05779251083731651,0,benign,154
edu.synthetic.androzoo.malware.wallet_stealer.0293,malware,1,0.9993867874145508,1,malware,48
edu.synthetic.androzoo.malware.overlay_pin_stealer.0823,malware,1,0.9985390901565552,1,malware,90
edu.synthetic.androzoo.malware.overlay_pin_stealer.0233,malware,1,0.9991783499717712,1,malware,97
edu.synthetic.androzoo.malware.wallet_stealer.0245,malware,1,0.999091625213623,1,malware,127
edu.synthetic.androzoo.malware.spyware_surveillance.0949,malware,1,0.9973630309104919,1,malware,83
edu.synthetic.androzoo.malware.overlay_pin_stealer.1372,malware,1,0.9992050528526306,1,malware,55
com.MA.LosAngelesCrimes,malware,1,0.029172858223319054,0,benign,245
edu.synthetic.androzoo.benign.media_game.0056,benign,0,0.0011843261308968067,0,benign,169
com.xapo.bank,benign,0,0.0009439280838705599,0,benign,141
edu.synthetic.androzoo.malware.dropper_loader.0661,malware,1,0.10865110903978348,0,benign,167
com.chelsea.sailing,benign,0,0.006234020926058292,0,benign,94
br.com.vsvdrive.passenger.drivermachine,benign,0,0.9257997870445251,1,malware,20
com.upboardclass10previousyearquestionpaper,benign,0,0.001981011824682355,0,benign,40
edu.synthetic.androzoo.malware.dropper_loader.0121,malware,1,0.995658278465271,1,malware,98
edu.synthetic.androzoo.malware.dropper_loader.0501,malware,1,0.08581051975488663,0,benign,183
edu.synthetic.androzoo.malware.overlay_pin_stealer.0525,malware,1,0.9992239475250244,1,malware,63
edu.synthetic.androzoo.malware.banker_accessibility.2079,malware,1,0.9815696477890015,1,malware,182
edu.synthetic.androzoo.malware.banker_accessibility.0174,malware,1,0.9990329742431641,1,malware,183
com.natewren.lightvoidfree,benign,0,0.004265766590833664,0,benign,146
com.racing.racer.ly,malware,1,0.9982324242591858,1,malware,143
air.school,malware,1,0.009771977551281452,0,benign,89
com.iem.sem.webview,benign,0,0.0011817484628409147,0,benign,63
com.uniriho.szt,malware,1,0.360347718000412,0,benign,257
edu.synthetic.androzoo.malware.wallet_stealer.0482,malware,1,0.9990894794464111,1,malware,180
tech.jm,benign,0,0.0010918212356045842,0,benign,158
com.eflasoft.fradeufree,benign,0,0.002000354463234544,0,benign,112
com.trenicom.padelmouv30,benign,0,0.00466547254472971,0,benign,65
com.enchantedcloud.photovault,benign,0,0.0010495581664144993,0,benign,185
edu.synthetic.androzoo.malware.ransomware_locker.1658,malware,1,0.9088758826255798,1,malware,77
edu.synthetic.androzoo.malware.banker_accessibility.0854,malware,1,0.9932166934013367,1,malware,174
com.maxxipoint.android,malware,1,0.05158265307545662,0,benign,65
com.magmalearning.magma,benign,0,0.001241955440491438,0,benign,111
edu.synthetic.androzoo.malware.spyware_surveillance.0589,malware,1,0.9985357522964478,1,malware,88
com.zombie.ahead.ly,malware,1,0.9951328635215759,1,malware,157
com.tuboapps.vmate,benign,0,0.002084136940538883,0,benign,163
com.huaien.genealogy,malware,1,0.0008778491173870862,0,benign,11
edu.synthetic.androzoo.malware.banker_accessibility.0431,malware,1,0.9987159967422485,1,malware,69
com.rootershub.psx,benign,0,0.9975614547729492,1,malware,26
com.owner.clevelandparkbarandgrill,benign,0,0.0010349561925977468,0,benign,145
edu.synthetic.androzoo.malware.banker_accessibility.0812,malware,1,0.9980279803276062,1,malware,235
com.cloudmobile.einvoice,benign,0,0.0010119843063876033,0,benign,108
skywave.draw.food,benign,0,0.9894026517868042,1,malware,180
edu.synthetic.androzoo.malware.spyware_surveillance.1140,malware,1,0.995704710483551,1,malware,171
edu.synthetic.androzoo.malware.spyware_surveillance.1903,malware,1,0.9952661991119385,1,malware,80
com.meiya.airprice,malware,1,0.9989181756973267,1,malware,96
edu.synthetic.androzoo.malware.banker_accessibility.0617,malware,1,0.99912029504776,1,malware,155
edu.synthetic.androzoo.malware.banker_accessibility.1226,malware,1,0.8339172601699829,1,malware,174
edu.synthetic.androzoo.malware.spyware_surveillance.1253,malware,1,0.7716814279556274,1,malware,165
edu.synthetic.androzoo.malware.adware_clicker.0477,malware,1,0.9773568511009216,1,malware,111
edu.synthetic.androzoo.malware.overlay_pin_stealer.0237,malware,1,0.9988840222358704,1,malware,117
io.dcloud.H582BAF34,malware,1,0.5533398389816284,1,malware,81
edu.synthetic.androzoo.malware.spyware_surveillance.0813,malware,1,0.9245392084121704,1,malware,39
edu.synthetic.androzoo.malware.sms_otp_stealer.1419,malware,1,0.9990289211273193,1,malware,84
com.dnschanger,benign,0,0.0011907585430890322,0,benign,12
com.wgt.android.golf,benign,0,0.0009172173449769616,0,benign,127
digifit.android.virtuagym.pro.eindhovengym,benign,0,0.03797995671629906,0,benign,89
edu.synthetic.androzoo.malware.banker_accessibility.0114,malware,1,0.9991451501846313,1,malware,173
link.mikan.mikanandroid,benign,0,0.4132763743400574,0,benign,159
com.cocoplay.queen.party.ly,malware,1,0.9957911968231201,1,malware,175
com.rainman.alibubble.gq.wipay,malware,1,0.9965932965278625,1,malware,40
io.pushpay.parkcommunitychurch,benign,0,0.003679356537759304,0,benign,162
com.trainerize.xxfitandchiclysfetyle,benign,0,0.974634051322937,1,malware,33
edu.synthetic.androzoo.malware.dropper_loader.0375,malware,1,0.7098902463912964,1,malware,157
com.tgame.sand.box,benign,0,0.0034421400632709265,0,benign,108
edu.synthetic.androzoo.malware.spyware_surveillance.0488,malware,1,0.9974364638328552,1,malware,172
edu.synthetic.androzoo.malware.overlay_pin_stealer.1716,malware,1,0.9993267059326172,1,malware,89
ru.kingkongsushi.client,benign,0,0.8748688101768494,1,malware,37
edu.synthetic.androzoo.malware.spyware_surveillance.1101,malware,1,0.9984582662582397,1,malware,76
edu.synthetic.androzoo.malware.overlay_pin_stealer.1696,malware,1,0.9992732405662537,1,malware,131
edu.synthetic.androzoo.malware.ransomware_locker.0209,malware,1,0.0013414307031780481,0,benign,98
com.milkcrate,benign,0,0.0008944395231083035,0,benign,138
edu.synthetic.androzoo.malware.sms_otp_stealer.0666,malware,1,0.9990622401237488,1,malware,35
com.es.civilization.rise.empire,benign,0,0.03699468821287155,0,benign,97
com.jushine.cdiary,benign,0,0.6691617369651794,1,malware,87
edu.synthetic.androzoo.malware.ransomware_locker.0545,malware,1,0.014883163385093212,0,benign,159
edu.synthetic.androzoo.malware.wallet_stealer.0070,malware,1,0.9987149238586426,1,malware,193
islamic.apps.mahmoud.khalil.al.hussary.mp3.quran.offline.full,benign,0,0.0010059443302452564,0,benign,159
edu.synthetic.androzoo.malware.wallet_stealer.1588,malware,1,0.9985281229019165,1,malware,34
com.kongsolo.jsmap,benign,0,0.5312572717666626,1,malware,31
edu.synthetic.androzoo.malware.banker_accessibility.0664,malware,1,0.9988126754760742,1,malware,107
com.hb.xiaobien,malware,1,0.31437215209007263,0,benign,89
com.femaleinvest.mobileapp,benign,0,0.0010433988645672798,0,benign,87
uk.co.solus.WindsorMaidenheadLibraries,benign,0,0.9983111619949341,1,malware,28
edu.synthetic.androzoo.malware.spyware_surveillance.1633,malware,1,0.9976974129676819,1,malware,137
linkdesks.tile.match.story,benign,0,0.0008154666284099221,0,benign,110
edu.synthetic.androzoo.malware.dropper_loader.0952,malware,1,0.9737546443939209,1,malware,177
edu.synthetic.androzoo.malware.overlay_pin_stealer.1442,malware,1,0.9985859394073486,1,malware,63
com.whoisup.app,benign,0,0.00158362474758178,0,benign,100
com.mycasavi.ottoimmo,benign,0,0.000948501517996192,0,benign,141
com.salicru.equinox,benign,0,0.004820972215384245,0,benign,44
info.oturizme.shashki,benign,0,0.0010912783909589052,0,benign,100
com.alphaunit.mycandy,benign,0,0.006844302639365196,0,benign,153
com.sankuai.sailor.afooddelivery,benign,0,0.0030405151192098856,0,benign,354
rsba.erv.bible.study.app,benign,0,0.0014051079051569104,0,benign,69
com.southwestairlines.mobile,benign,0,0.0427568182349205,0,benign,327
com.index.aeedc022019,benign,0,0.9979666471481323,1,malware,43
edu.synthetic.androzoo.malware.spyware_surveillance.1287,malware,1,0.9988667964935303,1,malware,115
com.ptwired.bpr,benign,0,0.0029726417269557714,0,benign,86
edu.synthetic.androzoo.malware.spyware_surveillance.2023,malware,1,0.9953987002372742,1,malware,114
com.apptegy.eastpalestine,benign,0,0.0009534503915347159,0,benign,152
au.com.investa.insite,benign,0,0.0011082766577601433,0,benign,109
com.foodient.whisk,benign,0,0.01734897308051586,0,benign,98
edu.synthetic.androzoo.malware.dropper_loader.1437,malware,1,0.6465708017349243,1,malware,171
imagine.ai.art.photo.image.generator,malware,1,0.0010038160253316164,0,benign,210
com.fruittime.weather,malware,1,0.00216701440513134,0,benign,45
pl.bsgrudusk.naszbank,benign,0,0.0018347670556977391,0,benign,13
cn.motoon.reader,malware,1,0.009476600214838982,0,benign,13
edu.synthetic.androzoo.malware.banker_accessibility.0361,malware,1,0.9990672469139099,1,malware,47
com.customchurchapps.app6nyhjaum,benign,0,0.001596500282175839,0,benign,190
edu.synthetic.androzoo.malware.wallet_stealer.0301,malware,1,0.825228214263916,1,malware,190
com.task.calendar,benign,0,0.0028787844348698854,0,benign,268
com.leighton.kbrf,benign,0,0.0012632501311600208,0,benign,243
com.precisebytes.flashlightdualmode.free.release,benign,0,0.561097264289856,1,malware,18
edu.synthetic.androzoo.malware.spyware_surveillance.0493,malware,1,0.9989087581634521,1,malware,161
edu.synthetic.androzoo.malware.adware_clicker.0145,malware,1,0.9854242205619812,1,malware,190
com.meta.inno.sticker,benign,0,0.003039645031094551,0,benign,10
edu.synthetic.androzoo.malware.adware_clicker.1760,malware,1,0.0031746847089380026,0,benign,85
com.claranet.mfa,benign,0,0.0022140468936413527,0,benign,90
webviewgold.sole,benign,0,0.005879643838852644,0,benign,69
com.nonghyupit.with,benign,0,0.0017628897912800312,0,benign,60
com.sharkgame.Memory,malware,1,0.9864606857299805,1,malware,18
com.subsplashconsulting.s_49ZKSJ,benign,0,0.004803233314305544,0,benign,157
com.chownow.bagelpub,benign,0,0.0009175328304991126,0,benign,140
edu.synthetic.androzoo.malware.spyware_surveillance.0804,malware,1,0.9893150329589844,1,malware,160
com.appslab.blackgospelradio,benign,0,0.0014580124989151955,0,benign,164
com.android.linglan.ui,malware,1,0.9836742877960205,1,malware,83
edu.synthetic.androzoo.malware.sms_otp_stealer.0243,malware,1,0.9988576173782349,1,malware,102
com.t2s.pizzacaprii799624,benign,0,0.0012435356620699167,0,benign,171
com.sinyee.babybus.garbage,malware,1,0.9690817594528198,1,malware,61
edu.synthetic.androzoo.malware.spyware_surveillance.1842,malware,1,0.9908851981163025,1,malware,52
mk.atg.app,benign,0,0.6749314665794373,1,malware,23
edu.synthetic.androzoo.malware.overlay_pin_stealer.0255,malware,1,0.9992056488990784,1,malware,66
edu.synthetic.androzoo.malware.wallet_stealer.1590,malware,1,0.9993742108345032,1,malware,90
com.codebug.hindi.physics1,benign,0,0.04367029294371605,0,benign,123
com.dav_vizag.school,benign,0,0.0021603351924568415,0,benign,80
ru.sotnik.areacalc,malware,1,0.004770352505147457,0,benign,20
edu.synthetic.androzoo.malware.ransomware_locker.2015,malware,1,0.0031337360851466656,0,benign,111
com.runawayplay.birdgame,benign,0,0.0009438921115361154,0,benign,125
com.refixprotect.zpsjhfu,malware,1,0.0012535552959889174,0,benign,13
edu.synthetic.androzoo.malware.sms_otp_stealer.0984,malware,1,0.9979690909385681,1,malware,36
edu.synthetic.androzoo.malware.spyware_surveillance.1071,malware,1,0.9986841082572937,1,malware,167
com.scg.anime.family.simulator,malware,1,0.999028205871582,1,malware,135
edu.synthetic.androzoo.malware.banker_accessibility.1604,malware,1,0.9859141111373901,1,malware,183
com.justco.justco,benign,0,0.0012582679046317935,0,benign,209
edu.synthetic.androzoo.malware.ransomware_locker.1744,malware,1,0.0018134450074285269,0,benign,62
conversor.conversaotaxasbasico.jpygyd,benign,0,0.0013346882769837976,0,benign,144
solitaire.card.games.solitaire.newyear.free,benign,0,0.0031881339382380247,0,benign,257
edu.synthetic.androzoo.malware.dropper_loader.0311,malware,1,0.991457998752594,1,malware,185
com.melesta.coffeeshop,benign,0,0.0009924117475748062,0,benign,147
com.the.std7englishexams,benign,0,0.03664866089820862,0,benign,124
edu.synthetic.androzoo.malware.banker_accessibility.1266,malware,1,0.9993707537651062,1,malware,112
edu.synthetic.androzoo.malware.banker_accessibility.0090,malware,1,0.8374263644218445,1,malware,211
com.apiomni.kikkle,benign,0,0.0017000037478283048,0,benign,118
edu.synthetic.androzoo.malware.dropper_loader.0164,malware,1,0.9954603314399719,1,malware,80
edu.synthetic.androzoo.malware.overlay_pin_stealer.0919,malware,1,0.9991507530212402,1,malware,133
com.sn1.TheImitationofChrist,benign,0,0.03350483998656273,0,benign,125
edu.synthetic.androzoo.malware.banker_accessibility.1861,malware,1,0.9987967014312744,1,malware,105
edu.synthetic.androzoo.malware.adware_clicker.0807,malware,1,0.008048164658248425,0,benign,184
vn.icheck.android,benign,0,0.004112842492759228,0,benign,36
com.moniepoint.business,benign,0,0.0015570668037980795,0,benign,11
com.upsahl.upsahl,benign,0,0.0011625278275460005,0,benign,135
edu.synthetic.androzoo.malware.overlay_pin_stealer.1093,malware,1,0.9982994198799133,1,malware,37
edu.synthetic.androzoo.benign.commerce_social.0114,benign,0,0.0013724726159125566,0,benign,96
edu.synthetic.androzoo.malware.sms_otp_stealer.0458,malware,1,0.9993488192558289,1,malware,124
bibogames.fill.oneline,benign,0,0.9262776970863342,1,malware,17
edu.synthetic.androzoo.malware.dropper_loader.0107,malware,1,0.9964646100997925,1,malware,112
edu.synthetic.androzoo.malware.ransomware_locker.0003,malware,1,0.3984055817127228,0,benign,180
com.babbel.mobile.android.en,benign,0,0.0012274758191779256,0,benign,211
com.ProMM.CarrierSnakeSpiderNest,benign,0,0.5460177063941956,1,malware,22
edu.synthetic.androzoo.malware.dropper_loader.1425,malware,1,0.99870765209198,1,malware,87
edu.synthetic.androzoo.malware.spyware_surveillance.1533,malware,1,0.9975663423538208,1,malware,128
edu.synthetic.androzoo.malware.spyware_surveillance.0516,malware,1,0.9918105602264404,1,malware,45
de.twopeaches.babelli,benign,0,0.5763302445411682,1,malware,13
com.goodwallpapers.coffe_hd,benign,0,0.0017718811286613345,0,benign,83
com.ionicframework.posistlite,benign,0,0.9872254729270935,1,malware,49
edu.synthetic.androzoo.malware.banker_accessibility.1221,malware,1,0.9976779818534851,1,malware,112
com.zl.hlvideo,malware,1,0.0009228109265677631,0,benign,21
com.anask.reem_name_images_wallpapers,benign,0,0.0017162429867312312,0,benign,141
com.qconline.android,benign,0,0.0012817912502214313,0,benign,151
edu.synthetic.androzoo.malware.ransomware_locker.1817,malware,1,0.017298970371484756,0,benign,190
com.pdf.reader.pdfviewer.pdfeditor.forandroid,benign,0,0.0009272666065953672,0,benign,184
com.crayon.onefive,benign,0,0.0010004310170188546,0,benign,171
co.hellocode.exist,benign,0,0.0010179014643654227,0,benign,10
com.codeflies.supertravelUser,benign,0,0.0009585584048181772,0,benign,137
edu.synthetic.androzoo.malware.overlay_pin_stealer.1501,malware,1,0.9991880059242249,1,malware,166
jp.stageinc.app.blue,benign,0,0.2842165529727936,0,benign,30
com.dwwang.staff,malware,1,0.9754085540771484,1,malware,211
com.poetry.fk.cm,malware,1,0.9989099502563477,1,malware,94
edu.synthetic.androzoo.malware.wallet_stealer.0875,malware,1,0.9884175658226013,1,malware,160
edu.synthetic.androzoo.malware.wallet_stealer.0611,malware,1,0.9990665316581726,1,malware,86
edu.synthetic.androzoo.malware.banker_accessibility.1715,malware,1,0.9990772008895874,1,malware,77
edu.synthetic.androzoo.malware.wallet_stealer.1596,malware,1,0.9987646341323853,1,malware,62
edu.synthetic.androzoo.benign.media_game.0150,benign,0,0.0010717593831941485,0,benign,182
com.batix.wrapper.KomBus,benign,0,0.0007800024468451738,0,benign,10
edu.synthetic.androzoo.malware.spyware_surveillance.1271,malware,1,0.9990549683570862,1,malware,131
co.bytemark.nycf,benign,0,0.0020802875515073538,0,benign,152
edu.synthetic.androzoo.malware.spyware_surveillance.1521,malware,1,0.9980722665786743,1,malware,155
be.rentio.app,benign,0,0.0008970422786660492,0,benign,154
edu.synthetic.androzoo.malware.wallet_stealer.0333,malware,1,0.998457670211792,1,malware,69
com.phonelocator.mobile.number.locationfinder.callerid,benign,0,0.5277639031410217,1,malware,209
edu.synthetic.androzoo.malware.sms_otp_stealer.0518,malware,1,0.9985926747322083,1,malware,107
wild.west.tavern,benign,0,0.0009939001174643636,0,benign,12
in.playsimple.cryptogram,benign,0,0.9085171818733215,1,malware,46
kz.tele2.kiozk.android,benign,0,0.001107583288103342,0,benign,99
edu.synthetic.androzoo.malware.spyware_surveillance.0112,malware,1,0.9966333508491516,1,malware,165
com.astron.kisikates,benign,0,0.0009763159905560315,0,benign,184
edu.synthetic.androzoo.malware.wallet_stealer.1031,malware,1,0.9992496371269226,1,malware,75
com.app.worldwinorder,benign,0,0.0015489020152017474,0,benign,96
com.technore.lolipopvip,malware,1,0.002245764946565032,0,benign,69
com.mu.mmo.rpg.game,benign,0,0.0010672799544408917,0,benign,168
edu.synthetic.androzoo.malware.spyware_surveillance.0743,malware,1,0.9959397315979004,1,malware,129
edu.synthetic.androzoo.malware.sms_otp_stealer.1964,malware,1,0.9987024068832397,1,malware,71
com.gentdev.piglow,benign,0,0.9992430210113525,1,malware,34
edu.synthetic.androzoo.malware.overlay_pin_stealer.1422,malware,1,0.998211145401001,1,malware,190
com.groupebayard.prionseneglise.iphone,benign,0,0.018833398818969727,0,benign,162
com.nt.games.tangledsnakes,benign,0,0.0011750550474971533,0,benign,52
edu.synthetic.androzoo.malware.banker_accessibility.1527,malware,1,0.9967672824859619,1,malware,138
com.delightgames.medievalfantasy,benign,0,0.0015768441371619701,0,benign,162
com.tangerine.live.cake,malware,1,0.005914350971579552,0,benign,85
com.upjers.molehillempire2,benign,0,0.0010353378020226955,0,benign,96
com.subsplashconsulting.s_BHDNZ2,benign,0,0.011107013560831547,0,benign,156
com.zoho.accounts.oneauth,benign,0,0.002712836256250739,0,benign,153
com.eonsoft.DiscV2,benign,0,0.3441787660121918,0,benign,165
com.mspy.lite,malware,1,0.6420718431472778,1,malware,12
edu.synthetic.androzoo.malware.dropper_loader.1262,malware,1,0.9989412426948547,1,malware,59
ua.com.etnocode.minecraftpacks,benign,0,0.0017808583797886968,0,benign,164
com.insthub.voguemini,malware,1,0.0013478414621204138,0,benign,22
com.gofa.mobile,benign,0,0.14495958387851715,0,benign,50
edu.synthetic.androzoo.malware.spyware_surveillance.1488,malware,1,0.997065007686615,1,malware,110
edu.synthetic.androzoo.malware.dropper_loader.1374,malware,1,0.9991716146469116,1,malware,47
edu.synthetic.androzoo.malware.banker_accessibility.0856,malware,1,0.9992769360542297,1,malware,127
com.shixian.kaihua,malware,1,0.003687171498313546,0,benign,86
com.vicsothemes.hebrewforbeginners,benign,0,0.12500572204589844,0,benign,137
com.kyzook.travelx,benign,0,0.08564109355211258,0,benign,57
ch.ultrastark.leuk,benign,0,0.9989175796508789,1,malware,42
edu.synthetic.androzoo.malware.ransomware_locker.1874,malware,1,0.11376456916332245,0,benign,66
com.nekteck.medcursor,benign,0,0.00212800782173872,0,benign,135
edu.synthetic.androzoo.malware.overlay_pin_stealer.1148,malware,1,0.999077558517456,1,malware,71
com.free.ttdj,malware,1,0.0012999294558539987,0,benign,21
com.apptegy.conawayar,benign,0,0.0011077352100983262,0,benign,106
com.EdenredUsaBenefits,benign,0,0.006909974385052919,0,benign,88
edu.synthetic.androzoo.malware.dropper_loader.0208,malware,1,0.10687112808227539,0,benign,232
edu.synthetic.androzoo.malware.banker_accessibility.1441,malware,1,0.9977957010269165,1,malware,163
cn.guancha.app,malware,1,0.012645026668906212,0,benign,48
com.pregnant.virtual.mother.simulator,benign,0,0.0010325447656214237,0,benign,97
com.alexeymorozua.orbittimefree,benign,0,0.0007691137143410742,0,benign,10
ng.com.fairmoney.fairmoney,malware,1,0.001296350616030395,0,benign,143
edu.synthetic.androzoo.malware.sms_otp_stealer.0101,malware,1,0.9987789988517761,1,malware,53
com.yamystudio.dryCleaning,benign,0,0.003485922934487462,0,benign,114
edu.synthetic.androzoo.malware.adware_clicker.1901,malware,1,0.9764660596847534,1,malware,161
dev.tuantv.android.quickaccess,benign,0,0.0020954501815140247,0,benign,47
edu.synthetic.androzoo.benign.maps_cloud.0187,benign,0,0.0010722613660618663,0,benign,167
edu.synthetic.androzoo.malware.banker_accessibility.1153,malware,1,0.999154806137085,1,malware,72
com.thetrainline,benign,0,0.014557602815330029,0,benign,125
com.almashines.iihmr,benign,0,0.001689320313744247,0,benign,85
edu.synthetic.androzoo.benign.maps_cloud.0156,benign,0,0.0009193442529067397,0,benign,259
com.wallpaper.express.daily,malware,1,0.39048826694488525,0,benign,31
edu.synthetic.androzoo.malware.banker_accessibility.0738,malware,1,0.9987040758132935,1,malware,120
edu.synthetic.androzoo.benign.webview_content.0131,benign,0,0.001030921470373869,0,benign,162
com.mgsstudio.offroadcarpe,malware,1,0.8441591858863831,1,malware,198
com.ibm.lava.hot.volcano.car.games,malware,1,0.12151612341403961,0,benign,99
edu.synthetic.androzoo.malware.spyware_surveillance.1526,malware,1,0.9198313355445862,1,malware,56
com.perception.soc.en,malware,1,0.0020209881477057934,0,benign,28
edu.synthetic.androzoo.malware.banker_accessibility.0532,malware,1,0.99801105260849,1,malware,41
edu.synthetic.androzoo.malware.dropper_loader.0779,malware,1,0.9840847253799438,1,malware,97
edu.synthetic.androzoo.malware.banker_accessibility.1995,malware,1,0.9978187084197998,1,malware,126
com.lh.bog.global,benign,0,0.9679486751556396,1,malware,95
com.telstra.nrl.dragons,benign,0,0.0014786982210353017,0,benign,110
edu.synthetic.androzoo.malware.banker_accessibility.0846,malware,1,0.9983938336372375,1,malware,73
edu.synthetic.androzoo.malware.spyware_surveillance.1870,malware,1,0.9981827735900879,1,malware,169
edu.synthetic.androzoo.malware.dropper_loader.1675,malware,1,0.9963524341583252,1,malware,136
ie.zappy.fennec.evansvilleyogaspace,benign,0,0.0008438398945145309,0,benign,31
edu.synthetic.androzoo.malware.sms_otp_stealer.1728,malware,1,0.9993453621864319,1,malware,103
edu.synthetic.androzoo.malware.spyware_surveillance.1281,malware,1,0.9989331364631653,1,malware,135
com.mampod.ergedd,malware,1,0.0023176863323897123,0,benign,36
edu.synthetic.androzoo.malware.banker_accessibility.0059,malware,1,0.9992079138755798,1,malware,165
edu.synthetic.androzoo.malware.adware_clicker.1096,malware,1,0.0031576035544276237,0,benign,183
org.tapaz.android,benign,0,0.0008835394983179867,0,benign,48
edu.synthetic.androzoo.malware.spyware_surveillance.1360,malware,1,0.9915485978126526,1,malware,147
com.under.water.fishing.vr,malware,1,0.0010597677901387215,0,benign,104
com.cgs.flying.monster.robot.transformer,malware,1,0.4069378972053528,0,benign,17
edu.synthetic.androzoo.malware.dropper_loader.1808,malware,1,0.9698795080184937,1,malware,178
horses.wall7Fon,benign,0,0.0021263337694108486,0,benign,140
com.founder.jjckb,malware,1,0.001379730412736535,0,benign,26
com.backupeamoozesh3,malware,1,0.0008615050464868546,0,benign,10
edu.synthetic.androzoo.malware.spyware_surveillance.1540,malware,1,0.9984973669052124,1,malware,122
com.record.voice.day.all,malware,1,0.0010251493658870459,0,benign,203
edu.synthetic.androzoo.malware.ransomware_locker.0378,malware,1,0.0035454772878438234,0,benign,189
com.tls.maker.ice.cream.cake,malware,1,0.9977903366088867,1,malware,90
pop.bubblebubbleshooter,benign,0,0.0010779964504763484,0,benign,127
edu.synthetic.androzoo.malware.dropper_loader.0632,malware,1,0.9992600083351135,1,malware,85
edu.synthetic.androzoo.malware.dropper_loader.0539,malware,1,0.9986791014671326,1,malware,53
edu.synthetic.androzoo.malware.ransomware_locker.0964,malware,1,0.007163992151618004,0,benign,135
com.ouimoveup,benign,0,0.0010180905228480697,0,benign,70
com.KLP.RZG,benign,0,0.001819764613173902,0,benign,70
com.mobirix.jp.bubblebobble1,benign,0,0.0011681575560942292,0,benign,109
com.boards_and_more.academy,benign,0,0.0018826938467100263,0,benign,208
com.inmovation.newspaper,malware,1,0.5945805907249451,1,malware,47
com.pragmistic.ezpassoh,benign,0,0.8141946792602539,1,malware,22
com.d.lifehacks,benign,0,0.001492111710831523,0,benign,177
edu.synthetic.androzoo.malware.wallet_stealer.0302,malware,1,0.9982380867004395,1,malware,65
edu.synthetic.androzoo.malware.dropper_loader.1785,malware,1,0.9947041869163513,1,malware,135
com.magzter.bikeindia,benign,0,0.0011985718738287687,0,benign,170
store_app_interface.elmaayergy,benign,0,0.0012596797896549106,0,benign,133
com.cmcc.hbb.android.phone.parents,malware,1,0.16217267513275146,0,benign,21
com.dii.demosphere.prod,benign,0,0.0010137574281543493,0,benign,112
com.cofox.kahunas.DrizzleFitness,benign,0,0.0012816301314160228,0,benign,129
com.brinks.twentyfourseven,benign,0,0.003956356085836887,0,benign,75
edu.synthetic.androzoo.malware.wallet_stealer.1918,malware,1,0.998953104019165,1,malware,77
edu.synthetic.androzoo.malware.dropper_loader.0136,malware,1,0.9973452687263489,1,malware,85
com.redroserestaurantonlineee,benign,0,0.001343713840469718,0,benign,163
com.careate.qyi,malware,1,0.0010883844224736094,0,benign,37
su.prtv.tvapp,benign,0,0.006091724149882793,0,benign,80
com.apptegy.ocostawa,benign,0,0.003678123001009226,0,benign,133
edu.synthetic.androzoo.malware.dropper_loader.0338,malware,1,0.9508405327796936,1,malware,244
com.niceflower.massegaty2020,benign,0,0.0035275088157504797,0,benign,54
edu.synthetic.androzoo.malware.dropper_loader.0478,malware,1,0.478101909160614,0,benign,188
com.prvidr.paas.coles.prod,benign,0,0.0014256563736125827,0,benign,132
edu.synthetic.androzoo.malware.sms_otp_stealer.1000,malware,1,0.9988352656364441,1,malware,187
edu.synthetic.androzoo.malware.overlay_pin_stealer.1854,malware,1,0.9991353154182434,1,malware,107
edu.synthetic.androzoo.malware.spyware_surveillance.0582,malware,1,0.995690643787384,1,malware,52
ru.cherkasov.riddles,benign,0,0.0009688908467069268,0,benign,125
com.subsplash.thechurchapp.s_CTCWBD,benign,0,0.0019824414048343897,0,benign,161
edu.synthetic.androzoo.malware.overlay_pin_stealer.1154,malware,1,0.9993364214897156,1,malware,97
edu.eduhk.emobileapp,benign,0,0.9979310035705566,1,malware,60
com.MaxwellPlay.LiminalX,benign,0,0.09854384511709213,0,benign,18
com.ggxfj.frog,malware,1,0.0027909865602850914,0,benign,22
edu.synthetic.androzoo.malware.overlay_pin_stealer.1320,malware,1,0.9991745352745056,1,malware,192
com.roughcode.parboti,benign,0,0.051083605736494064,0,benign,22
com.wyt.iexuetang.hd.xxtb,malware,1,0.01275651529431343,0,benign,168
com.sinyee.babybus.foodcity,benign,0,0.0029037264175713062,0,benign,121
com.infomat.starter,benign,0,0.9825143218040466,1,malware,57
edu.synthetic.androzoo.malware.banker_accessibility.1727,malware,1,0.9992202520370483,1,malware,124
com.nexudusspaces.theshop,benign,0,0.0008412551833316684,0,benign,30
boxnmove.mover.driver,malware,1,0.001067905337549746,0,benign,107
com.xiaobanlong.main,malware,1,0.9973917007446289,1,malware,59
com.propelswim.icp,benign,0,0.0017503651324659586,0,benign,129
edu.synthetic.androzoo.malware.spyware_surveillance.1834,malware,1,0.8886657953262329,1,malware,42
jp.digitallab.kawachi,benign,0,0.9961885809898376,1,malware,46
com.logestechs.customer_goBox,benign,0,0.0013367406791076064,0,benign,134
com.venusjewel,benign,0,0.016932502388954163,0,benign,50
com.scsoft.boribori,benign,0,0.000995571375824511,0,benign,181
ayulearn.adxx,malware,1,0.0012247179402038455,0,benign,130
com.colyinc.mahoyaku,benign,0,0.0010904055088758469,0,benign,94
edu.synthetic.androzoo.benign.maps_cloud.0171,benign,0,0.001351110520772636,0,benign,80
pl.biokod.goodcoach,benign,0,0.154098242521286,0,benign,21
com.evendo.global_guide,benign,0,0.3770434260368347,0,benign,20
edu.synthetic.androzoo.benign.media_game.0069,benign,0,0.0021237139590084553,0,benign,61
edu.synthetic.androzoo.malware.wallet_stealer.0483,malware,1,0.9992057681083679,1,malware,106
edu.synthetic.androzoo.malware.spyware_surveillance.1166,malware,1,0.997536301612854,1,malware,143
edu.synthetic.androzoo.malware.dropper_loader.0036,malware,1,0.9761354327201843,1,malware,128
com.shici,malware,1,0.009719480760395527,0,benign,36
com.medevio.gateway,benign,0,0.0009721382521092892,0,benign,154
it.gasparilab.myroverchiara,benign,0,0.9960992336273193,1,malware,30
com.dcngame.yasuo,malware,1,0.0033228544052690268,0,benign,95
com.easytor.ohadshemesh,benign,0,0.9991662502288818,1,malware,32
com.sibisoft.leisure,benign,0,0.0010342824971303344,0,benign,132
com.subsplashconsulting.s_S9QW82,benign,0,0.0023012026213109493,0,benign,150
com.wego.android,benign,0,0.0016956189647316933,0,benign,262
com.intuiface.playernextgen,benign,0,0.9993232488632202,1,malware,25
com.ls.cake.cakemaker.diy.baking.girls.cooking.birthdaycake,benign,0,0.0022351916413754225,0,benign,78
com.codeEscape.codeescape,benign,0,0.9707016944885254,1,malware,115
com.funnycity.carsbattletwo.yyh,malware,1,0.2960754632949829,0,benign,226
com.crisisSupport.civilGuard,benign,0,0.001894796034321189,0,benign,56
coza.globalchoices.infinitiassist,benign,0,0.0018930950900539756,0,benign,58
com.amslergriddaily.app,benign,0,0.9736120104789734,1,malware,55
edu.synthetic.androzoo.malware.dropper_loader.1160,malware,1,0.996875524520874,1,malware,150
edu.synthetic.androzoo.malware.banker_accessibility.0466,malware,1,0.999090313911438,1,malware,165
edu.synthetic.androzoo.malware.wallet_stealer.0397,malware,1,0.9990646243095398,1,malware,186
edu.synthetic.androzoo.malware.dropper_loader.1349,malware,1,0.9991497993469238,1,malware,45
com.suivo.timelogger,benign,0,0.9078019857406616,1,malware,38
com.triviaquiz.funtriviaquestions,benign,0,0.0024571665562689304,0,benign,33
com.buyma.buymaapp,benign,0,0.0014882689574733377,0,benign,202
perfectposture.posturecorrection.healthyback.healthyspine.painrelief,benign,0,0.0015265318797901273,0,benign,128
app.streetracefury,benign,0,0.3716222941875458,0,benign,26
jp.co.jibunbank.jibuntoto,benign,0,0.0015226186951622367,0,benign,89
com.free.vpn.super.hotspot.open,benign,0,0.0013912745052948594,0,benign,32
com.ticimax.androidbase.disentismodest,benign,0,0.003039645031094551,0,benign,10
com.webuildgroup.approve,benign,0,0.9769656658172607,1,malware,29
edu.synthetic.androzoo.malware.adware_clicker.0141,malware,1,0.9981999397277832,1,malware,68
co.ninj.bikinihd,malware,1,0.0999591052532196,0,benign,78
com.apptegy.conradpa,benign,0,0.0010511510772630572,0,benign,148
com.rz.caller.name.announcer,benign,0,0.001030512503348291,0,benign,240
com.choptsalad.choptsalad.android.app,benign,0,0.0035743636544793844,0,benign,157
edu.synthetic.androzoo.malware.banker_accessibility.0335,malware,1,0.999065101146698,1,malware,89
gallery.hidepictures.photovault.lockgallery,benign,0,0.0018779381643980742,0,benign,241
games.doro.busstation,benign,0,0.0009993970161303878,0,benign,104
edu.synthetic.androzoo.malware.spyware_surveillance.0135,malware,1,0.49353694915771484,0,benign,148
edu.synthetic.androzoo.malware.banker_accessibility.1428,malware,1,0.9992283582687378,1,malware,126
com.meteocontrol.vcommonitoring,benign,0,0.9988148212432861,1,malware,71
secret.hide.calculator,malware,1,0.0009248506976291537,0,benign,110
com.apptegy.norputnam,benign,0,0.0011278941528871655,0,benign,148
se.blekingelanstidning.reader,benign,0,0.002787712961435318,0,benign,167
edu.synthetic.androzoo.malware.spyware_surveillance.1909,malware,1,0.9931439161300659,1,malware,79
org.nationalregistry.android.production,benign,0,0.004442238714545965,0,benign,171
com.examin8.exam,benign,0,0.0015201392816379666,0,benign,138
edu.synthetic.androzoo.malware.dropper_loader.0503,malware,1,0.9954397678375244,1,malware,146
edu.synthetic.androzoo.benign.utility_background.0038,benign,0,0.0015440337592735887,0,benign,119
com.axondevstudio.RobberyClashThiefPranksGame,benign,0,0.0007943222881294787,0,benign,11
edu.synthetic.androzoo.malware.sms_otp_stealer.1939,malware,1,0.9990994930267334,1,malware,49
edu.synthetic.androzoo.malware.wallet_stealer.1250,malware,1,0.9987152814865112,1,malware,130
com.lily.times.tweenshusky.all,benign,0,0.008709617890417576,0,benign,18
com.meta.boom,malware,1,0.004127965308725834,0,benign,88
jp.jmty.app2,benign,0,0.0010600044624879956,0,benign,180
edu.synthetic.androzoo.malware.adware_clicker.1704,malware,1,0.9992225170135498,1,malware,37
edu.synthetic.androzoo.malware.wallet_stealer.1210,malware,1,0.9985997080802917,1,malware,191
com.emri.upcitizenapp,benign,0,0.0009386851452291012,0,benign,10
taptap.twoaccounts.dual.space,malware,1,0.006030479911714792,0,benign,145
com.restaumatic.sivas_kebab_production,benign,0,0.9977814555168152,1,malware,20
edu.synthetic.androzoo.malware.banker_accessibility.0943,malware,1,0.9974543452262878,1,malware,156
edu.synthetic.androzoo.malware.banker_accessibility.1146,malware,1,0.9919997453689575,1,malware,239
edu.synthetic.androzoo.malware.ransomware_locker.0037,malware,1,0.7488610148429871,1,malware,60
edu.synthetic.androzoo.malware.banker_accessibility.1048,malware,1,0.9986353516578674,1,malware,170
pyramid.solitaire.mermaid,benign,0,0.003241565078496933,0,benign,192
com.princeappstudio.ptu_cgpa_tracker,benign,0,0.7513347864151001,1,malware,23
com.tutotoons.app.fluvsies.free,benign,0,0.005507134832441807,0,benign,65
com.shortbox.drama,benign,0,0.0016391745302826166,0,benign,283
com.wyt.iexuetang.hd.gs,malware,1,0.09287485480308533,0,benign,196
com.cofox.kahunas.JACKOSONLINE,benign,0,0.0028385277837514877,0,benign,135
com.reliancegames.wwemayhem,benign,0,0.004718899726867676,0,benign,76
ca.lapresse.android.lapressemobile,benign,0,0.002702609868720174,0,benign,198
edu.synthetic.androzoo.malware.spyware_surveillance.0759,malware,1,0.995380163192749,1,malware,159
com.subsplashconsulting.s_PKD7DK,benign,0,0.0021528475917875767,0,benign,170
sisters.usa.shuttle.taxi.passenger,benign,0,0.0011791420402005315,0,benign,127
net.controlbox.Uboxl.CasilleroLatino,benign,0,0.0015624453080818057,0,benign,16
com.subsplashconsulting.s_B9CSBN,benign,0,0.004984830040484667,0,benign,169
edu.synthetic.androzoo.malware.banker_accessibility.1010,malware,1,0.9991000890731812,1,malware,179
com.AJJ.Cyberpandemic_st2,malware,1,0.9552879333496094,1,malware,66
edu.synthetic.androzoo.malware.banker_accessibility.0502,malware,1,0.9988741278648376,1,malware,138
com.alexandrefreitas.flutterProfile,benign,0,0.002076967852190137,0,benign,10
com.img.barber.shop.hair.salon.game,benign,0,0.0022704179864376783,0,benign,108
com.kumobius.android.wal,malware,1,0.08510839939117432,0,benign,16
edu.synthetic.androzoo.malware.ransomware_locker.0628,malware,1,0.9966738224029541,1,malware,82
edu.synthetic.androzoo.malware.ransomware_locker.0853,malware,1,0.10110563039779663,0,benign,29
com.wintertales.moonwalkersimulatorvr,malware,1,0.001830690773203969,0,benign,95
com.chamelio.alcatmist,benign,0,0.8091679215431213,1,malware,16
com.bedishop.app,benign,0,0.010366645641624928,0,benign,13
edu.synthetic.androzoo.malware.ransomware_locker.1357,malware,1,0.9949952363967896,1,malware,32
com.letsgetdigital.app3685x,benign,0,0.9673361778259277,1,malware,67
com.NekoniiiStudio.TapDuelPokerDeck,benign,0,0.05357266217470169,0,benign,34
uk.co.olsonapps.fiveMinPilates,benign,0,0.0012512446846812963,0,benign,141
edu.synthetic.androzoo.malware.ransomware_locker.0603,malware,1,0.0021943883039057255,0,benign,92
com.wbr.worldofbattleship.ly,malware,1,0.15886855125427246,0,benign,21
com.gangguwang.yewugo,malware,1,0.0016652047634124756,0,benign,34
edu.synthetic.androzoo.malware.banker_accessibility.1947,malware,1,0.9988195300102234,1,malware,174
com.communi.christuskirche,benign,0,0.5290927290916443,1,malware,79
com.fastdownload.allsocial.downloader.app,malware,1,0.0014536419184878469,0,benign,217
in.tradebulls.trading,benign,0,0.0009758612723089755,0,benign,88
edu.synthetic.androzoo.malware.spyware_surveillance.1056,malware,1,0.998451828956604,1,malware,149
com.kunpeng.babyting,malware,1,0.3957759737968445,0,benign,152
com.pdit.sausagelady,malware,1,0.0037093721330165863,0,benign,10
com.easi.customer,benign,0,0.006293536629527807,0,benign,83
com.talb.blowery,malware,1,0.7669473886489868,1,malware,29
edu.synthetic.androzoo.malware.banker_accessibility.1709,malware,1,0.9993158578872681,1,malware,170
edu.synthetic.androzoo.malware.ransomware_locker.0414,malware,1,0.05862130969762802,0,benign,122
com.cmstop.yangzhounews,malware,1,0.011135945096611977,0,benign,105
com.ironappsdev.offroadincl,benign,0,0.0010440830374136567,0,benign,121
edu.synthetic.androzoo.malware.banker_accessibility.0498,malware,1,0.9790871143341064,1,malware,202
com.phrasebook.lt,benign,0,0.1075262650847435,0,benign,149
com.shuiyinbao.android,malware,1,0.0012322976253926754,0,benign,64
com.ptolemay.calculatorio.miscellaneous.tip,benign,0,0.9957467913627625,1,malware,32
com.nampadesign.train,benign,0,0.0028658625669777393,0,benign,14
com.paymentus.client.cncw,benign,0,0.0013193098129704595,0,benign,95
com.geektheory.socratechai,benign,0,0.9818776845932007,1,malware,73
com.solou.catendless.run.mg.ly,malware,1,0.001239471253938973,0,benign,72
edu.synthetic.androzoo.malware.banker_accessibility.0313,malware,1,0.9934349060058594,1,malware,112
edu.synthetic.androzoo.malware.sms_otp_stealer.1286,malware,1,0.9985223412513733,1,malware,96
edu.synthetic.androzoo.malware.adware_clicker.1252,malware,1,0.994818389415741,1,malware,96
edu.synthetic.androzoo.malware.ransomware_locker.2039,malware,1,0.005130563862621784,0,benign,190
com.ebcard.cashbee.hce.jeonju,benign,0,0.030810436233878136,0,benign,118
edu.synthetic.androzoo.malware.ransomware_locker.0766,malware,1,0.005014191381633282,0,benign,185
com.adventure.streamwalkertribes,benign,0,0.0011365191312506795,0,benign,90
edu.synthetic.androzoo.malware.banker_accessibility.1235,malware,1,0.9989066123962402,1,malware,244
be.persgroep.red.mobile.android.daz,benign,0,0.003006724873557687,0,benign,109
com.everywear.game5,benign,0,0.0011168135097250342,0,benign,79
edu.synthetic.androzoo.malware.dropper_loader.1584,malware,1,0.7165438532829285,1,malware,195
edu.synthetic.androzoo.malware.overlay_pin_stealer.1485,malware,1,0.9985547661781311,1,malware,37
edu.synthetic.androzoo.malware.banker_accessibility.0930,malware,1,0.39663922786712646,0,benign,236
com.tahara.tahara_app,benign,0,0.8209841847419739,1,malware,29
edu.synthetic.androzoo.malware.overlay_pin_stealer.2056,malware,1,0.9975793957710266,1,malware,188
edu.synthetic.androzoo.malware.overlay_pin_stealer.1893,malware,1,0.9985367059707642,1,malware,159
net.capitalfirst.fi,benign,0,0.0008273802814073861,0,benign,118
edu.synthetic.androzoo.malware.banker_accessibility.0074,malware,1,0.7824906706809998,1,malware,230
com.bananaapps.kidappgames.pets.cartoon.sounds.free,malware,1,0.0523979477584362,0,benign,77
vt.android.ilearn,benign,0,0.018045494332909584,0,benign,28
com.duxata.client_android,benign,0,0.054517846554517746,0,benign,89
edu.synthetic.androzoo.malware.banker_accessibility.1462,malware,1,0.9989590644836426,1,malware,171
uug.game.paopao,malware,1,0.9538416266441345,1,malware,22
edu.synthetic.androzoo.malware.banker_accessibility.1895,malware,1,0.997984766960144,1,malware,193
edu.synthetic.androzoo.malware.wallet_stealer.1789,malware,1,0.9989263415336609,1,malware,42
com.PAglosario,benign,0,0.9508693218231201,1,malware,29
com.inditex.pullandbear,benign,0,0.9984411597251892,1,malware,30
com.mobikasaba.carlaandroid,benign,0,0.0011957951355725527,0,benign,168
com.evansir.runicformulas,benign,0,0.0013867287198081613,0,benign,134
edu.synthetic.androzoo.malware.wallet_stealer.0027,malware,1,0.9989091157913208,1,malware,163
edu.synthetic.androzoo.malware.overlay_pin_stealer.1272,malware,1,0.999121367931366,1,malware,77
conversor.conversaotaxasbasico.gbpsdg,benign,0,0.9704200625419617,1,malware,111
com.g2us.armedwarriors,malware,1,0.9974985718727112,1,malware,85
com.burningthumb.mobile.iDrone,benign,0,0.00549608888104558,0,benign,19
edu.synthetic.androzoo.malware.dropper_loader.0310,malware,1,0.9465777277946472,1,malware,175
com.hachette.hereaderepubv2,benign,0,0.9650042057037354,1,malware,57
vitalypanov.phototracker,benign,0,0.0015390809858217835,0,benign,89
net.gleeph.hybridclient,benign,0,0.0030225671362131834,0,benign,101
com.KurikulumMerdeka.BukuGuruMatematikaKelas7L,benign,0,0.40046676993370056,0,benign,126
com.rookieme.connect,benign,0,0.9982884526252747,1,malware,57
com.dolilive,benign,0,0.22898651659488678,0,benign,56
edu.synthetic.androzoo.malware.dropper_loader.0326,malware,1,0.9987412095069885,1,malware,156
com.yunzyo.mow,benign,0,0.3239067494869232,0,benign,23
archer.defender.bow,benign,0,0.7704801559448242,1,malware,13
edu.synthetic.androzoo.malware.spyware_surveillance.0386,malware,1,0.9936836957931519,1,malware,126
edu.synthetic.androzoo.malware.sms_otp_stealer.0137,malware,1,0.9985027313232422,1,malware,66
edu.synthetic.androzoo.malware.sms_otp_stealer.1470,malware,1,0.9969346523284912,1,malware,86
com.laixue.lxagent,malware,1,0.17563767731189728,0,benign,80
com.zivanafa.PirateWallpaperShip,benign,0,0.8977736234664917,1,malware,35
com.garhijp.docchigaooikana,benign,0,0.0009121538605540991,0,benign,11
com.goods.master3d.triple.puzzle,benign,0,0.0018029810162261128,0,benign,147
edu.synthetic.androzoo.benign.webview_content.0220,benign,0,0.0009541187901049852,0,benign,170
edu.synthetic.androzoo.malware.banker_accessibility.1444,malware,1,0.9988377690315247,1,malware,59
com.trainerize.gentrygym,benign,0,0.018816251307725906,0,benign,13
edu.synthetic.androzoo.malware.wallet_stealer.0953,malware,1,0.9985895752906799,1,malware,35
edu.synthetic.androzoo.malware.overlay_pin_stealer.1531,malware,1,0.9990233182907104,1,malware,72
edu.synthetic.androzoo.malware.spyware_surveillance.1130,malware,1,0.9984754920005798,1,malware,186
com.earku.main,malware,1,0.012277346104383469,0,benign,63
edu.synthetic.androzoo.malware.spyware_surveillance.1891,malware,1,0.9990158081054688,1,malware,149
edu.synthetic.androzoo.malware.dropper_loader.1784,malware,1,0.10088110715150833,0,benign,192
edu.synthetic.androzoo.malware.wallet_stealer.0972,malware,1,0.999288022518158,1,malware,80
edu.synthetic.androzoo.benign.media_game.0103,benign,0,0.0009954391280189157,0,benign,167
ridewithvia.sncfyriex,benign,0,0.9912641048431396,1,malware,20
appinventor.ai_bmindsapps.AmorReal,benign,0,0.9991722106933594,1,malware,22
edu.synthetic.androzoo.malware.dropper_loader.1587,malware,1,0.9922794103622437,1,malware,134
com.edurev.gst,benign,0,0.0009132157429121435,0,benign,132
edu.synthetic.androzoo.malware.ransomware_locker.1189,malware,1,0.0194700937718153,0,benign,131
com.famobi.neontower,benign,0,0.003322717035189271,0,benign,25
edu.synthetic.androzoo.malware.banker_accessibility.1944,malware,1,0.9986203908920288,1,malware,46
mtcperu.simulacromtc.examenmtc,benign,0,0.8684163093566895,1,malware,151
edu.synthetic.androzoo.malware.banker_accessibility.0981,malware,1,0.9993937015533447,1,malware,92
edu.synthetic.androzoo.malware.overlay_pin_stealer.0586,malware,1,0.99909508228302,1,malware,43
com.milleniumfmelectrodj.radio,benign,0,0.0018055960536003113,0,benign,11
edu.synthetic.androzoo.malware.dropper_loader.0250,malware,1,0.9993556141853333,1,malware,82
com.wyt.iexuetang.hd.xxwkt,malware,1,0.09035304188728333,0,benign,207
jp.dle.gyakuten,malware,1,0.0012590278638526797,0,benign,13
app.nauticap.it,benign,0,0.0013203739654272795,0,benign,132
edu.synthetic.androzoo.malware.dropper_loader.1601,malware,1,0.7186997532844543,1,malware,174
com.apps.amit.lawofattraction,benign,0,0.032883238047361374,0,benign,61
com.bim.osus,benign,0,0.0755232721567154,0,benign,18
edu.synthetic.androzoo.malware.banker_accessibility.0104,malware,1,0.999178946018219,1,malware,145
com.TarterStudio.MRIProtocolosdeResonancia,benign,0,0.0009121538605540991,0,benign,11
silverlime.casesimulatorultimate,benign,0,0.0009017689153552055,0,benign,35
com.spond.spond,benign,0,0.0010825240751728415,0,benign,108
edu.synthetic.androzoo.benign.utility_background.0051,benign,0,0.0012092406395822763,0,benign,50
jp.co.mplanning.grow,benign,0,0.008899607695639133,0,benign,49
turnariovf.giordanif,benign,0,0.0013928893022239208,0,benign,87
edu.synthetic.androzoo.benign.media_game.0004,benign,0,0.00172118516638875,0,benign,121
fr.geev.application,benign,0,0.001748765236698091,0,benign,219
dk.fk.blivomdeler,benign,0,0.0015045746695250273,0,benign,46
com.siyangxunfei.chenyang.sharetrack,benign,0,0.5501855611801147,1,malware,26
com.tytops.ocarinalite,benign,0,0.9959656000137329,1,malware,23
com.gamepie.airpolice,benign,0,0.0010300928261131048,0,benign,141
edu.synthetic.androzoo.malware.overlay_pin_stealer.1846,malware,1,0.999329686164856,1,malware,86
ch.ringier.beobachter,benign,0,0.001826434163376689,0,benign,97
edu.synthetic.androzoo.malware.sms_otp_stealer.1290,malware,1,0.9989044666290283,1,malware,142
edu.synthetic.androzoo.malware.wallet_stealer.0657,malware,1,0.9992490410804749,1,malware,50
edu.synthetic.androzoo.malware.ransomware_locker.1572,malware,1,0.004763335455209017,0,benign,168
edu.synthetic.androzoo.malware.overlay_pin_stealer.2040,malware,1,0.9966493248939514,1,malware,70
com.ghs.sortpuz.bottle.game,benign,0,0.20786553621292114,0,benign,15
air.com.tutotoons.app.sweetbabygirlchristmas2.free,benign,0,0.0011327659012749791,0,benign,91
com.cooking.world.chef.craze.restaurant.fever.free,benign,0,0.0010630787583068013,0,benign,204
edu.synthetic.androzoo.malware.sms_otp_stealer.0850,malware,1,0.9986574649810791,1,malware,51
com.pujiagames.daremoinai,malware,1,0.0011237533763051033,0,benign,14
edu.synthetic.androzoo.malware.adware_clicker.1231,malware,1,0.9991694688796997,1,malware,48
com.jumpgames.rswrb,benign,0,0.0011941128177568316,0,benign,141
edu.synthetic.androzoo.malware.overlay_pin_stealer.1183,malware,1,0.9993139505386353,1,malware,137
com.OwnGames.OwnKingdom,malware,1,0.0017986849416047335,0,benign,11
lingauto.gczx.shop4s.wsjb,malware,1,0.9992720484733582,1,malware,32
com.daveandava.player.subscription,benign,0,0.28463733196258545,0,benign,84
com.qumu.viewer,benign,0,0.0010844464413821697,0,benign,93
edu.synthetic.androzoo.malware.banker_accessibility.1845,malware,1,0.998612642288208,1,malware,179
com.signnow.android,benign,0,0.001019432907924056,0,benign,13
edu.synthetic.androzoo.malware.adware_clicker.1069,malware,1,0.0056326789781451225,0,benign,157
edu.synthetic.androzoo.malware.overlay_pin_stealer.0966,malware,1,0.9992557168006897,1,malware,111
edu.synthetic.androzoo.malware.ransomware_locker.1781,malware,1,0.11144339293241501,0,benign,179
be.persgroep.android.news.mobilema,benign,0,0.002060218481346965,0,benign,193
edu.synthetic.androzoo.malware.banker_accessibility.1534,malware,1,0.9985289573669434,1,malware,188
com.trainerize.builtforthis,benign,0,0.7680836319923401,1,malware,25
com.foodbooking.kebapnovelda,benign,0,0.0009391190251335502,0,benign,95
com.foxsports.android,benign,0,0.0012064598267897964,0,benign,274
com.sword.camera.editor,malware,1,0.9734287858009338,1,malware,58
com.astrology.psychics,benign,0,0.0010698094265535474,0,benign,184
edu.synthetic.androzoo.benign.utility_background.0057,benign,0,0.0010831140680238605,0,benign,158
edu.synthetic.androzoo.malware.ransomware_locker.1690,malware,1,0.9880396723747253,1,malware,101
com.quicktool.applock.lockapps.fingerprint.password,benign,0,0.001135789672844112,0,benign,241
edu.synthetic.androzoo.malware.ransomware_locker.1651,malware,1,0.003294513560831547,0,benign,164
edu.synthetic.androzoo.malware.ransomware_locker.1203,malware,1,0.008729144930839539,0,benign,119
kr.co.goodokmall,benign,0,0.0010850918479263783,0,benign,139
air.android.evolutionalpaca,malware,1,0.0012410955969244242,0,benign,10
edu.synthetic.androzoo.malware.ransomware_locker.0591,malware,1,0.006218463182449341,0,benign,101
edu.synthetic.androzoo.malware.ransomware_locker.0168,malware,1,0.9635364413261414,1,malware,72
eu.versine.sapporo,benign,0,0.022567808628082275,0,benign,21
com.tube.play.music.downloader.mp3.musica.sound.descargar.freeapp,benign,0,0.0012462135637179017,0,benign,252
edu.synthetic.androzoo.malware.overlay_pin_stealer.0690,malware,1,0.9992551207542419,1,malware,45
edu.synthetic.androzoo.malware.overlay_pin_stealer.1884,malware,1,0.9934729933738708,1,malware,158
com.telematicssdk.zenroad,benign,0,0.08736038208007812,0,benign,23
edu.synthetic.androzoo.benign.utility_background.0221,benign,0,0.001650110469199717,0,benign,61
ch.ceres24.app2,benign,0,0.0018013211665675044,0,benign,143
my.com.cosway.team,benign,0,0.002140981378033757,0,benign,145
cat.bcn.llumbcn,benign,0,0.0016205073334276676,0,benign,129
bpresent.studio,benign,0,0.6148394346237183,1,malware,121
jp.co.mixi.karasta,benign,0,0.001326491474173963,0,benign,111
app.unitime,benign,0,0.2370518296957016,0,benign,30
edu.synthetic.androzoo.malware.wallet_stealer.1898,malware,1,0.9987092018127441,1,malware,96
edu.synthetic.androzoo.malware.overlay_pin_stealer.2009,malware,1,0.996884286403656,1,malware,187
com.ds.mf.dhansampan,benign,0,0.0012735752388834953,0,benign,26
edu.synthetic.androzoo.malware.dropper_loader.2055,malware,1,0.9753115773200989,1,malware,231
edu.synthetic.androzoo.benign.media_game.0209,benign,0,0.0015052625676617026,0,benign,135
com.riverapps.jewelsjunglepop,benign,0,0.0010191173059865832,0,benign,105
vip.mytokenpocket,malware,1,0.0016924224328249693,0,benign,205
edu.synthetic.androzoo.malware.wallet_stealer.0165,malware,1,0.9988182187080383,1,malware,160
com.insession.zero_phobia,benign,0,0.7807275056838989,1,malware,52
com.smarthito.smartmixer,malware,1,0.0029224283061921597,0,benign,69
edu.synthetic.androzoo.malware.overlay_pin_stealer.2005,malware,1,0.9992794394493103,1,malware,183
com.hf.findmaster,malware,1,0.0017573223449289799,0,benign,52
edu.synthetic.androzoo.benign.media_game.0060,benign,0,0.0012190643465146422,0,benign,47
edu.synthetic.androzoo.malware.banker_accessibility.2078,malware,1,0.9980837106704712,1,malware,67
edu.synthetic.androzoo.malware.dropper_loader.1738,malware,1,0.9994440674781799,1,malware,63
com.pheaa.mobile.aspire,benign,0,0.999035120010376,1,malware,54
edu.synthetic.androzoo.malware.adware_clicker.0614,malware,1,0.9772571325302124,1,malware,31
edu.synthetic.androzoo.malware.banker_accessibility.1913,malware,1,0.9943134784698486,1,malware,150
edu.synthetic.androzoo.malware.overlay_pin_stealer.0354,malware,1,0.9989342093467712,1,malware,39
edu.synthetic.androzoo.malware.dropper_loader.0365,malware,1,0.9994027614593506,1,malware,31
edu.synthetic.androzoo.malware.spyware_surveillance.1181,malware,1,0.9989721775054932,1,malware,118
com.tt.customer.us,benign,0,0.0012934807455167174,0,benign,125
edu.synthetic.androzoo.malware.dropper_loader.0883,malware,1,0.8859339952468872,1,malware,196
cn.zhui.client827935,malware,1,0.9991911053657532,1,malware,99
com.icbc.wapc,malware,1,0.010954218916594982,0,benign,53
be.standard.appsupporter,benign,0,0.0021513300016522408,0,benign,79
cashcow.app,benign,0,0.020425638183951378,0,benign,15
com.nummagames.VikingWars,benign,0,0.5229318737983704,1,malware,17
com.swcloud.game,malware,1,0.04528159275650978,0,benign,79
edu.synthetic.androzoo.malware.banker_accessibility.1695,malware,1,0.9989332556724548,1,malware,173
lu.bgl.spm.wm,benign,0,0.0009528592927381396,0,benign,156
com.CSswankychicboutique.android,benign,0,0.0011451620375737548,0,benign,131
com.gamaxgamesidc.clashofcrimemafiagang,malware,1,0.0007856809534132481,0,benign,10
edu.synthetic.androzoo.malware.dropper_loader.1950,malware,1,0.9988296627998352,1,malware,78
com.wassel.dotlinemerchant,benign,0,0.2579951584339142,0,benign,37
com.hipu.yidian,malware,1,0.11628372967243195,0,benign,14
com.arclightCity.dexappstudio,benign,0,0.9936498999595642,1,malware,77
edu.synthetic.androzoo.malware.dropper_loader.0683,malware,1,0.04651055112481117,0,benign,206
edu.synthetic.androzoo.malware.banker_accessibility.0122,malware,1,0.9982914328575134,1,malware,183
ie.flipdish.fd14633,benign,0,0.8907498121261597,1,malware,56
com.eka.Resist,benign,0,0.0012504089390859008,0,benign,260
com.geovictoriasupervisor,benign,0,0.9908938407897949,1,malware,21
com.autobid.val,benign,0,0.0020953204948455095,0,benign,26
edu.synthetic.androzoo.malware.spyware_surveillance.0297,malware,1,0.8522012233734131,1,malware,153
edu.synthetic.androzoo.malware.spyware_surveillance.1464,malware,1,0.9961042404174805,1,malware,182
com.ovuline.fertility,benign,0,0.0022173747420310974,0,benign,131
com.subsplashconsulting.s_CRB6RK,benign,0,0.0024453855585306883,0,benign,170
com.pushpress.crossfittrivium,benign,0,0.001672543934546411,0,benign,10
com.tgh.us.army.oil.tanker.truck.driving.games,benign,0,0.021342333406209946,0,benign,27
com.EvolutionOfGames.EvolutionOfSpecies.ly,malware,1,0.6442831754684448,1,malware,20
edu.synthetic.androzoo.malware.ransomware_locker.0042,malware,1,0.0033802087418735027,0,benign,125
edu.synthetic.androzoo.malware.ransomware_locker.0192,malware,1,0.0303855799138546,0,benign,191
com.threew.wordgame,benign,0,0.0011672937544062734,0,benign,145
com.suppapp,benign,0,0.0018632946303114295,0,benign,102
com.avvaloffice.flutter_hbb,malware,1,0.054525792598724365,0,benign,17
edu.synthetic.androzoo.malware.banker_accessibility.0129,malware,1,0.9987425208091736,1,malware,52
com.azazie.az,benign,0,0.0011836118064820766,0,benign,106
edu.synthetic.androzoo.malware.overlay_pin_stealer.1076,malware,1,0.9986333250999451,1,malware,67
in.ether.vivabeautyparlour,benign,0,0.0034469307865947485,0,benign,25
com.mini.mixed.color,malware,1,0.7029945254325867,1,malware,28
edu.synthetic.androzoo.malware.banker_accessibility.2011,malware,1,0.9990704655647278,1,malware,130
com.Golden.Dinopaint,benign,0,0.11320886015892029,0,benign,25
kooto.car.sharing,benign,0,0.0010148658184334636,0,benign,138
com.toreluna.app.service,benign,0,0.07739420980215073,0,benign,33
com.dictionary.englishtoswahilidic,malware,1,0.0020275551360100508,0,benign,288
edu.synthetic.androzoo.malware.banker_accessibility.0369,malware,1,0.9987654685974121,1,malware,49
geo.gpsfence.mapster,benign,0,0.0012727694120258093,0,benign,207
jp.co.sony.hes.home,benign,0,0.0011613746173679829,0,benign,125
com.goder.busquerysystemptl,benign,0,0.17147387564182281,0,benign,44
cn.com.vau,benign,0,0.0010572189930826426,0,benign,176
edu.synthetic.androzoo.benign.utility_background.0231,benign,0,0.0013476721942424774,0,benign,41
com.ujigu.tcyuying,malware,1,0.9965019226074219,1,malware,83
edu.synthetic.androzoo.malware.adware_clicker.1063,malware,1,0.04391823336482048,0,benign,167
com.evolution.hyper,benign,0,0.0009743552654981613,0,benign,113
edu.synthetic.androzoo.malware.banker_accessibility.0344,malware,1,0.9989234805107117,1,malware,46
edu.synthetic.androzoo.malware.sms_otp_stealer.0062,malware,1,0.9987678527832031,1,malware,72
com.yusi.chongchong,malware,1,0.002620385028421879,0,benign,16
edu.synthetic.androzoo.malware.dropper_loader.1427,malware,1,0.021311499178409576,0,benign,214
com.dreamapp.dubhe,benign,0,0.0012784675927832723,0,benign,187
com.productmadness.fafafagold,benign,0,0.0010442730272188783,0,benign,128
edu.synthetic.androzoo.malware.sms_otp_stealer.1311,malware,1,0.9991949200630188,1,malware,77
edu.synthetic.androzoo.malware.spyware_surveillance.0571,malware,1,0.9988971948623657,1,malware,114
com.ffsvideogames.eor3aab,benign,0,0.011338673532009125,0,benign,16
com.ultralpower.roamwifi_international,malware,1,0.0011033130576834083,0,benign,185
com.northtex.wl,benign,0,0.9944830536842346,1,malware,71
com.storytaco.p34client,benign,0,0.0011738949688151479,0,benign,144
com.bigduckgames.sparkart.beautyfire,malware,1,0.9948710203170776,1,malware,34
com.bloblegame.io,malware,1,0.9952995777130127,1,malware,48
edu.synthetic.androzoo.malware.banker_accessibility.2042,malware,1,0.9992679953575134,1,malware,75
jp.co.gemdrops.lbca,malware,1,0.0014433694304898381,0,benign,152
mobi.shoumeng.smtank,malware,1,0.9938740134239197,1,malware,32
com.CSthenestonmain.android,benign,0,0.0008936746162362397,0,benign,109
com.sniper_games.silent.scope.sniper.games,benign,0,0.0007751365192234516,0,benign,10
jp.qvc,benign,0,0.0014369395794346929,0,benign,216
edu.synthetic.androzoo.malware.sms_otp_stealer.0912,malware,1,0.9980606436729431,1,malware,56
com.netotrade_bn.mobile,malware,1,0.0009888244094327092,0,benign,108
edu.synthetic.androzoo.malware.banker_accessibility.1899,malware,1,0.9987962245941162,1,malware,142
io.github.trojan_gfw.igniterfst,malware,1,0.001222016173414886,0,benign,18
words.puzzle.wordgame.free.connect,benign,0,0.0013748150086030364,0,benign,132
com.bitmango.go.unblockcasual,benign,0,0.0011073036585003138,0,benign,133
com.smartforu,benign,0,0.9946537017822266,1,malware,19
com.yottagames.mafiawar,benign,0,0.03905012458562851,0,benign,33
tech.arcent,benign,0,0.0010129791917279363,0,benign,91
com.rebelvox.voxer,benign,0,0.0010947248665615916,0,benign,226
com.Upperpik.HairChallenge,benign,0,0.000978162162937224,0,benign,110
com.plus.ai,malware,1,0.0009393758373335004,0,benign,76
edu.synthetic.androzoo.malware.banker_accessibility.0413,malware,1,0.9992157220840454,1,malware,89
abacus.hsj,benign,0,0.002010389929637313,0,benign,115
edu.synthetic.androzoo.malware.spyware_surveillance.1326,malware,1,0.998114824295044,1,malware,115
edu.synthetic.androzoo.malware.adware_clicker.0954,malware,1,0.06776510179042816,0,benign,118
ch.local.android,benign,0,0.0008482487755827606,0,benign,129
com.trainerize.allisonjacksonfitness,benign,0,0.002489090198650956,0,benign,92
org.lestuck.mobile,benign,0,0.9538099765777588,1,malware,124
com.clear.joapp,benign,0,0.0008588024065829813,0,benign,162
com.DigitalOxygen.FireFly,benign,0,0.0009121538605540991,0,benign,11
com.apptegy.frankfort168,benign,0,0.0010123907122761011,0,benign,136
com.projectx.thepenaltyworldcup,malware,1,0.0013045979430899024,0,benign,177
net.nymtech.nymvpn,benign,0,0.9983587861061096,1,malware,15
com.tourradar.traveller.app,benign,0,0.0007262674043886364,0,benign,26
free_translator.mnzh,benign,0,0.0966414138674736,0,benign,118
com.geaxgame.pokerkingpro,benign,0,0.0024813192430883646,0,benign,125
com.etips.lugano.travel.guide,benign,0,0.006253402214497328,0,benign,18
edu.synthetic.androzoo.malware.ransomware_locker.0373,malware,1,0.9615911841392517,1,malware,104
edu.synthetic.androzoo.benign.maps_cloud.0154,benign,0,0.0011134990490972996,0,benign,115
br.com.pampa.liberdade,benign,0,0.002331624971702695,0,benign,14
fr.koust.applicationkoust,benign,0,0.996049702167511,1,malware,58
com.barringtontv.android.wach,benign,0,0.0012658010236918926,0,benign,276
edu.synthetic.androzoo.malware.ransomware_locker.0004,malware,1,0.0038964750710874796,0,benign,131
com.cricketmood.android,benign,0,0.001282998127862811,0,benign,16
edu.synthetic.androzoo.malware.ransomware_locker.1377,malware,1,0.002117181895300746,0,benign,108
com.airkast.tunekast1613_132,benign,0,0.0012793433852493763,0,benign,248
edu.synthetic.androzoo.malware.overlay_pin_stealer.1956,malware,1,0.9993405938148499,1,malware,68
com.trainerize.fitlifeparenting,benign,0,0.0022861692123115063,0,benign,79
video.gideo.westerncowboymovies,benign,0,0.0024510405492037535,0,benign,102
edu.synthetic.androzoo.malware.sms_otp_stealer.2036,malware,1,0.9985300302505493,1,malware,73
com.pumptrip.pumptrip,benign,0,0.9883679747581482,1,malware,35
com.iyuba.englishfm,malware,1,0.0037273832131177187,0,benign,14
edu.synthetic.androzoo.malware.dropper_loader.1737,malware,1,0.9992395639419556,1,malware,89
edu.synthetic.androzoo.malware.spyware_surveillance.0402,malware,1,0.9965628981590271,1,malware,40
com.bekids.art,malware,1,0.001219829311594367,0,benign,37
edu.synthetic.androzoo.malware.spyware_surveillance.1555,malware,1,0.9946789741516113,1,malware,54
com.iyuba.TEDVideo,malware,1,0.07174386829137802,0,benign,84
com.tianqiyubao2345,malware,1,0.35351303219795227,0,benign,55
edu.synthetic.androzoo.benign.media_game.0237,benign,0,0.0012938485015183687,0,benign,148
edu.synthetic.androzoo.malware.overlay_pin_stealer.1415,malware,1,0.9993715882301331,1,malware,90
com.pregnancyapp.babyinside,benign,0,0.005170109681785107,0,benign,169
com.t2s.spicegarden792960,benign,0,0.0011110224295407534,0,benign,198
edu.synthetic.androzoo.malware.overlay_pin_stealer.1780,malware,1,0.9985567927360535,1,malware,187
edu.synthetic.androzoo.malware.banker_accessibility.0700,malware,1,0.9992258548736572,1,malware,50
edu.synthetic.androzoo.malware.overlay_pin_stealer.1858,malware,1,0.9994279742240906,1,malware,78
edu.synthetic.androzoo.malware.banker_accessibility.1732,malware,1,0.9982712268829346,1,malware,152
edu.synthetic.androzoo.malware.banker_accessibility.1865,malware,1,0.9990845918655396,1,malware,169
edu.synthetic.androzoo.malware.overlay_pin_stealer.1878,malware,1,0.9992424249649048,1,malware,32
com.mirai.cat.prank.simulator.granny,benign,0,0.0014046878786757588,0,benign,82
com.tataera.lazylisten,malware,1,0.0008866852731443942,0,benign,10
edu.synthetic.androzoo.malware.ransomware_locker.0783,malware,1,0.001978609012439847,0,benign,137
com.my.xwenar1,malware,1,0.00697734160348773,0,benign,114
com.gameduell.tarot,benign,0,0.4106220304965973,0,benign,45
edu.synthetic.androzoo.malware.ransomware_locker.0385,malware,1,0.0336439311504364,0,benign,116
edu.synthetic.androzoo.malware.ransomware_locker.0720,malware,1,0.006582349538803101,0,benign,88
edu.synthetic.androzoo.benign.utility_background.0084,benign,0,0.001234701368957758,0,benign,119
com.kk.xx.sleepnoise,malware,1,0.016147978603839874,0,benign,26
com.orbit.cooking.carnival.restro.game,benign,0,0.0015029080677777529,0,benign,111
com.ubestkid.BeilehuTown.a,malware,1,0.8354398608207703,1,malware,88
com.mondadori.scienceetvie,benign,0,0.18267616629600525,0,benign,32
com.fancystudiomods.mobmods,benign,0,0.0011360861826688051,0,benign,147
org.diario.diary_agenda.journal_tagebuch,benign,0,0.008791911415755749,0,benign,27
com.riu,benign,0,0.005909581668674946,0,benign,165
com.colorup.game,malware,1,0.001198766054585576,0,benign,154
edu.synthetic.androzoo.malware.banker_accessibility.0456,malware,1,0.9938812255859375,1,malware,137
fr.oworld.student_timetable,benign,0,0.0011520941043272614,0,benign,162
etg.extranet,benign,0,0.0009677924099378288,0,benign,198
com.wave.lalkar,benign,0,0.0016103166854009032,0,benign,108
com.cosmicmobile.lw.ocean2,benign,0,0.0012580292532220483,0,benign,226
edu.synthetic.androzoo.malware.spyware_surveillance.0099,malware,1,0.9988529682159424,1,malware,102
edu.synthetic.androzoo.benign.webview_content.0186,benign,0,0.0009111975086852908,0,benign,122
edu.synthetic.androzoo.malware.sms_otp_stealer.0762,malware,1,0.9979460835456848,1,malware,173
edu.synthetic.androzoo.malware.overlay_pin_stealer.0908,malware,1,0.9991593360900879,1,malware,98
com.apcurium.MK.Alberta,benign,0,0.0017856564372777939,0,benign,53
se.sormlandsmedia.sn,benign,0,0.0010187877342104912,0,benign,130
edu.synthetic.androzoo.malware.dropper_loader.0600,malware,1,0.9991186261177063,1,malware,72
com.evertry.app,benign,0,0.0011742986971512437,0,benign,10
edu.synthetic.androzoo.malware.dropper_loader.0769,malware,1,0.15928086638450623,0,benign,201
edu.synthetic.androzoo.malware.ransomware_locker.0078,malware,1,0.012010501697659492,0,benign,172
com.infra.jkgb,benign,0,0.0009548349771648645,0,benign,14
com.divmob.impostor,benign,0,0.0011436811182647943,0,benign,87
com.nt.pictionary,benign,0,0.0080482866615057,0,benign,20
edu.synthetic.androzoo.malware.spyware_surveillance.0029,malware,1,0.20310388505458832,0,benign,129
com.maxitime22.createmusic.frequencygenerator.portretversion,benign,0,0.9843819737434387,1,malware,27
applivingbypreceptsministriesorg.wpapp,benign,0,0.9916580319404602,1,malware,60
edu.synthetic.androzoo.malware.dropper_loader.1316,malware,1,0.048582516610622406,0,benign,171
com.happybirthdaysms.happybirthdaysms,malware,1,0.0007691137143410742,0,benign,10
net.peakgames.toonblast,benign,0,0.001754128490574658,0,benign,114
com.pvprototype,benign,0,0.027468761429190636,0,benign,81
com.worldwidetranscriptss.client,benign,0,0.05936584249138832,0,benign,62
alldictdict.alldict.fizh,benign,0,0.9966446161270142,1,malware,102
edu.synthetic.androzoo.malware.banker_accessibility.0640,malware,1,0.9992530941963196,1,malware,103
com.techvariable.networktravels,benign,0,0.0014719364698976278,0,benign,156
edu.synthetic.androzoo.benign.maps_cloud.0130,benign,0,0.0009977747686207294,0,benign,165
edu.synthetic.androzoo.malware.overlay_pin_stealer.0377,malware,1,0.9993005990982056,1,malware,87
edu.synthetic.androzoo.malware.dropper_loader.1463,malware,1,0.8761296272277832,1,malware,221
saude.mrc.saude,benign,0,0.0012866649776697159,0,benign,29
edu.synthetic.androzoo.malware.adware_clicker.1479,malware,1,0.19531255960464478,0,benign,134
com.mixgo.PropertySEO,benign,0,0.003501005470752716,0,benign,147
edu.synthetic.androzoo.malware.banker_accessibility.1711,malware,1,0.9992396831512451,1,malware,239
edu.synthetic.androzoo.malware.adware_clicker.0645,malware,1,0.6089847683906555,1,malware,125
edu.synthetic.androzoo.malware.banker_accessibility.0079,malware,1,0.9988548755645752,1,malware,165
co.davos.mathme,benign,0,0.0011206116760149598,0,benign,93
br.com.controlezootecnico.lactalis,benign,0,0.09745307266712189,0,benign,18
com.flyersoft.seekbooks,malware,1,0.0018002239521592855,0,benign,38
edu.synthetic.androzoo.malware.banker_accessibility.1165,malware,1,0.9978998899459839,1,malware,141
com.proxxinative,benign,0,0.0034113291185349226,0,benign,58
edu.synthetic.androzoo.malware.sms_otp_stealer.1661,malware,1,0.9984769225120544,1,malware,55
edu.synthetic.androzoo.malware.spyware_surveillance.1401,malware,1,0.9812581539154053,1,malware,140
cloud.blynk,benign,0,0.0011819849023595452,0,benign,174
edu.synthetic.androzoo.malware.banker_accessibility.0077,malware,1,0.9991410970687866,1,malware,135
com.akdeveloper.staffregister,benign,0,0.0012583367060869932,0,benign,96
com.orientapps.idlecitymafiaclicker,malware,1,0.0015263472450897098,0,benign,55
volumebooster.sound.speaker,benign,0,0.001274394802749157,0,benign,120
edu.synthetic.androzoo.malware.dropper_loader.1178,malware,1,0.9988313317298889,1,malware,106
com.malvo.frisbee,benign,0,0.001309898099862039,0,benign,96
bhakti.sagar.mahamrityunjaya.mantra,benign,0,0.0017030094750225544,0,benign,63
edu.synthetic.androzoo.malware.banker_accessibility.1594,malware,1,0.9855408072471619,1,malware,233
com.beevle.xz.checkin_manage.second,malware,1,0.6398448348045349,1,malware,106
edu.synthetic.androzoo.malware.adware_clicker.1761,malware,1,0.9897453188896179,1,malware,105
net.hanulsoft.nenc,benign,0,0.001408643671311438,0,benign,75
edu.synthetic.androzoo.malware.overlay_pin_stealer.1563,malware,1,0.9991042017936707,1,malware,48
com.play.merge.restyle,benign,0,0.001848038169555366,0,benign,113
com.cyberlink.powerdirector.DRA140225_01,benign,0,0.0013236065860837698,0,benign,149
edu.synthetic.androzoo.malware.spyware_surveillance.1282,malware,1,0.9918127059936523,1,malware,105
com.erkc,benign,0,0.0015456841792911291,0,benign,84
net.slions.fulguris.full.playstore,benign,0,0.0009139355388469994,0,benign,96
com.apps.clock.theclock,malware,1,0.008241490460932255,0,benign,158
com.alaeat.customer.android.cheflee,benign,0,0.11429321020841599,0,benign,23
edu.synthetic.androzoo.malware.adware_clicker.0590,malware,1,0.037544045597314835,0,benign,177
com.mes.TheColorMask,benign,0,0.0011100369738414884,0,benign,213
edu.synthetic.androzoo.malware.overlay_pin_stealer.1184,malware,1,0.9991468191146851,1,malware,191
com.bonbongame.hairdresser.hair.style.salon.game,benign,0,0.0008752300636842847,0,benign,109
edu.synthetic.androzoo.malware.spyware_surveillance.1348,malware,1,0.9990503191947937,1,malware,154
com.playhome,malware,1,0.009344556368887424,0,benign,98
edu.synthetic.androzoo.malware.spyware_surveillance.0117,malware,1,0.9992326498031616,1,malware,99
com.huazhenginfo.HZDailyqd,malware,1,0.0011919456301257014,0,benign,27
com.permadi.basketball,benign,0,0.23305568099021912,0,benign,17
edu.synthetic.androzoo.malware.spyware_surveillance.1620,malware,1,0.9849833846092224,1,malware,151
com.kindae.lephysicien,malware,1,0.001686386065557599,0,benign,22
com.smarttech.smartmirrorapp,benign,0,0.24894611537456512,0,benign,14
com.project43.isei,benign,0,0.00397806940600276,0,benign,91
com.shubhlaxmi.option.stoploss.target,malware,1,0.002580357948318124,0,benign,101
com.enjoygame.ttwyjp,malware,1,0.19360201060771942,0,benign,133
com.MPProductions.GalacticSparkMission,benign,0,0.004168204963207245,0,benign,15
com.ofotech.app.in,benign,0,0.00466851145029068,0,benign,90
com.newellmediallc.live.hippo,malware,1,0.0014623954193666577,0,benign,105
edu.synthetic.androzoo.malware.banker_accessibility.0411,malware,1,0.9982511401176453,1,malware,172
com.dajia.view.ncgjsd,malware,1,0.44449299573898315,0,benign,93
edu.synthetic.androzoo.benign.webview_content.0234,benign,0,0.0057446518912911415,0,benign,95
edu.synthetic.androzoo.malware.overlay_pin_stealer.0432,malware,1,0.9994126558303833,1,malware,96
com.esi.kbbio,benign,0,0.0011527081951498985,0,benign,133
com.langya.lyt,malware,1,0.0011846973793581128,0,benign,45
edu.synthetic.androzoo.malware.ransomware_locker.1386,malware,1,0.009820082224905491,0,benign,186
australia.news.au.newspapers.magazines,benign,0,0.0012672594748437405,0,benign,146
mobilesoftgame.grandwarssa,malware,1,0.9983999133110046,1,malware,28
se.expressen.areader,benign,0,0.039653435349464417,0,benign,77
edu.synthetic.androzoo.benign.commerce_social.0239,benign,0,0.0013116946211084723,0,benign,184
jp.co.skyperfectv.baseball.android,benign,0,0.002123845275491476,0,benign,171
edu.synthetic.androzoo.malware.wallet_stealer.0138,malware,1,0.9993065595626831,1,malware,150
edu.synthetic.androzoo.malware.banker_accessibility.1557,malware,1,0.9980568289756775,1,malware,167
edu.synthetic.androzoo.malware.overlay_pin_stealer.1597,malware,1,0.9993632435798645,1,malware,144
com.ptminder.oryanfitness,benign,0,0.00580609543249011,0,benign,138
edu.synthetic.androzoo.malware.spyware_surveillance.0778,malware,1,0.861574113368988,1,malware,187
com.mobincube.parabolas_de_jesus.sc_H7QXK9,malware,1,0.00165025913156569,0,benign,75
com.anatomyka.android,benign,0,0.000961692538112402,0,benign,12
nz.co.solus.Kotui.Whakatane,benign,0,0.8850727677345276,1,malware,18
heart.rate.monitor.tracker,malware,1,0.0009584041545167565,0,benign,65
edu.synthetic.androzoo.malware.ransomware_locker.0329,malware,1,0.18393681943416595,0,benign,98
edu.synthetic.androzoo.malware.dropper_loader.1059,malware,1,0.9980772733688354,1,malware,94
edu.synthetic.androzoo.malware.sms_otp_stealer.0855,malware,1,0.9991493225097656,1,malware,126
edu.synthetic.androzoo.malware.adware_clicker.0568,malware,1,0.9579142332077026,1,malware,34
edu.synthetic.androzoo.malware.banker_accessibility.1042,malware,1,0.9991475343704224,1,malware,156
com.mrc.ess.app,benign,0,0.0012153902789577842,0,benign,128
pickup.ride.uk.driver,benign,0,0.0009173640864901245,0,benign,144
com.giraffegames.realtennis,benign,0,0.003156777936965227,0,benign,26
edu.synthetic.androzoo.malware.banker_accessibility.1972,malware,1,0.9974719882011414,1,malware,150
edu.synthetic.androzoo.malware.banker_accessibility.1747,malware,1,0.9969149827957153,1,malware,229
com.migastone.appthree.android62c4276994784,benign,0,0.04155613109469414,0,benign,30
com.pulsmo.StrayCatTowers,benign,0,0.13079902529716492,0,benign,14
com.prostoysoft.mancala,benign,0,0.9989055395126343,1,malware,28
edu.synthetic.androzoo.malware.overlay_pin_stealer.1567,malware,1,0.9990741014480591,1,malware,55
edu.synthetic.androzoo.malware.banker_accessibility.1105,malware,1,0.9992988109588623,1,malware,108
com.imatrade.app,benign,0,0.0009800222469493747,0,benign,125
edu.synthetic.androzoo.malware.overlay_pin_stealer.0057,malware,1,0.9992744326591492,1,malware,48
com.beijzc.skits,malware,1,0.03983669728040695,0,benign,101
dev.wafu.classgrad,benign,0,0.0009939871961250901,0,benign,110
ru.yandex.key,benign,0,0.0010669464245438576,0,benign,28
au.com.cheq,benign,0,0.0054388646967709064,0,benign,83
com.sage.jiecai,malware,1,0.9965124726295471,1,malware,127
edu.synthetic.androzoo.malware.banker_accessibility.1564,malware,1,0.999099612236023,1,malware,191
com.moyun365.android.gkchemistrytong,malware,1,0.993069052696228,1,malware,32
edu.synthetic.androzoo.malware.overlay_pin_stealer.1823,malware,1,0.9985590577125549,1,malware,47
com.rvappstudios.shapes.colors.toddler,benign,0,0.00100703164935112,0,benign,11
edu.synthetic.androzoo.malware.spyware_surveillance.0721,malware,1,0.9381322860717773,1,malware,160
com.getgarner.app,benign,0,0.0014964538859203458,0,benign,116
edu.synthetic.androzoo.malware.overlay_pin_stealer.1794,malware,1,0.9986452460289001,1,malware,37
edu.synthetic.androzoo.malware.adware_clicker.0754,malware,1,0.004117634147405624,0,benign,175
ru.agweb.gr.driver,benign,0,0.001430937321856618,0,benign,89
com.apgaragedealer,benign,0,0.017317794263362885,0,benign,147
weightloss.weightlossforwomen.workoutforwomen.womenworkout,benign,0,0.0013474334264174104,0,benign,119
com.tinytouchtales.cardthief,benign,0,0.0034388243220746517,0,benign,50
jp.co.cyberagent.miami,benign,0,0.49387499690055847,0,benign,31
com.numbers.pop.puzzlegames.block,benign,0,0.0012619411572813988,0,benign,98
edu.synthetic.androzoo.malware.wallet_stealer.1312,malware,1,0.9992477893829346,1,malware,139
it.onecontrol.sicenext,benign,0,0.0010033858707174659,0,benign,130
edu.synthetic.androzoo.malware.banker_accessibility.0745,malware,1,0.9992473125457764,1,malware,68
com.subsplashconsulting.s_PV3GSX,benign,0,0.004311549011617899,0,benign,169
com.tocaboca.tocamini,malware,1,0.011196572333574295,0,benign,17
edu.synthetic.androzoo.malware.overlay_pin_stealer.1265,malware,1,0.9992904663085938,1,malware,116
com.provigil.vgs,benign,0,0.9993589520454407,1,malware,57
com.trainerize.mikegrimmfitness,benign,0,0.036323416978120804,0,benign,13
edu.synthetic.androzoo.malware.spyware_surveillance.1832,malware,1,0.03905613720417023,0,benign,183
edu.synthetic.androzoo.malware.banker_accessibility.1420,malware,1,0.9990313053131104,1,malware,65
br.com.wiki4fit.marcusvinicius,benign,0,0.0008288046228699386,0,benign,109
edu.synthetic.androzoo.malware.spyware_surveillance.2029,malware,1,0.9982169270515442,1,malware,140
ua.com.goodwine.app,benign,0,0.001134352758526802,0,benign,222
com.moodle.taheriacademy,benign,0,0.9403101205825806,1,malware,49
com.bravolang.portuguese,malware,1,0.015271608717739582,0,benign,76
com.fitivity.rehab_ankle,benign,0,0.0013599154772236943,0,benign,237
kvp.jjy.smartSafePayment,benign,0,0.0008597312844358385,0,benign,128
org.toshi,benign,0,0.00177057518158108,0,benign,33
com.phonegap.bigben,benign,0,0.9982495903968811,1,malware,49
com.rytong.hnair,malware,1,0.0009559759637340903,0,benign,94
com.sega.sprint,benign,0,0.004423616454005241,0,benign,54
edu.synthetic.androzoo.malware.sms_otp_stealer.1714,malware,1,0.9985274076461792,1,malware,48
com.women.fitness.body.inspire.herworkout,malware,1,0.004196959547698498,0,benign,114
aurorafirst.app.com,benign,0,0.9816263914108276,1,malware,49
vn.payoo,benign,0,0.0011612920789048076,0,benign,143
in.nirals.aiscbe,benign,0,0.0011947413440793753,0,benign,47
com.at.death.ultimate.strike,malware,1,0.0023370308335870504,0,benign,42
edu.synthetic.androzoo.malware.wallet_stealer.0979,malware,1,0.9992451667785645,1,malware,156
io.flic.app,benign,0,0.0020841537043452263,0,benign,96
com.yayday.app,benign,0,0.9993896484375,1,malware,43
edu.synthetic.androzoo.malware.ransomware_locker.1370,malware,1,0.002523887436836958,0,benign,110
com.xingluo.allcolor,malware,1,0.12374304234981537,0,benign,47
edu.synthetic.androzoo.malware.wallet_stealer.0050,malware,1,0.9988065958023071,1,malware,148
edu.synthetic.androzoo.malware.banker_accessibility.1513,malware,1,0.9976794123649597,1,malware,57
de.saas.timeclockv2,benign,0,0.9981983304023743,1,malware,50
com.gamepple.demonshunter.pj,malware,1,0.8561283946037292,1,malware,19
edu.synthetic.androzoo.malware.spyware_surveillance.0604,malware,1,0.9991400241851807,1,malware,123
com.evrotrust.app,benign,0,0.001282730489037931,0,benign,117
makeover.merge,benign,0,0.0008801113581284881,0,benign,12
cili.niao.search.bt.ci.li,malware,1,0.0010529826395213604,0,benign,105
com.bible.dailyprayer.verse.devotion.guide,benign,0,0.0009309292072430253,0,benign,129
com.easternpromiseonline,benign,0,0.0010470394045114517,0,benign,186
edu.synthetic.androzoo.malware.overlay_pin_stealer.1962,malware,1,0.9994001388549805,1,malware,98
com.dongbao.ygzj,malware,1,0.008278810419142246,0,benign,120
nl.pinkelephant.pink.crm,benign,0,0.0017711527179926634,0,benign,13
com.colanotes.android,malware,1,0.0008839200017973781,0,benign,49
edu.synthetic.androzoo.malware.overlay_pin_stealer.1915,malware,1,0.9987818598747253,1,malware,41
com.softcraft.frenchbible,benign,0,0.002111984882503748,0,benign,217
com.beretta.shootingdata,benign,0,0.0013328449567779899,0,benign,110
edu.synthetic.androzoo.malware.banker_accessibility.1506,malware,1,0.3851262927055359,0,benign,177
com.itita.chuanyi,malware,1,0.002477792790159583,0,benign,19
modmenupubg.toolhack.espmodbgmi.v,malware,1,0.0020045959390699863,0,benign,31
com.takeoffbolts.screw.puzzle,benign,0,0.0008620970766060054,0,benign,128
com.medpresso.Lonestar.vetanes,benign,0,0.02864638902246952,0,benign,104
nl.halalspots.alafassyquranmp3,benign,0,0.06859681010246277,0,benign,106
com.phyla.phyla,benign,0,0.004096904769539833,0,benign,13
edu.synthetic.androzoo.malware.banker_accessibility.1126,malware,1,0.9978635907173157,1,malware,193
nl.coffeeit.workstead,benign,0,0.9807546138763428,1,malware,24
com.perfect.organizing.tidy.games,benign,0,0.0011956385569646955,0,benign,167
com.BraDev.RedPanda102,benign,0,0.0015071937814354897,0,benign,36
com.dada.songshu,malware,1,0.8930492401123047,1,malware,81
edu.synthetic.androzoo.malware.overlay_pin_stealer.1852,malware,1,0.9994158744812012,1,malware,117
edu.synthetic.androzoo.malware.banker_accessibility.1418,malware,1,0.9965938925743103,1,malware,195
com.abanca.bancamovil.particulares,benign,0,0.0012073939433321357,0,benign,167
com.luckystargame.funbigtwo,malware,1,0.23092257976531982,0,benign,97
io.calamari.kiosk,benign,0,0.0009604306542314589,0,benign,122
net.infojobs.mobile.android,benign,0,0.0010432234266772866,0,benign,139
com.bo.fotoo,malware,1,0.000964868871960789,0,benign,75
edu.synthetic.androzoo.malware.banker_accessibility.2046,malware,1,0.9992398023605347,1,malware,115
joybits.doodletankshd_free,benign,0,0.817378044128418,1,malware,27
com.istsoft.dipteal1,benign,0,0.011613656766712666,0,benign,15
com.threeminutegames.lifelinehalftoinfinitygoog.st,malware,1,0.0022659548558294773,0,benign,119
edu.synthetic.androzoo.malware.spyware_surveillance.1537,malware,1,0.9798017740249634,1,malware,47
inc.ambit.client,benign,0,0.9134621620178223,1,malware,29
com.phorest.finandco,benign,0,0.003466252237558365,0,benign,145
com.chillnstudy.enhu,benign,0,0.006835168693214655,0,benign,17
fmcode.Ccboxqml,benign,0,0.14620549976825714,0,benign,78
com.cysterhood,benign,0,0.8224571347236633,1,malware,40
com.euvic.fpowner,benign,0,0.9962248802185059,1,malware,29
edu.synthetic.androzoo.malware.banker_accessibility.1240,malware,1,0.9988313317298889,1,malware,160
com.gf.highway.traffic.control.game.city.traffic,benign,0,0.0009023747988976538,0,benign,98
com.easilydo.mail,benign,0,0.4743540585041046,0,benign,17
com.sizestream.sah,benign,0,0.5360389351844788,1,malware,33
com.memoriki.fullhousecasino,benign,0,0.0018932438688352704,0,benign,93
edu.synthetic.androzoo.benign.maps_cloud.0072,benign,0,0.007689950987696648,0,benign,54
sleep.app.relax.calm,benign,0,0.0010438095778226852,0,benign,215
com.neusoft.app.beijingdaily.phone,malware,1,0.004096789751201868,0,benign,98
com.wifi.reader.lite,malware,1,0.001539355143904686,0,benign,11
com.StatusSaver.forWhatsapp,malware,1,0.001668318291194737,0,benign,167
com.ustcsoft.zshl.app,malware,1,0.002975473878905177,0,benign,42
edu.synthetic.androzoo.malware.spyware_surveillance.0882,malware,1,0.9975118637084961,1,malware,107
com.gomcorp.gomrecorder,benign,0,0.004952824208885431,0,benign,29
com.noru.cursos,benign,0,0.0009459786233492196,0,benign,11
edu.synthetic.androzoo.malware.ransomware_locker.0530,malware,1,0.012776215560734272,0,benign,150
edu.synthetic.androzoo.malware.dropper_loader.1796,malware,1,0.9899706244468689,1,malware,61
edu.synthetic.androzoo.malware.spyware_surveillance.0200,malware,1,0.998855471611023,1,malware,45
com.acurable.apsa,benign,0,0.12353308498859406,0,benign,27
edu.synthetic.androzoo.malware.overlay_pin_stealer.0592,malware,1,0.9993584752082825,1,malware,73
org.stocktwits.android.activity,benign,0,0.0010279851267114282,0,benign,220
ai.mybuddy.talkingflashcards_new,benign,0,0.001638576970435679,0,benign,114
com.dar.dar,benign,0,0.0009590275585651398,0,benign,126
com.taprun.fruit.candy.candymonsterline,malware,1,0.9120437502861023,1,malware,156
edu.synthetic.androzoo.malware.spyware_surveillance.1877,malware,1,0.9986186027526855,1,malware,109
com.wholesale7.yxm,malware,1,0.9978214502334595,1,malware,199
com.storytoys.lego.duplo.disney.mickey.and.friends.googleplay,benign,0,0.001054945751093328,0,benign,72
com.HardcoreGamesStudio.DoomZDay,benign,0,0.0009005294414237142,0,benign,124
com.smart.eraser.app,malware,1,0.0011541134444996715,0,benign,267
alarmclock.alarm.simplealarm.clock.alarmapp,benign,0,0.0068383351899683475,0,benign,224
com.wyj.snake,malware,1,0.998839795589447,1,malware,44
edu.synthetic.androzoo.malware.spyware_surveillance.1723,malware,1,0.8626678586006165,1,malware,57
com.app.kitaabattawheed,malware,1,0.0019609539303928614,0,benign,16
com.g5e.jewelsofmahjong.android,benign,0,0.0012001803843304515,0,benign,10
no.mellora.hseq.bms,malware,1,0.012953359633684158,0,benign,31
edu.synthetic.androzoo.malware.sms_otp_stealer.0060,malware,1,0.9974530339241028,1,malware,131
com.sportq.fit,malware,1,0.9993001222610474,1,malware,38
edu.synthetic.androzoo.malware.dropper_loader.0982,malware,1,0.9964996576309204,1,malware,99
edu.synthetic.androzoo.malware.sms_otp_stealer.0186,malware,1,0.9988388419151306,1,malware,104
edu.synthetic.androzoo.malware.dropper_loader.0704,malware,1,0.9912517666816711,1,malware,116
edu.synthetic.androzoo.benign.utility_background.0211,benign,0,0.0016496982425451279,0,benign,84
com.gmfr.yakuza.mad.crime.city.simulator,malware,1,0.9638411998748779,1,malware,23
vmd.windowphotoeditor,benign,0,0.001084909774363041,0,benign,145
edu.synthetic.androzoo.malware.ransomware_locker.0190,malware,1,0.9979730248451233,1,malware,67
com.subsplashconsulting.s_W98M7N,benign,0,0.0014417740749195218,0,benign,202
io.jagat.lite,benign,0,0.0010686381720006466,0,benign,29
edu.synthetic.androzoo.benign.commerce_social.0196,benign,0,0.0010142927058041096,0,benign,117
com.paperdoll.diary.dressup.game,benign,0,0.01481244619935751,0,benign,153
com.virtualmaze.offlinemapnavigationtracker,benign,0,0.0009958820883184671,0,benign,127
edu.synthetic.androzoo.malware.banker_accessibility.0494,malware,1,0.9980660080909729,1,malware,222
edu.synthetic.androzoo.malware.dropper_loader.0985,malware,1,0.973210334777832,1,malware,135
edu.synthetic.androzoo.malware.banker_accessibility.0021,malware,1,0.9947137236595154,1,malware,147
com.planeth.rhythm,benign,0,0.028168771415948868,0,benign,22
edu.synthetic.androzoo.malware.overlay_pin_stealer.0231,malware,1,0.9992159605026245,1,malware,59
edu.synthetic.androzoo.malware.spyware_surveillance.0939,malware,1,0.9722468256950378,1,malware,57
kr.ninth.sol2,benign,0,0.0009633009904064238,0,benign,46
edu.synthetic.androzoo.benign.webview_content.0127,benign,0,0.0011253285920247436,0,benign,114
com.ulster.clearspend,benign,0,0.0010389987146481872,0,benign,136
edu.synthetic.androzoo.malware.banker_accessibility.1040,malware,1,0.999015212059021,1,malware,50
com.OMCDev.Mockup3D,benign,0,0.13079902529716492,0,benign,14
edu.synthetic.androzoo.malware.wallet_stealer.0609,malware,1,0.9993746876716614,1,malware,92
edu.synthetic.androzoo.malware.spyware_surveillance.1786,malware,1,0.9951367974281311,1,malware,149
edu.synthetic.androzoo.malware.ransomware_locker.1729,malware,1,0.03469979763031006,0,benign,100
edu.synthetic.androzoo.malware.overlay_pin_stealer.0510,malware,1,0.9989926218986511,1,malware,40
edu.synthetic.androzoo.malware.wallet_stealer.0580,malware,1,0.9991136193275452,1,malware,88
edu.synthetic.androzoo.malware.spyware_surveillance.0408,malware,1,0.99482262134552,1,malware,135
app.dls.go,benign,0,0.003039645031094551,0,benign,10
com.stromsholmen.hysonsafetyapp,benign,0,0.1660124659538269,0,benign,20
com.subsplashconsulting.s_WWWDTZ,benign,0,0.0013953687157481909,0,benign,167
com.thinkive.android.hbtyb,malware,1,0.027564147487282753,0,benign,108
edu.synthetic.androzoo.malware.sms_otp_stealer.1691,malware,1,0.9993062019348145,1,malware,114
edu.synthetic.androzoo.benign.webview_content.0225,benign,0,0.08717861771583557,0,benign,42
edu.synthetic.androzoo.malware.dropper_loader.0342,malware,1,0.00676514208316803,0,benign,154
edu.synthetic.androzoo.benign.webview_content.0153,benign,0,0.00661498261615634,0,benign,50
edu.synthetic.androzoo.malware.overlay_pin_stealer.0372,malware,1,0.9989884495735168,1,malware,160
edu.synthetic.androzoo.malware.overlay_pin_stealer.1579,malware,1,0.9991772770881653,1,malware,37
tv.sensical.android,benign,0,0.0011256358120590448,0,benign,109
com.inputmethod.bambara.bamana.bamanankan.keyboard.bambarakeyboard.infra,benign,0,0.18282808363437653,0,benign,156
edu.synthetic.androzoo.malware.banker_accessibility.0046,malware,1,0.998663067817688,1,malware,151
edu.synthetic.androzoo.malware.banker_accessibility.1087,malware,1,0.9991689920425415,1,malware,147
com.jmfleet.android,benign,0,0.0022551354486495256,0,benign,143
cn.com.sf.fiberstore,malware,1,0.000893264776095748,0,benign,166
com.yimishiji.app,malware,1,0.0009278437355533242,0,benign,34
edu.synthetic.androzoo.malware.overlay_pin_stealer.1429,malware,1,0.9992544054985046,1,malware,71
edu.synthetic.androzoo.malware.sms_otp_stealer.1005,malware,1,0.9989209175109863,1,malware,146
edu.synthetic.androzoo.malware.banker_accessibility.1655,malware,1,0.9986975193023682,1,malware,133
edu.synthetic.androzoo.malware.banker_accessibility.1230,malware,1,0.998661994934082,1,malware,129
com.lishi.shengyu,malware,1,0.01773342303931713,0,benign,17
edu.synthetic.androzoo.malware.overlay_pin_stealer.0076,malware,1,0.9992691874504089,1,malware,79
com.laraun.plantapp,benign,0,0.9954166412353516,1,malware,22
com.nosuke.yomoo,benign,0,0.7885255813598633,1,malware,24
com.sgrum.app,benign,0,0.0013087160186842084,0,benign,106
br.com.sistemaprover.pibvidacrista,benign,0,0.9492106437683105,1,malware,95
free.Gps_Maps,benign,0,0.07019713521003723,0,benign,84
edu.synthetic.androzoo.malware.dropper_loader.0913,malware,1,0.99828040599823,1,malware,178
edu.synthetic.androzoo.malware.spyware_surveillance.1232,malware,1,0.9960927367210388,1,malware,73
com.restikpos,benign,0,0.6895480155944824,1,malware,22
com.padu.paduapp,benign,0,0.0009179250337183475,0,benign,156
com.xihang.konwrhythm,malware,1,0.003519978141412139,0,benign,88
com.easy_wallpapers.plants,benign,0,0.05931654945015907,0,benign,149
edu.synthetic.androzoo.malware.ransomware_locker.0018,malware,1,0.0018429557094350457,0,benign,96
edu.synthetic.androzoo.malware.sms_otp_stealer.2071,malware,1,0.9979346990585327,1,malware,36
jp.roundflat.takudrill_pt_app,benign,0,0.12408372759819031,0,benign,62
com.okcupid.okcupid,benign,0,0.6047096848487854,1,malware,61
com.ninefolders.hd3,benign,0,0.0012423091102391481,0,benign,126
com.LunarPixelGames.beatdrift,malware,1,0.4349033832550049,0,benign,167
com.coopresapps.free.antivirus,malware,1,0.013915471732616425,0,benign,141
edu.synthetic.androzoo.malware.overlay_pin_stealer.1550,malware,1,0.99864262342453,1,malware,58
com.funlabs.ironRangerMarvelPacificman2,benign,0,0.0009939001174643636,0,benign,12
ch.berag.android.integral,malware,1,0.0023211431689560413,0,benign,10
com.magicapps.htmlviewer,benign,0,0.0011938557727262378,0,benign,216
com.kp,benign,0,0.04015917330980301,0,benign,135
com.asobimo.avars,benign,0,0.0012110820971429348,0,benign,124
com.tsm.altmissoula,benign,0,0.0028746607713401318,0,benign,62
com.onvirtualgym.ffitness,benign,0,0.0009701844537630677,0,benign,24
com.ipeaksoft.pitDadGame.qianxun.gp1,malware,1,0.9988687634468079,1,malware,62
edu.synthetic.androzoo.malware.adware_clicker.0593,malware,1,0.9546279311180115,1,malware,115
com.permobil.sae.dockme,benign,0,0.0010785310296341777,0,benign,98
edu.synthetic.androzoo.malware.dropper_loader.0013,malware,1,0.9993314743041992,1,malware,75
com.hulldailymail,benign,0,0.9845389127731323,1,malware,18
edu.synthetic.androzoo.malware.spyware_surveillance.0254,malware,1,0.9974954128265381,1,malware,143
com.ordogames.anomalydayzero,benign,0,0.0012818810064345598,0,benign,87
edu.synthetic.androzoo.benign.utility_background.0043,benign,0,0.001058803522028029,0,benign,138
edu.synthetic.androzoo.malware.overlay_pin_stealer.1449,malware,1,0.9992427825927734,1,malware,47
edu.synthetic.androzoo.malware.overlay_pin_stealer.1841,malware,1,0.9994157552719116,1,malware,65
com.fellafeeds.app,benign,0,0.001730964402668178,0,benign,111
xw.givee.re4,malware,1,0.007679751142859459,0,benign,20
edu.synthetic.androzoo.malware.spyware_surveillance.1987,malware,1,0.998360812664032,1,malware,176
edu.synthetic.androzoo.benign.media_game.0032,benign,0,0.0010961289517581463,0,benign,127
net.laureate.gd.waldenuniversity,benign,0,0.0011399193899706006,0,benign,167
com.ujigu.ytb,malware,1,0.9965019226074219,1,malware,83
edu.synthetic.androzoo.malware.banker_accessibility.0549,malware,1,0.9822260141372681,1,malware,192
edu.synthetic.androzoo.malware.overlay_pin_stealer.1402,malware,1,0.9992812275886536,1,malware,65
edu.synthetic.androzoo.malware.overlay_pin_stealer.1642,malware,1,0.999320387840271,1,malware,106
edu.synthetic.androzoo.malware.spyware_surveillance.1726,malware,1,0.9972807168960571,1,malware,90
com.frp.garbage.truck.simulator,benign,0,0.001082835951820016,0,benign,85
com.plant.identifier.plantcare.app,benign,0,0.0013431463157758117,0,benign,353
edu.synthetic.androzoo.malware.overlay_pin_stealer.1445,malware,1,0.9993008375167847,1,malware,132
com.mgsstudio.totemofherope,malware,1,0.008187789469957352,0,benign,160
com.subsplashconsulting.s_NCJPB7,benign,0,0.0013952638255432248,0,benign,185
edu.synthetic.androzoo.malware.banker_accessibility.0155,malware,1,0.9990214109420776,1,malware,188
edu.synthetic.androzoo.malware.dropper_loader.0821,malware,1,0.9990271329879761,1,malware,68
edu.synthetic.androzoo.malware.banker_accessibility.0937,malware,1,0.998005211353302,1,malware,118
org.kalvari.ignite,malware,1,0.0009762489935383201,0,benign,12
edu.synthetic.androzoo.malware.adware_clicker.1692,malware,1,0.20253685116767883,0,benign,108
themestack.lg.k50.k50s.lgk50s.lgk50swalls.lgwalls.launcher.theme,benign,0,0.0009617099422030151,0,benign,31
com.oi.handtevy,benign,0,0.000830211618449539,0,benign,121
stoameditation.stoa,benign,0,0.006902517285197973,0,benign,38
edu.synthetic.androzoo.malware.banker_accessibility.1476,malware,1,0.9682480692863464,1,malware,230
edu.synthetic.androzoo.malware.ransomware_locker.0327,malware,1,0.9900805354118347,1,malware,92
edu.synthetic.androzoo.malware.adware_clicker.1705,malware,1,0.06816257536411285,0,benign,86
edu.synthetic.androzoo.malware.sms_otp_stealer.1039,malware,1,0.9976001381874084,1,malware,31
com.hs.leadi,benign,0,0.01183652225881815,0,benign,23
com.mscz.yyn,malware,1,0.005774603690952063,0,benign,188
edu.synthetic.androzoo.malware.banker_accessibility.1977,malware,1,0.9990216493606567,1,malware,47
com.gamebook.baqijianghu,malware,1,0.9980158805847168,1,malware,67
edu.synthetic.androzoo.malware.wallet_stealer.1800,malware,1,0.9988093376159668,1,malware,73
com.distiller.distiller,benign,0,0.011316085234284401,0,benign,40
com.simtrons.dance,malware,1,0.0009464307804591954,0,benign,43
edu.synthetic.androzoo.malware.dropper_loader.0262,malware,1,0.05272927135229111,0,benign,175
edu.synthetic.androzoo.malware.ransomware_locker.1580,malware,1,0.9960758090019226,1,malware,193
com.cellit.cellitnews.wset,benign,0,0.0010586975840851665,0,benign,187
com.alhuda.learnquran,benign,0,0.0014209990622475743,0,benign,40
com.aifa.lawyer.client,malware,1,0.8505398035049438,1,malware,308
edu.synthetic.androzoo.malware.spyware_surveillance.1606,malware,1,0.9988647699356079,1,malware,126
com.pmdsoft.android,benign,0,0.007712918799370527,0,benign,141
com.highland.smarthome,benign,0,0.000899012025911361,0,benign,124
edu.synthetic.androzoo.malware.dropper_loader.0942,malware,1,0.937031626701355,1,malware,161
com.craftgames.plntcrft,benign,0,0.0010710301576182246,0,benign,117
com.placetoplug.elecchargepoints,benign,0,0.002081554848700762,0,benign,10
edu.synthetic.androzoo.malware.overlay_pin_stealer.0420,malware,1,0.9990702271461487,1,malware,57
edu.synthetic.androzoo.malware.spyware_surveillance.1750,malware,1,0.9977481961250305,1,malware,170
edu.synthetic.androzoo.malware.wallet_stealer.0485,malware,1,0.9985997080802917,1,malware,168
edu.synthetic.androzoo.malware.spyware_surveillance.1622,malware,1,0.9985870122909546,1,malware,111
com.fungames.flightpilot,benign,0,0.0015474379761144519,0,benign,111
com.g5e.ghoststories.android,malware,1,0.0008819716167636216,0,benign,39
edu.synthetic.androzoo.malware.dropper_loader.0675,malware,1,0.999231219291687,1,malware,50
ru.simple.wine,benign,0,0.0009519391460344195,0,benign,10
com.t20000.lvji,malware,1,0.8495482206344604,1,malware,100
com.kktcell.onlineservices2,benign,0,0.9536808133125305,1,malware,13
edu.synthetic.androzoo.malware.spyware_surveillance.0022,malware,1,0.9989469647407532,1,malware,60
edu.synthetic.androzoo.malware.wallet_stealer.0095,malware,1,0.9987472295761108,1,malware,85
edu.synthetic.androzoo.malware.overlay_pin_stealer.1487,malware,1,0.9992923736572266,1,malware,167
com.godplace.gpen,benign,0,0.0014441731618717313,0,benign,283
com.prepaid.inncableguy,benign,0,0.8834203481674194,1,malware,120
com.urdu.quran.kanzul.iman,benign,0,0.0011532431235536933,0,benign,116
com.playcurio.safariar,benign,0,0.004897421225905418,0,benign,14
com.podddddd.planesedition1111,malware,1,0.9264857769012451,1,malware,87
com.wildlife.games.battle.royale.free.zooba,benign,0,0.0010602044640108943,0,benign,125
webviewgold.frenchiefaq,benign,0,0.0013084448873996735,0,benign,124
edu.synthetic.androzoo.benign.commerce_social.0064,benign,0,0.0010089398128911853,0,benign,116
edu.synthetic.androzoo.malware.dropper_loader.1782,malware,1,0.26046645641326904,0,benign,117
edu.synthetic.androzoo.malware.banker_accessibility.1560,malware,1,0.9991762042045593,1,malware,59
app.mylekha.client.mobile_dashboard,benign,0,0.0009180785273201764,0,benign,111
com.degoo.android.hsclinic,malware,1,0.9861569404602051,1,malware,211
edu.synthetic.androzoo.malware.wallet_stealer.0842,malware,1,0.9991440773010254,1,malware,193
edu.synthetic.androzoo.malware.ransomware_locker.1408,malware,1,0.0057165492326021194,0,benign,59
com.fcbh.bibleradio.assamese.asm,benign,0,0.0029958439990878105,0,benign,98
edu.synthetic.androzoo.malware.dropper_loader.1664,malware,1,0.021572113037109375,0,benign,195
it.bigstudio.bigstudio3,malware,1,0.9980681538581848,1,malware,55
biblia.reina.valera.virtual,malware,1,0.0078537967056036,0,benign,81
edu.synthetic.androzoo.malware.sms_otp_stealer.1261,malware,1,0.9989135265350342,1,malware,107
edu.synthetic.androzoo.malware.spyware_surveillance.2016,malware,1,0.9905306696891785,1,malware,43
com.mojobybobo.komunitikita,benign,0,0.9980629086494446,1,malware,18
edu.synthetic.androzoo.malware.sms_otp_stealer.1483,malware,1,0.9991235136985779,1,malware,62
edu.synthetic.androzoo.benign.maps_cloud.0070,benign,0,0.0022610926534980536,0,benign,61
bloodpressure.bloodpressureapp.bloodpressuretracker,benign,0,0.0010534502798691392,0,benign,107
com.bullb.austin,benign,0,0.001017679926007986,0,benign,153
edu.synthetic.androzoo.malware.wallet_stealer.0182,malware,1,0.9992473125457764,1,malware,69
com.withkim,benign,0,0.02186872437596321,0,benign,115
com.kahunas.io.DifferentBreedCoaching,benign,0,0.0011790700955316424,0,benign,33
edu.synthetic.androzoo.malware.overlay_pin_stealer.0376,malware,1,0.9988036155700684,1,malware,39
edu.synthetic.androzoo.malware.banker_accessibility.1131,malware,1,0.9991043210029602,1,malware,143
edu.synthetic.androzoo.malware.overlay_pin_stealer.0221,malware,1,0.9993044137954712,1,malware,156
com.yumicorebody.mobile,benign,0,0.011429551057517529,0,benign,17
edu.synthetic.androzoo.malware.dropper_loader.1937,malware,1,0.031673263758420944,0,benign,207
com.smartworld.photoframe,benign,0,0.0017886304995045066,0,benign,232
com.cnr.hkradio,malware,1,0.0061337766237556934,0,benign,115
edu.synthetic.androzoo.malware.dropper_loader.1636,malware,1,0.10009558498859406,0,benign,239
com.chippercash,benign,0,0.0012571231927722692,0,benign,80
edu.synthetic.androzoo.malware.banker_accessibility.0656,malware,1,0.9985463619232178,1,malware,174
com.hititcs.silkavia,benign,0,0.9257997870445251,1,malware,20
edu.synthetic.androzoo.malware.wallet_stealer.1979,malware,1,0.998932421207428,1,malware,109
com.windyty.android,benign,0,0.0018193342257291079,0,benign,153
com.nahdi.main,benign,0,0.6967236399650574,1,malware,35
edu.synthetic.androzoo.malware.banker_accessibility.0520,malware,1,0.992135763168335,1,malware,138
edu.synthetic.androzoo.malware.ransomware_locker.0387,malware,1,0.003181379521265626,0,benign,95
com.wyzetalk.woolies,benign,0,0.004021032247692347,0,benign,67
com.subsplash.thechurchapp.truehopechurch,benign,0,0.004602984990924597,0,benign,167
edu.synthetic.androzoo.malware.dropper_loader.0156,malware,1,0.9984802603721619,1,malware,101
com.sibisoft.granitec,benign,0,0.0008890116005204618,0,benign,122
com.aisense.otter,benign,0,0.001436655642464757,0,benign,179
com.ipv.memberapp,benign,0,0.1948043256998062,0,benign,20
edu.synthetic.androzoo.malware.overlay_pin_stealer.0398,malware,1,0.9991750121116638,1,malware,152
com.minimotors.escooter,benign,0,0.0008853168110363185,0,benign,136
com.phorest.harperandstrand,benign,0,0.0019881383050233126,0,benign,121
jp.foresta.dojo.math.pro,benign,0,0.001183783169835806,0,benign,146
edu.synthetic.androzoo.malware.banker_accessibility.0119,malware,1,0.9704261422157288,1,malware,183
edu.synthetic.androzoo.malware.banker_accessibility.1454,malware,1,0.9990704655647278,1,malware,63
edu.synthetic.androzoo.malware.spyware_surveillance.1026,malware,1,0.9278596043586731,1,malware,61
edu.synthetic.androzoo.malware.banker_accessibility.1733,malware,1,0.9991550445556641,1,malware,56
us.game.a5,malware,1,0.9991694688796997,1,malware,14
hotsiberians.idle.anomalies.research.station.building.tycoon.simulator,benign,0,0.0009477512794546783,0,benign,92
edu.synthetic.androzoo.malware.spyware_surveillance.0543,malware,1,0.9964452385902405,1,malware,93
com.kys,malware,1,0.9057546854019165,1,malware,54
edu.synthetic.androzoo.malware.wallet_stealer.0113,malware,1,0.9989975094795227,1,malware,52
com.subsplash.thechurchapp.s_S56XSG,benign,0,0.0015245112590491772,0,benign,195
edu.synthetic.androzoo.malware.sms_otp_stealer.1276,malware,1,0.9991292357444763,1,malware,51
com.ca.ppm.mobile.v1,benign,0,0.9991365075111389,1,malware,43
weather.forecast.storm.radar,malware,1,0.003073456697165966,0,benign,51
pro.rimipkjs.glkrkr.pj,malware,1,0.8088958263397217,1,malware,27
com.llj.apple,malware,1,0.9993744492530823,1,malware,113
edu.synthetic.androzoo.malware.banker_accessibility.1824,malware,1,0.9988252520561218,1,malware,61
com.zinio.mobile.android.reader,benign,0,0.0009114767308346927,0,benign,78
com.gwhizmobile.mghpretestneurology,benign,0,0.002160034840926528,0,benign,166
edu.synthetic.androzoo.malware.banker_accessibility.2065,malware,1,0.9880973100662231,1,malware,137
edu.synthetic.androzoo.malware.wallet_stealer.1228,malware,1,0.9984020590782166,1,malware,149
edu.synthetic.androzoo.malware.banker_accessibility.1033,malware,1,0.9976213574409485,1,malware,116
com.zoho.daybook,benign,0,0.09102975577116013,0,benign,55
edu.synthetic.androzoo.malware.spyware_surveillance.2022,malware,1,0.9978353381156921,1,malware,173
jp.co.comic.mangaone,benign,0,0.0017334592994302511,0,benign,150
juno.id,benign,0,0.000936959171667695,0,benign,174
edu.synthetic.androzoo.malware.dropper_loader.0299,malware,1,0.1625862866640091,0,benign,179
net.everdo.everdo,benign,0,0.0011202209861949086,0,benign,60
com.singlife.mobile,benign,0,0.006023953203111887,0,benign,195
com.aMo.gdlFax,malware,1,0.9994038343429565,1,malware,87
edu.synthetic.androzoo.malware.wallet_stealer.0572,malware,1,0.9992488026618958,1,malware,189
edu.synthetic.androzoo.malware.sms_otp_stealer.0638,malware,1,0.9993264675140381,1,malware,73
edu.synthetic.androzoo.malware.ransomware_locker.0655,malware,1,0.9989235997200012,1,malware,89
edu.synthetic.androzoo.malware.wallet_stealer.0227,malware,1,0.9992434978485107,1,malware,164
edu.synthetic.androzoo.benign.webview_content.0099,benign,0,0.00116596685256809,0,benign,73
com.web.sytacle,malware,1,0.01605072431266308,0,benign,30
edu.synthetic.androzoo.malware.wallet_stealer.1466,malware,1,0.9992227554321289,1,malware,87
edu.synthetic.androzoo.malware.overlay_pin_stealer.0772,malware,1,0.9984865188598633,1,malware,79
com.trillion.camper.van.holiday.family,benign,0,0.0020256927236914635,0,benign,10
com.travellink,benign,0,0.0018949537770822644,0,benign,135
com.wino.live,benign,0,0.0015080227749422193,0,benign,165
edu.synthetic.androzoo.malware.sms_otp_stealer.0169,malware,1,0.9984599351882935,1,malware,81
com.despdev.silver_and_gold_price_calc,benign,0,0.0008816485642455518,0,benign,150
com.spartannash.foresthillsfoods,benign,0,0.0019592393655329943,0,benign,151
edu.synthetic.androzoo.malware.spyware_surveillance.0315,malware,1,0.9983717799186707,1,malware,130
edu.synthetic.androzoo.malware.banker_accessibility.1625,malware,1,0.9629083275794983,1,malware,167
edu.synthetic.androzoo.malware.spyware_surveillance.0286,malware,1,0.9935266971588135,1,malware,102
com.smarter.technologist.android.smarteryou,benign,0,0.9955074787139893,1,malware,36
com.wLeOInsights_12057002,malware,1,0.8422293663024902,1,malware,44
edu.synthetic.androzoo.malware.banker_accessibility.0552,malware,1,0.9989616870880127,1,malware,167
edu.synthetic.androzoo.malware.dropper_loader.0892,malware,1,0.9912324547767639,1,malware,203
edu.synthetic.androzoo.malware.wallet_stealer.0692,malware,1,0.9983935952186584,1,malware,166
edu.synthetic.androzoo.malware.sms_otp_stealer.2054,malware,1,0.9988614320755005,1,malware,77
com.money.Mentorship,malware,1,0.06755196303129196,0,benign,41
sh.dms,malware,1,0.9973415732383728,1,malware,117
com.slimesmash.android,malware,1,0.0018096735002472997,0,benign,231
com.ailiyong.pinyin,malware,1,0.001151295960880816,0,benign,12
com.bgg.jump,benign,0,0.0016125146066769958,0,benign,151
edu.synthetic.androzoo.malware.spyware_surveillance.1492,malware,1,0.9976630210876465,1,malware,156
com.peterhohsy.mybowling,benign,0,0.02320573665201664,0,benign,65
edu.synthetic.androzoo.malware.banker_accessibility.1207,malware,1,0.9851419925689697,1,malware,134
edu.synthetic.androzoo.malware.spyware_surveillance.0298,malware,1,0.9937479496002197,1,malware,51
com.blackthorn.clipmaker,benign,0,0.0029651527293026447,0,benign,100
in.bluapps.webapp,malware,1,0.0043344334699213505,0,benign,26
io.ionic.indichords,benign,0,0.9993457198143005,1,malware,33
com.kahunas.io.CatalystFitnessCoaching,benign,0,0.0011271401308476925,0,benign,137
de.appack.project.kraichgau_triathlon,benign,0,0.00804072991013527,0,benign,75
com.subsplashconsulting.s_RQ4SNH,benign,0,0.0012408746406435966,0,benign,180
edu.synthetic.androzoo.malware.banker_accessibility.1930,malware,1,0.9990418553352356,1,malware,113
com.m360.android.orpi,benign,0,0.0009662919328548014,0,benign,121
com.timonemobile,benign,0,0.9557870030403137,1,malware,38
com.coachcatalyst.covalcoaching,benign,0,0.007194854319095612,0,benign,87
edu.synthetic.androzoo.malware.overlay_pin_stealer.1608,malware,1,0.9987105131149292,1,malware,117
edu.synthetic.androzoo.malware.sms_otp_stealer.1136,malware,1,0.9990921020507812,1,malware,65
edu.synthetic.androzoo.malware.ransomware_locker.2047,malware,1,0.9477301836013794,1,malware,63
edu.synthetic.androzoo.malware.banker_accessibility.0486,malware,1,0.9985734224319458,1,malware,157
com.PeskyMaple.Set,malware,1,0.0011613867245614529,0,benign,12
edu.synthetic.androzoo.malware.wallet_stealer.0058,malware,1,0.9980781078338623,1,malware,51
edu.synthetic.androzoo.malware.dropper_loader.1448,malware,1,0.9993038177490234,1,malware,70
edu.synthetic.androzoo.malware.sms_otp_stealer.1959,malware,1,0.9990052580833435,1,malware,156
edu.synthetic.androzoo.malware.banker_accessibility.1779,malware,1,0.9947044253349304,1,malware,229
com.gotoup.amenhelper,malware,1,0.0012954737758263946,0,benign,208
edu.synthetic.androzoo.malware.overlay_pin_stealer.0071,malware,1,0.9990216493606567,1,malware,62
edu.synthetic.androzoo.benign.media_game.0181,benign,0,0.0009741199319250882,0,benign,141
edu.synthetic.androzoo.malware.adware_clicker.1022,malware,1,0.9924200177192688,1,malware,75
edu.synthetic.androzoo.malware.overlay_pin_stealer.0339,malware,1,0.999383807182312,1,malware,113
com.zoomcouriersoftwaredev,benign,0,0.001970308367162943,0,benign,179
co.appnation.noteninja,benign,0,0.019989244639873505,0,benign,13
edu.synthetic.androzoo.malware.spyware_surveillance.1653,malware,1,0.9991738200187683,1,malware,69
com.galasports.football,benign,0,0.0009544997592456639,0,benign,85
com.revolve,benign,0,0.0010999705409631133,0,benign,143
com.application.collegehockeynews,benign,0,0.00126204255502671,0,benign,116
teletalk.teletalkcustomerapp,benign,0,0.0008296623127534986,0,benign,12
com.yango.driver.beta,benign,0,0.0015578527236357331,0,benign,10
edu.synthetic.androzoo.malware.ransomware_locker.0039,malware,1,0.18647105991840363,0,benign,189
com.drive2,benign,0,0.0010829525999724865,0,benign,169
edu.synthetic.androzoo.malware.overlay_pin_stealer.1300,malware,1,0.9985993504524231,1,malware,191
com.mitake.mls,benign,0,0.0010464381193742156,0,benign,92
edu.synthetic.androzoo.malware.spyware_surveillance.0946,malware,1,0.9982630610466003,1,malware,147
cz.fio.sb2,benign,0,0.002072914969176054,0,benign,52
fr.harmonie.mutuelle.total.mobile,benign,0,0.9992302656173706,1,malware,27
edu.synthetic.androzoo.malware.ransomware_locker.1438,malware,1,0.005070858169347048,0,benign,132
com.kreggscode.sigmundfreudquotes,malware,1,0.0036643787752836943,0,benign,14
com.google.android.apps.tachyon,benign,0,0.027495477348566055,0,benign,39
com.madness.man.whirl,malware,1,0.0008718191529624164,0,benign,148
wb.gc.xmxx.zxb.yyh,malware,1,0.9992054104804993,1,malware,65
com.RBHAccess.Integra32AxiomLiteMobile,benign,0,0.001363698742352426,0,benign,25
edu.synthetic.androzoo.malware.banker_accessibility.0409,malware,1,0.7969003319740295,1,malware,226
edu.synthetic.androzoo.malware.overlay_pin_stealer.1214,malware,1,0.9994142055511475,1,malware,109
com.capitalairlines.dingpiao,malware,1,0.0034021339379251003,0,benign,98
com.sinyee.babybus.song,malware,1,0.03147638216614723,0,benign,177
com.jygame.qqtyt.nzbst.yyh,malware,1,0.9733453989028931,1,malware,216
com.yayskool.yayconnect,benign,0,0.001202128827571869,0,benign,12
edu.synthetic.androzoo.malware.spyware_surveillance.0527,malware,1,0.9670325517654419,1,malware,56
com.ujobsdriver.provider,benign,0,0.000864706642460078,0,benign,125
air.com.eni.FashionJudy038,malware,1,0.8945849537849426,1,malware,144
nl.serviceapotheek.serviceapotheek_app,benign,0,0.9857697486877441,1,malware,30
com.moniic.customer,benign,0,0.036323416978120804,0,benign,13
com.nelliemaevip.android,benign,0,0.0009593853028491139,0,benign,91
edu.synthetic.androzoo.malware.dropper_loader.0098,malware,1,0.7734780311584473,1,malware,99
ch.flatfox.android,benign,0,0.001607317477464676,0,benign,157
edu.synthetic.androzoo.malware.dropper_loader.1514,malware,1,0.9250501990318298,1,malware,75
com.vanilatechmta.fgv,benign,0,0.027454020455479622,0,benign,44
edu.synthetic.androzoo.malware.overlay_pin_stealer.0506,malware,1,0.9991528987884521,1,malware,85
edu.synthetic.androzoo.malware.banker_accessibility.0858,malware,1,0.9987432360649109,1,malware,188
com.mod.downloader.menu,malware,1,0.16482700407505035,0,benign,262
org.orau.ima.orisego,benign,0,0.9062420725822449,1,malware,70
edu.synthetic.androzoo.malware.spyware_surveillance.0686,malware,1,0.9981073141098022,1,malware,138
ru.ifmo.itmostudents,benign,0,0.002776507753878832,0,benign,16
edu.synthetic.androzoo.malware.banker_accessibility.1672,malware,1,0.9990646243095398,1,malware,64
com.funbox.dailyenglishconversation,benign,0,0.0016282707219943404,0,benign,130
com.fast.free.folowvpn,malware,1,0.0016511541325598955,0,benign,140
edu.synthetic.androzoo.malware.banker_accessibility.1481,malware,1,0.9990757703781128,1,malware,71
edu.synthetic.androzoo.malware.banker_accessibility.0271,malware,1,0.9964093565940857,1,malware,178
com.cyta.selfcare,benign,0,0.0011521978303790092,0,benign,168
com.bapplware.hrvale,benign,0,0.999285876750946,1,malware,64
com.expoplatform.beauty.app1,benign,0,0.9894943833351135,1,malware,61
com.flaregames.rrtournament,benign,0,0.0012304714182391763,0,benign,147
com.sayeh.view,benign,0,0.07201149314641953,0,benign,75
com.lorgame.adventure.gp,benign,0,0.0021576036233454943,0,benign,180
edu.synthetic.androzoo.malware.banker_accessibility.0900,malware,1,0.9986456036567688,1,malware,73
com.trainerize.aspenfitness,benign,0,0.006370684131979942,0,benign,10
edu.synthetic.androzoo.benign.webview_content.0077,benign,0,0.0018884248565882444,0,benign,142
com.goodapp.camera,malware,1,0.001150387106463313,0,benign,10
rod.WebView.apps,malware,1,0.004320474807173014,0,benign,13
applock.lockapps.fingerprint.password.maxlock,malware,1,0.001485743559896946,0,benign,228
com.hisense.odinbrowser,benign,0,0.0010189119493588805,0,benign,148
net.ethervision.noworriesclub,benign,0,0.0010776631534099579,0,benign,126
com.ithinkers.abokado,benign,0,0.0009356465307064354,0,benign,147
com.semtech.android.trackerscanner,benign,0,0.012558459304273129,0,benign,15
edu.synthetic.androzoo.benign.commerce_social.0110,benign,0,0.0014025812270119786,0,benign,197
com.rachor.lewt,malware,1,0.9976765513420105,1,malware,138
net.appdevs.adfund,benign,0,0.013066823594272137,0,benign,22
com.tbs.incredible.monster.ghost.superhero.aliens,malware,1,0.0022771116346120834,0,benign,12
edu.synthetic.androzoo.benign.webview_content.0236,benign,0,0.0009639702038839459,0,benign,165
com.dreamcast.junglee,benign,0,0.0012281956151127815,0,benign,124
edu.synthetic.androzoo.benign.commerce_social.0136,benign,0,0.0008721314952708781,0,benign,151
com.dasheng.talk,malware,1,0.005047976039350033,0,benign,38
cn.bkw,malware,1,0.04593093320727348,0,benign,80
edu.synthetic.androzoo.malware.dropper_loader.0312,malware,1,0.9153064489364624,1,malware,201
edu.unisim.backpack,benign,0,0.002043139887973666,0,benign,114
org.libertex.mt,benign,0,0.0010199175449088216,0,benign,151
edu.synthetic.androzoo.benign.commerce_social.0122,benign,0,0.0010679414262995124,0,benign,144
edu.synthetic.androzoo.malware.wallet_stealer.0068,malware,1,0.9988763928413391,1,malware,188
digifit.android.virtuagym.pro.fundacionriasdosur,benign,0,0.021581875160336494,0,benign,62
edu.synthetic.androzoo.malware.ransomware_locker.1084,malware,1,0.006427073385566473,0,benign,96
edu.synthetic.androzoo.malware.dropper_loader.0171,malware,1,0.9905881881713867,1,malware,189
edu.synthetic.androzoo.malware.spyware_surveillance.1623,malware,1,0.9937434792518616,1,malware,153
edu.synthetic.androzoo.malware.overlay_pin_stealer.0767,malware,1,0.998871386051178,1,malware,92
edu.synthetic.androzoo.benign.utility_background.0019,benign,0,0.0020802814979106188,0,benign,69
com.i89trillion.animal.land,benign,0,0.0011151571525260806,0,benign,214
edu.synthetic.androzoo.malware.banker_accessibility.1751,malware,1,0.9991276860237122,1,malware,146
com.rueblur,benign,0,0.02569776400923729,0,benign,12
jp.co.machicomi,benign,0,0.000740579329431057,0,benign,11
com.meishe.videoshow,malware,1,0.0010313793318346143,0,benign,12
edu.synthetic.androzoo.malware.banker_accessibility.2080,malware,1,0.9992951154708862,1,malware,163
mn.mobicom.candy,benign,0,0.10177981108427048,0,benign,36
com.einnovation.temu,benign,0,0.0025154422037303448,0,benign,244
edu.synthetic.androzoo.malware.banker_accessibility.0734,malware,1,0.9921114444732666,1,malware,140
edu.synthetic.androzoo.malware.spyware_surveillance.0196,malware,1,0.9990389347076416,1,malware,160
com.Elytra.DeathIsland,benign,0,0.9596109390258789,1,malware,18
com.joom,benign,0,0.0009496698039583862,0,benign,130
com.myguitarchord.app,malware,1,0.7116351127624512,1,malware,80
edu.synthetic.androzoo.malware.adware_clicker.0642,malware,1,0.9965292811393738,1,malware,62
com.panagola.game.arrangefree,benign,0,0.9941337704658508,1,malware,144
edu.synthetic.androzoo.malware.spyware_surveillance.1802,malware,1,0.9932886958122253,1,malware,43
com.sinyee.babybus.angie,malware,1,0.9955396056175232,1,malware,55
edu.synthetic.androzoo.malware.dropper_loader.0292,malware,1,0.9715858101844788,1,malware,190
edu.synthetic.androzoo.malware.dropper_loader.0688,malware,1,0.9979363679885864,1,malware,143
com.holiday.women.formed.newsletter,malware,1,0.002079917350783944,0,benign,86
edu.synthetic.androzoo.malware.spyware_surveillance.0983,malware,1,0.9983541965484619,1,malware,189
com.risingapps.photoenhancer,benign,0,0.0036542133893817663,0,benign,194
edu.synthetic.androzoo.malware.dropper_loader.0863,malware,1,0.6395822167396545,1,malware,215
com.ydsrsssl,malware,1,0.0015461206203326583,0,benign,12
com.shiyoujiliangdj.weilaikeji,malware,1,0.7707754373550415,1,malware,19
tk.turkmenistan_viktorina_synag.millioner_millionaire,benign,0,0.0012312387116253376,0,benign,248
com.tools.web.hi.browser,benign,0,0.00212678499519825,0,benign,291
edu.synthetic.androzoo.malware.ransomware_locker.1668,malware,1,0.006566864904016256,0,benign,93
edu.synthetic.androzoo.malware.spyware_surveillance.1778,malware,1,0.9978871941566467,1,malware,165
edu.synthetic.androzoo.malware.spyware_surveillance.1090,malware,1,0.9978528022766113,1,malware,124
com.evilishgames.dashingheros,benign,0,0.0076392958872020245,0,benign,28
edu.synthetic.androzoo.malware.overlay_pin_stealer.1522,malware,1,0.9991446733474731,1,malware,71
edu.synthetic.androzoo.malware.spyware_surveillance.1238,malware,1,0.9986199140548706,1,malware,40
edu.synthetic.androzoo.malware.overlay_pin_stealer.1389,malware,1,0.9993656277656555,1,malware,149
edu.synthetic.androzoo.malware.ransomware_locker.0131,malware,1,0.9988206028938293,1,malware,35
ir.otaghak.app,malware,1,0.0009530517272651196,0,benign,185
eu.rc.electronics,benign,0,0.0014316174201667309,0,benign,90
com.sinyee.babybus.spell,malware,1,0.8021321296691895,1,malware,174
au.com.jll.tqt.member.app,benign,0,0.0010449577821418643,0,benign,104
edu.synthetic.androzoo.malware.wallet_stealer.0263,malware,1,0.999067485332489,1,malware,143
jp.co.tekutekulife.tekutekulife,benign,0,0.0029075450729578733,0,benign,99
giraffic.traffic,benign,0,0.000938544690143317,0,benign,10
com.nabe.es4efyq,benign,0,0.0009832961950451136,0,benign,65
sudoku.puzzle.free.game.brain,benign,0,0.0014634905382990837,0,benign,63
com.gww.km,benign,0,0.0009109865641221404,0,benign,100
edu.synthetic.androzoo.malware.ransomware_locker.1589,malware,1,0.005508472211658955,0,benign,65
com.arianee.forge,benign,0,0.993263304233551,1,malware,56
edu.synthetic.androzoo.benign.webview_content.0040,benign,0,0.0018488253699615598,0,benign,107
edu.synthetic.androzoo.malware.sms_otp_stealer.1115,malware,1,0.9990517497062683,1,malware,122
edu.synthetic.androzoo.malware.banker_accessibility.1797,malware,1,0.9989157915115356,1,malware,86
edu.synthetic.androzoo.malware.overlay_pin_stealer.1223,malware,1,0.9990441203117371,1,malware,37
com.erow.stickman.dismount,malware,1,0.005282691679894924,0,benign,16
org.dignityhealth.healthelife.chw_ca.play,benign,0,0.9742185473442078,1,malware,36
org.slashgames.FreudBot.AdFree,malware,1,0.029743239283561707,0,benign,20
edu.synthetic.androzoo.malware.ransomware_locker.0147,malware,1,0.8354760408401489,1,malware,45
edu.synthetic.androzoo.malware.ransomware_locker.1211,malware,1,0.001147292205132544,0,benign,91
com.nexon.tfdc,benign,0,0.002118468750268221,0,benign,167
com.deenislamic,benign,0,0.0044829207472503185,0,benign,122
com.nexstar.newsnation,benign,0,0.001073261839337647,0,benign,180
com.great.forecast.weatherinfomation,benign,0,0.001599912066012621,0,benign,233
com.mynayatel,benign,0,0.0011543355649337173,0,benign,139
nl.negentwee,benign,0,0.0024010019842535257,0,benign,106
co.hopon.client,benign,0,0.0020356643944978714,0,benign,37
com.soulgame.garfield,malware,1,0.9900480508804321,1,malware,134
com.pharmacity_extracare,benign,0,0.9867139458656311,1,malware,13
in.mohalla.sharechat,benign,0,0.0009559582103975117,0,benign,249
edu.synthetic.androzoo.malware.overlay_pin_stealer.1599,malware,1,0.9991217255592346,1,malware,110
com.citizenobserver.wildtipnc,benign,0,0.9981836676597595,1,malware,48
com.sca.crossings,benign,0,0.9978390336036682,1,malware,25
com.inpeaceapp.iglesiamybethel.fl,benign,0,0.0018596603767946362,0,benign,127
com.kuailun.xfj,benign,0,0.16587109863758087,0,benign,86
com.hubby.esim,benign,0,0.0009313350892625749,0,benign,10
edu.synthetic.androzoo.malware.wallet_stealer.0869,malware,1,0.9993031024932861,1,malware,79
rocks.konzertmeister.Production,benign,0,0.001504872809164226,0,benign,76
edu.synthetic.androzoo.malware.banker_accessibility.1283,malware,1,0.9848260879516602,1,malware,178
com.goodinside.gimobile,benign,0,0.23806746304035187,0,benign,19
com.ecgamesstudio.radiospiritboxecnew,benign,0,0.9954535961151123,1,malware,26
edu.synthetic.androzoo.malware.overlay_pin_stealer.0436,malware,1,0.9961334466934204,1,malware,166
games.omicron.neonflight,benign,0,0.20566733181476593,0,benign,30
com.cleverapps.magicwords,benign,0,0.0014792081201449037,0,benign,162
edu.synthetic.androzoo.malware.banker_accessibility.0962,malware,1,0.9943183064460754,1,malware,166
neo.bombrman.arcade.geo.games,benign,0,0.0010750382207334042,0,benign,69
com.mjcsoft.stream.fmforres,benign,0,0.0017335849115625024,0,benign,161
com.szmg.zhinews,malware,1,0.0010829417733475566,0,benign,108
br.com.alon,benign,0,0.0011620672885328531,0,benign,136
com.bds.orthodox_bible,benign,0,0.934440016746521,1,malware,27
edu.synthetic.androzoo.malware.spyware_surveillance.2045,malware,1,0.9983904361724854,1,malware,186
com.amixys.ami,malware,1,0.997619092464447,1,malware,71
com.doumi.jianzhi,malware,1,0.005108002107590437,0,benign,106
com.bloodsugartrak.one,benign,0,0.00115202646702528,0,benign,314
com.greattimemusic.starmusic,benign,0,0.9988552331924438,1,malware,27
eye.art.makeup.games,benign,0,0.001200272934511304,0,benign,163
com.drillingfluidsoftware.speedometer,benign,0,0.002388334833085537,0,benign,134
edu.synthetic.androzoo.malware.banker_accessibility.0959,malware,1,0.9985185265541077,1,malware,178
edu.synthetic.androzoo.malware.banker_accessibility.1043,malware,1,0.9869136214256287,1,malware,178
droid.dheeraj.dimscreen,benign,0,0.0013114397879689932,0,benign,228
co.tapcart.app.id_lQ39VhjG8V,benign,0,0.0018913534004241228,0,benign,183
com.mwrlife,benign,0,0.915017306804657,1,malware,21
com.visable.ep,benign,0,0.010821184143424034,0,benign,26
edu.synthetic.androzoo.malware.spyware_surveillance.0526,malware,1,0.992149829864502,1,malware,104
com.clowngames.mobgio.st,malware,1,0.9981874823570251,1,malware,73
com.liubowang.drawingboard,malware,1,0.03225493058562279,0,benign,38
edu.synthetic.androzoo.malware.banker_accessibility.1315,malware,1,0.9989650249481201,1,malware,93
edu.synthetic.androzoo.malware.sms_otp_stealer.0105,malware,1,0.9992552399635315,1,malware,84
com.myclassroom.digital,benign,0,0.0009249286958947778,0,benign,96
edu.synthetic.androzoo.malware.dropper_loader.0792,malware,1,0.004493635147809982,0,benign,187
com.trucorp.trumonitor,benign,0,0.0012768527958542109,0,benign,16
com.esigtek.lopesa,benign,0,0.018318217247724533,0,benign,92
com.SereDim.OneDChess,benign,0,0.0017949065659195185,0,benign,41
edu.synthetic.androzoo.malware.sms_otp_stealer.0010,malware,1,0.9988699555397034,1,malware,81
edu.synthetic.androzoo.malware.spyware_surveillance.1503,malware,1,0.9969950914382935,1,malware,151
com.zy.feiji2014,malware,1,0.9701634049415588,1,malware,54
com.ddfkgab.bhuva,malware,1,0.0279130507260561,0,benign,87
com.visiblemobile.flagship,benign,0,0.0013928693952038884,0,benign,221
edu.synthetic.androzoo.malware.overlay_pin_stealer.0529,malware,1,0.9990577101707458,1,malware,67
edu.synthetic.androzoo.malware.spyware_surveillance.1970,malware,1,0.9989270567893982,1,malware,86
com.theappcompany.rationaltraining,benign,0,0.000861607666593045,0,benign,93
edu.synthetic.androzoo.malware.sms_otp_stealer.1224,malware,1,0.9977867603302002,1,malware,39
py.com.sudameris,benign,0,0.0009700785740278661,0,benign,163
com.hemzstudios.slimemerge,benign,0,0.0008176565752364695,0,benign,100
com.benqu.wuta,malware,1,0.0009762145346030593,0,benign,104
edu.synthetic.androzoo.malware.overlay_pin_stealer.0087,malware,1,0.999077558517456,1,malware,161
koeln.kvb.ticket.sveapp,benign,0,0.0011320965131744742,0,benign,10
com.rpgsnack.fishingparadise,benign,0,0.5376863479614258,1,malware,23
edu.synthetic.androzoo.malware.wallet_stealer.0454,malware,1,0.9988059997558594,1,malware,158
edu.synthetic.androzoo.malware.spyware_surveillance.1234,malware,1,0.9880374670028687,1,malware,167
chalyaara.com,benign,0,0.07804427295923233,0,benign,13
edu.synthetic.androzoo.malware.adware_clicker.1826,malware,1,0.8537561893463135,1,malware,49
com.dreamo.xxsf,benign,0,0.0014821069780737162,0,benign,64
jp.fantasista.tapthief,malware,1,0.0008870980236679316,0,benign,11
edu.synthetic.androzoo.malware.banker_accessibility.1525,malware,1,0.999261200428009,1,malware,212
edu.synthetic.androzoo.malware.dropper_loader.1123,malware,1,0.9892262816429138,1,malware,241
com.sinyee.babybus.paintingII,malware,1,0.9955396056175232,1,malware,55
com.kunzisoft.keepass.free,benign,0,0.0009991622064262629,0,benign,23
com.sinyee.babybus.papermaking,malware,1,0.06704381853342056,0,benign,64
com.seigneurin.carspotclient,benign,0,0.0009363706922158599,0,benign,71
edu.synthetic.androzoo.malware.sms_otp_stealer.0363,malware,1,0.9979867935180664,1,malware,53
com.avit.external.app,benign,0,0.27259451150894165,0,benign,53
edu.synthetic.androzoo.malware.overlay_pin_stealer.0091,malware,1,0.995040237903595,1,malware,158
com.subsplashconsulting.s_HBP7KC,benign,0,0.0016712610376998782,0,benign,153
edu.synthetic.androzoo.benign.commerce_social.0226,benign,0,0.001168536487966776,0,benign,171
com.gidetechs.myhourofgrace,benign,0,0.31448015570640564,0,benign,58
edu.synthetic.androzoo.malware.ransomware_locker.1378,malware,1,0.5740662217140198,1,malware,84
edu.synthetic.androzoo.malware.banker_accessibility.1931,malware,1,0.998672604560852,1,malware,53
com.cy.chengcredit,malware,1,0.9812052249908447,1,malware,155
com.yclients.mobile.g73827,benign,0,0.001392845530062914,0,benign,138
com.frisbee.schoolvankampen,benign,0,0.0010061422362923622,0,benign,110
com.rabonagames.sepaktakraw,benign,0,0.08069435507059097,0,benign,110
edu.synthetic.androzoo.malware.spyware_surveillance.0524,malware,1,0.9959110021591187,1,malware,157
edu.synthetic.androzoo.malware.dropper_loader.0876,malware,1,0.9993871450424194,1,malware,73
edu.synthetic.androzoo.malware.spyware_surveillance.1458,malware,1,0.9883621335029602,1,malware,58
kr.co.pksoft.ri3710,benign,0,0.9450574517250061,1,malware,46
com.yeoniyouni.readbooks,benign,0,0.0010395824210718274,0,benign,165
edu.synthetic.androzoo.malware.spyware_surveillance.1783,malware,1,0.9976418018341064,1,malware,156
neat.viewpdf.com,benign,0,0.02838132530450821,0,benign,61
com.aitype.android.lang.ru,benign,0,0.9065009951591492,1,malware,67
com.sinyee.babybus.custom,malware,1,0.9979512095451355,1,malware,50
com.qlbeoka.fda,benign,0,0.001882278360426426,0,benign,15
com.gurwi,benign,0,0.9906855225563049,1,malware,34
edu.synthetic.androzoo.malware.overlay_pin_stealer.0212,malware,1,0.9986875653266907,1,malware,59
com.cordic.isleworth.parker,benign,0,0.0009934967383742332,0,benign,102
edu.synthetic.androzoo.benign.media_game.0218,benign,0,0.04828527197241783,0,benign,41
edu.synthetic.androzoo.malware.spyware_surveillance.2052,malware,1,0.9983940720558167,1,malware,59
edu.synthetic.androzoo.benign.maps_cloud.0167,benign,0,0.00116415461525321,0,benign,82
com.nickpapanik.strommate,benign,0,0.9989438652992249,1,malware,41
com.hitachi.netcs.sh,benign,0,0.9263381361961365,1,malware,22
com.developer.appRadioBucuresti,benign,0,0.0013902545906603336,0,benign,70
com.lazyboydevelopments.footballsuperstar2,malware,1,0.0007699626148678362,0,benign,23
com.lifree1.agent,benign,0,0.9985532164573669,1,malware,113
br.com.inchurch.gochurch,benign,0,0.0010744541650637984,0,benign,14
com.trainerize.fibrofitwarriors,benign,0,0.9558945298194885,1,malware,26
com.sinyee.babybus.animal,malware,1,0.9801501035690308,1,malware,60
cn.bluerhino.driver,malware,1,0.004229528829455376,0,benign,25
com.doapps.android.mln.MLN_90d668b2ee3a0975df39f54a3f466090,benign,0,0.0011144860181957483,0,benign,156
cn.com.dareway.mhsc_binzhou,malware,1,0.983445942401886,1,malware,20
au.com.nrl.tipping,benign,0,0.0009486190392635763,0,benign,148
com.pixeleater.nocturneheights,malware,1,0.042929742485284805,0,benign,46
edu.synthetic.androzoo.malware.spyware_surveillance.1325,malware,1,0.9909759163856506,1,malware,139
io.ionic.kuentro,benign,0,0.009092570282518864,0,benign,59
edu.synthetic.androzoo.malware.banker_accessibility.1999,malware,1,0.9052493572235107,1,malware,237
edu.synthetic.androzoo.malware.dropper_loader.1381,malware,1,0.020863734185695648,0,benign,232
com.coolcollege.kxy,malware,1,0.5700562000274658,1,malware,198
com.fiveloyalty.nutbutter,benign,0,0.0018060265574604273,0,benign,109
edu.synthetic.androzoo.malware.spyware_surveillance.0191,malware,1,0.9986171722412109,1,malware,165
com.moodle.unisinos,benign,0,0.998815655708313,1,malware,62
edu.synthetic.androzoo.malware.spyware_surveillance.1443,malware,1,0.9985138773918152,1,malware,113
com.da.advanced_geocamera,benign,0,0.02435782551765442,0,benign,18
edu.synthetic.androzoo.malware.banker_accessibility.0557,malware,1,0.9992536902427673,1,malware,216
edu.synthetic.androzoo.malware.banker_accessibility.2057,malware,1,0.9985149502754211,1,malware,155
edu.synthetic.androzoo.malware.banker_accessibility.2012,malware,1,0.9979404807090759,1,malware,52
edu.synthetic.androzoo.malware.ransomware_locker.1275,malware,1,0.12663476169109344,0,benign,174
com.docterz.connect.velocity,benign,0,0.0019858067389577627,0,benign,133
srl.kyas.fixbean,benign,0,0.0020824247039854527,0,benign,154
com.lxvll.ocr,benign,0,0.5232771635055542,1,malware,116
com.ygtech.ddyx,benign,0,0.04459370672702789,0,benign,73
com.coppercod.classicWhist,benign,0,0.0012607811950147152,0,benign,152
edu.synthetic.androzoo.malware.spyware_surveillance.1201,malware,1,0.9973180890083313,1,malware,130
goldensoft.com.goldenpedidos,benign,0,0.9990988969802856,1,malware,49
edu.synthetic.androzoo.malware.wallet_stealer.0944,malware,1,0.9989525079727173,1,malware,170
com.appsmart.delivery.chillipizzeria15232,benign,0,0.0037241175305098295,0,benign,95
com.jmita.bibliasagrada2,malware,1,0.261216938495636,0,benign,136
pl.netigen.simplemandolinrtuner,benign,0,0.0011609210632741451,0,benign,218
com.taxicaller.Getdriven.app,benign,0,0.0026179736014455557,0,benign,66
com.imweb.appS20200605d0b93b390db0f_61d458797eeea,benign,0,0.0010409033857285976,0,benign,74
com.subsplashconsulting.s_R5VRVM,benign,0,0.0016574636101722717,0,benign,196
org.arkweb.arkweb,malware,1,0.0008664101478643715,0,benign,11
edu.synthetic.androzoo.malware.overlay_pin_stealer.1825,malware,1,0.9979822635650635,1,malware,133
com.jitendrasurve.pipingspacingcalculator,benign,0,0.0010985113913193345,0,benign,211
hr.hac.enc_mobile,benign,0,0.0009240354993380606,0,benign,11
com.montgomery.rideon,benign,0,0.002120801480486989,0,benign,155
edu.synthetic.androzoo.malware.overlay_pin_stealer.1718,malware,1,0.9989815354347229,1,malware,50
com.trukkeruae.trukker_vender,benign,0,0.0010824698256328702,0,benign,104
edu.synthetic.androzoo.malware.spyware_surveillance.0535,malware,1,0.9970456957817078,1,malware,109
ly.omegle.android,benign,0,0.008330916054546833,0,benign,174
com.tellurionmobile.aliencraftpro,malware,1,0.9991745352745056,1,malware,27
edu.synthetic.androzoo.malware.banker_accessibility.0320,malware,1,0.9929152727127075,1,malware,211
com.outfit7.mytalkingtom2,benign,0,0.0027365058194845915,0,benign,91
com.square_enix.android_googleplay.mangaup_jp,benign,0,0.006105384323745966,0,benign,118
net.ays.PROD558317,benign,0,0.01844976283609867,0,benign,46
com.alreef.app,benign,0,0.0013796850107610226,0,benign,97
cn.trinea.android.developertools,malware,1,0.0022774585522711277,0,benign,242
edu.synthetic.androzoo.malware.spyware_surveillance.0560,malware,1,0.9977927207946777,1,malware,94
jp.co.atis.atis_googleapp,benign,0,0.0016116866609081626,0,benign,212
edu.synthetic.androzoo.malware.overlay_pin_stealer.0126,malware,1,0.998971700668335,1,malware,46
edu.synthetic.androzoo.benign.media_game.0095,benign,0,0.0013556979829445481,0,benign,121
com.lge.laundryinstaller,benign,0,0.9982603192329407,1,malware,91
edu.synthetic.androzoo.malware.banker_accessibility.0419,malware,1,0.9976328611373901,1,malware,168
com.sn1.TheAncientBookOfJudith,benign,0,0.0034210861194878817,0,benign,124
edu.synthetic.androzoo.malware.ransomware_locker.1215,malware,1,0.7074974775314331,1,malware,136
com.kidsgamesfactory.dolphin.water.show,benign,0,0.003421388566493988,0,benign,13
com.apptegy.peoriail,benign,0,0.0017067930893972516,0,benign,132
edu.synthetic.androzoo.malware.spyware_surveillance.0990,malware,1,0.9959142804145813,1,malware,91
edu.synthetic.androzoo.benign.media_game.0183,benign,0,0.0019339978462085128,0,benign,92
com.noqta.noqtadispetchdriver,benign,0,0.0008107770117931068,0,benign,12
com.acemoneytransfer.android,benign,0,0.9838804602622986,1,malware,43
edu.synthetic.androzoo.malware.overlay_pin_stealer.1086,malware,1,0.9985858201980591,1,malware,187
com.GraubaumgameStudio.RennumdeinLeben,benign,0,0.8532359600067139,1,malware,32
meditofoundation.medito,benign,0,0.0021133197005838156,0,benign,181
sandbox.numberbycolor.pixelart,malware,1,0.006261482369154692,0,benign,126
edu.synthetic.androzoo.malware.overlay_pin_stealer.0787,malware,1,0.9993624091148376,1,malware,83
com.s626.LoopDiggernew,benign,0,0.0016223551938310266,0,benign,157
edu.synthetic.androzoo.malware.overlay_pin_stealer.1520,malware,1,0.9991397857666016,1,malware,170
com.clarkdistributors.clarkdistributorsapp,benign,0,0.9069756865501404,1,malware,60
mkisly.backgammon.tawla,benign,0,0.007020516321063042,0,benign,116
com.shuiyu.gdp.muzhi,malware,1,0.9969741106033325,1,malware,48
edu.synthetic.androzoo.malware.banker_accessibility.0672,malware,1,0.9991008043289185,1,malware,153
maa.standby_ios.widgets.lock_screen,benign,0,0.9979165196418762,1,malware,20
com.app.mbacc,benign,0,0.0007656413363292813,0,benign,11
io.iftech.android.box,malware,1,0.001268098596483469,0,benign,29
edu.synthetic.androzoo.malware.adware_clicker.0249,malware,1,0.9993569254875183,1,malware,88
edu.synthetic.androzoo.malware.dropper_loader.0870,malware,1,0.0964348167181015,0,benign,97
org.meraaj.yastashir,malware,1,0.0011342294747009873,0,benign,85
com.h4lsoft.scandroid,benign,0,0.0010087672853842378,0,benign,149
com.trendyweb.lukkyapp,benign,0,0.010366645641624928,0,benign,13
edu.synthetic.androzoo.malware.dropper_loader.2062,malware,1,0.9314067959785461,1,malware,159
edu.synthetic.androzoo.malware.spyware_surveillance.1646,malware,1,0.9916640520095825,1,malware,189
edu.synthetic.androzoo.malware.ransomware_locker.1822,malware,1,0.6667545437812805,1,malware,37
com.tentech.remote,benign,0,0.0008292995626106858,0,benign,11
com.tinchat.mobi,benign,0,0.003390461439266801,0,benign,43
aexyn.stereogramviewer,benign,0,0.0011599251301959157,0,benign,127
edu.synthetic.androzoo.malware.banker_accessibility.0047,malware,1,0.9898870587348938,1,malware,237
com.shiyoujiliang.weilaikeji,malware,1,0.9993670582771301,1,malware,25
at.harnisch.android.planets,benign,0,0.0021037603728473186,0,benign,61
com.caresca.enfermedadesinfantiles,malware,1,0.0012657854240387678,0,benign,162
com.playagames.mobile.dungeon.team.battle.rpg,benign,0,0.001853420864790678,0,benign,90
edu.synthetic.androzoo.benign.maps_cloud.0193,benign,0,0.0010333787649869919,0,benign,186
com.auyou.qpqj,malware,1,0.8612623810768127,1,malware,56
f.info.actualites.france.infos.direct,benign,0,0.002686441643163562,0,benign,115
edu.synthetic.androzoo.malware.spyware_surveillance.1756,malware,1,0.9910847544670105,1,malware,54
com.zsjoinblob.sfclash.yyh,malware,1,0.8992648720741272,1,malware,158
com.hazratferozmemon,benign,0,0.001827375846914947,0,benign,122
com.pointcore.geov5mon,benign,0,0.010997824370861053,0,benign,18
com.gm.ffa.philips,benign,0,0.0009197981562465429,0,benign,104
com.soap.awaygo.yyh,malware,1,0.030077679082751274,0,benign,166
com.adwo.android.games.mine,malware,1,0.9195801615715027,1,malware,35
edu.synthetic.androzoo.malware.wallet_stealer.1019,malware,1,0.9986228942871094,1,malware,125
com.sinyee.babybus.changeable,benign,0,0.0015575421275570989,0,benign,123
bd.com.upay.customer,malware,1,0.001238999073393643,0,benign,152
edu.synthetic.androzoo.malware.spyware_surveillance.1894,malware,1,0.9988011121749878,1,malware,74
com.mindverse.mebot,benign,0,0.9486150741577148,1,malware,22
com.communi.agl,benign,0,0.010474679060280323,0,benign,104
com.islahibaatain,benign,0,0.0370384156703949,0,benign,46
edu.synthetic.androzoo.malware.sms_otp_stealer.1009,malware,1,0.9993209838867188,1,malware,85
com.business.vidcomapp,benign,0,0.006679585203528404,0,benign,13
funtaptic.thegrugs.runner.hector,benign,0,0.0008358859340660274,0,benign,125
com.jxdmxxw.gnq,malware,1,0.9518892765045166,1,malware,29
com.video.downloader.vitmate.allvideodownloader,malware,1,0.002466101897880435,0,benign,108
com.audiobooks.androidapp,benign,0,0.0024284683167934418,0,benign,30
edu.synthetic.androzoo.malware.sms_otp_stealer.0045,malware,1,0.9992181062698364,1,malware,67
edu.synthetic.androzoo.malware.overlay_pin_stealer.1654,malware,1,0.99930739402771,1,malware,85
edu.synthetic.androzoo.malware.sms_otp_stealer.0261,malware,1,0.9983893632888794,1,malware,98
edu.synthetic.androzoo.malware.overlay_pin_stealer.0108,malware,1,0.9993370175361633,1,malware,71
edu.synthetic.androzoo.malware.spyware_surveillance.0198,malware,1,0.9888556599617004,1,malware,173
com.Manababa.RandomSpinDEF,benign,0,0.0009047557832673192,0,benign,106
edu.synthetic.androzoo.malware.adware_clicker.0708,malware,1,0.9715749025344849,1,malware,36
plus.H5A84F959,malware,1,0.9762827754020691,1,malware,90
edu.synthetic.androzoo.malware.sms_otp_stealer.1559,malware,1,0.998315691947937,1,malware,90
scut.wei.numbergame,malware,1,0.984211266040802,1,malware,47
edu.synthetic.androzoo.malware.wallet_stealer.1431,malware,1,0.9988652467727661,1,malware,78
com.ac.englishtoburmesetranslator,malware,1,0.008742772042751312,0,benign,257
com.ludoy.colorhole,malware,1,0.0029819472692906857,0,benign,61
com.couplower.jing,malware,1,0.0023594999220222235,0,benign,97
edu.synthetic.androzoo.malware.banker_accessibility.0921,malware,1,0.9918751120567322,1,malware,211
com.rajgrowup.djmusicmixer,benign,0,0.0011821897933259606,0,benign,193
edu.synthetic.androzoo.malware.overlay_pin_stealer.1061,malware,1,0.9993472695350647,1,malware,66
edu.synthetic.androzoo.benign.commerce_social.0091,benign,0,0.0009483805042691529,0,benign,175
org.ohdoki.onboarding,benign,0,0.9989792108535767,1,malware,43
edu.synthetic.androzoo.malware.sms_otp_stealer.2000,malware,1,0.9877461194992065,1,malware,36
edu.synthetic.androzoo.malware.wallet_stealer.0733,malware,1,0.9989491105079651,1,malware,37
it.iridi.dalgrano,benign,0,0.0016948767006397247,0,benign,50
edu.synthetic.androzoo.malware.dropper_loader.1866,malware,1,0.998783528804779,1,malware,95
jp.co.aree_cosme.AREE,benign,0,0.0009650159627199173,0,benign,121
com.crossfield.jewel8,malware,1,0.9919158816337585,1,malware,15
it.logicweb.colossusescape,malware,1,0.9657548069953918,1,malware,44
com.aynovel.landxs,benign,0,0.0023947921581566334,0,benign,196
edu.synthetic.androzoo.benign.commerce_social.0241,benign,0,0.000988166080787778,0,benign,159
edu.synthetic.androzoo.malware.dropper_loader.0081,malware,1,0.9923032522201538,1,malware,159
edu.synthetic.androzoo.malware.wallet_stealer.1770,malware,1,0.999325156211853,1,malware,141
asan.gharelu.ilaj.asangharelunuskhay,benign,0,0.8074436783790588,1,malware,168
com.supperapps.transp,benign,0,0.0013561840169131756,0,benign,38
org.mobilegpstracker.client,benign,0,0.001118668238632381,0,benign,122
au.com.weguide.genv,benign,0,0.002596070058643818,0,benign,123
com.NamasteStudios.SkyStacker,benign,0,0.012483238242566586,0,benign,13
com.spectrumanalizer.myapplication23487,malware,1,0.8683800101280212,1,malware,155
jp.co.revorn.iinioidevices.android,benign,0,0.0012963191838935018,0,benign,128
com.wenext.wayak,benign,0,0.5813260078430176,1,malware,54
com.asapps.learnfrench,benign,0,0.9590350985527039,1,malware,86
edu.synthetic.androzoo.malware.ransomware_locker.0907,malware,1,0.015223316848278046,0,benign,143
com.zigis.paleontologas,benign,0,0.0010269407648593187,0,benign,128
com.subsplashconsulting.s_24CB8G,benign,0,0.0038924075197428465,0,benign,169
com.ptanktechnology.tipitaka,benign,0,0.7589669227600098,1,malware,125
com.nupuit.qRegisteredDietitian,benign,0,0.998696506023407,1,malware,53
com.playcus.crossstitch.coloring.mandala,benign,0,0.059627700597047806,0,benign,32
com.sibisoft.bellevuec,benign,0,0.001288841594941914,0,benign,186
edu.synthetic.androzoo.malware.sms_otp_stealer.1269,malware,1,0.998501181602478,1,malware,186
com.eblock.auction,benign,0,0.0009375544614158571,0,benign,52
no.nettavisen.phonegap.na,benign,0,0.0008740308112464845,0,benign,139
com.horizonfitnessexperience.programs,benign,0,0.0023130401968955994,0,benign,85
br.com.mestria.mx100TF,benign,0,0.9953261613845825,1,malware,32
com.angames.android.google.avatarbendingtheworld,benign,0,0.0009904395556077361,0,benign,129
com.erow.oneguncat,benign,0,0.0009981836192309856,0,benign,130
com.shuqi.controller,malware,1,0.10475248098373413,0,benign,25
vp.com.vit80,benign,0,0.4187159836292267,0,benign,130
com.ZWSoft.ZWCAD,malware,1,0.9988202452659607,1,malware,104
com.BraDev.CherryBlossom45,benign,0,0.0015071937814354897,0,benign,36
ru.lptracker.app,benign,0,0.0011320965131744742,0,benign,10
edu.synthetic.androzoo.malware.banker_accessibility.1274,malware,1,0.9990206956863403,1,malware,154
sk.mildev84.agendareminder,benign,0,0.0009333218331448734,0,benign,140
edu.synthetic.androzoo.malware.sms_otp_stealer.1830,malware,1,0.9954952001571655,1,malware,43
com.mobilityado.ado,benign,0,0.5289987325668335,1,malware,121
edu.synthetic.androzoo.malware.sms_otp_stealer.1671,malware,1,0.9991729855537415,1,malware,77
com.onetake,benign,0,0.0019858265295624733,0,benign,101
com.t2s.fantastico794475,benign,0,0.0009492880781181157,0,benign,147
in.healthflex.physioapp,benign,0,0.0009180977940559387,0,benign,168
com.marshmallowgameslab.fruit.melody.match.three.games.free.offline,benign,0,0.0009850073838606477,0,benign,109
com.zepni.hamster,benign,0,0.024499574676156044,0,benign,16
com.lutech.applock,malware,1,0.0011946192244067788,0,benign,168
com.elephantgames.parfalenjtshop,benign,0,0.0019337574485689402,0,benign,11
com.sibisoft.sinclair,benign,0,0.0016329912468791008,0,benign,204
edu.synthetic.androzoo.malware.ransomware_locker.0080,malware,1,0.04021074250340462,0,benign,114
edu.synthetic.androzoo.malware.ransomware_locker.1332,malware,1,0.05071927607059479,0,benign,123
com.repair.photopay,malware,1,0.0382537879049778,0,benign,66
com.tianwen.jjrb,malware,1,0.002483247546479106,0,benign,151
com.gamessoft.realdrift.car.driving.games,benign,0,0.0015170576516538858,0,benign,86
edu.synthetic.androzoo.malware.overlay_pin_stealer.1543,malware,1,0.9988264441490173,1,malware,189
edu.synthetic.androzoo.malware.wallet_stealer.1549,malware,1,0.9985222220420837,1,malware,60
nc.opt.annuaire,benign,0,0.9992474317550659,1,malware,39
com.sodetrel.mobile.wiiz,benign,0,0.9992952346801758,1,malware,42
com.jygame.qqtyt.kbls3d.yyh,malware,1,0.949094295501709,1,malware,208
edu.synthetic.androzoo.malware.banker_accessibility.0368,malware,1,0.9991519451141357,1,malware,167
edu.synthetic.androzoo.malware.wallet_stealer.1014,malware,1,0.9990941286087036,1,malware,175
org.wikipedia,benign,0,0.0014387352857738733,0,benign,109
com.automationexchange.openfiberusa,benign,0,0.18623937666416168,0,benign,43
edu.synthetic.androzoo.malware.sms_otp_stealer.1025,malware,1,0.9992091059684753,1,malware,77
io.zerion.android,benign,0,0.9965265393257141,1,malware,60
com.changdu.mobovideo,benign,0,0.009847634471952915,0,benign,16
com.seraphic.openinet.pre,malware,1,0.0015492219245061278,0,benign,239
com.acvauctions.acvauctions,benign,0,0.001813502749428153,0,benign,52
edu.synthetic.androzoo.malware.ransomware_locker.0393,malware,1,0.012761319987475872,0,benign,152
com.subsplashconsulting.s_VTHQCQ,benign,0,0.001478104037232697,0,benign,188
edu.synthetic.androzoo.malware.wallet_stealer.1187,malware,1,0.999024510383606,1,malware,115
edu.synthetic.androzoo.malware.banker_accessibility.1439,malware,1,0.9989728927612305,1,malware,190
edu.synthetic.androzoo.malware.sms_otp_stealer.0012,malware,1,0.999211311340332,1,malware,137
edu.synthetic.androzoo.malware.wallet_stealer.0619,malware,1,0.999256432056427,1,malware,106
com.easymobs.pregnancy,benign,0,0.0010788188083097339,0,benign,144
edu.synthetic.androzoo.malware.ransomware_locker.1392,malware,1,0.0017187545308843255,0,benign,189
com.newgenerationhub.speedtest.meter.wifi.coverage.speed.test,benign,0,0.0012287438148632646,0,benign,160
com.translator.morse_code,benign,0,0.0012147664092481136,0,benign,14
fr.nartex.navette,benign,0,0.006399096455425024,0,benign,79
edu.synthetic.androzoo.malware.banker_accessibility.1465,malware,1,0.9973288774490356,1,malware,176
com.bananaapps.kidappgames.pets.sounds.free,malware,1,0.9987026453018188,1,malware,102
edu.synthetic.androzoo.malware.dropper_loader.0118,malware,1,0.9815937876701355,1,malware,221
com.ad.cargame.fly,benign,0,0.002318647690117359,0,benign,182
co.wesper.sleep,malware,1,0.0008253695559687912,0,benign,121
com.aurorealty.ace.member,benign,0,0.0012417567195370793,0,benign,81
com.easy.all.today.translator,malware,1,0.001061414135619998,0,benign,145
com.chitralekha.evolution,benign,0,0.07487707585096359,0,benign,64
com.iphigenie,benign,0,0.012578972615301609,0,benign,10
edu.synthetic.androzoo.malware.wallet_stealer.0054,malware,1,0.9988904595375061,1,malware,152
edu.synthetic.androzoo.malware.spyware_surveillance.0215,malware,1,0.9712252020835876,1,malware,190
air.com.beachbumgammon,benign,0,0.001077531836926937,0,benign,157
com.chordu.chorduapp,benign,0,0.002862574765458703,0,benign,149
edu.synthetic.androzoo.malware.spyware_surveillance.1291,malware,1,0.9983360171318054,1,malware,78
net.polyglots,benign,0,0.0009702648967504501,0,benign,118
com.WhatWapp.Backgammon.Multiplayer,benign,0,0.0009555425494909286,0,benign,98
edu.synthetic.androzoo.malware.spyware_surveillance.0217,malware,1,0.9978421926498413,1,malware,107
edu.synthetic.androzoo.malware.overlay_pin_stealer.0347,malware,1,0.9991979002952576,1,malware,33
com.firstbank.mobilebanking,benign,0,0.9697477221488953,1,malware,85
edu.synthetic.androzoo.malware.wallet_stealer.1773,malware,1,0.9991372227668762,1,malware,75
linkdesks.screw.bolts.nuts.story,benign,0,0.0010085813701152802,0,benign,85
net.wordbit.twvn,benign,0,0.0014736144803464413,0,benign,173
com.chronogolf.booking.batchwood,benign,0,0.8995118141174316,1,malware,56
com.mintgames.matchfind3d,benign,0,0.0011347174877300858,0,benign,330
com.jartoo.mylib,malware,1,0.8437830209732056,1,malware,58
com.mitsubishi_motors.miland,benign,0,0.0008217126596719027,0,benign,43
gr.itworx.solidcore,benign,0,0.0023965404834598303,0,benign,84
edu.synthetic.androzoo.malware.dropper_loader.1127,malware,1,0.9456000328063965,1,malware,180
chatespana.es,malware,1,0.0011607883498072624,0,benign,135
com.jernung.infinite.deu,benign,0,0.0012982614571228623,0,benign,176
com.entrolabs.ncdap,benign,0,0.9745336174964905,1,malware,30
edu.synthetic.androzoo.malware.sms_otp_stealer.0151,malware,1,0.9970629811286926,1,malware,79
edu.synthetic.androzoo.malware.sms_otp_stealer.0337,malware,1,0.9992202520370483,1,malware,157
com.andrutyk.waiterbolt,benign,0,0.4328421950340271,0,benign,17
ru.zigmund.online,benign,0,0.005269635934382677,0,benign,18
com.sicgamelab.vuurwerk,benign,0,0.003421388566493988,0,benign,13
com.customchurchapps.appwvpop4x2,benign,0,0.003918605390936136,0,benign,139
com.azgame.app.poolcity,benign,0,0.0009590079425834119,0,benign,107
jp.ne.cna.wificonnect,benign,0,0.007726115174591541,0,benign,34
com.lunarway.app,benign,0,0.02105087786912918,0,benign,140
com.shogunstudios.poikatsutile,benign,0,0.0011653228430077434,0,benign,111
edu.synthetic.androzoo.malware.ransomware_locker.1734,malware,1,0.0032015261240303516,0,benign,181
com.veeveefitness.app,benign,0,0.002209928585216403,0,benign,30
com.appsmart.delivery.pizzeriaalbertomarl12997,benign,0,0.0017616146942600608,0,benign,119
com.solucionesandinas.depositoon_line,benign,0,0.0011525084264576435,0,benign,102
com.nword.std8maharashtra,benign,0,0.0017365878447890282,0,benign,109
com.hinews,malware,1,0.8301668167114258,1,malware,54
jp.sally_inc.uzu,benign,0,0.018816251307725906,0,benign,13
edu.synthetic.androzoo.benign.webview_content.0047,benign,0,0.0010173158952966332,0,benign,233
Uxpp.UC,benign,0,0.0017084658611565828,0,benign,174
edu.synthetic.androzoo.malware.sms_otp_stealer.1023,malware,1,0.9991925358772278,1,malware,132
com.greenrevolution.ivelo,benign,0,0.0019101103534922004,0,benign,134
edu.synthetic.androzoo.malware.spyware_surveillance.0403,malware,1,0.9891718029975891,1,malware,65
com.zhangshang.zuhao,malware,1,0.9978744983673096,1,malware,95
com.radioinfinitalarioja,benign,0,0.0015276194317266345,0,benign,76
com.fistoneGOfl66.ateNIUbilihai.yyh,malware,1,0.004982456564903259,0,benign,25
com.trainerize.eastwesthealth,benign,0,0.0021890471689403057,0,benign,11
com.amila.parenting,benign,0,0.0009660222567617893,0,benign,152
com.sybirex.wingoplan,benign,0,0.0009554960415698588,0,benign,128
com.zeptolab.myomnom.free.google,malware,1,0.000936597294639796,0,benign,187
com.aullan.aullan,benign,0,0.001096838735975325,0,benign,88
com.sonica.IbizaSonicaRadio,benign,0,0.0016516164178028703,0,benign,147
edu.synthetic.androzoo.malware.sms_otp_stealer.0797,malware,1,0.9980175495147705,1,malware,52
edu.synthetic.androzoo.malware.spyware_surveillance.0150,malware,1,0.9791617393493652,1,malware,43
com.unicostudio.braintest,benign,0,0.0010074606398120522,0,benign,165
edu.synthetic.androzoo.malware.sms_otp_stealer.1144,malware,1,0.9986087679862976,1,malware,75
edu.synthetic.androzoo.malware.spyware_surveillance.2028,malware,1,0.9928228855133057,1,malware,145
com.tracktime24.employee,benign,0,0.01019846461713314,0,benign,54
com.bhgames.spades,benign,0,0.9490215182304382,1,malware,50
edu.synthetic.androzoo.malware.banker_accessibility.0576,malware,1,0.996928870677948,1,malware,170
com.app.mycatholiclifeinc,benign,0,0.9792216420173645,1,malware,18
com.debragga.debraggaapp,benign,0,0.0012584092328324914,0,benign,142
com.waf.congratulationmessages,benign,0,0.001953383442014456,0,benign,173
edu.synthetic.androzoo.malware.banker_accessibility.0470,malware,1,0.9991262555122375,1,malware,60
com.zanaxu.wordcounter,benign,0,0.9193861484527588,1,malware,70
com.erra.social,benign,0,0.3283482789993286,0,benign,10
edu.synthetic.androzoo.malware.dropper_loader.1112,malware,1,0.9990801811218262,1,malware,34
net.wordbit.itpt,benign,0,0.0014893962070345879,0,benign,264
com.zuzuChe.wz.sh,malware,1,0.012225977145135403,0,benign,21
com.urbandroid.lux,benign,0,0.0012384940637275577,0,benign,45
com.xinxiu.AvatarMaker,malware,1,0.11634771525859833,0,benign,14
com.fubar.mobile,benign,0,0.001477506710216403,0,benign,172
edu.synthetic.androzoo.malware.wallet_stealer.0566,malware,1,0.9991470575332642,1,malware,87
edu.synthetic.androzoo.malware.dropper_loader.0517,malware,1,0.9993396401405334,1,malware,42
edu.synthetic.androzoo.malware.overlay_pin_stealer.0860,malware,1,0.9992081522941589,1,malware,93
edu.synthetic.androzoo.malware.banker_accessibility.0730,malware,1,0.9991119503974915,1,malware,38
edu.synthetic.androzoo.malware.overlay_pin_stealer.0443,malware,1,0.9984397292137146,1,malware,94
com.game.goolny.stickers,benign,0,0.0011131406063213944,0,benign,110
en.lt.bestdict,benign,0,0.0010389892850071192,0,benign,42
apps.muslim_musafir_khana,benign,0,0.007115545216947794,0,benign,15
com.djremix.djmusicplayers,malware,1,0.0012679693754762411,0,benign,176
en.co.atm.unison,benign,0,0.8717988133430481,1,malware,40
de.geos.app,benign,0,0.007635793648660183,0,benign,72
edu.synthetic.androzoo.malware.sms_otp_stealer.1902,malware,1,0.998783528804779,1,malware,38
edu.synthetic.androzoo.malware.ransomware_locker.0654,malware,1,0.012255565263330936,0,benign,66
com.tedmob.taxibeirut.user,benign,0,0.9190083742141724,1,malware,36
edu.synthetic.androzoo.malware.ransomware_locker.0822,malware,1,0.11262430995702744,0,benign,136
pl.bsjablonka.bsjablonkamobile,benign,0,0.0013864374486729503,0,benign,106
com.clocknestgames.olimdal,malware,1,0.008896331302821636,0,benign,67
edu.synthetic.androzoo.malware.wallet_stealer.0950,malware,1,0.9981695413589478,1,malware,52
au.com.mentoracademy.app,benign,0,0.46826648712158203,0,benign,84
edu.synthetic.androzoo.malware.banker_accessibility.0428,malware,1,0.9991274476051331,1,malware,82
com.digidust.leucate.infotravaux,benign,0,0.0013891601702198386,0,benign,122
com.gurtam.local_logistics,benign,0,0.8352407813072205,1,malware,87
com.heitao.mhj.appchina,malware,1,0.9984079003334045,1,malware,28
pl.pkobp.iko,benign,0,0.0015447550686076283,0,benign,197
com.trainerize.lift4life,benign,0,0.044356927275657654,0,benign,82
cn.hundun.app.data,malware,1,0.9990755319595337,1,malware,62
com.subsplashconsulting.s_859K4B,benign,0,0.001557301846332848,0,benign,185
edu.synthetic.androzoo.malware.overlay_pin_stealer.1988,malware,1,0.9993033409118652,1,malware,103
edu.synthetic.androzoo.malware.dropper_loader.0193,malware,1,0.7424740791320801,1,malware,180
edu.synthetic.androzoo.benign.webview_content.0016,benign,0,0.0010286512551829219,0,benign,116
com.plaky.android,benign,0,0.0009517550352029502,0,benign,119
com.star.laogh.qiuqian,malware,1,0.9979389309883118,1,malware,66
edu.synthetic.androzoo.malware.banker_accessibility.0041,malware,1,0.9988951086997986,1,malware,119
com.overnight.oats.recipe.app,benign,0,0.0017407424747943878,0,benign,162
edu.synthetic.androzoo.malware.sms_otp_stealer.0541,malware,1,0.9983532428741455,1,malware,184
edu.synthetic.androzoo.malware.sms_otp_stealer.0360,malware,1,0.9992903470993042,1,malware,87
edu.synthetic.androzoo.benign.media_game.0230,benign,0,0.0013270992785692215,0,benign,102
edu.synthetic.androzoo.malware.wallet_stealer.2067,malware,1,0.999000608921051,1,malware,33
com.plexus.android,benign,0,0.0012392847565934062,0,benign,166
com.marvelous.runbot,malware,1,0.00954218115657568,0,benign,74
de.myfitcoach.tim.mfc,benign,0,0.0012209283886477351,0,benign,179
com.permadi.hexagonCrushGame,benign,0,0.017430223524570465,0,benign,18
edu.synthetic.androzoo.malware.adware_clicker.1971,malware,1,0.7657444477081299,1,malware,80
com.promo360.promo360,benign,0,0.0009873652597889304,0,benign,107
edu.synthetic.androzoo.malware.banker_accessibility.0579,malware,1,0.9990455508232117,1,malware,50
lgc.zhousMandarin.activity,malware,1,0.9992523789405823,1,malware,20
com.bublup.bublup,benign,0,0.002403179882094264,0,benign,85
com.wave.personal,benign,0,0.0072441091760993,0,benign,151
edu.synthetic.androzoo.malware.banker_accessibility.1493,malware,1,0.999346911907196,1,malware,68
edu.synthetic.androzoo.malware.dropper_loader.0938,malware,1,0.9870054721832275,1,malware,188
jp.nakano.tokyo.rsa,benign,0,0.996478259563446,1,malware,35
com.dynogeek.qlisperaceway,benign,0,0.0013107991544529796,0,benign,139
edu.synthetic.androzoo.benign.commerce_social.0177,benign,0,0.0010883859358727932,0,benign,40
edu.synthetic.androzoo.malware.banker_accessibility.0314,malware,1,0.9993796348571777,1,malware,123
com.rubikscube.freesolve,benign,0,0.001024702680297196,0,benign,30
edu.synthetic.androzoo.malware.overlay_pin_stealer.0512,malware,1,0.9979507327079773,1,malware,64
com.missu.bill,malware,1,0.007867824286222458,0,benign,143
com.idmobile.norwaymeteo,benign,0,0.7953668236732483,1,malware,18
edu.synthetic.androzoo.malware.adware_clicker.0427,malware,1,0.017737528309226036,0,benign,156
edu.synthetic.androzoo.malware.dropper_loader.1932,malware,1,0.9981740713119507,1,malware,191
edu.synthetic.androzoo.malware.overlay_pin_stealer.0072,malware,1,0.9993330836296082,1,malware,66
sixpack.sixpackabs.absworkout,benign,0,0.0012677592458203435,0,benign,205
com.androidapp.skins.girls.minecraft,malware,1,0.8377183079719543,1,malware,118
com.bartering.forsa,benign,0,0.0010288708144798875,0,benign,136
edu.synthetic.androzoo.malware.wallet_stealer.1835,malware,1,0.9991279244422913,1,malware,85
edu.synthetic.androzoo.malware.ransomware_locker.1991,malware,1,0.24169179797172546,0,benign,75
com.Fivestones.Alter,malware,1,0.0016146202106028795,0,benign,36
uni.UNI8EFADFE,malware,1,0.9965019226074219,1,malware,83
edu.synthetic.androzoo.malware.banker_accessibility.1906,malware,1,0.9991835951805115,1,malware,138
eu.mycabin.mycabin.preview,benign,0,0.0009742099791765213,0,benign,126
com.asmr.doctor.diy.makeup.salon.games,benign,0,0.0027175818104296923,0,benign,81
edu.synthetic.androzoo.malware.spyware_surveillance.1880,malware,1,0.998502254486084,1,malware,105
edu.synthetic.androzoo.malware.banker_accessibility.0989,malware,1,0.9987562894821167,1,malware,126
edu.synthetic.androzoo.malware.wallet_stealer.0144,malware,1,0.9985877275466919,1,malware,144
com.freetrailer,benign,0,0.0014124491717666388,0,benign,109
com.lgtech.checktime_io,benign,0,0.12288932502269745,0,benign,66
com.doc360.client,malware,1,0.25683844089508057,0,benign,82
com.gs.carmechanic.tireshop.carrepair.offlinegame,benign,0,0.0009192427387461066,0,benign,37
edu.synthetic.androzoo.malware.overlay_pin_stealer.1566,malware,1,0.9993239641189575,1,malware,44
com.sinyee.babybus.stroke,malware,1,0.0016418439336121082,0,benign,37
com.dkhs.futures,malware,1,0.0020879851654171944,0,benign,27
com.rubeacon.niceandjoy,benign,0,0.0010164609411731362,0,benign,47
jp.co.muse.matsuro,malware,1,0.003389056771993637,0,benign,63
edu.synthetic.androzoo.malware.dropper_loader.1813,malware,1,0.997975766658783,1,malware,127
com.aaron.grabredpacket,malware,1,0.9985729455947876,1,malware,199
edu.synthetic.androzoo.malware.overlay_pin_stealer.1883,malware,1,0.9988151788711548,1,malware,71
jp.co.a_tm.android.plus_kawaii_hamster,benign,0,0.004409301094710827,0,benign,20
edu.synthetic.androzoo.malware.dropper_loader.0279,malware,1,0.9564535021781921,1,malware,153
com.es.mengmobile.yyh,malware,1,0.9317557215690613,1,malware,114
com.subsplash.thechurchapp.s_W89C49,benign,0,0.0016144418623298407,0,benign,193
com.zhan.runhealthy,benign,0,0.006301745772361755,0,benign,56
edu.synthetic.androzoo.malware.sms_otp_stealer.0285,malware,1,0.9992577433586121,1,malware,192
edu.synthetic.androzoo.malware.dropper_loader.1102,malware,1,0.9975987076759338,1,malware,110
io.liaopin.NI2DD730B,malware,1,0.9795864224433899,1,malware,84
edu.synthetic.androzoo.malware.overlay_pin_stealer.0308,malware,1,0.9992756247520447,1,malware,185
edu.synthetic.androzoo.malware.spyware_surveillance.0970,malware,1,0.998161256313324,1,malware,75
edu.synthetic.androzoo.malware.overlay_pin_stealer.1018,malware,1,0.9993671774864197,1,malware,79
de.mobiletrend.lovidoo,benign,0,0.001296403119340539,0,benign,241
com.bunbunstudio.magicblocktiles,benign,0,0.0012308324221521616,0,benign,117
com.jacobsmedia.bluelake,benign,0,0.0018620631890371442,0,benign,110
edu.synthetic.androzoo.malware.banker_accessibility.1091,malware,1,0.9989068508148193,1,malware,194
com.nikinorm.gus,benign,0,0.1404258757829666,0,benign,27
com.puzzle.find.differences,benign,0,0.003518997924402356,0,benign,48
com.instalaxmi.omsairam,benign,0,0.001148059731349349,0,benign,124
com.mavi.kartus,benign,0,0.0009338661329820752,0,benign,161
edu.synthetic.androzoo.malware.wallet_stealer.0542,malware,1,0.9993900060653687,1,malware,78
edu.synthetic.androzoo.malware.dropper_loader.0002,malware,1,0.9969068169593811,1,malware,107
com.spiritshack.sls,benign,0,0.1057145893573761,0,benign,109
com.unitybars.corplight.oschadbank,benign,0,0.0008636148413643241,0,benign,116
com.trainerize.primalcoaching,benign,0,0.004144651349633932,0,benign,23
edu.synthetic.androzoo.malware.sms_otp_stealer.0583,malware,1,0.997579038143158,1,malware,44
com.DefaultCompany.StreetRoosterFightKungFu,benign,0,0.0013115422334522009,0,benign,95
edu.synthetic.androzoo.malware.dropper_loader.0927,malware,1,0.9823927879333496,1,malware,218
edu.synthetic.androzoo.malware.spyware_surveillance.0275,malware,1,0.9931643605232239,1,malware,104
com.clowder.aot,benign,0,0.9840582013130188,1,malware,35
edu.synthetic.androzoo.malware.ransomware_locker.1417,malware,1,0.989424467086792,1,malware,102
edu.synthetic.androzoo.benign.webview_content.0101,benign,0,0.0012379775289446115,0,benign,81
core.writer,benign,0,0.0018953164108097553,0,benign,113
jp.co.bandainamcoonline.idolish7,benign,0,0.001065968070179224,0,benign,138
com.telstra.nrl.knights,benign,0,0.001203074469231069,0,benign,124
edu.synthetic.androzoo.malware.sms_otp_stealer.1104,malware,1,0.9973726272583008,1,malware,187
com.eltok.scoreboardliveumpireapp,benign,0,0.002299459185451269,0,benign,24
edu.synthetic.androzoo.malware.banker_accessibility.0206,malware,1,0.9992358684539795,1,malware,50
com.beartool.girfriendvalue,malware,1,0.9973714351654053,1,malware,36
edu.synthetic.androzoo.benign.webview_content.0113,benign,0,0.020479977130889893,0,benign,30
com.morega.ldsg,malware,1,0.2538743317127228,0,benign,115
mm.pndaza.atthakathanissaya,benign,0,0.1411292850971222,0,benign,22
edu.synthetic.androzoo.malware.wallet_stealer.1753,malware,1,0.9989191293716431,1,malware,56
edu.synthetic.androzoo.malware.spyware_surveillance.1041,malware,1,0.9977338314056396,1,malware,41
com.moyun365.android.zkchemistry,malware,1,0.7757965922355652,1,malware,52
edu.synthetic.androzoo.malware.spyware_surveillance.1478,malware,1,0.994010329246521,1,malware,97
com.bubblestudio.crazyguess,malware,1,0.005082078743726015,0,benign,53
edu.synthetic.androzoo.benign.media_game.0216,benign,0,0.2751093804836273,0,benign,96
edu.synthetic.androzoo.malware.sms_otp_stealer.1289,malware,1,0.9962666630744934,1,malware,32
com.kenangan.my,benign,0,0.0195394828915596,0,benign,50
edu.synthetic.androzoo.benign.commerce_social.0200,benign,0,0.001034836401231587,0,benign,33
com.travel.flybooking,benign,0,0.0011434747138991952,0,benign,63
solitaire.cardgames.solitairegames.free.klondike,benign,0,0.000867214985191822,0,benign,129
edu.synthetic.androzoo.malware.spyware_surveillance.0345,malware,1,0.9966541528701782,1,malware,136
edu.synthetic.androzoo.malware.sms_otp_stealer.1163,malware,1,0.999311089515686,1,malware,30
gr.delhaize,benign,0,0.0024740572553128004,0,benign,85
edu.synthetic.androzoo.malware.spyware_surveillance.0134,malware,1,0.9960099458694458,1,malware,118
edu.synthetic.androzoo.malware.banker_accessibility.0955,malware,1,0.9989768266677856,1,malware,69
cz.praetorsystems.praetor2,benign,0,0.9989941716194153,1,malware,46
edu.synthetic.androzoo.malware.dropper_loader.0765,malware,1,0.9581504464149475,1,malware,192
edu.synthetic.androzoo.malware.sms_otp_stealer.1334,malware,1,0.9975563287734985,1,malware,70
com.vgrstudios.Birdphotoeditor,benign,0,0.9071971774101257,1,malware,101
com.denniscode.shareit,benign,0,0.0009893544483929873,0,benign,109
edu.synthetic.androzoo.malware.dropper_loader.0006,malware,1,0.9984185695648193,1,malware,82
com.finewoodworking,benign,0,0.0010060324566438794,0,benign,64
com.IVR.horoscopoescorpio,benign,0,0.0012386963935568929,0,benign,179
edu.synthetic.androzoo.malware.spyware_surveillance.2007,malware,1,0.9875946044921875,1,malware,58
edu.synthetic.androzoo.malware.sms_otp_stealer.1998,malware,1,0.9990954399108887,1,malware,47
in.bridgeon.my_habit_app,benign,0,0.9802829027175903,1,malware,33
com.maxtoolbox.rot,malware,1,0.0013193292543292046,0,benign,90
com.looped.pos.looped_pos_new,benign,0,0.0008825113764032722,0,benign,10
fr.ina.madelen,benign,0,0.9982061386108398,1,malware,44
com.kabbalah.calendar,benign,0,0.00797181949019432,0,benign,17
com.volkswagen.vwnavarra2,benign,0,0.0012018827255815268,0,benign,146
com.tk.cattrans,benign,0,0.0015202638460323215,0,benign,141
com.bongopharma.bd,malware,1,0.0011088374303653836,0,benign,85
com.funstay.android.global.idlerpgv1,benign,0,0.001606225036084652,0,benign,79
com.yahapps.checkers,benign,0,0.9849004745483398,1,malware,22
edu.synthetic.androzoo.malware.dropper_loader.1077,malware,1,0.2983960211277008,0,benign,178
com.ucroo.augusta,benign,0,0.0008913084748201072,0,benign,129
edu.synthetic.androzoo.malware.adware_clicker.0698,malware,1,0.024331865832209587,0,benign,53
io.c2dev.mypastpapers,benign,0,0.2503679692745209,0,benign,19
net.ship56.consignor,malware,1,0.029728051275014877,0,benign,47
com.ThreeCatGames.HamsterAttack,malware,1,0.005442090332508087,0,benign,70
edu.synthetic.androzoo.malware.spyware_surveillance.0035,malware,1,0.9974120259284973,1,malware,78
edu.synthetic.androzoo.benign.commerce_social.0015,benign,0,0.0009431244689039886,0,benign,94
edu.synthetic.androzoo.malware.banker_accessibility.0305,malware,1,0.9989959597587585,1,malware,64
com.ttdic.synonymsru,benign,0,0.010238947346806526,0,benign,118
com.khobta.anti_wrinklefacialexercises,benign,0,0.0012113814009353518,0,benign,241
edu.synthetic.androzoo.benign.commerce_social.0008,benign,0,0.0009400687995366752,0,benign,82
edu.synthetic.androzoo.malware.overlay_pin_stealer.0770,malware,1,0.9989956021308899,1,malware,46
app.donkeymobile.renswoudehervormd,benign,0,0.35242319107055664,0,benign,27
edu.synthetic.androzoo.malware.spyware_surveillance.1713,malware,1,0.9982789754867554,1,malware,138
edu.synthetic.androzoo.malware.overlay_pin_stealer.1508,malware,1,0.9993945360183716,1,malware,41
com.innogames.riseofcultures,benign,0,0.0019608710426837206,0,benign,99
edu.synthetic.androzoo.malware.wallet_stealer.1961,malware,1,0.9989632368087769,1,malware,92
apparray.edison_android_renewal,benign,0,0.006336156278848648,0,benign,68
edu.synthetic.androzoo.malware.overlay_pin_stealer.1504,malware,1,0.9987401366233826,1,malware,41
com.blockcitywars.thugcity,malware,1,0.001993071986362338,0,benign,154
edu.synthetic.androzoo.malware.spyware_surveillance.0648,malware,1,0.9550614953041077,1,malware,104
edu.synthetic.androzoo.malware.ransomware_locker.0884,malware,1,0.005785581190139055,0,benign,121
edu.synthetic.androzoo.malware.overlay_pin_stealer.1708,malware,1,0.999247670173645,1,malware,74
com.iok.childwordhan,malware,1,0.9561017155647278,1,malware,105
com.james.SmartCalculator,benign,0,0.0013930053682997823,0,benign,127
au.com.solus.MoretonBayLibraries,benign,0,0.9982155561447144,1,malware,16
edu.synthetic.androzoo.malware.banker_accessibility.0259,malware,1,0.995587944984436,1,malware,203
com.tempstick,benign,0,0.014513498172163963,0,benign,102
com.nabe.fr3pc,benign,0,0.012507490813732147,0,benign,110
service.ueco.coins,malware,1,0.5597035884857178,1,malware,35
me.hxyfj.rk,malware,1,0.005742013920098543,0,benign,108
edu.synthetic.androzoo.malware.adware_clicker.0324,malware,1,0.9985055923461914,1,malware,71
com.etcgamestudioo.pixel,malware,1,0.9988924860954285,1,malware,116
com.sg.free.prado.car.parking.games,benign,0,0.0014738523168489337,0,benign,69
net.usb.usby4,benign,0,0.9885891675949097,1,malware,31
edu.synthetic.androzoo.malware.banker_accessibility.0507,malware,1,0.9596145749092102,1,malware,125
jp.co.kdl.yukiyama,benign,0,0.0010588403092697263,0,benign,162
com.eduven.cc.bruschettas,benign,0,0.0008695176802575588,0,benign,162
edu.synthetic.androzoo.malware.overlay_pin_stealer.0359,malware,1,0.9991361498832703,1,malware,100
nl.zig.ap.app.zuidwestwonen,benign,0,0.001199199934490025,0,benign,170
edu.synthetic.androzoo.malware.dropper_loader.0629,malware,1,0.9981240630149841,1,malware,139
edu.synthetic.androzoo.malware.overlay_pin_stealer.0065,malware,1,0.9958072900772095,1,malware,175
a882902.mcn,benign,0,0.0017151508945971727,0,benign,188
edu.synthetic.androzoo.malware.spyware_surveillance.1806,malware,1,0.9985900521278381,1,malware,75
com.cinemaxx.activity,benign,0,0.0013313509989529848,0,benign,105
edu.synthetic.androzoo.malware.overlay_pin_stealer.1920,malware,1,0.9992417097091675,1,malware,153
edu.synthetic.androzoo.malware.dropper_loader.1079,malware,1,0.19764132797718048,0,benign,104
edu.synthetic.androzoo.malware.spyware_surveillance.1650,malware,1,0.9938072562217712,1,malware,179
com.boltrend.castleburn.nesh,malware,1,0.9980054497718811,1,malware,217
secolink.manager,malware,1,0.007767195347696543,0,benign,26
com.goldenpenguin.FriesMartTycoon,benign,0,0.9279303550720215,1,malware,17
com.withbuddies.dice.free,benign,0,0.0008138263947330415,0,benign,116
edu.synthetic.androzoo.malware.sms_otp_stealer.1702,malware,1,0.9990509152412415,1,malware,149
edu.synthetic.androzoo.malware.wallet_stealer.0490,malware,1,0.9988065958023071,1,malware,49
com.zonedeliveryservicerider,benign,0,0.0009011778747662902,0,benign,108
com.pixticle.bokuboku.yg,malware,1,0.9967669248580933,1,malware,136
com.cykj.chuangyingdiy,malware,1,0.8965082764625549,1,malware,271
edu.synthetic.androzoo.malware.wallet_stealer.1335,malware,1,0.9985387325286865,1,malware,60
com.herogame.gplay.eternalevolution.idlerpg,benign,0,0.05556682497262955,0,benign,118
edu.synthetic.androzoo.malware.banker_accessibility.0146,malware,1,0.9988962411880493,1,malware,173
com.ayibang.ayb,malware,1,0.33024224638938904,0,benign,70
com.sice_app,benign,0,0.001662449212744832,0,benign,98
com.ninehundredapps.daralfaqih,benign,0,0.0009993535932153463,0,benign,135
edu.synthetic.androzoo.malware.overlay_pin_stealer.0232,malware,1,0.9993771910667419,1,malware,103
net.freshgogo.android,malware,1,0.8508582711219788,1,malware,136
cn.com.vtmarkets,benign,0,0.008774545975029469,0,benign,39
com.helplove.shbf,malware,1,0.9943457245826721,1,malware,56
com.antpool.app.android,benign,0,0.02367393486201763,0,benign,43
edu.synthetic.androzoo.malware.sms_otp_stealer.1158,malware,1,0.9978647828102112,1,malware,59
com.tocaboca.tocavacation,malware,1,0.0015838261460885406,0,benign,170
com.znam_majstora.android,benign,0,0.0008848347351886332,0,benign,99
edu.synthetic.androzoo.malware.spyware_surveillance.1722,malware,1,0.9992700219154358,1,malware,81
com.youxigongchang.chuanyuexiyou.a323.yyh,malware,1,0.9691930413246155,1,malware,44
cc.sidi.SigmaScript,benign,0,0.994115948677063,1,malware,32
edu.synthetic.androzoo.malware.sms_otp_stealer.2008,malware,1,0.9985652565956116,1,malware,66
edu.synthetic.androzoo.malware.banker_accessibility.0606,malware,1,0.9986674785614014,1,malware,79
edu.synthetic.androzoo.malware.banker_accessibility.1414,malware,1,0.999022364616394,1,malware,152
com.appernewsr.zambiaradiostations,benign,0,0.0017585426103323698,0,benign,199
kenia.os.tiles.hop,benign,0,0.8184148073196411,1,malware,20
com.twitter.videodownload.videodownloaderfortwitter,benign,0,0.0015570668037980795,0,benign,11
com.sinyee.babybus.help,malware,1,0.9982280135154724,1,malware,55
ott.nyse,benign,0,0.003489630063995719,0,benign,101
com.mysticmobileapps.android.boat.tracker,benign,0,0.37396326661109924,0,benign,14
edu.synthetic.androzoo.malware.dropper_loader.1665,malware,1,0.9993342757225037,1,malware,80
com.dezerv,benign,0,0.01983650214970112,0,benign,10
com.subsplashconsulting.s_XMCCSF,benign,0,0.001160445623099804,0,benign,186
com.tsci.hmn,malware,1,0.0015744975535199046,0,benign,70
es.altra.airzone,benign,0,0.9671839475631714,1,malware,57
edu.synthetic.androzoo.malware.spyware_surveillance.1001,malware,1,0.9992088675498962,1,malware,51
edu.synthetic.androzoo.malware.ransomware_locker.0504,malware,1,0.001715589314699173,0,benign,73
com.appazur.nsspartans,benign,0,0.7773497104644775,1,malware,22
gr.christianikatragoudia.app,benign,0,0.0012157647870481014,0,benign,50
it.redbitgames.hauntedmanor2full,malware,1,0.0014598602429032326,0,benign,15
edu.synthetic.androzoo.malware.spyware_surveillance.0325,malware,1,0.9965850114822388,1,malware,86
com.merge.townhorizon.puzzlegame,benign,0,0.001166515750810504,0,benign,105
com.linker.scyt,malware,1,0.026751045137643814,0,benign,64
com.ske6bento.kotodama,benign,0,0.00101415254175663,0,benign,85
edu.synthetic.androzoo.malware.banker_accessibility.1748,malware,1,0.9990895986557007,1,malware,170
com.nodemerger.class9thengbook,benign,0,0.0012714643962681293,0,benign,28
com.cabs,benign,0,0.001994933933019638,0,benign,202
edu.synthetic.androzoo.malware.adware_clicker.0839,malware,1,0.019345832988619804,0,benign,185
edu.synthetic.androzoo.malware.ransomware_locker.1814,malware,1,0.5498467087745667,1,malware,82
edu.synthetic.androzoo.malware.ransomware_locker.2024,malware,1,0.0024259097408503294,0,benign,109
com.faneganr.waygo.yyh,malware,1,0.9967340230941772,1,malware,167
edu.synthetic.androzoo.malware.overlay_pin_stealer.0887,malware,1,0.9993189573287964,1,malware,65
com.beautybuddy,benign,0,0.0013017754536122084,0,benign,103
edu.synthetic.androzoo.malware.ransomware_locker.0202,malware,1,0.0016648704186081886,0,benign,155
edu.synthetic.androzoo.malware.spyware_surveillance.0841,malware,1,0.9989674091339111,1,malware,153
edu.synthetic.androzoo.malware.dropper_loader.0996,malware,1,0.9872094392776489,1,malware,127
edu.synthetic.androzoo.malware.overlay_pin_stealer.1635,malware,1,0.9993984699249268,1,malware,88
edu.synthetic.androzoo.malware.dropper_loader.1875,malware,1,0.642822802066803,1,malware,197
com.whj.app.stavemaster,malware,1,0.0008211423992179334,0,benign,10
edu.synthetic.androzoo.malware.ransomware_locker.1554,malware,1,0.9915041327476501,1,malware,87
edu.synthetic.androzoo.malware.ransomware_locker.2053,malware,1,0.0011827698908746243,0,benign,137
edu.synthetic.androzoo.malware.dropper_loader.1020,malware,1,0.9989230036735535,1,malware,72
com.subsplashconsulting.s_XNK3P6,benign,0,0.004263122566044331,0,benign,153
edu.synthetic.androzoo.malware.dropper_loader.1310,malware,1,0.07955557852983475,0,benign,229
edu.synthetic.androzoo.malware.dropper_loader.1556,malware,1,0.10844937711954117,0,benign,85
com.mobeasyapp.app1308622866805,benign,0,0.0014381237560883164,0,benign,146
edu.synthetic.androzoo.malware.dropper_loader.1703,malware,1,0.9760244488716125,1,malware,91
edu.synthetic.androzoo.malware.overlay_pin_stealer.0294,malware,1,0.9990328550338745,1,malware,46
com.gymchina.tomato.art,malware,1,0.0026812520809471607,0,benign,74
com.findhelp.android.lpca,benign,0,0.9861714243888855,1,malware,32
com.tmapmobility.drive.driver,benign,0,0.0009096607682295144,0,benign,114
au.com.allhomes,malware,1,0.005085675045847893,0,benign,157
com.keesadens.SIMphonebookFree,benign,0,0.07396823912858963,0,benign,39
edu.synthetic.androzoo.malware.overlay_pin_stealer.0744,malware,1,0.9991944432258606,1,malware,49
edu.synthetic.androzoo.malware.overlay_pin_stealer.0103,malware,1,0.9992283582687378,1,malware,73
com.moblin.israeltrain,benign,0,0.0010944684036076069,0,benign,78
edu.synthetic.androzoo.malware.overlay_pin_stealer.1440,malware,1,0.998659610748291,1,malware,60
edu.synthetic.androzoo.benign.commerce_social.0119,benign,0,0.0010855549480766058,0,benign,214
com.CanttGames.GoldenEggCatcher,malware,1,0.004204726777970791,0,benign,75
word.riddles.guess.brain.test.tricky.puzzle.quiz.game.free,benign,0,0.0012262756936252117,0,benign,149
com.sei.sevencharge.ca,benign,0,0.007420943584293127,0,benign,56
com.video.videodownloader_appdl,malware,1,0.0010319370776414871,0,benign,140
com.nopact.WetHoops,malware,1,0.000921181752346456,0,benign,61
edu.synthetic.androzoo.benign.utility_background.0108,benign,0,0.0011335209710523486,0,benign,157
com.edurev.mpsc,benign,0,0.0011280585313215852,0,benign,143
com.huoban,malware,1,0.0015833887737244368,0,benign,21
com.mobincube.homiletica.sc_HU3B1K,malware,1,0.03797117993235588,0,benign,126
com.thumbtel.anothernumber,malware,1,0.0008665943169035017,0,benign,79
com.didong.ddac,malware,1,0.0016590458108112216,0,benign,65
edu.synthetic.androzoo.malware.adware_clicker.1341,malware,1,0.9094703793525696,1,malware,116
com.voice.changer.today,malware,1,0.0019828197546303272,0,benign,192
wheelzgh.app,benign,0,0.0010659152176231146,0,benign,136
com.jk.wisdomcam,malware,1,0.9989352822303772,1,malware,61
edu.synthetic.androzoo.malware.wallet_stealer.1294,malware,1,0.9978423118591309,1,malware,70
be.lgc.wep.herve,benign,0,0.004365118686109781,0,benign,94
com.yamabus.pocha.pj,malware,1,0.7644670605659485,1,malware,60
edu.synthetic.androzoo.benign.media_game.0182,benign,0,0.0010544569231569767,0,benign,254
edu.synthetic.androzoo.malware.sms_otp_stealer.0533,malware,1,0.9985872507095337,1,malware,66
com.ciyun.oneshop,malware,1,0.9992983341217041,1,malware,26
com.innovatel.radiolavozdelimasur,benign,0,0.0012378242099657655,0,benign,108
org.NSAA.BOU,benign,0,0.0015364228747785091,0,benign,27
com.resdiary.androidapp,benign,0,0.00218794122338295,0,benign,208
keikyu.kq_app,benign,0,0.9185512661933899,1,malware,25
com.turbo.turboplus,malware,1,0.2696322798728943,0,benign,36
edu.synthetic.androzoo.malware.banker_accessibility.2044,malware,1,0.9989290833473206,1,malware,65
com.coloringbookgames.ninjabikeColoring,benign,0,0.05954163894057274,0,benign,12
edu.synthetic.androzoo.malware.ransomware_locker.1605,malware,1,0.06894803047180176,0,benign,140
com.coyoapp.comtsnet.engage.android,benign,0,0.5110334157943726,1,malware,24
projet824.menorah,benign,0,0.08236425369977951,0,benign,34
com.simpler.dialer,benign,0,0.0016343895113095641,0,benign,190
wjs.mobile.myquicknote,benign,0,0.0033792047761380672,0,benign,40
com.isharing.isharing,benign,0,0.001234309864230454,0,benign,239
edu.synthetic.androzoo.malware.dropper_loader.0889,malware,1,0.6056306958198547,1,malware,195
feather.notes,malware,1,0.05984518676996231,0,benign,27
edu.synthetic.androzoo.malware.banker_accessibility.1496,malware,1,0.9983951449394226,1,malware,43
edu.synthetic.androzoo.malware.spyware_surveillance.1831,malware,1,0.9942767024040222,1,malware,46
com.zjzk.auntserver,malware,1,0.0022579676005989313,0,benign,71
edu.synthetic.androzoo.malware.ransomware_locker.0188,malware,1,0.999024510383606,1,malware,101
com.overlapapp,benign,0,0.7295258641242981,1,malware,40
br.gov.fazenda.receita.eprocesso,benign,0,0.0017727839294821024,0,benign,73
com.rkplayerjolite.rkjo,benign,0,0.004533783067017794,0,benign,119
edu.synthetic.androzoo.malware.dropper_loader.2017,malware,1,0.056075599044561386,0,benign,182
de.lightless.radiostation.dortmund,benign,0,0.0025369892828166485,0,benign,93
nl.aareon.mybricr,benign,0,0.9987527132034302,1,malware,58
edu.synthetic.androzoo.malware.banker_accessibility.0307,malware,1,0.9958862662315369,1,malware,208
com.mazidashi.cs,malware,1,0.003957571927458048,0,benign,65
edu.synthetic.androzoo.benign.commerce_social.0138,benign,0,0.0011651297099888325,0,benign,156
com.upjers.dinosaurparkprimevalzoo,benign,0,0.001752324984408915,0,benign,84
edu.synthetic.androzoo.malware.ransomware_locker.1047,malware,1,0.08486650139093399,0,benign,109
edu.synthetic.androzoo.malware.dropper_loader.1749,malware,1,0.028074584901332855,0,benign,181
com.cloudcc.mobile,malware,1,0.0057126665487885475,0,benign,66
edu.synthetic.androzoo.malware.overlay_pin_stealer.1424,malware,1,0.9993100166320801,1,malware,59
edu.synthetic.androzoo.benign.maps_cloud.0100,benign,0,0.0009911555098369718,0,benign,177
edu.synthetic.androzoo.benign.maps_cloud.0159,benign,0,0.0013162330724298954,0,benign,163
com.UltimateGames.Fishing,benign,0,0.13079902529716492,0,benign,14
edu.synthetic.androzoo.malware.sms_otp_stealer.0694,malware,1,0.9986425042152405,1,malware,60
online.wsticker,benign,0,0.0034485298674553633,0,benign,45
com.ROGER.mo3adali,benign,0,0.001435416634194553,0,benign,137
br.com.sistemaprover.pibbh,benign,0,0.019618647173047066,0,benign,79
it.cgn.app.fatturazione,benign,0,0.9957751631736755,1,malware,32
com.opogo,benign,0,0.002790131838992238,0,benign,129
com.games.trucksimulator.indiantruck.free,malware,1,0.0022358479909598827,0,benign,91
com.privatevpn.internetaccess,benign,0,0.001877489616163075,0,benign,193
com.coffreo.coffreo.coffreo,benign,0,0.0030240043997764587,0,benign,28
com.brilian.studyx.student,benign,0,0.0015381256816908717,0,benign,13
com.fridaysgames.godsandglory,benign,0,0.003216264070942998,0,benign,35
com.hrblock.AtHome,benign,0,0.0015456518158316612,0,benign,128
fr.coopcycle.lcr,benign,0,0.018816251307725906,0,benign,13
com.buwizz.buwizz2,benign,0,0.8233890533447266,1,malware,27
com.apazine.floral,benign,0,0.001988619100302458,0,benign,89
com.app.punctualiti,benign,0,0.0027071197982877493,0,benign,78
com.sabe.brevet,benign,0,0.0021823435090482235,0,benign,43
edu.synthetic.androzoo.malware.dropper_loader.1855,malware,1,0.998889148235321,1,malware,245
ireport.liberia.mobile,benign,0,0.9987081289291382,1,malware,31
com.ring.fantasy.today,malware,1,0.03970791772007942,0,benign,49
edu.synthetic.androzoo.malware.sms_otp_stealer.0100,malware,1,0.9993402361869812,1,malware,103
com.arielvila.karcli.transtrip,benign,0,0.009806404821574688,0,benign,14
com.yc.dayband,malware,1,0.021164268255233765,0,benign,74
edu.synthetic.androzoo.malware.overlay_pin_stealer.0998,malware,1,0.9993575215339661,1,malware,134
dev.SellAnnuityPayment.WaterDropLiveWallpaper,benign,0,0.002232308266684413,0,benign,212
edu.synthetic.androzoo.malware.adware_clicker.0115,malware,1,0.9790390133857727,1,malware,137
edu.synthetic.androzoo.malware.wallet_stealer.1965,malware,1,0.9986995458602905,1,malware,64
com.kaneep.dmang,malware,1,0.048581697046756744,0,benign,43
com.trainerize.harrythorncoachingapp,benign,0,0.003039645031094551,0,benign,10
am.studio.poison.habit.of.force,benign,0,0.001207878114655614,0,benign,182
ro.superligafantasy.SuperligaFantasy,benign,0,0.0017100198892876506,0,benign,146
com.synx.fleetmanager,benign,0,0.0019578125793486834,0,benign,24
jp.co.masa21.app.masa21scapp,benign,0,0.0008315982995554805,0,benign,10
edu.synthetic.androzoo.malware.wallet_stealer.0752,malware,1,0.9990854263305664,1,malware,49
wap.ccw.shuxue,malware,1,0.990095853805542,1,malware,47
com.lypro.motto,malware,1,0.013818193227052689,0,benign,120
edu.synthetic.androzoo.malware.spyware_surveillance.0793,malware,1,0.9942271709442139,1,malware,195
kr.co.nhcapital,benign,0,0.005534222349524498,0,benign,61
com.cjump.clothing.store.sim.game,benign,0,0.7874968647956848,1,malware,21
net.wordbit.enru,benign,0,0.0010088239796459675,0,benign,214
com.dgscan.app,benign,0,0.0018651844002306461,0,benign,110
it.xmenu.mandarinosushi,benign,0,0.00904255174100399,0,benign,70
us.adspecials.app,benign,0,0.0013365860795602202,0,benign,164
edu.synthetic.androzoo.malware.dropper_loader.2032,malware,1,0.8151789307594299,1,malware,139
edu.synthetic.androzoo.malware.banker_accessibility.0309,malware,1,0.9992101192474365,1,malware,76
com.jlahhw.sl096,benign,0,0.0011625344632193446,0,benign,118
no.fishbuddy_playground.app,benign,0,0.0018315649358555675,0,benign,89
edu.synthetic.androzoo.benign.webview_content.0145,benign,0,0.0010475273011252284,0,benign,145
edu.synthetic.androzoo.malware.dropper_loader.0902,malware,1,0.9984259605407715,1,malware,163
com.fitivity.krav_maga_moves,benign,0,0.0019773514941334724,0,benign,81
edu.synthetic.androzoo.malware.sms_otp_stealer.1313,malware,1,0.9988971948623657,1,malware,48
com.cadenverse.beat.tiles.musicgame,benign,0,0.037950895726680756,0,benign,97
com.youdao.translator,malware,1,0.0015985461650416255,0,benign,30
edu.synthetic.androzoo.malware.banker_accessibility.1924,malware,1,0.9989124536514282,1,malware,49
edu.synthetic.androzoo.benign.utility_background.0212,benign,0,0.001583979814313352,0,benign,42
com.moon.baby.learn.pinying,malware,1,0.0015916585689410567,0,benign,14
mf.myeg.com.eservicemobile,benign,0,0.0009153874707408249,0,benign,138
edu.synthetic.androzoo.malware.spyware_surveillance.1958,malware,1,0.9974180459976196,1,malware,175
com.noctualabs.android.hamstercheese,benign,0,0.0019402694888412952,0,benign,120
com.pujiagames.ennichi,malware,1,0.0008237789152190089,0,benign,11
com.maxedadiygroup.brico,benign,0,0.0011683834018185735,0,benign,125
com.trainerize.noahlyftsfitness,benign,0,0.9458423852920532,1,malware,24
edu.synthetic.androzoo.malware.ransomware_locker.0511,malware,1,0.03567773103713989,0,benign,152
edu.synthetic.androzoo.malware.dropper_loader.1264,malware,1,0.9992458820343018,1,malware,74
edu.synthetic.androzoo.malware.overlay_pin_stealer.1322,malware,1,0.9993158578872681,1,malware,31
edu.synthetic.androzoo.malware.wallet_stealer.0109,malware,1,0.9992984533309937,1,malware,94
com.appseed.famipoi,benign,0,0.0020076395012438297,0,benign,81
masar.bluetoothsplitter.free,benign,0,0.006816070526838303,0,benign,56
com.mobincube.promesas_biblicas.sc_HYL5R8,malware,1,0.017632044851779938,0,benign,67
com.sinyee.babybus.share,malware,1,0.9979512095451355,1,malware,50
edu.synthetic.androzoo.malware.dropper_loader.1917,malware,1,0.9987919926643372,1,malware,117
edu.synthetic.androzoo.benign.media_game.0205,benign,0,0.002314824378117919,0,benign,79
com.IVR.horoscopocancer,benign,0,0.006638782098889351,0,benign,103
edu.synthetic.androzoo.malware.spyware_surveillance.2027,malware,1,0.9736047983169556,1,malware,39
edu.synthetic.androzoo.malware.overlay_pin_stealer.1288,malware,1,0.9993441700935364,1,malware,89
com.healthfitnessnordic.gxbooking,benign,0,0.0011860834201797843,0,benign,180
com.ahboutique.android,benign,0,0.2919008731842041,0,benign,59
com.beliapp.myapp,benign,0,0.0013889312976971269,0,benign,127
com.gh.eurobus.driving.simulator.bus.game,benign,0,0.002697476651519537,0,benign,68
cn.e23.weihai,malware,1,0.0011499735992401838,0,benign,24
com.berhanbanksc.mobiruby,benign,0,0.0011973247164860368,0,benign,15
tw.net.ebc.fncyoutube,benign,0,0.002391657093539834,0,benign,75
ch.beekeeper.bellfoodgroup,benign,0,0.008542880415916443,0,benign,84
com.IllusionsGames.PoppyAndGlamrock,benign,0,0.009747374802827835,0,benign,208
edu.synthetic.androzoo.malware.overlay_pin_stealer.1373,malware,1,0.9992334842681885,1,malware,44
com.onebit.iqtestraven,benign,0,0.0021499954164028168,0,benign,111
edu.synthetic.androzoo.malware.dropper_loader.0867,malware,1,0.9615389108657837,1,malware,118
com.realvisiontv,benign,0,0.0011590216308832169,0,benign,67
com.fywork.ballwa,malware,1,0.9990301132202148,1,malware,127
com.Emozzes.TheEmozzes,benign,0,0.0012196010211482644,0,benign,11
edu.synthetic.androzoo.malware.spyware_surveillance.0316,malware,1,0.9981763362884521,1,malware,187
pl.com.pwm.con.sol.la,benign,0,0.06714366376399994,0,benign,57
com.trexit.trexedia,benign,0,0.0018207045504823327,0,benign,131
com.ccspltms,benign,0,0.001827634172514081,0,benign,92
edu.synthetic.androzoo.malware.spyware_surveillance.0497,malware,1,0.9991762042045593,1,malware,156
edu.synthetic.androzoo.malware.banker_accessibility.0831,malware,1,0.9991748929023743,1,malware,165
edu.synthetic.androzoo.malware.spyware_surveillance.1342,malware,1,0.9916115403175354,1,malware,170
edu.synthetic.androzoo.malware.spyware_surveillance.0736,malware,1,0.9992806315422058,1,malware,94
edu.synthetic.androzoo.malware.banker_accessibility.0290,malware,1,0.9354960322380066,1,malware,223
edu.synthetic.androzoo.malware.overlay_pin_stealer.0709,malware,1,0.99912029504776,1,malware,57
com.estsoft.alsong,benign,0,0.0012084224727004766,0,benign,136
com.MyCollege.app,benign,0,0.00374679290689528,0,benign,118
edu.synthetic.androzoo.malware.spyware_surveillance.1460,malware,1,0.9905071258544922,1,malware,165
perfectly.imperfect.yoga,benign,0,0.17362698912620544,0,benign,119
edu.synthetic.androzoo.benign.commerce_social.0009,benign,0,0.0009516648133285344,0,benign,111
com.jai.connect,benign,0,0.0013093294110149145,0,benign,40
edu.synthetic.androzoo.malware.banker_accessibility.0371,malware,1,0.9993201494216919,1,malware,55
edu.synthetic.androzoo.malware.banker_accessibility.1124,malware,1,0.9987481832504272,1,malware,204
naveen.duplicatefile.fixerfinder,benign,0,0.9914251565933228,1,malware,116
edu.synthetic.androzoo.benign.utility_background.0175,benign,0,0.0014738033059984446,0,benign,75
com.subsplashconsulting.s_G5V9SS,benign,0,0.0013916813768446445,0,benign,178
app.donkeymobile.interkerkelijkdovenpastoraat,benign,0,0.0013887592358514667,0,benign,28
de.nextbike,benign,0,0.0009265132830478251,0,benign,145
edu.synthetic.androzoo.malware.dropper_loader.0252,malware,1,0.9735678434371948,1,malware,157
jp.co.obunsha.dic.browser,benign,0,0.013152007944881916,0,benign,63
com.smoobu.app,benign,0,0.001200391328893602,0,benign,213
io.battle.state.war.clash,benign,0,0.0008854187908582389,0,benign,106
com.GeorefSystems_TRPT,benign,0,0.0012355390936136246,0,benign,152
edu.synthetic.androzoo.malware.sms_otp_stealer.0406,malware,1,0.99883633852005,1,malware,155
com.webook.android,benign,0,0.1040356457233429,0,benign,41
com.moneybookers.skrillpayments,benign,0,0.0010028090327978134,0,benign,217
com.trainerize.lisaelliottonlinecoaching,benign,0,0.2592203915119171,0,benign,35
edu.synthetic.androzoo.malware.dropper_loader.1295,malware,1,0.9981344938278198,1,malware,92
penguin.solitaire.match,benign,0,0.0033000202383846045,0,benign,180
edu.synthetic.androzoo.benign.utility_background.0117,benign,0,0.0008799607749097049,0,benign,116
com.zhiliaoxl.lingyun,malware,1,0.9983000159263611,1,malware,202
ca.lockedup.teleporte,benign,0,0.0012521501630544662,0,benign,115
com.attack.longlegs.yyh,malware,1,0.0017364174127578735,0,benign,140
leviusLLC.Afterlife,malware,1,0.004160941578447819,0,benign,95
com.example.kuban24,benign,0,0.0018791400361806154,0,benign,133
nl.marktplaats.android,benign,0,0.0010737230768427253,0,benign,239
edu.synthetic.androzoo.malware.wallet_stealer.1867,malware,1,0.998279333114624,1,malware,160
com.oscar.videochat.wow,benign,0,0.0014757581520825624,0,benign,159
com.vioai.creator.aignite,benign,0,0.0010602023685351014,0,benign,364
edu.synthetic.androzoo.malware.banker_accessibility.1347,malware,1,0.9993472695350647,1,malware,148
com.hungrypanda.waimai,benign,0,0.0019198543159291148,0,benign,62
com.pocketpiano.mobile,malware,1,0.07682467252016068,0,benign,55
com.ipreto.android.ageofconquerors.st,malware,1,0.0010400504106655717,0,benign,164
edu.synthetic.androzoo.malware.ransomware_locker.1662,malware,1,0.0039021610282361507,0,benign,110
com.gigabyte.e7linecloud,benign,0,0.02674884721636772,0,benign,34
com.taza,benign,0,0.0010356613202020526,0,benign,15
com.hexun.caidaopro,malware,1,0.024965329095721245,0,benign,69
com.apptegy.greenar,benign,0,0.0011167650809511542,0,benign,128
com.igindis.worldempire2027,benign,0,0.00100703164935112,0,benign,11
edu.synthetic.androzoo.malware.dropper_loader.1669,malware,1,0.9985972046852112,1,malware,77
com.offroad.jeep.simulator.drive.tracks,benign,0,0.001125424518249929,0,benign,104
edu.synthetic.androzoo.malware.spyware_surveillance.0089,malware,1,0.99776291847229,1,malware,176
edu.synthetic.androzoo.malware.wallet_stealer.0800,malware,1,0.9988425374031067,1,malware,113
com.sampark.roadwe,benign,0,0.0014464710839092731,0,benign,143
edu.synthetic.androzoo.malware.dropper_loader.0288,malware,1,0.9992521405220032,1,malware,42
com.fromsolvers.r10,benign,0,0.9419078826904297,1,malware,46
com.crosoften.adjuve,benign,0,0.6400570869445801,1,malware,51
edu.synthetic.androzoo.malware.banker_accessibility.1497,malware,1,0.9992424249649048,1,malware,245
com.golinks.io,benign,0,0.0015937603311613202,0,benign,60
com.bladexdesigns.helpdesk,benign,0,0.0017253260593861341,0,benign,91
com.civicapps.hendersonnv,benign,0,0.001064453972503543,0,benign,140
com.easysay.korean,malware,1,0.01961475983262062,0,benign,13
com.mobincube.estudios_biblicos.sc_HNPIES,malware,1,0.969632089138031,1,malware,141
edu.synthetic.androzoo.malware.ransomware_locker.0714,malware,1,0.003507056040689349,0,benign,148
com.onefitstop.atora,benign,0,0.0018423593137413263,0,benign,120
com.bimiboo.drawing,benign,0,0.0010320800356566906,0,benign,70
com.encar.encarMobileApp,benign,0,0.0009761931141838431,0,benign,130
edu.synthetic.androzoo.malware.banker_accessibility.1498,malware,1,0.9934287667274475,1,malware,170
edu.synthetic.androzoo.malware.banker_accessibility.1455,malware,1,0.9991219639778137,1,malware,101
com.dijitalvarliklar.tgrthaber,benign,0,0.031132005155086517,0,benign,104
edu.synthetic.androzoo.malware.overlay_pin_stealer.0662,malware,1,0.9989830851554871,1,malware,144
shanks.scgl,malware,1,0.001551915775053203,0,benign,33
edu.synthetic.androzoo.malware.banker_accessibility.1278,malware,1,0.9986435770988464,1,malware,177
com.dfsc.vivo.jxmtkb.ywrs.yyh,malware,1,0.9438937902450562,1,malware,184
edu.synthetic.androzoo.malware.wallet_stealer.1900,malware,1,0.9981095790863037,1,malware,116
edu.synthetic.androzoo.benign.maps_cloud.0044,benign,0,0.0010315885301679373,0,benign,99
gen.tech.keiki.world.learning,benign,0,0.0011460863752290606,0,benign,102
com.chinesemenuonline.asianwoklouisville,benign,0,0.009044851176440716,0,benign,76
edu.synthetic.androzoo.malware.adware_clicker.1204,malware,1,0.006782279349863529,0,benign,112
edu.synthetic.androzoo.malware.adware_clicker.1208,malware,1,0.9979135394096375,1,malware,66
edu.synthetic.androzoo.malware.dropper_loader.1060,malware,1,0.9993882179260254,1,malware,82
edu.synthetic.androzoo.malware.adware_clicker.0703,malware,1,0.9777662754058838,1,malware,120
com.dragon.coloring.Coloringbook,benign,0,0.0010280644055455923,0,benign,13
com.bravolang.thai,malware,1,0.01935180276632309,0,benign,97
com.ata.games.spacecat,benign,0,0.001282425131648779,0,benign,159
edu.synthetic.androzoo.malware.dropper_loader.0205,malware,1,0.9983890056610107,1,malware,129
edu.synthetic.androzoo.malware.wallet_stealer.0651,malware,1,0.99735426902771,1,malware,192
com.biz.android.mbanking,benign,0,0.0010668188333511353,0,benign,94
edu.synthetic.androzoo.malware.banker_accessibility.0903,malware,1,0.9976699948310852,1,malware,61
com.kasbcompany.android,benign,0,0.6026356816291809,1,malware,23
com.fireworkcreator,benign,0,0.9955255389213562,1,malware,110
com.newssynergy.kxweatherapp,benign,0,0.0011329747503623366,0,benign,196
edu.synthetic.androzoo.benign.commerce_social.0013,benign,0,0.001059513888321817,0,benign,220
com.pgc.propertygaincalculator,benign,0,0.0018075427506119013,0,benign,44
edu.synthetic.androzoo.malware.sms_otp_stealer.0802,malware,1,0.9984579086303711,1,malware,32
com.shaggyowl.cf753,benign,0,0.6918166875839233,1,malware,19
edu.synthetic.androzoo.malware.dropper_loader.1227,malware,1,0.9976497292518616,1,malware,56
edu.synthetic.androzoo.malware.dropper_loader.0514,malware,1,0.9991298317909241,1,malware,31
com.wanmeizhensuo.zhensuo,malware,1,0.0017026544082909822,0,benign,22
edu.synthetic.androzoo.malware.spyware_surveillance.0225,malware,1,0.9987490177154541,1,malware,192
edu.synthetic.androzoo.benign.commerce_social.0125,benign,0,0.0009656118927523494,0,benign,110
edu.synthetic.androzoo.malware.dropper_loader.0284,malware,1,0.9629222750663757,1,malware,210
com.alphaunit.tapmoles,benign,0,0.0025500061456114054,0,benign,282
com.openlms.myccmoodle,benign,0,0.9990743398666382,1,malware,47
com.amitech.alleventsorg,benign,0,0.016373401507735252,0,benign,13
com.modhaus.cosmo,benign,0,0.0033776380587369204,0,benign,139
hu.hvg.android,benign,0,0.8430168032646179,1,malware,28
edu.synthetic.androzoo.malware.spyware_surveillance.1284,malware,1,0.8241104483604431,1,malware,186
com.pyramids.icecream,malware,1,0.39203208684921265,0,benign,14
com.evrika.math.club,benign,0,0.0033834727946668863,0,benign,69
ie.uniquepublishing.limericketss,benign,0,0.0012431270442903042,0,benign,148
com.ellabook,malware,1,0.001541321980766952,0,benign,32
edu.synthetic.androzoo.malware.spyware_surveillance.1793,malware,1,0.9984999895095825,1,malware,81
edu.synthetic.androzoo.malware.spyware_surveillance.0781,malware,1,0.9979495406150818,1,malware,186
edu.synthetic.androzoo.malware.overlay_pin_stealer.1571,malware,1,0.9993676543235779,1,malware,50
com.illtip.app.ios,malware,1,0.0009074683766812086,0,benign,124
edu.synthetic.androzoo.malware.ransomware_locker.0238,malware,1,0.21607181429862976,0,benign,33
com.subsplash.thechurchapp.s_XSKXQX,benign,0,0.0031633737962692976,0,benign,186
com.qilu.studio.CrystalGuard,benign,0,0.9975765347480774,1,malware,40
edu.synthetic.androzoo.malware.overlay_pin_stealer.0270,malware,1,0.9994326233863831,1,malware,127
com.tithely.app.c38461,benign,0,0.002304422203451395,0,benign,166
edu.synthetic.androzoo.malware.wallet_stealer.1614,malware,1,0.9985896944999695,1,malware,175
com.heavy.truck.driver.simulator.offroad.game,benign,0,0.9615779519081116,1,malware,39
net.xinhuamm.d0537,malware,1,0.0012618161272257566,0,benign,93
com.my.jump.lab,benign,0,0.0009841194842010736,0,benign,89
au.com.solus.GlenEiraLibraries,benign,0,0.9971206188201904,1,malware,30
edu.synthetic.androzoo.benign.maps_cloud.0194,benign,0,0.0009652089793235064,0,benign,136
edu.synthetic.androzoo.malware.banker_accessibility.0537,malware,1,0.3588854968547821,0,benign,174
com.vanniktech.meditationtimer,benign,0,0.04407039284706116,0,benign,146
edu.synthetic.androzoo.malware.spyware_surveillance.1896,malware,1,0.9949280023574829,1,malware,121
com.enovation.greentinsolutions,benign,0,0.04720531031489372,0,benign,84
kr.co.emeye.joinsautocom,benign,0,0.010245323181152344,0,benign,84
edu.synthetic.androzoo.malware.overlay_pin_stealer.0124,malware,1,0.9991672039031982,1,malware,79
com.microfund.app,malware,1,0.9704278111457825,1,malware,208
edu.synthetic.androzoo.malware.banker_accessibility.0220,malware,1,0.9988106489181519,1,malware,202
net.zdsoft.zerobook_android,malware,1,0.0010536505142226815,0,benign,48
edu.synthetic.androzoo.malware.sms_otp_stealer.0382,malware,1,0.9993415474891663,1,malware,88
com.golfapp.gcgiez,benign,0,0.0011826774571090937,0,benign,145
edu.synthetic.androzoo.malware.spyware_surveillance.0246,malware,1,0.9974570870399475,1,malware,161
com.life.palm,malware,1,0.0018155504949390888,0,benign,118
com.BloompixStudios.HouseOfTerrorVRFree,malware,1,0.0011248168302699924,0,benign,96
edu.synthetic.androzoo.benign.commerce_social.0079,benign,0,0.0040653604082763195,0,benign,63
ai.chat.gpt.bot,malware,1,0.001111848745495081,0,benign,181
org.wycliffe.zapotecoistmo.zai,benign,0,0.0009859739802777767,0,benign,114
edu.synthetic.androzoo.malware.banker_accessibility.0974,malware,1,0.9984681010246277,1,malware,59
com.crossfit05.kevinboirel.strivee,benign,0,0.013356780633330345,0,benign,87
com.ulab.treasurehunter,benign,0,0.0015982860932126641,0,benign,101
app.mynetvpnvip.build,malware,1,0.001832901849411428,0,benign,27
edu.synthetic.androzoo.malware.overlay_pin_stealer.0936,malware,1,0.9984639883041382,1,malware,64
edu.synthetic.androzoo.malware.wallet_stealer.0719,malware,1,0.9986128807067871,1,malware,60
edu.synthetic.androzoo.malware.wallet_stealer.1197,malware,1,0.998798131942749,1,malware,131
edu.synthetic.androzoo.malware.dropper_loader.1305,malware,1,0.992551326751709,1,malware,83
edu.synthetic.androzoo.malware.banker_accessibility.0343,malware,1,0.9955928921699524,1,malware,219
edu.synthetic.androzoo.malware.spyware_surveillance.0426,malware,1,0.9972702860832214,1,malware,132
com.Kidoverse.HairSalon,benign,0,0.007675016764551401,0,benign,86
com.Radyoye.Kurdi,benign,0,0.002086958149448037,0,benign,164
edu.synthetic.androzoo.malware.overlay_pin_stealer.0624,malware,1,0.9972200393676758,1,malware,160
jp.co.c2inc.deepsleep.pokemedi,benign,0,0.002853144658729434,0,benign,233
com.bayer.cs.mscapp,benign,0,0.001637794659473002,0,benign,124
com.cocoplay.shoppinggirl,benign,0,0.0009667727281339467,0,benign,144
edu.synthetic.androzoo.malware.wallet_stealer.1990,malware,1,0.9991920590400696,1,malware,97
com.dawa.mobile,benign,0,0.001612610649317503,0,benign,139
edu.synthetic.androzoo.malware.banker_accessibility.0612,malware,1,0.999366819858551,1,malware,163
com.apptegy.edgewoodtx,benign,0,0.6654675602912903,1,malware,127
edu.synthetic.androzoo.malware.banker_accessibility.0755,malware,1,0.9989486336708069,1,malware,88
edu.synthetic.androzoo.malware.banker_accessibility.0063,malware,1,0.9993113279342651,1,malware,103
io.lumat.pedregaldelamontana,benign,0,0.8725983500480652,1,malware,18
com.xiuxin.ins.follow.unfollow,malware,1,0.0019019362516701221,0,benign,103
com.gamenug.hotdonutlite,malware,1,0.005500426981598139,0,benign,32
edu.synthetic.androzoo.benign.webview_content.0061,benign,0,0.001083491719327867,0,benign,207
edu.synthetic.androzoo.malware.dropper_loader.0801,malware,1,0.996184766292572,1,malware,135
com.CitrusLife.CatchtheMammoth,benign,0,0.1778830885887146,0,benign,17
edu.synthetic.androzoo.malware.banker_accessibility.0940,malware,1,0.9978284239768982,1,malware,164
com.heshu.originofshanhai,malware,1,0.0009467210620641708,0,benign,23
jp.co.a_tm.android.plus_lady_in_pink,benign,0,0.0033056538086384535,0,benign,61
net.megastudy.qube,benign,0,0.0012739665107801557,0,benign,124
com.devjah.plants,benign,0,0.07537870854139328,0,benign,77
product.clicklabs.jugnoo.driver,benign,0,0.001368623343296349,0,benign,153
edu.synthetic.androzoo.malware.wallet_stealer.0445,malware,1,0.9984263181686401,1,malware,107
edu.synthetic.androzoo.malware.banker_accessibility.0044,malware,1,0.996311604976654,1,malware,163
com.cielo.app.cielohome,benign,0,0.0013660585973411798,0,benign,116
com.openmygame.games.android.wordpizza,benign,0,0.14644530415534973,0,benign,42
edu.synthetic.androzoo.malware.sms_otp_stealer.0615,malware,1,0.9986357092857361,1,malware,56
com.coastonemortgage,benign,0,0.001208193600177765,0,benign,140
com.rvappstudios.tile.connect.link.puzzle.game,benign,0,0.0012976187281310558,0,benign,46
com.ahs.gaipapp.gaipapp,benign,0,0.8343997597694397,1,malware,63
com.stickers.watermarker,malware,1,0.9104488492012024,1,malware,53
com.bankscene.bes.welllinkbank,benign,0,0.004004547372460365,0,benign,31
com.berrycomm.smarthome,benign,0,0.0012681807857006788,0,benign,142
edu.synthetic.androzoo.malware.dropper_loader.1632,malware,1,0.5540266036987305,1,malware,211
edu.synthetic.androzoo.malware.spyware_surveillance.1820,malware,1,0.9983838796615601,1,malware,176
edu.synthetic.androzoo.malware.banker_accessibility.0626,malware,1,0.9987824559211731,1,malware,195
com.trycaviar.customer,benign,0,0.0017753812717273831,0,benign,168
edu.synthetic.androzoo.malware.overlay_pin_stealer.1426,malware,1,0.9992947578430176,1,malware,40
edu.synthetic.androzoo.malware.spyware_surveillance.1681,malware,1,0.8644377589225769,1,malware,49
com.eaziapps.cms.android6448f960e2122,benign,0,0.029499778524041176,0,benign,31
edu.synthetic.androzoo.malware.spyware_surveillance.0260,malware,1,0.9900590777397156,1,malware,42
edu.synthetic.androzoo.malware.overlay_pin_stealer.0891,malware,1,0.9991253018379211,1,malware,73
com.yamabus2.orca,benign,0,0.020313512533903122,0,benign,14
edu.synthetic.androzoo.malware.spyware_surveillance.1502,malware,1,0.9987261891365051,1,malware,49
com.polarix.prontopolarix,benign,0,0.9985634684562683,1,malware,85
com.luckyskeletonstudios.idlebanktycoon,benign,0,0.0008823200478218496,0,benign,100
edu.synthetic.androzoo.benign.commerce_social.0003,benign,0,0.0008202778408303857,0,benign,36
com.aimo.quin.colibri,benign,0,0.0021064518950879574,0,benign,86
edu.synthetic.androzoo.malware.spyware_surveillance.0653,malware,1,0.9973868727684021,1,malware,54
edu.synthetic.androzoo.malware.spyware_surveillance.0695,malware,1,0.9917829036712646,1,malware,52
com.frugalflyer.airport.bgy,benign,0,0.0031196228228509426,0,benign,37
com.cirkwi.pit,benign,0,0.001592200598679483,0,benign,156
edu.synthetic.androzoo.malware.spyware_surveillance.1467,malware,1,0.9976814985275269,1,malware,100
com.coljonesswim.icp,benign,0,0.0008662570617161691,0,benign,129
com.birodic.tafsir.ahlam,benign,0,0.18124529719352722,0,benign,140
edu.synthetic.androzoo.malware.overlay_pin_stealer.1576,malware,1,0.9989978671073914,1,malware,84
edu.synthetic.androzoo.malware.banker_accessibility.0866,malware,1,0.9992362260818481,1,malware,184
edu.synthetic.androzoo.malware.dropper_loader.0007,malware,1,0.9990955591201782,1,malware,126
edu.synthetic.androzoo.malware.banker_accessibility.0240,malware,1,0.9901989698410034,1,malware,133
edu.synthetic.androzoo.malware.banker_accessibility.1030,malware,1,0.9990008473396301,1,malware,71
dk.tactile.lilysgarden,benign,0,0.0009789798641577363,0,benign,105
com.mike.gifmaker,benign,0,0.9371928572654724,1,malware,21
com.realsys.poem,malware,1,0.014737230725586414,0,benign,87
edu.synthetic.androzoo.malware.spyware_surveillance.0551,malware,1,0.8008876442909241,1,malware,45
com.intellect_soft_apps.photowarp,benign,0,0.9257612824440002,1,malware,95
edu.synthetic.androzoo.malware.spyware_surveillance.1591,malware,1,0.9971638321876526,1,malware,162
edu.synthetic.androzoo.malware.overlay_pin_stealer.1206,malware,1,0.9988824725151062,1,malware,177
edu.synthetic.androzoo.malware.ransomware_locker.1054,malware,1,0.535979151725769,1,malware,35
es.odilo.capodilo,benign,0,0.0011494910577312112,0,benign,129
edu.synthetic.androzoo.benign.commerce_social.0118,benign,0,0.0013862908817827702,0,benign,87
com.hp.impulse.panorama,benign,0,0.0011827100533992052,0,benign,161
com.loyverse.dashboard,benign,0,0.0015136623987928033,0,benign,114
com.dastyar.io,benign,0,0.0011468551820144057,0,benign,159
edu.synthetic.androzoo.malware.sms_otp_stealer.0886,malware,1,0.9978700876235962,1,malware,96
com.tappocket.dragonvillage,benign,0,0.9642577171325684,1,malware,35
edu.synthetic.androzoo.malware.banker_accessibility.0567,malware,1,0.9993481040000916,1,malware,154
edu.synthetic.androzoo.malware.overlay_pin_stealer.1484,malware,1,0.9993612170219421,1,malware,89
com.neopons.Talkytalky,benign,0,0.0015570970717817545,0,benign,105
edu.synthetic.androzoo.benign.commerce_social.0203,benign,0,0.006452937610447407,0,benign,69
com.my.cooking.chef.kitchen.craze.fever,benign,0,0.006933619733899832,0,benign,116
edu.synthetic.androzoo.malware.dropper_loader.1629,malware,1,0.04768835008144379,0,benign,191
com.sandsmedia.apps.android.entwicklerkiosk,benign,0,0.009066888131201267,0,benign,20
edu.synthetic.androzoo.malware.sms_otp_stealer.1106,malware,1,0.9987816214561462,1,malware,64
com.ma.ld.dict.mechanical,malware,1,0.005576515570282936,0,benign,84
edu.synthetic.androzoo.malware.spyware_surveillance.0917,malware,1,0.9975415468215942,1,malware,109
edu.synthetic.androzoo.malware.sms_otp_stealer.0218,malware,1,0.995470404624939,1,malware,37
edu.synthetic.androzoo.malware.sms_otp_stealer.1046,malware,1,0.9989533424377441,1,malware,68
edu.synthetic.androzoo.benign.webview_content.0026,benign,0,0.0013892302522435784,0,benign,126
com.application.zomato.district,benign,0,0.0009793777717277408,0,benign,163
es.educaria.julioverne,benign,0,0.0009280686499550939,0,benign,142
edu.synthetic.androzoo.malware.wallet_stealer.1473,malware,1,0.999262273311615,1,malware,86
edu.synthetic.androzoo.malware.overlay_pin_stealer.1558,malware,1,0.9992881417274475,1,malware,81
jp.co.fukuibank.bankingappli,benign,0,0.0009020160068757832,0,benign,135
edu.synthetic.androzoo.malware.ransomware_locker.1209,malware,1,0.9743283987045288,1,malware,92
edu.synthetic.androzoo.malware.spyware_surveillance.0550,malware,1,0.8707059025764465,1,malware,36
org.impahq.app,benign,0,0.0010652767959982157,0,benign,127
com.azyouxi.quanwangqw,malware,1,0.9980360865592957,1,malware,94
com.subsplashconsulting.s_JKQH7Q,benign,0,0.0012838684488087893,0,benign,159
edu.synthetic.androzoo.malware.banker_accessibility.1145,malware,1,0.9987792372703552,1,malware,103
edu.synthetic.androzoo.benign.media_game.0078,benign,0,0.0013680076226592064,0,benign,107
edu.synthetic.androzoo.benign.media_game.0030,benign,0,0.0022041983902454376,0,benign,116
com.subsplashconsulting.s_83272W,benign,0,0.0012347131269052625,0,benign,125
edu.synthetic.androzoo.malware.wallet_stealer.1213,malware,1,0.9992214441299438,1,malware,80
com.lumilabs.LingoLooper,benign,0,0.0009867511689662933,0,benign,12
com.streann.powerfm,benign,0,0.0013823688495904207,0,benign,147
com.fingersoft.boomkarts,malware,1,0.0011025334242731333,0,benign,96
com.empire.grow.rome.ly,malware,1,0.0060454015620052814,0,benign,32
assamboardbooks.com,benign,0,0.0014808634296059608,0,benign,241
com.zamplus.marathonsh,malware,1,0.00287180976010859,0,benign,21
edu.synthetic.androzoo.malware.ransomware_locker.1461,malware,1,0.0013925556559115648,0,benign,97
edu.synthetic.androzoo.malware.spyware_surveillance.1344,malware,1,0.9209047555923462,1,malware,176
com.ax003d.sichu,malware,1,0.002741107251495123,0,benign,13
com.squarespace.android.squarespaceapp,benign,0,0.012843037955462933,0,benign,69
com.eduven.ld.lang.thai,malware,1,0.9985731840133667,1,malware,100
com.cosentino.cconnect,benign,0,0.000977894407697022,0,benign,149
edu.synthetic.androzoo.malware.sms_otp_stealer.1844,malware,1,0.9990701079368591,1,malware,81
edu.synthetic.androzoo.malware.ransomware_locker.0380,malware,1,0.9800283908843994,1,malware,116
shamimsoft.sahar,malware,1,0.0009295058553107083,0,benign,13
edu.synthetic.androzoo.benign.media_game.0180,benign,0,0.0014112761709839106,0,benign,142
edu.synthetic.androzoo.malware.spyware_surveillance.0257,malware,1,0.997044026851654,1,malware,152
edu.synthetic.androzoo.malware.adware_clicker.1350,malware,1,0.11331374943256378,0,benign,185
edu.synthetic.androzoo.malware.overlay_pin_stealer.0992,malware,1,0.9993683695793152,1,malware,77
com.widex.arc,benign,0,0.39928340911865234,0,benign,29
edu.synthetic.androzoo.malware.ransomware_locker.1694,malware,1,0.49290940165519714,0,benign,53
edu.synthetic.androzoo.malware.sms_otp_stealer.1923,malware,1,0.9981250166893005,1,malware,86
com.gcap.jumbleword,benign,0,0.01530526950955391,0,benign,23
com.vacationtracker.app,benign,0,0.0010879382025450468,0,benign,112
edu.synthetic.androzoo.malware.spyware_surveillance.1318,malware,1,0.15253791213035583,0,benign,183
edu.synthetic.androzoo.malware.dropper_loader.1111,malware,1,0.9956800937652588,1,malware,169
com.thepattern.app,benign,0,0.0010186852887272835,0,benign,55
com.trendyol.go,benign,0,0.003221171908080578,0,benign,248
edu.synthetic.androzoo.malware.overlay_pin_stealer.1528,malware,1,0.9991376399993896,1,malware,172
com.LDRLY.budmatch,benign,0,0.0008043978014029562,0,benign,98
com.softmaker.cowkisan,benign,0,0.001000746968202293,0,benign,11
com.gangster.crime.stickman.rob.kill.topfreegames,benign,0,0.0016328636556863785,0,benign,157
edu.synthetic.androzoo.malware.overlay_pin_stealer.0367,malware,1,0.9982788562774658,1,malware,52
mk.functionalplanet.app,benign,0,0.0034570975694805384,0,benign,72
com.pokulan.thehobo.st,malware,1,0.0013654492795467377,0,benign,88
com.lixil.hmnet.android.smartjp,benign,0,0.0011961898999288678,0,benign,128
nl.mendrix.mobile.crossdock,benign,0,0.9945840239524841,1,malware,23
com.relax.wordsearch,benign,0,0.006053090561181307,0,benign,45
edu.synthetic.androzoo.malware.dropper_loader.1006,malware,1,0.998539924621582,1,malware,100
it.bolognafc.app,benign,0,0.0010623002890497446,0,benign,14
edu.synthetic.androzoo.malware.spyware_surveillance.1640,malware,1,0.9991587400436401,1,malware,63
appinventor.ai_izzybella419.AmateurRadioQCodeQuiz,malware,1,0.001078882603906095,0,benign,31
edu.synthetic.androzoo.malware.banker_accessibility.1615,malware,1,0.5027351379394531,1,malware,194
edu.synthetic.androzoo.malware.dropper_loader.0931,malware,1,0.9969198703765869,1,malware,104
edu.synthetic.androzoo.malware.ransomware_locker.0830,malware,1,0.020085031166672707,0,benign,123
edu.synthetic.androzoo.malware.banker_accessibility.0350,malware,1,0.9989827275276184,1,malware,63
com.mskj.riwei,malware,1,0.953830897808075,1,malware,256
edu.synthetic.androzoo.malware.adware_clicker.0216,malware,1,0.9992659687995911,1,malware,34
extension.app.ide,malware,1,0.004723060876131058,0,benign,27
com.scloud.scloud.mobile,benign,0,0.0009759383392520249,0,benign,218
edu.synthetic.androzoo.malware.overlay_pin_stealer.0268,malware,1,0.9992141723632812,1,malware,79
com.hqyl.freebot,benign,0,0.011345977894961834,0,benign,105
edu.synthetic.androzoo.malware.wallet_stealer.1383,malware,1,0.9992964267730713,1,malware,155
edu.synthetic.androzoo.benign.commerce_social.0170,benign,0,0.0009830797789618373,0,benign,47
com.vagell.kv4pht,benign,0,0.0010520507348701358,0,benign,20
com.houyikj.appocr,malware,1,0.9470991492271423,1,malware,33
com.abuwaelyenna.AzkARII,malware,1,0.9991187453269958,1,malware,48
komandco.matete,benign,0,0.9960869550704956,1,malware,66
ru.thenewschool.trainer.math,benign,0,0.009063872508704662,0,benign,36
com.subsplashconsulting.s_R5GMWK,benign,0,0.0017407559789717197,0,benign,127
edu.synthetic.androzoo.malware.spyware_surveillance.0394,malware,1,0.9980571866035461,1,malware,183
com.apptegy.centralca,benign,0,0.0010123010724782944,0,benign,135
com.apptegy.ithacaps,benign,0,0.0008975603268481791,0,benign,141
com.cordic.happicabsSWF,benign,0,0.0013691526837646961,0,benign,113
edu.synthetic.androzoo.malware.adware_clicker.1519,malware,1,0.948435366153717,1,malware,45
venkatesh.stotra,benign,0,0.0012577418237924576,0,benign,74
com.habby.archero,benign,0,0.0009786610025912523,0,benign,85
com.bankscene.bes.welllinkbank,malware,1,0.0008454390335828066,0,benign,10
com.trainerize.mybod,benign,0,0.0034374308306723833,0,benign,18
com.aizu.lite,malware,1,0.0008438833174295723,0,benign,123
io.voodoo.paper2,benign,0,0.0017047160072252154,0,benign,44
net.manoloworks.radio_kiev_kyiv_kiyev_dnieper_ukraine,benign,0,0.004507053177803755,0,benign,108
com.habib.exchange,benign,0,0.05519696697592735,0,benign,45
edu.synthetic.androzoo.benign.commerce_social.0240,benign,0,0.0009457645937800407,0,benign,148
com.bluegolf.android.ntpga,benign,0,0.07306088507175446,0,benign,63
edu.synthetic.androzoo.malware.sms_otp_stealer.1375,malware,1,0.9988794922828674,1,malware,160
com.patanjali.bulk,benign,0,0.002657783916220069,0,benign,20
com.app.file.duster.fdd,malware,1,0.0008661225438117981,0,benign,120
com.nsd.mysteryOfFortune,malware,1,0.0012426392640918493,0,benign,27
com.smg.snow.blower.truck.simulator,benign,0,0.0008520485134795308,0,benign,123
com.caltopo.android,benign,0,0.007866209372878075,0,benign,84
edu.synthetic.androzoo.malware.overlay_pin_stealer.0928,malware,1,0.9992289543151855,1,malware,48
edu.synthetic.androzoo.malware.dropper_loader.0412,malware,1,0.9980194568634033,1,malware,83
events.seminairepartenaires.iwi,benign,0,0.025193821638822556,0,benign,52
edu.synthetic.androzoo.malware.sms_otp_stealer.2073,malware,1,0.9970767498016357,1,malware,31
net.manoloworks.radio_nouvelle_aquitaine_bordeaux_france_gironde_limoges,benign,0,0.0037404384929686785,0,benign,237
edu.synthetic.androzoo.malware.spyware_surveillance.1639,malware,1,0.9984533786773682,1,malware,50
com.android.daoway,malware,1,0.011302590370178223,0,benign,69
edu.synthetic.androzoo.benign.utility_background.0229,benign,0,0.0011271551484242082,0,benign,65
edu.synthetic.androzoo.malware.dropper_loader.1387,malware,1,0.0024767040740698576,0,benign,228
edu.synthetic.androzoo.malware.banker_accessibility.1243,malware,1,0.9987369179725647,1,malware,70
ddidev94.fishingweather,benign,0,0.041741564869880676,0,benign,189
com.fahrtenbuch.carlogbook,benign,0,0.004331997595727444,0,benign,99
jp.co.welpjob,benign,0,0.001744442037306726,0,benign,176
com.google.android.youtube,benign,0,0.0009737576474435627,0,benign,119
com.holyblade.cloud.platform,malware,1,0.5388798713684082,1,malware,40
com.zsjj.activity,malware,1,0.04243646562099457,0,benign,40
edu.synthetic.androzoo.benign.utility_background.0185,benign,0,0.0010969113791361451,0,benign,122
edu.synthetic.androzoo.malware.sms_otp_stealer.0573,malware,1,0.9971488118171692,1,malware,46
com.ihuman.jump,malware,1,0.000882465043105185,0,benign,19
edu.synthetic.androzoo.malware.ransomware_locker.1062,malware,1,0.9875624179840088,1,malware,160
cl.bci.app.personas,benign,0,0.00138628832064569,0,benign,268
com.knew.feed,malware,1,0.0012892454396933317,0,benign,109
edu.synthetic.androzoo.malware.ransomware_locker.1028,malware,1,0.003102246904745698,0,benign,111
edu.synthetic.androzoo.benign.webview_content.0029,benign,0,0.0010792670072987676,0,benign,160
com.arbella.myarbella,benign,0,0.0232968982309103,0,benign,55
com.anykrowd.luckyclub_app,benign,0,0.0187628623098135,0,benign,151
com.shping,benign,0,0.777995765209198,1,malware,22
edu.synthetic.androzoo.malware.dropper_loader.0442,malware,1,0.11948709934949875,0,benign,204
edu.synthetic.androzoo.malware.adware_clicker.0253,malware,1,0.007206109818071127,0,benign,129
com.catail.beess,benign,0,0.002111909445375204,0,benign,93
edu.synthetic.androzoo.malware.dropper_loader.1879,malware,1,0.9990010857582092,1,malware,146
edu.synthetic.androzoo.malware.ransomware_locker.0574,malware,1,0.1135864332318306,0,benign,147
com.shionplus_android,benign,0,0.0011911767069250345,0,benign,241
edu.synthetic.androzoo.malware.overlay_pin_stealer.1982,malware,1,0.9991933703422546,1,malware,54
com.bhadartech.saint_rita_novena,benign,0,0.0038925143890082836,0,benign,102
edu.synthetic.androzoo.malware.ransomware_locker.0034,malware,1,0.058321669697761536,0,benign,79
edu.synthetic.androzoo.malware.dropper_loader.1474,malware,1,0.9731897711753845,1,malware,194
edu.synthetic.androzoo.malware.ransomware_locker.1050,malware,1,0.056214749813079834,0,benign,41
edu.synthetic.androzoo.benign.utility_background.0161,benign,0,0.0013258429244160652,0,benign,58
com.expert.eplive,benign,0,0.007951580919325352,0,benign,29
com.xemplar.drive,malware,1,0.15793712437152863,0,benign,24
com.itcode.reader,malware,1,0.9975085258483887,1,malware,54
step.counter.walkmate.android,malware,1,0.0015445308526977897,0,benign,158
edu.synthetic.androzoo.malware.banker_accessibility.0214,malware,1,0.9982417821884155,1,malware,177
edu.synthetic.androzoo.malware.overlay_pin_stealer.1581,malware,1,0.9994606375694275,1,malware,78
iclass.mathflat.parent.student,benign,0,0.0015997178852558136,0,benign,115
edu.synthetic.androzoo.malware.ransomware_locker.1904,malware,1,0.023885628208518028,0,benign,167
edu.synthetic.androzoo.malware.ransomware_locker.1155,malware,1,0.011065020225942135,0,benign,40
com.zomecorp.zome,benign,0,0.001713504083454609,0,benign,81
edu.synthetic.androzoo.malware.ransomware_locker.0161,malware,1,0.01835678331553936,0,benign,32
com.partnerize.platform,benign,0,0.985181987285614,1,malware,38
edu.synthetic.androzoo.benign.maps_cloud.0033,benign,0,0.0009618609910830855,0,benign,165
edu.synthetic.androzoo.benign.webview_content.0214,benign,0,0.0019566193222999573,0,benign,132
br.mobilibus.mobcampolargo,benign,0,0.6021188497543335,1,malware,17
com.lixiangdong.idphotomaker,malware,1,0.0035366355441510677,0,benign,14
com.appsforagri.smartfarm,benign,0,0.001069531193934381,0,benign,138
edu.synthetic.androzoo.benign.utility_background.0055,benign,0,0.0009183007059618831,0,benign,33
com.huashi6.hst,malware,1,0.9924046397209167,1,malware,60
com.jcdecaux.vls.maribor,benign,0,0.003139401553198695,0,benign,160
com.fragileheart.note,benign,0,0.0030673339497298002,0,benign,242
com.game.mobi.recover.photo.files,malware,1,0.839942991733551,1,malware,41
com.pineapple.woody.block.color.blast,benign,0,0.0016178779769688845,0,benign,113
com.credit9.funding,benign,0,0.0011477262014523149,0,benign,140
com.anji.plus.crm,malware,1,0.0008195485570468009,0,benign,12
edu.synthetic.androzoo.malware.sms_otp_stealer.0056,malware,1,0.9993189573287964,1,malware,87
com.tolot.print.android,benign,0,0.0019384659826755524,0,benign,110
com.absolutist.witchpranksfreegame,benign,0,0.043014589697122574,0,benign,18
com.techmetrica.apps.codegenius.pizero_eduok,benign,0,0.0040512834675610065,0,benign,118
com.ahuxueshu,malware,1,0.9688428044319153,1,malware,74
com.eea.android,benign,0,0.001301980228163302,0,benign,61
edu.synthetic.androzoo.malware.sms_otp_stealer.2021,malware,1,0.9991706609725952,1,malware,134
edu.synthetic.androzoo.malware.ransomware_locker.0267,malware,1,0.0063003357499837875,0,benign,137
edu.synthetic.androzoo.benign.utility_background.0143,benign,0,0.0013264156877994537,0,benign,113
edu.synthetic.androzoo.malware.dropper_loader.1684,malware,1,0.4575737416744232,0,benign,146
com.mobeasyapp.app227612917576,benign,0,0.0009528801310807467,0,benign,168
games.syrupy.sandwichshop,benign,0,0.7204585075378418,1,malware,21
com.t2s.mospalace793657,benign,0,0.0009968612575903535,0,benign,157
edu.synthetic.androzoo.malware.wallet_stealer.0051,malware,1,0.9990731477737427,1,malware,111
com.canine.flash.flicker,malware,1,0.7837514281272888,1,malware,60
edu.synthetic.androzoo.malware.banker_accessibility.0189,malware,1,0.9975652694702148,1,malware,181
com.yandex.toloka.androidapp,benign,0,0.001151004689745605,0,benign,104
edu.synthetic.androzoo.malware.ransomware_locker.0462,malware,1,0.012107906863093376,0,benign,180
com.minikara.bubble.android,benign,0,0.001682449015788734,0,benign,241
dbzzz.dragon.ssj.battle,malware,1,0.9984825253486633,1,malware,76
edu.synthetic.androzoo.malware.spyware_surveillance.1369,malware,1,0.9951744675636292,1,malware,188
edu.synthetic.androzoo.malware.sms_otp_stealer.1469,malware,1,0.9988538026809692,1,malware,29
com.f2fgames.games.easterchicken.lite,malware,1,0.042999718338251114,0,benign,86
com.hit_pay.hitpay,benign,0,0.0010660310508683324,0,benign,226
edu.synthetic.androzoo.malware.overlay_pin_stealer.1134,malware,1,0.99866783618927,1,malware,150
edu.synthetic.androzoo.malware.spyware_surveillance.0082,malware,1,0.9993453621864319,1,malware,151
org.graffon.tabula,benign,0,0.0009379591210745275,0,benign,135
id.or.aaji.aaji_mobile_exam,benign,0,0.9961899518966675,1,malware,40
com.sjfc.ynyfyt,malware,1,0.03915778174996376,0,benign,86
edu.synthetic.androzoo.malware.ransomware_locker.1643,malware,1,0.0016437380108982325,0,benign,87
com.prospre,benign,0,0.0015528269577771425,0,benign,36
com.mindsethealth.ibs,benign,0,0.9878508448600769,1,malware,29
com.newday.magicgirlglobal,malware,1,0.0019383137114346027,0,benign,142
com.showclix.crowd,benign,0,0.009591588750481606,0,benign,77
edu.synthetic.androzoo.malware.sms_otp_stealer.0674,malware,1,0.9980798959732056,1,malware,63
com.appsmart.delivery.restaurantgrillzumhollander15810,benign,0,0.0013389578089118004,0,benign,68
edu.synthetic.androzoo.benign.media_game.0086,benign,0,0.010613868944346905,0,benign,31
com.curefun,malware,1,0.0037562684156000614,0,benign,131
edu.synthetic.androzoo.malware.adware_clicker.0693,malware,1,0.9984814524650574,1,malware,68
com.sugamobile.santapocket,benign,0,0.001672543934546411,0,benign,10
br.com.bb.android,benign,0,0.0011362723307684064,0,benign,114
edu.synthetic.androzoo.benign.media_game.0063,benign,0,0.0011142285075038671,0,benign,100
com.fastgame.p001012,benign,0,0.002780151553452015,0,benign,147
jp.co.a_tm.android.plus_umito_kaigarato_shinju,benign,0,0.0074587296694517136,0,benign,49
com.xingyukeji.ylyb,malware,1,0.2685052752494812,0,benign,85
com.chuangkit,malware,1,0.8643838167190552,1,malware,32
edu.synthetic.androzoo.malware.ransomware_locker.1637,malware,1,0.35432201623916626,0,benign,95
com.intermaps.iskirussia,benign,0,0.00120138144120574,0,benign,118
edu.synthetic.androzoo.malware.wallet_stealer.0534,malware,1,0.9989117383956909,1,malware,161
edu.synthetic.androzoo.malware.dropper_loader.1940,malware,1,0.107320137321949,0,benign,193
edu.synthetic.androzoo.malware.banker_accessibility.1490,malware,1,0.9991710186004639,1,malware,182
com.exploremetro.sh,benign,0,0.001532678259536624,0,benign,133
edu.synthetic.androzoo.malware.ransomware_locker.0728,malware,1,0.013354199007153511,0,benign,178
com.spendesk.spendesk,benign,0,0.0016036243177950382,0,benign,151
hr.app.n207002376,benign,0,0.00600137934088707,0,benign,78
edu.synthetic.androzoo.benign.maps_cloud.0206,benign,0,0.0009512536926195025,0,benign,213
edu.synthetic.androzoo.malware.spyware_surveillance.1405,malware,1,0.991292417049408,1,malware,72
edu.synthetic.androzoo.malware.ransomware_locker.1754,malware,1,0.14557239413261414,0,benign,103
com.ai.voice.recorder,malware,1,0.0011094221845269203,0,benign,206
edu.synthetic.androzoo.malware.banker_accessibility.1135,malware,1,0.9989142417907715,1,malware,108
com.kigle.cocobi.littlepolice,benign,0,0.0014780316269025207,0,benign,91
edu.synthetic.androzoo.malware.banker_accessibility.1186,malware,1,0.9971502423286438,1,malware,147
com.YuZhenLi.ColorTree,malware,1,0.0029755800496786833,0,benign,20
edu.synthetic.androzoo.malware.overlay_pin_stealer.1270,malware,1,0.9991534948348999,1,malware,111
edu.synthetic.androzoo.malware.banker_accessibility.1746,malware,1,0.9979751706123352,1,malware,56
edu.synthetic.androzoo.malware.banker_accessibility.0127,malware,1,0.9994192123413086,1,malware,142
com.ubestkid.phonics.a,malware,1,0.03726235032081604,0,benign,61
com.wingle.spinthewheel,benign,0,0.0009398471447639167,0,benign,134
edu.synthetic.androzoo.malware.banker_accessibility.1174,malware,1,0.9989991784095764,1,malware,187
app.nepaliapp.successbusiness,malware,1,0.0051428331062197685,0,benign,74
com.tfg.codcwguides,benign,0,0.001181831699796021,0,benign,14
edu.synthetic.androzoo.malware.overlay_pin_stealer.0331,malware,1,0.9993106126785278,1,malware,62
com.sanmao.newlearnwordpro,malware,1,0.9987673759460449,1,malware,67
com.mmikdev.gorskieszczyty,benign,0,0.002111268462613225,0,benign,82
com.honeyfund.android,benign,0,0.0009698854992166162,0,benign,95
io.github.fate_grand_automata,benign,0,0.0013607362052425742,0,benign,13
edu.synthetic.androzoo.malware.dropper_loader.0881,malware,1,0.9969532489776611,1,malware,97
edu.synthetic.androzoo.malware.spyware_surveillance.0152,malware,1,0.9950025677680969,1,malware,47
edu.synthetic.androzoo.malware.ransomware_locker.1390,malware,1,0.0032680905424058437,0,benign,171
com.funny.sounds.hd,malware,1,0.001572118722833693,0,benign,101
edu.synthetic.androzoo.malware.overlay_pin_stealer.1074,malware,1,0.997983455657959,1,malware,44
edu.synthetic.androzoo.malware.adware_clicker.0665,malware,1,0.05989938601851463,0,benign,158
com.guoyuncm.rainbow,malware,1,0.6903052926063538,1,malware,49
com.app.goldnlilies,benign,0,0.0022712876088917255,0,benign,34
edu.synthetic.androzoo.malware.spyware_surveillance.1319,malware,1,0.9633457064628601,1,malware,124
edu.synthetic.androzoo.malware.overlay_pin_stealer.1297,malware,1,0.9994262456893921,1,malware,115
edu.synthetic.androzoo.benign.webview_content.0096,benign,0,0.0012051545782014728,0,benign,86
com.trainerize.bentonbetter,benign,0,0.8107540607452393,1,malware,35
edu.synthetic.androzoo.malware.banker_accessibility.0811,malware,1,0.9992913007736206,1,malware,179
com.lovebeat.v2.name,benign,0,0.990058958530426,1,malware,188
com.restaumatic.bar_saigon_z_gwiazdka_michalin_production,benign,0,0.00119028240442276,0,benign,61
com.brief_schreiben_deutsch.a005brief_schreiben_deutsch_a1_a2,benign,0,0.0042698499746620655,0,benign,122
com.vedicrishiastro.kundli,benign,0,0.00116074294783175,0,benign,130
com.its.mobilebanking.ajf,benign,0,0.015728922560811043,0,benign,30
edu.synthetic.androzoo.benign.commerce_social.0085,benign,0,0.0022492827847599983,0,benign,48
com.grandgames.carmatch,benign,0,0.0010487805120646954,0,benign,144
com.TironiumTech.IdlePlanetMiner,benign,0,0.0008981143473647535,0,benign,93
edu.synthetic.androzoo.malware.banker_accessibility.1843,malware,1,0.9988018274307251,1,malware,186
edu.synthetic.androzoo.malware.overlay_pin_stealer.1259,malware,1,0.9993013143539429,1,malware,74
com.hsv.privatebrowser,malware,1,0.011446496471762657,0,benign,82
app.outsystems.ipppooling.PalletHero,benign,0,0.9190985560417175,1,malware,125
com.greenvalleyenglishschool,benign,0,0.33366990089416504,0,benign,95
edu.synthetic.androzoo.malware.sms_otp_stealer.0834,malware,1,0.9908279180526733,1,malware,29
edu.synthetic.androzoo.malware.banker_accessibility.1810,malware,1,0.9943268895149231,1,malware,249
edu.synthetic.androzoo.malware.dropper_loader.1763,malware,1,0.9984442591667175,1,malware,114
edu.synthetic.androzoo.malware.dropper_loader.2010,malware,1,0.005433652084320784,0,benign,216
net.meshkorea.vroongfriends,benign,0,0.0017947637243196368,0,benign,169
edu.synthetic.androzoo.malware.banker_accessibility.0547,malware,1,0.999218225479126,1,malware,101
edu.synthetic.androzoo.malware.banker_accessibility.0446,malware,1,0.9987044334411621,1,malware,216
edu.synthetic.androzoo.malware.overlay_pin_stealer.0224,malware,1,0.9990501999855042,1,malware,129
com.advice.university.heysem99,benign,0,0.001292190863750875,0,benign,236
br.com.gomesmartins.gomesmartins,benign,0,0.015140076167881489,0,benign,102
edu.synthetic.androzoo.malware.banker_accessibility.0951,malware,1,0.992333173751831,1,malware,98
edu.synthetic.androzoo.malware.spyware_surveillance.1397,malware,1,0.9972710013389587,1,malware,114
edu.synthetic.androzoo.malware.dropper_loader.1304,malware,1,0.6001579165458679,1,malware,221
pl.appworks.holzberg_totem,benign,0,0.0014905666466802359,0,benign,99
com.droidcorp.magicaljigsawpuzzles,malware,1,0.9956602454185486,1,malware,34
com.ihavecar.client,malware,1,0.02070390246808529,0,benign,98
com.loopsystems.rd,benign,0,0.0022886230144649744,0,benign,167
com.balaiagas,benign,0,0.00651689013466239,0,benign,30
edu.synthetic.androzoo.malware.banker_accessibility.1255,malware,1,0.9988283514976501,1,malware,141
jp.gr.java_conf.koni.warasibe.pj,malware,1,0.04917024448513985,0,benign,18
edu.synthetic.androzoo.malware.overlay_pin_stealer.1015,malware,1,0.9993354678153992,1,malware,74
edu.synthetic.androzoo.malware.spyware_surveillance.0859,malware,1,0.9962694644927979,1,malware,158
com.icck.Elespectador,benign,0,0.0019556754268705845,0,benign,183
nl.trackitt.app,benign,0,0.001207200693897903,0,benign,103
com.yunuo.zsxt,malware,1,0.002044771099463105,0,benign,103
com.notificationcenter.iphone.controlcenter.alarm,benign,0,0.00111774739343673,0,benign,190
com.loner.fruitclear,malware,1,0.000888389244209975,0,benign,12
com.ggeye.jiakao.api,malware,1,0.01985993981361389,0,benign,17
edu.synthetic.androzoo.malware.banker_accessibility.0228,malware,1,0.9992604851722717,1,malware,157
com.cookapps.myperfecthouse,benign,0,0.0009301960235461593,0,benign,165
com.elephantgames.hstndhiddenobjects.googpremium,benign,0,0.9702293872833252,1,malware,16
edu.synthetic.androzoo.benign.utility_background.0021,benign,0,0.0015536182327196002,0,benign,42
edu.synthetic.androzoo.malware.wallet_stealer.1011,malware,1,0.9982900023460388,1,malware,39
edu.synthetic.androzoo.malware.overlay_pin_stealer.1293,malware,1,0.9992187023162842,1,malware,73
com.euroscoreboard.euroscoreboard,benign,0,0.0010454601142555475,0,benign,129
com.edxavier.wheels_equivalent,benign,0,0.001562969060614705,0,benign,193
no.mittatb.store,benign,0,0.00113254738971591,0,benign,74
edu.synthetic.androzoo.malware.ransomware_locker.0577,malware,1,0.01897015981376171,0,benign,162
com.xinan.motorgps,malware,1,0.8285151124000549,1,malware,41
id.akusantri.hairstyle,benign,0,0.0015059922588989139,0,benign,132
edu.synthetic.androzoo.malware.dropper_loader.0197,malware,1,0.07634811103343964,0,benign,124
edu.synthetic.androzoo.malware.overlay_pin_stealer.0862,malware,1,0.9992637038230896,1,malware,56
edu.synthetic.androzoo.malware.dropper_loader.0213,malware,1,0.9903539419174194,1,malware,188
edu.synthetic.androzoo.benign.utility_background.0197,benign,0,0.00116549723315984,0,benign,94
water.drink.reminder.tracker,benign,0,0.3675427734851837,0,benign,45
com.zellamsee.summercard,benign,0,0.001592095009982586,0,benign,87
edu.synthetic.androzoo.malware.dropper_loader.1098,malware,1,0.468794047832489,0,benign,177
aventaplus.si.bulbshare,benign,0,0.9891497492790222,1,malware,28
com.cookingmouse.cheesefry,benign,0,0.0032362418714910746,0,benign,155
edu.synthetic.androzoo.benign.commerce_social.0053,benign,0,0.0010348871583119035,0,benign,248
edu.synthetic.androzoo.malware.ransomware_locker.1678,malware,1,0.0016865675570443273,0,benign,115
edu.synthetic.androzoo.malware.wallet_stealer.0423,malware,1,0.9988070726394653,1,malware,134
com.bananaapps.kidapps.cowboys.contourdots.free,malware,1,0.9983324408531189,1,malware,102
com.mse.monumentalnetworks,benign,0,0.0018925816984847188,0,benign,176
edu.synthetic.androzoo.malware.dropper_loader.0139,malware,1,0.9983304142951965,1,malware,97
com.goose.snake,benign,0,0.9965445399284363,1,malware,124
com.taptasty.puroveroapp,benign,0,0.008509790524840355,0,benign,41
com.vg.drive.army.offroad.mountain.truck,benign,0,0.0022574723698198795,0,benign,86
com.clicklabs.flyingfun,malware,1,0.5637750625610352,1,malware,119
io.neuromobile.denia,benign,0,0.018874123692512512,0,benign,48
edu.synthetic.androzoo.benign.utility_background.0148,benign,0,0.0015723536489531398,0,benign,42
edu.synthetic.androzoo.malware.ransomware_locker.2020,malware,1,0.010886948555707932,0,benign,39
edu.synthetic.androzoo.malware.banker_accessibility.0803,malware,1,0.9984297156333923,1,malware,168
com.kuaichengwuliu.client,malware,1,0.003762268926948309,0,benign,16
com.uruk.iraqi_exc,benign,0,0.001452544005587697,0,benign,137
com.apaman.android,benign,0,0.001528675202280283,0,benign,113
edu.synthetic.androzoo.malware.adware_clicker.1524,malware,1,0.9993501305580139,1,malware,74
com.kigle.cocobi.hospital,benign,0,0.0021354893688112497,0,benign,68
com.wonderfulgames.princesscatlearun,benign,0,0.013374236412346363,0,benign,59
com.sooperbooks.SooperBooks,benign,0,0.00404652813449502,0,benign,137
com.papoworld.apps.papotownfarm,benign,0,0.001817210577428341,0,benign,77
com.game.zombiosio,malware,1,0.9489759802818298,1,malware,77
com.loafish.erpfzb,malware,1,0.996809184551239,1,malware,84
edu.synthetic.androzoo.malware.ransomware_locker.2059,malware,1,0.13513146340847015,0,benign,48
edu.synthetic.androzoo.benign.utility_background.0222,benign,0,0.0009300891542807221,0,benign,118
au.com.avsoft.avplanefb,benign,0,0.0010436922311782837,0,benign,193
si.triglavskladi.app,benign,0,0.09326065331697464,0,benign,25
com.mercadolibre,benign,0,0.0018417659448459744,0,benign,136
com.architurk.rainbow,benign,0,0.0026226467452943325,0,benign,92
edu.synthetic.androzoo.malware.overlay_pin_stealer.1170,malware,1,0.9973733425140381,1,malware,136
com.ecoleplus.app,benign,0,0.1882634460926056,0,benign,73
edu.synthetic.androzoo.malware.dropper_loader.1811,malware,1,0.9992870688438416,1,malware,77
com.newclassic.doublerich,benign,0,0.0009996664011850953,0,benign,171
edu.synthetic.androzoo.malware.ransomware_locker.0358,malware,1,0.9600929021835327,1,malware,77
de.appack.project.tv_bruckhausen,benign,0,0.0015743700787425041,0,benign,105
com.card.carddiary,malware,1,0.0012624779483303428,0,benign,30
edu.synthetic.androzoo.malware.ransomware_locker.1857,malware,1,0.0018465205794200301,0,benign,135
com.guusto.guusto,benign,0,0.005202557425945997,0,benign,114
com.yathisha.learners,benign,0,0.0973619595170021,0,benign,13
edu.synthetic.androzoo.malware.overlay_pin_stealer.2070,malware,1,0.9993733763694763,1,malware,84
alldictdict.alldict.arhi,benign,0,0.003915232606232166,0,benign,93
com.Edugamus.CityPatrol,benign,0,0.6047202348709106,1,malware,15
com.ocv.a685,benign,0,0.0013613624032586813,0,benign,233
com.medpresso.Lonestar.currcardio,benign,0,0.0018148842500522733,0,benign,106
com.rg.stickman.escape.thief.puzzle,benign,0,0.0009196798200719059,0,benign,96
com.snapbreak.doors,malware,1,0.00441618449985981,0,benign,73
edu.synthetic.androzoo.malware.spyware_surveillance.2061,malware,1,0.9964577555656433,1,malware,143
edu.synthetic.androzoo.malware.wallet_stealer.0724,malware,1,0.9984232187271118,1,malware,149
edu.synthetic.androzoo.malware.dropper_loader.0836,malware,1,0.2766599953174591,0,benign,121
com.airble.airble,benign,0,0.7196680903434753,1,malware,25
com.mogo.dongmanpuzzle,malware,1,0.9976209998130798,1,malware,85
edu.synthetic.androzoo.malware.spyware_surveillance.2075,malware,1,0.9972395896911621,1,malware,57
edu.synthetic.androzoo.malware.adware_clicker.1682,malware,1,0.9993820190429688,1,malware,49
com.apptegy.wheelertx,benign,0,0.0010043751681223512,0,benign,174
edu.synthetic.androzoo.malware.spyware_surveillance.0975,malware,1,0.9986034035682678,1,malware,80
com.oramdic.human.anatomy.dictionary,benign,0,0.8356658220291138,1,malware,134
com.leqi.ciweicuoti,malware,1,0.047732070088386536,0,benign,69
com.WriterInformation.dharana,benign,0,0.9990130662918091,1,malware,49
com.udemy.android,benign,0,0.007403525523841381,0,benign,31
cl.coopeuch.pass,malware,1,0.0011803230736404657,0,benign,113
dk.fdmmotor.reader,benign,0,0.008523249998688698,0,benign,137
com.ten10code.consumerstudiesza,benign,0,0.07664363831281662,0,benign,85
com.startsecurityapptool.scanner,malware,1,0.9447181820869446,1,malware,109
edu.synthetic.androzoo.malware.adware_clicker.0647,malware,1,0.9899987578392029,1,malware,72
de.ndr.app.ndrhh,benign,0,0.9992209672927856,1,malware,42
edu.synthetic.androzoo.malware.overlay_pin_stealer.2058,malware,1,0.9993544220924377,1,malware,172
com.bergfex.mobile.android,benign,0,0.0010358962463214993,0,benign,110
edu.synthetic.androzoo.malware.overlay_pin_stealer.1966,malware,1,0.9991642236709595,1,malware,80
edu.synthetic.androzoo.malware.sms_otp_stealer.0817,malware,1,0.9937385320663452,1,malware,122
edu.synthetic.androzoo.malware.banker_accessibility.1860,malware,1,0.8556033968925476,1,malware,132
com.CSfroufrou.android,benign,0,0.0012219155905768275,0,benign,103
edu.synthetic.androzoo.malware.spyware_surveillance.1336,malware,1,0.9985925555229187,1,malware,148
edu.synthetic.androzoo.malware.dropper_loader.1593,malware,1,0.9969252943992615,1,malware,178
com.hhll.learningchinese,benign,0,0.9765674471855164,1,malware,100
edu.synthetic.androzoo.malware.ransomware_locker.0069,malware,1,0.986578643321991,1,malware,88
edu.synthetic.androzoo.malware.banker_accessibility.2001,malware,1,0.9982776641845703,1,malware,141
com.steinberg.cubasisle3,benign,0,0.0009262594976462424,0,benign,12
edu.synthetic.androzoo.malware.banker_accessibility.1951,malware,1,0.9988304972648621,1,malware,52
br.org.iecsiderlandia.appEK1975,benign,0,0.9970122575759888,1,malware,49
edu.synthetic.androzoo.malware.banker_accessibility.0149,malware,1,0.9992879033088684,1,malware,98
io.attlas,benign,0,0.009594080038368702,0,benign,35
ru.iamtagir.tla4.ly,malware,1,0.868635892868042,1,malware,23
com.petreion.digitalsnow,malware,1,0.0007445563096553087,0,benign,11
edu.synthetic.androzoo.benign.commerce_social.0116,benign,0,0.0010444263461977243,0,benign,167
com.pdmi.chongxin.media,malware,1,0.0010785871418192983,0,benign,57
edu.synthetic.androzoo.malware.sms_otp_stealer.0515,malware,1,0.999300479888916,1,malware,73
edu.synthetic.androzoo.malware.adware_clicker.1055,malware,1,0.9809694290161133,1,malware,124
edu.synthetic.androzoo.benign.webview_content.0208,benign,0,0.0036439415998756886,0,benign,92
com.readygo.dark.gp,benign,0,0.0013264871668070555,0,benign,93
nz.co.nbs.app,benign,0,0.0011265926295891404,0,benign,116
edu.synthetic.androzoo.malware.banker_accessibility.1916,malware,1,0.9993318915367126,1,malware,55
com.ibrsdev.barbosacia,benign,0,0.42307502031326294,0,benign,114
com.singxie.olarticle,malware,1,0.021630359813570976,0,benign,35
com.vergolansw.vergola,benign,0,0.9485839009284973,1,malware,21
edu.synthetic.androzoo.malware.banker_accessibility.0005,malware,1,0.9988792538642883,1,malware,179
edu.synthetic.androzoo.malware.overlay_pin_stealer.0281,malware,1,0.9993929862976074,1,malware,75
net.sharetrip,benign,0,0.0010784920305013657,0,benign,147
edu.synthetic.androzoo.malware.adware_clicker.1621,malware,1,0.13599827885627747,0,benign,162
com.classlist.parent,benign,0,0.0009224297828041017,0,benign,28
edu.synthetic.androzoo.malware.banker_accessibility.0764,malware,1,0.9894222617149353,1,malware,121
edu.synthetic.androzoo.malware.banker_accessibility.0805,malware,1,0.3944239318370819,0,benign,163
edu.synthetic.androzoo.malware.overlay_pin_stealer.0073,malware,1,0.9992920160293579,1,malware,91
tw.com.skywatch.view,benign,0,0.0008724323124624789,0,benign,116
io.voodoo.holeio,malware,1,0.08055561035871506,0,benign,84
edu.synthetic.androzoo.malware.banker_accessibility.0581,malware,1,0.9979520440101624,1,malware,96
jp.co.imagineer.sumikkogurashi.kids,benign,0,0.0015749954618513584,0,benign,127
com.coloring.games.color.by.numbers,benign,0,0.0014328878605738282,0,benign,192
com.stbfmc.app,benign,0,0.0017006893176585436,0,benign,53
com.skyfun.loveandfashiongp,malware,1,0.0012589667458087206,0,benign,69
com.hccp.studygateway,benign,0,0.00849677249789238,0,benign,13
edu.synthetic.androzoo.malware.dropper_loader.0172,malware,1,0.9992096424102783,1,malware,90
edu.synthetic.androzoo.malware.banker_accessibility.1935,malware,1,0.9989140033721924,1,malware,142
com.chillingo.tinytroopers2.android.rowgplay,malware,1,0.007307597901672125,0,benign,49
edu.synthetic.androzoo.malware.dropper_loader.0630,malware,1,0.0337643027305603,0,benign,202
com.linchuan.vademecum,malware,1,0.005039371084421873,0,benign,149
edu.synthetic.androzoo.malware.banker_accessibility.1505,malware,1,0.9991043210029602,1,malware,158
com.lomolsoft.language.learnslovak,benign,0,0.9949383735656738,1,malware,33
edu.synthetic.androzoo.malware.spyware_surveillance.1058,malware,1,0.9977889060974121,1,malware,175
com.jewishoffice.tashma,malware,1,0.007080463692545891,0,benign,27
edu.synthetic.androzoo.malware.wallet_stealer.1996,malware,1,0.9988969564437866,1,malware,38
com.next.nlp.stemfield,benign,0,0.0011690508108586073,0,benign,178
com.qatar.onlineshopping.onlinestoreqatar,benign,0,0.002432010369375348,0,benign,33
edu.synthetic.androzoo.malware.overlay_pin_stealer.1812,malware,1,0.9992480874061584,1,malware,33
com.martian.RoomEscape21.yyh,malware,1,0.9770220518112183,1,malware,54
edu.synthetic.androzoo.malware.spyware_surveillance.0143,malware,1,0.9987603425979614,1,malware,141
edu.synthetic.androzoo.malware.dropper_loader.1616,malware,1,0.9983870983123779,1,malware,151
com.yotoplay.yoto,benign,0,0.021652095019817352,0,benign,92
edu.synthetic.androzoo.malware.spyware_surveillance.0818,malware,1,0.9979116320610046,1,malware,122
edu.synthetic.androzoo.malware.spyware_surveillance.2068,malware,1,0.9981017708778381,1,malware,96
com.CarWallpapers.Ferrari,benign,0,0.0015428535407409072,0,benign,64
com.bindassgames.csstrike.gun.shooting.game2020,benign,0,0.010379480198025703,0,benign,18
edu.synthetic.androzoo.benign.webview_content.0223,benign,0,0.0014038655208423734,0,benign,208
au.com.digivista.wordpipes,benign,0,0.007559752557426691,0,benign,23
appinventor.ai_jhugo_meraka.Mon4x4,benign,0,0.0015683239325881004,0,benign,29
it.nexi.merchant,benign,0,0.0012584025971591473,0,benign,178
edu.synthetic.androzoo.benign.utility_background.0158,benign,0,0.0010231015039607882,0,benign,91
net.grechu.gnetcctvsecond,malware,1,0.001341658877208829,0,benign,146
com.impp.forklift.driver.games,benign,0,0.0011425578268244863,0,benign,164
edu.synthetic.androzoo.malware.ransomware_locker.1712,malware,1,0.32251355051994324,0,benign,88
de.randstad.meinrandstad,benign,0,0.9951382875442505,1,malware,31
com.visioncit.mudita,benign,0,0.0009221472428180277,0,benign,12
edu.synthetic.androzoo.benign.utility_background.0058,benign,0,0.0021263700909912586,0,benign,39
ca.craver.alessioscafe,benign,0,0.9933186769485474,1,malware,116
com.PYZGame.OverBlue,benign,0,0.009282447397708893,0,benign,14
com.sjsys.catalogo.stasy,benign,0,0.9984982013702393,1,malware,56
com.lj.ayzj.yyh,malware,1,0.9981448650360107,1,malware,20
edu.synthetic.androzoo.malware.sms_otp_stealer.0364,malware,1,0.9982738494873047,1,malware,65
jp.app.flipit,benign,0,0.0010058399057015777,0,benign,142
com.moyun365.android.gkphysicaltong,malware,1,0.6633377075195312,1,malware,33
app.jkmichaelspm.com,benign,0,0.0008647206122986972,0,benign,60
com.jiecang.app.android.aidesks,malware,1,0.002027739305049181,0,benign,46
com.bitkeep.wallet,benign,0,0.011856176890432835,0,benign,26
com.bis.bisapp,benign,0,0.0011598229175433517,0,benign,97
edu.synthetic.androzoo.benign.webview_content.0178,benign,0,0.0013739974237978458,0,benign,120
com.joincarbon.nutrition,benign,0,0.008375461213290691,0,benign,93
edu.synthetic.androzoo.malware.wallet_stealer.0471,malware,1,0.9988012313842773,1,malware,175
com.zuuks.gangs.io,benign,0,0.0009163559880107641,0,benign,199
edu.synthetic.androzoo.malware.sms_otp_stealer.0578,malware,1,0.9748337268829346,1,malware,43
edu.synthetic.androzoo.malware.ransomware_locker.0300,malware,1,0.0036878192331641912,0,benign,111
com.suanaiyanxishe.loveandroid,malware,1,0.6128856539726257,1,malware,165
com.fourthfrontier.biostrip,benign,0,0.001710869139060378,0,benign,139
com.soft.ware.lock.hd,malware,1,0.0012843614676967263,0,benign,153
edu.synthetic.androzoo.malware.spyware_surveillance.1013,malware,1,0.9977741837501526,1,malware,188
edu.synthetic.androzoo.malware.dropper_loader.1617,malware,1,0.999315619468689,1,malware,41
in.org.vaishnaviconsultancy,benign,0,0.0026332326233386993,0,benign,73
edu.synthetic.androzoo.benign.commerce_social.0024,benign,0,0.032890915870666504,0,benign,42
com.de.colore,benign,0,0.0009063814068213105,0,benign,102
edu.synthetic.androzoo.malware.dropper_loader.1254,malware,1,0.9949049949645996,1,malware,139
edu.synthetic.androzoo.malware.overlay_pin_stealer.1331,malware,1,0.9993777275085449,1,malware,138
edu.synthetic.androzoo.malware.dropper_loader.1839,malware,1,0.9536716341972351,1,malware,196
com.mf.xjafx.mi,malware,1,0.9967028498649597,1,malware,114
com.gds.tennis.master.clash.mini.games.offline,benign,0,0.0014509540051221848,0,benign,106
edu.synthetic.androzoo.malware.wallet_stealer.1767,malware,1,0.9991133809089661,1,malware,103
edu.synthetic.androzoo.malware.ransomware_locker.0819,malware,1,0.05937407165765762,0,benign,41
edu.synthetic.androzoo.malware.overlay_pin_stealer.0179,malware,1,0.9991942048072815,1,malware,87
com.trayport.joule.mobile,benign,0,0.9969078898429871,1,malware,24
com.iyaltamizh.app.btprinter,benign,0,0.0015258125495165586,0,benign,231
edu.synthetic.androzoo.malware.spyware_surveillance.2018,malware,1,0.9984995126724243,1,malware,88
edu.synthetic.androzoo.benign.webview_content.0246,benign,0,0.0011156798573210835,0,benign,169
org.cocos2dx.LittleBattle,malware,1,0.9933168888092041,1,malware,138
com.garda.gardaadc,benign,0,0.0009654636960476637,0,benign,80
cn.eakay,malware,1,0.048343997448682785,0,benign,107
com.niceplay.lt.android,malware,1,0.9989062547683716,1,malware,118
com.titanarrow.idle.farm.tycoon.farming.empire,benign,0,0.0014899501111358404,0,benign,160
edu.synthetic.androzoo.malware.banker_accessibility.0741,malware,1,0.990992546081543,1,malware,205
edu.synthetic.androzoo.malware.spyware_surveillance.1698,malware,1,0.9917648434638977,1,malware,47
com.coyoapp.plswnet.engage.android,benign,0,0.0016491508577018976,0,benign,17
edu.synthetic.androzoo.malware.overlay_pin_stealer.1314,malware,1,0.9991157650947571,1,malware,42
com.mogo.shuiguollk,malware,1,0.9984109401702881,1,malware,41
com.ogemary.smarthome,malware,1,0.011103871278464794,0,benign,103
edu.synthetic.androzoo.malware.ransomware_locker.1978,malware,1,0.9951104521751404,1,malware,44
edu.synthetic.androzoo.malware.dropper_loader.1809,malware,1,0.6884059309959412,1,malware,63
zhiyuan.net.pdf2,malware,1,0.004740193951874971,0,benign,50
net.xinhuamm.d3074,malware,1,0.003948488738387823,0,benign,134
com.bizico.socar,benign,0,0.0008795782341621816,0,benign,132
com.appgame.tiles.ianLucspinilsmagc,benign,0,0.0012779277749359608,0,benign,254
edu.synthetic.androzoo.malware.sms_otp_stealer.0861,malware,1,0.9992891550064087,1,malware,100
edu.synthetic.androzoo.malware.spyware_surveillance.1435,malware,1,0.9987301230430603,1,malware,137
com.witmob.newsdigest,malware,1,0.00344192236661911,0,benign,74
edu.synthetic.androzoo.malware.dropper_loader.0495,malware,1,0.7111981511116028,1,malware,241
edu.synthetic.androzoo.malware.spyware_surveillance.0826,malware,1,0.9986697435379028,1,malware,69
edu.synthetic.androzoo.malware.dropper_loader.1612,malware,1,0.9969268441200256,1,malware,66
edu.synthetic.androzoo.malware.dropper_loader.1657,malware,1,0.9980370402336121,1,malware,110
com.gr.clean.dream.hotel,benign,0,0.0012460480211302638,0,benign,112
com.weetechmarcosfishandchips,benign,0,0.004140292294323444,0,benign,132
edu.synthetic.androzoo.malware.ransomware_locker.1150,malware,1,0.015119739808142185,0,benign,108
com.zagdic.dicionario.portugues,benign,0,0.304859459400177,0,benign,33
edu.synthetic.androzoo.malware.overlay_pin_stealer.0111,malware,1,0.9993232488632202,1,malware,80
com.ptwired.betapt,benign,0,0.0012428038753569126,0,benign,11
edu.synthetic.androzoo.malware.dropper_loader.1578,malware,1,0.9974709749221802,1,malware,141
edu.synthetic.androzoo.malware.spyware_surveillance.1586,malware,1,0.03566576540470123,0,benign,31
jp.factoryjapan.fjg,benign,0,0.0030311057344079018,0,benign,94
com.jiaming.qiming,malware,1,0.002886346075683832,0,benign,79
edu.synthetic.androzoo.malware.sms_otp_stealer.1674,malware,1,0.9987836480140686,1,malware,70
com.balimedia.ramalan,benign,0,0.0014242484467104077,0,benign,225
com.gps.routefinder.livetraffic.map,benign,0,0.6351017355918884,1,malware,201
com.subsplashconsulting.s_7BFPKG,benign,0,0.004151813220232725,0,benign,160
edu.synthetic.androzoo.malware.overlay_pin_stealer.1532,malware,1,0.9992208480834961,1,malware,113
edu.synthetic.androzoo.malware.adware_clicker.2003,malware,1,0.009543461725115776,0,benign,167
edu.synthetic.androzoo.malware.banker_accessibility.2025,malware,1,0.9992054104804993,1,malware,179
com.iwangzhe.app,malware,1,0.0009543838095851243,0,benign,12
edu.synthetic.androzoo.malware.overlay_pin_stealer.1821,malware,1,0.9991559982299805,1,malware,157
edu.synthetic.androzoo.malware.banker_accessibility.1229,malware,1,0.9992826581001282,1,malware,78
edu.synthetic.androzoo.malware.overlay_pin_stealer.0973,malware,1,0.9983841180801392,1,malware,54
com.riseuplabs.stickman,benign,0,0.002456493442878127,0,benign,26
com.youvisit.hybridvr61233,malware,1,0.0008733306312933564,0,benign,104
io.everfit.wlreform,benign,0,0.0009979992173612118,0,benign,110
manastorm.spacehorse,benign,0,0.0020434793550521135,0,benign,79
com.IronHorseGames.IdleMineRPG,benign,0,0.5950518846511841,1,malware,18
com.ixyzh.question,malware,1,0.00134191382676363,0,benign,11
com.ffreward.namit,malware,1,0.10605067759752274,0,benign,10
com.titan.fastrack.reflex,benign,0,0.0036553703248500824,0,benign,18
edu.synthetic.androzoo.malware.overlay_pin_stealer.1361,malware,1,0.9992660880088806,1,malware,74
com.exim.bcbd,benign,0,0.9990241527557373,1,malware,23
edu.synthetic.androzoo.malware.dropper_loader.0718,malware,1,0.9980353713035583,1,malware,192
cn.shredjz.soundxmaker,malware,1,0.9983102083206177,1,malware,144
com.samvat.calendars,benign,0,0.0012725525302812457,0,benign,175
freeset.app,benign,0,0.002137592760846019,0,benign,209
edu.synthetic.androzoo.malware.spyware_surveillance.0273,malware,1,0.9938645958900452,1,malware,61
edu.synthetic.androzoo.malware.wallet_stealer.1198,malware,1,0.9994183778762817,1,malware,89
com.grokker,benign,0,0.006015915423631668,0,benign,23
edu.synthetic.androzoo.benign.webview_content.0037,benign,0,0.9822394847869873,1,malware,36
com.coeursoft.bbdeathpitch,benign,0,0.9993084669113159,1,malware,30
com.technource.equipt,benign,0,0.9839310050010681,1,malware,49
edu.synthetic.androzoo.malware.spyware_surveillance.1216,malware,1,0.8588343858718872,1,malware,40
com.cta.liquorlineup,benign,0,0.49655237793922424,0,benign,121
edu.synthetic.androzoo.malware.overlay_pin_stealer.0570,malware,1,0.9991694688796997,1,malware,133
com.appwallet.fightphotoeditor,benign,0,0.599875807762146,1,malware,44
edu.synthetic.androzoo.malware.spyware_surveillance.0575,malware,1,0.9966827034950256,1,malware,48
com.subsplash.thechurchapp.fellowshipbiblechurchtopeka,benign,0,0.0017885204870253801,0,benign,166
com.cgs.FruitGemsClassicMatch3,benign,0,0.0012217456242069602,0,benign,89
com.niuwa.zsmz.yyh,malware,1,0.9987878203392029,1,malware,78
com.trainerize.physiqfitness3,benign,0,0.003597811795771122,0,benign,11
edu.synthetic.androzoo.malware.sms_otp_stealer.1663,malware,1,0.9984086155891418,1,malware,35
edu.synthetic.androzoo.malware.ransomware_locker.1138,malware,1,0.9966832995414734,1,malware,90
com.roster.axedo,benign,0,0.9985424280166626,1,malware,28
edu.synthetic.androzoo.benign.webview_content.0020,benign,0,0.035000916570425034,0,benign,30
com.raisegames.kidsgarden,benign,0,0.7383713126182556,1,malware,46
com.pfhcard.production,benign,0,0.5693315267562866,1,malware,22
edu.synthetic.androzoo.malware.overlay_pin_stealer.1929,malware,1,0.9993976354598999,1,malware,89
com.uhaozu.app,malware,1,0.17563767731189728,0,benign,80
com.appslab.perth6ixradio1080,benign,0,0.019376812502741814,0,benign,138
edu.synthetic.androzoo.malware.banker_accessibility.0680,malware,1,0.9991719722747803,1,malware,63
games.dali.adventure.lucid.dream.part.three,malware,1,0.36364486813545227,0,benign,132
edu.synthetic.androzoo.malware.sms_otp_stealer.0957,malware,1,0.9945571422576904,1,malware,187
com.ModernPhilosophy.Fallen,benign,0,0.07332952320575714,0,benign,18
com.lixiangdong.videocutter,malware,1,0.003014973597601056,0,benign,16
com.gergelynagy.wordfinder,benign,0,0.004623235668987036,0,benign,20
com.roadhurryup.fireandrush.yyh,malware,1,0.001960961613804102,0,benign,128
edu.synthetic.androzoo.malware.adware_clicker.0556,malware,1,0.008666587062180042,0,benign,181
edu.synthetic.androzoo.malware.spyware_surveillance.0596,malware,1,0.995973527431488,1,malware,41
edu.synthetic.androzoo.malware.overlay_pin_stealer.1876,malware,1,0.9993947744369507,1,malware,40
com.gethabitcoach.android2,benign,0,0.0011675450950860977,0,benign,124
edu.synthetic.androzoo.malware.dropper_loader.1700,malware,1,0.9962485432624817,1,malware,137
edu.synthetic.androzoo.malware.overlay_pin_stealer.1340,malware,1,0.9990701079368591,1,malware,88
com.aboutjsp.memowidget,benign,0,0.0020364162046462297,0,benign,256
com.tao.smartGyro,benign,0,0.0017232050886377692,0,benign,94
com.ca.ppm.intune.mobile.v2,benign,0,0.0031826316844671965,0,benign,68
edu.synthetic.androzoo.malware.dropper_loader.1330,malware,1,0.05262470617890358,0,benign,240
edu.synthetic.androzoo.malware.overlay_pin_stealer.1545,malware,1,0.9991254210472107,1,malware,46
com.parque.net,benign,0,0.08828840404748917,0,benign,47
com.rhmsoft.edit,benign,0,0.0024458379484713078,0,benign,207
com.sbi.cariloha,malware,1,0.0008374150493182242,0,benign,12
com.modeshift.jsp,benign,0,0.001461066771298647,0,benign,16
edu.synthetic.androzoo.malware.banker_accessibility.1358,malware,1,0.9990963935852051,1,malware,170
com.my6.android,benign,0,0.0012716043274849653,0,benign,212
com.flexaspect.android.everycallcontrol,benign,0,0.0011285175569355488,0,benign,147
edu.synthetic.androzoo.malware.ransomware_locker.0941,malware,1,0.567859947681427,1,malware,87
edu.synthetic.androzoo.malware.spyware_surveillance.0075,malware,1,0.9958223104476929,1,malware,74
edu.synthetic.androzoo.malware.spyware_surveillance.0969,malware,1,0.9934234619140625,1,malware,179
com.ongreen,benign,0,0.0010156899224966764,0,benign,112
com.pyngmobile,benign,0,0.9946306943893433,1,malware,46
com.zoho.mail,benign,0,0.0049538868479430676,0,benign,155
com.silvercrk.euchre_free,benign,0,0.9983567595481873,1,malware,45
com.lezhin.comics,benign,0,0.000888415495865047,0,benign,143
com.tanwan.mobile.zhengtu,malware,1,0.2526923716068268,0,benign,103
edu.synthetic.androzoo.malware.overlay_pin_stealer.0633,malware,1,0.9992427825927734,1,malware,45
com.asfcraftsmansupercraftingcraft.asfcraft,malware,1,0.16570478677749634,0,benign,117
edu.synthetic.androzoo.malware.dropper_loader.0993,malware,1,0.7860370874404907,1,malware,236
com.nechapps.hairdress,benign,0,0.0019970282446593046,0,benign,273
com.washify,benign,0,0.0129450224339962,0,benign,16
edu.synthetic.androzoo.malware.spyware_surveillance.0379,malware,1,0.9983320832252502,1,malware,169
w3bminds.engVarta.app,benign,0,0.019078439101576805,0,benign,19
edu.synthetic.androzoo.malware.ransomware_locker.1757,malware,1,0.6196670532226562,1,malware,35
edu.synthetic.androzoo.malware.overlay_pin_stealer.0880,malware,1,0.9987651109695435,1,malware,141
com.app.p4812EB,benign,0,0.02294662967324257,0,benign,25
com.vandersw.wenderlogbook,malware,1,0.10185308009386063,0,benign,73
edu.synthetic.androzoo.malware.overlay_pin_stealer.1307,malware,1,0.9991925358772278,1,malware,64
com.priotecs.MoneyControl,benign,0,0.002209995873272419,0,benign,20
com.desn.ffb.lihangzhixing,malware,1,0.0026971150655299425,0,benign,14
com.ngc.fora,benign,0,0.029080446809530258,0,benign,77
net.lionbird.google.holyChristmasEvolutionTale,malware,1,0.003204462816938758,0,benign,78
edu.synthetic.androzoo.malware.banker_accessibility.0025,malware,1,0.9979314804077148,1,malware,41
com.rescue.machine,benign,0,0.0010725636966526508,0,benign,159
com.zeoniqgo,benign,0,0.16720668971538544,0,benign,55
com.haunted.silentinvade,malware,1,0.0009706989512778819,0,benign,93
no.compilo.civis,benign,0,0.001227365923114121,0,benign,108
edu.synthetic.androzoo.malware.ransomware_locker.0096,malware,1,0.9930070638656616,1,malware,97
com.inscore.inscore,benign,0,0.0013152776518836617,0,benign,149
com.puzzle.blast.block.game,benign,0,0.001183646614663303,0,benign,155
lu.tango,benign,0,0.0010401406325399876,0,benign,151
edu.synthetic.androzoo.malware.overlay_pin_stealer.1568,malware,1,0.9989508390426636,1,malware,99
ca.craver.aptthreeespbar,benign,0,0.0242470595985651,0,benign,163
mixchatroom.chatsansar.com,benign,0,0.003343702759593725,0,benign,68
edu.synthetic.androzoo.benign.media_game.0071,benign,0,0.0012247820850461721,0,benign,158
com.liappsan.chansonmusique,benign,0,0.0008819943177513778,0,benign,107
com.sector.sectoralarm,benign,0,0.001025381381623447,0,benign,149
com.fiya.android,benign,0,0.7513179183006287,1,malware,15
com.subsplash.thechurchapp.s_TTF4T8,benign,0,0.0080326022580266,0,benign,165
com.qingyuegames.petmatch,benign,0,0.0011711256811395288,0,benign,105
de.hugendubel.app,benign,0,0.0013962918892502785,0,benign,161
edu.synthetic.androzoo.malware.overlay_pin_stealer.1475,malware,1,0.9993298053741455,1,malware,59
edu.synthetic.androzoo.benign.webview_content.0135,benign,0,0.0019833454862236977,0,benign,79
com.mudgames.snakesandladders3d,benign,0,0.0008992051589302719,0,benign,58
com.tempgame.mysteryexit,malware,1,0.9963809847831726,1,malware,66
com.moyun365.android.zkhistory,malware,1,0.9809862971305847,1,malware,32
com.aura.suite,malware,1,0.001160452258773148,0,benign,129
com.meuradinho.radio40039,benign,0,0.4461398124694824,0,benign,87
amobi.weather.forecast.storm.radar,benign,0,0.0013490795390680432,0,benign,199
net.wordbit.jpen,benign,0,0.001311413710936904,0,benign,303
edu.synthetic.androzoo.malware.overlay_pin_stealer.0740,malware,1,0.9991282820701599,1,malware,81
com.sinyee.babybus.forest,malware,1,0.022995442152023315,0,benign,66
com.netbiscuits.bild.android,benign,0,0.9871119856834412,1,malware,30
com.CristobalApps.RadioTiempoCalienvivo,benign,0,0.001196000725030899,0,benign,172
tk.climbzilla,benign,0,0.0015554617857560515,0,benign,109
com.pen.paper.note,benign,0,0.005009060259908438,0,benign,28
com.frazer.sidekick,benign,0,0.9928251504898071,1,malware,25
com.cruisetraka.amacruiser,benign,0,0.0011117953108623624,0,benign,190
cash.selene.app,benign,0,0.9504525661468506,1,malware,46
com.boursorama.android.clients,benign,0,0.0009068486397154629,0,benign,23
com.medpresso.Lonestar.emsnotes,benign,0,0.0014204747276380658,0,benign,105
edu.synthetic.androzoo.benign.media_game.0151,benign,0,0.004149468149989843,0,benign,46
edu.synthetic.androzoo.malware.banker_accessibility.0925,malware,1,0.9984326958656311,1,malware,92
edu.synthetic.androzoo.malware.spyware_surveillance.0199,malware,1,0.9982703924179077,1,malware,124
com.paketin.paketinapp,malware,1,0.0037579908967018127,0,benign,36
edu.synthetic.androzoo.malware.dropper_loader.0637,malware,1,0.005510713439434767,0,benign,215
alldictdict.alldict.pltr,benign,0,0.9604326486587524,1,malware,159
edu.synthetic.androzoo.malware.banker_accessibility.1133,malware,1,0.9991689920425415,1,malware,136
edu.synthetic.androzoo.malware.banker_accessibility.1393,malware,1,0.9992800354957581,1,malware,99
com.florasense,benign,0,0.001253228634595871,0,benign,167
edu.synthetic.androzoo.malware.ransomware_locker.1693,malware,1,0.09764303267002106,0,benign,65
com.alel.alelorder,benign,0,0.9969949722290039,1,malware,25
ru.medsoftpro.medcalc,benign,0,0.9292830228805542,1,malware,102
com.harsh.dhillon.colorbinder,benign,0,0.0017262790352106094,0,benign,32
appinventor.ai_junipmalau.harvestmoonbtn,benign,0,0.001345901982858777,0,benign,29
edu.synthetic.androzoo.benign.commerce_social.0166,benign,0,0.003910549450665712,0,benign,46
com.shark.assetmanager,malware,1,0.9917027354240417,1,malware,66
com.timuzgames.missioncounterattack.ly,malware,1,0.001167619600892067,0,benign,38
edu.synthetic.androzoo.malware.overlay_pin_stealer.1660,malware,1,0.9992952346801758,1,malware,79
edu.synthetic.androzoo.malware.spyware_surveillance.0508,malware,1,0.9987868666648865,1,malware,121
edu.synthetic.androzoo.malware.dropper_loader.1416,malware,1,0.8411140441894531,1,malware,148
com.info_sync.infosync,benign,0,0.0027971616946160793,0,benign,86
edu.synthetic.androzoo.malware.ransomware_locker.1816,malware,1,0.003219469916075468,0,benign,137
com.douguo.yummydiary,malware,1,0.8503822684288025,1,malware,94
fakegps.fakelocation.mocklocation.gpsfaker,malware,1,0.005212032236158848,0,benign,249
edu.synthetic.androzoo.malware.sms_otp_stealer.1273,malware,1,0.9980688691139221,1,malware,150
edu.synthetic.androzoo.malware.ransomware_locker.1308,malware,1,0.04635726660490036,0,benign,160
edu.synthetic.androzoo.malware.ransomware_locker.1472,malware,1,0.0449073426425457,0,benign,168
com.uncleroccos,benign,0,0.0010215990478172898,0,benign,167
