apk_name,package_name,label,reason,timestamp
0155410f1db16b42e639f3d076d2d70af6b1037fc4489279be2d403339f4d89d.apk,com.jyx.vsezpd,malware,no_data_collected,2026-03-11 11:31:28
0372ea1e7c92d881413335d3a692bbd09b3b66dae43c6458540de51a2044cc38.apk,com.umc.zyxgcu,malware,no_data_collected,2026-03-11 12:04:42
044cec542acb330bbc2e9fe1ad503b6edf4bad7496071fbfeb6cabb9fd06050a.apk,com.qlr.zynxlh,malware,no_data_collected,2026-03-11 12:14:51
0523369a9bc8f6e7a4544a2eb38d679cd5bbc95c4e12b826891646eb71204e3b.apk,com.bov.uggfiv,malware,ProcessNotRespondingError,2026-03-11 12:24:24
013d16cc6ccd45d4db0476febaf091b58e1440fc7d57b849b1372cec87cfc419.apk,com.eir.eonmdm,malware,no_data_collected,2026-03-11 13:41:56
016106fb287591575eb617355f05317cf83b86ccc508d26c1767bddd4be2536e.apk,com.vov.ntoadt,malware,no_data_collected,2026-03-11 13:42:28
093bcda5acd25836c9f3e9bd35b210d8f06defc5f5b9682f7af82fad87192878.apk,com.hja.ooqxvi,malware,no_data_collected,2026-03-11 13:59:25
0a0a78000e418ea28fa02e8c162c43396db6141ef8fe876db4027fef04bed663.apk,com.wia.ucgepcdvlsl,malware,ProcessNotRespondingError,2026-03-11 14:01:47
0b717dcfd6b02ec4c6e46b856f24958e499decf2b9e5b4e31ac3f401abc46006.apk,com.keji.danti712,malware,ProcessNotRespondingError,2026-03-11 14:05:16
0b9ae3a1cd45eec769f976b438917d0617780511b5777c95cdc2f483dfe82659.apk,hz.xfire.monkeyking.zx1,malware,no_data_collected,2026-03-11 14:05:52
0c60dd7456682a93b3400987414cf09b17f74634504afc1e22f6e7fda61255ea.apk,com.vpv.sjvqyk,malware,no_data_collected,2026-03-11 14:07:59
0dadf617434ad7f40a3975149bca0bab637cac02a7751a844d716d5bba1e4f6c.apk,com.washgirl.beauty.bv,malware,TransportError,2026-03-11 14:11:32
0e4a86f29da85ffca952f718fd5e1c1bb41bf6e472ec7ea33046142a53fe92c2.apk,com.uma.brwgzt,malware,no_data_collected,2026-03-11 14:12:53
0fa18a95361bbf4413a9b734b540f52c6bd2411090dec4d7e3db6708fedc68ae.apk,com.safesys.viruskiller,malware,no_data_collected,2026-03-11 14:16:28
10f878d403428596ef467e4b6315459c80970888f5c79b57a3c30030e179b1d0.apk,com.itt.wlqnvj,malware,no_data_collected,2026-03-11 14:19:13
1100cd4e5e8644c8175b5a7aa13eada655ef63131d086bada2f460529e12b477.apk,com.jli.twybxt,malware,no_data_collected,2026-03-11 14:19:49
111cbd40740acfb7a7355898bbf983d8ecd5ae4e48c10506e06b9de34d21764c.apk,com.ivt.jyykvw,malware,no_data_collected,2026-03-11 14:19:53
156cf1809e303971116e8622a01ea8d8f5ec626db76ef5731b46627a46fe2120.apk,com.kya.lqbwoj,malware,no_data_collected,2026-03-11 14:29:02
158ec9ca0b409dc638f7a5bed4fe041b553c429ce48ba81e7ab0e5151a8fbf62.apk,com.jaj.trwcoh,malware,no_data_collected,2026-03-11 14:29:06
1795c6ac6123095d624106db42e3b5f7d3b2d751b4bf0f68f9aedd10ab9a16a7.apk,com.pol.qveald,malware,ProcessNotRespondingError,2026-03-11 14:32:35
1814f53b0fb60db4005366c34ba70c27174eb4ed116802b486b33b84c12f710e.apk,com.ubu.hxwcjs,malware,TransportError,2026-03-11 14:33:30
18f63aa65eb8b583228e3a748923f99d598e88fbcf20785acfa60a05b68a2bdf.apk,com.bbi.oquyar,malware,TransportError,2026-03-11 14:35:14
1c81a78958a5a89c43d17659b0a858991f91e4a1772ca7b27c00d651d835fd29.apk,usedcarbuzzer.iconosys.eng,malware,install_failed,2026-03-11 14:41:54
1cd614d20298b6e80d54699022042006d0594080ef23ab438264e6700b000016.apk,com.system.android,malware,ProcessNotRespondingError,2026-03-11 14:42:36
1dbb7179a834d27dc08524b6046b8e5c66b40a84cd228e19b1187d19a0395571.apk,com.dyl.exdflp,malware,no_data_collected,2026-03-11 14:42:59
1e834fe87c65ec640344fff1f634264a150dce92dc240cd8010207d0dafca54b.apk,com.ffu.yyrpqn,malware,no_data_collected,2026-03-11 14:44:55
21686bd4e34ff55aed093c0b538cde574f891af33fcc173fdabf0818e96530e3.apk,auctionbuzzer.iconosys.eng,malware,install_failed,2026-03-11 14:47:59
212c99d307616265b491dc6a469349cc2ec8acfd177f431e288d097e455a0ef5.apk,com.oyk.ypzgxj,malware,no_data_collected,2026-03-11 14:48:04
219d40bbee3dcfb4c304ce9dd1236a9164c32e4bf086800e95501faf2bb2074a.apk,com.hit.qcampt,malware,no_data_collected,2026-03-11 14:48:46
2474c15205c09b3360ea7e4719f206075d9ba7d3af98b622a049e0ce188cf0ef.apk,com.nxg.ekutgh,malware,no_data_collected,2026-03-11 14:54:10
2554ef319129610ddaec80af3b38123c52a9c53c5ee1c2f283b73a2e6a37a75a.apk,com.zta.ikrmfi,malware,no_data_collected,2026-03-11 14:55:51
25dbe4b19c4ceb91b5b726693816521b54a8f8e0fd1231baee3b7431a9254516.apk,com.resorcemanager,malware,install_failed,2026-03-11 14:56:50
282bbcaba2aed0397e98f7b952e2f7f7f1d73e07b84f2c7d4b91d5b8f0c6e309.apk,com.dnb.dqqodc,malware,no_data_collected,2026-03-11 15:00:50
29db00f704767ae5a4262f3ce25c61d03d68ad18f3cfb6e6604d9524f20fef08.apk,com.oystergame.fly,malware,no_data_collected,2026-03-11 15:05:25
2af834ecf5dbaf45637371444a4587e717f60928907c9b81cd9c0bac02967c2b.apk,com.inoxapps.finger_security_yellow,malware,ProcessNotRespondingError,2026-03-11 15:07:31
2d8580910e24531c1ddd8d1f9a6681ee018b979dd30064395634e1a2e018db7b.apk,com.ors.tyisxh,malware,no_data_collected,2026-03-11 15:13:01
2e1d8f4e3ed15840ec7284c8b80cb91524115f0c3548f032ada98f67b2ff1f35.apk,com.jelly.bean.wallpapers,malware,ProcessNotRespondingError,2026-03-11 15:14:22
2feae8d82727131166bf302aed1fd48a4c84d64527031bec85dadaf5e0b170cb.apk,com.ngk.gxobkl,malware,no_data_collected,2026-03-11 15:18:09
304c1967da16c35e3233678fbff0dad41b8e4b5ea0531133d3fa60c9bc574856.apk,com.rns.odalwr,malware,TransportError,2026-03-11 15:19:53
31684f957b473917ec44972452682ff4ad503e9e7c4a04b7a54b6265b5ac2c5c.apk,com.rmktkrl.cvhokdaov,malware,no_data_collected,2026-03-11 15:21:44
3470993ca0a5f128d2820c7585a5c1c6b2b8af463425b4b02a7c5fa5e2df3aa6.apk,com.intsig.camscanner,malware,ProcessNotRespondingError,2026-03-11 15:27:15
34df53255599e78b9da8010951295fc618ace72ab5d21de797ce3469aca95c2a.apk,com.pdr.quydzc,malware,ProcessNotRespondingError,2026-03-11 15:28:33
35d7f04bf90be9c17d492126edb5ea3ca1e4b6c5270750d86bd93d557afba17e.apk,com.shootinggames.swattraining,malware,ProcessNotRespondingError,2026-03-11 15:29:55
39ea1b18cf7d5ebaeda985da10c7f5ae0d2e71993ab88f6b03a0a95801d87465.apk,com.video.to.mp3,malware,ProcessNotRespondingError,2026-03-11 15:36:36
3af7f25fd3a325d3d3f01d38025d030a7cbc4ecaf1620515602256c4b6e8cc25.apk,com.uvl.fzncaa,malware,ProcessNotRespondingError,2026-03-11 15:38:57
3fc0e65a821a67e42df20a3d6570ab563d55a87ae9bd39bb6c69057c0e30caa6.apk,com.koogame.SeaMinerGL,malware,ProcessNotRespondingError,2026-03-11 15:44:33
416162d22a4c535d69961b37edde55a4f9e8fe08ca0b2b49859f8ca5b3946dd9.apk,com.pkg.oztuxw,malware,ProcessNotRespondingError,2026-03-11 15:47:05
41a0e93c5a21f3aab9c0af2cbcd842b2a649c88407d04e6b67d55aba4c148fe6.apk,eu.chainfire.new,malware,no_data_collected,2026-03-11 15:47:06
41dae08fc27e68551d873bee78f7d63f1bdea19e0d6e09979dc4a56c614fea24.apk,com.hng.ybibwg,malware,no_data_collected,2026-03-11 15:47:42
430a6ae2c6989217267d608e54de28cddf090ac2bd550a62e61381d5d26c5100.apk,com.hua.krwyik,malware,no_data_collected,2026-03-11 15:49:11
45637b08a65876ef3cd63b33a74b69307c3e10ba74d3e283e734365fa6294784.apk,com.cra.tlypnf,malware,ProcessNotRespondingError,2026-03-11 15:51:52
4a1638789251b54c9661fb42f516250ee77e76360b3d16c16fe2436388ae60cc.apk,sonu.smsflooder,malware,pid_not_found,2026-03-11 15:58:52
4a42c6b385361c356fb3524794be7772f6282aa46ee90cf2d3f88f4a9b273f9e.apk,com.androidbox.jhfylhtc,malware,ProcessNotRespondingError,2026-03-11 15:59:21
4a7899cfc2d7974f8cc10fbae0a0a45362684faed0a776d83835ce48a8ef220c.apk,com.pha.nydnex,malware,no_data_collected,2026-03-11 15:59:47
4c9da201bfcda954e55802c9176e9d41cc7be733511bb8c05fad42e5a282b902.apk,com.toy.qphyru,malware,ProcessNotRespondingError,2026-03-11 16:04:33
4e899e0c8729264e37fe6b9486ed99e0605e1a9a4cc3834c28433a115fe8f60c.apk,com.games.apps.ww4shooterworldultimatewarfungames,malware,ProcessNotRespondingError,2026-03-11 16:09:07
4fa3e27a36b0f7e01e1b02987ef8eb5a0416a10ce6848e50a3073cf20f971a87.apk,com.jac.bwwjat,malware,no_data_collected,2026-03-11 16:11:36
4fb7734361aa499602e95f1d62522b218b560714567639a8b5ed2ea1a0a63cdd.apk,com.zrg.srznim,malware,no_data_collected,2026-03-11 16:11:46
54a42147278b7ed37b23c0b4c926963b6fb2b03b1b61bb487f77cd9f1ec3ba75.apk,com.camelgames.abnormalup,malware,no_data_collected,2026-03-11 16:19:56
56178c6ed9207f5fea49dc9da046b9a301e4237b9aa86b0dfd5ab29a0ac3798c.apk,com.sht.mvsllb,malware,ProcessNotRespondingError,2026-03-11 16:22:28
56e5e9b1ad9756a442ed037f3d85e204832595bd02a1f5c8fc5ce6a442fb2001.apk,org.blackmart.market,malware,ProcessNotRespondingError,2026-03-11 16:24:28
6205f5ca16bddaf340cec57e7b4456d45ff0fd7981b9320ef28a07e6d298f17f.apk,com.software.install,malware,pid_not_found,2026-03-11 16:50:37
64015e9ef6341c225027ba556a67d887c4dee8e92b203cfd67d659b7d9f5dfa3.apk,com.ndf.cfsrwb,malware,ProcessNotRespondingError,2026-03-11 16:54:53
6505dc47275cec71e31aa293fb1dfbf127da12dc1110298b5af2913a58ff5a2b.apk,com.uwm.tpxnkc,malware,pid_not_found,2026-03-11 16:58:23
6910041855079150bd93a65d6fbb779bc1abe9344b58886e8b15b12c109f6925.apk,com.synsoft.ontheway,malware,ProcessNotRespondingError,2026-03-11 17:05:18
6b087af108f2b26c5b50a991f7437ad92755a83bbf8f892ad69eaee5f6657056.apk,com.bddocgqeik.vitidfrgteuo,malware,pid_not_found,2026-03-11 17:11:41
6b761e321bae0014c6da0403c0cd5e317b5db974c5126efd08f8ac4b4400a0f1.apk,com.code4mobile.android.weedfarmer,malware,install_failed,2026-03-11 17:11:56
6ba4c80989bc635bb5318cb00d019f95a754c55064d27d8650d251f912995d65.apk,com.android.gtvktvgbt,malware,install_failed,2026-03-11 17:12:10
6bc36a18b1a14a53595f95764d9bcf8da2a77ee50e2fc839042b326707dfb9e0.apk,com.fhv.uvjfwn,malware,install_failed,2026-03-11 17:12:26
6c2314ed402dd33b5e67c675d548b18418edc77038d2b83d62727dcdcfaa5c4f.apk,com.zun.eeyloa,malware,install_failed,2026-03-11 17:12:45
6c4bc4d0f5dbf661b5a128d6e5e364d1d2dc6b01f35112ae29102ec358038960.apk,com.spinXbackup.backupApp,malware,pid_not_found,2026-03-11 17:14:09
70596899024a7a6356359d3e7be05907d502fb1c2b5704d36ef2438a0e286a38.apk,com.jx.theme.n1880607134,malware,pid_not_found,2026-03-11 17:20:41
713837bae523125b3d32e924e06e2d2f9b71db01fdac2fed3236ee1c4cff6ad3.apk,com.vle.uoafve,malware,no_data_collected,2026-03-11 17:23:08
724ecf163665c1a002ea4ea1e8291e21d29f047a486953254ce1723d1e96996c.apk,com.tcaov.sete,malware,pid_not_found,2026-03-11 17:26:34
72bbdd7843db2d767eee389819d982755fd866bd62465face097236b152c3813.apk,cooshare.zeno.tinygame.lovetrap,malware,install_failed,2026-03-11 17:26:51
731d7d0da0b7df78acb8a34d66f23b5f4c34aeb253e11b82dc4568172ad102f5.apk,com.igamepower.appmaster,malware,install_failed,2026-03-11 17:27:06
73646550d73b8729431ae87e7d619094b788f7adb7bc2a47ba7f39a1ffba2d85.apk,com.qkk.xlplmy,malware,install_failed,2026-03-11 17:27:22
73fb7c7bf8ac9d1f83efd85dd90ecf79542f21560aa9b38717865ce54a142686.apk,com.exiticapps.golockers3,malware,install_failed,2026-03-11 17:27:39
73f88f7d387859e188f678c062cf9dd5a75db2940783fe35d213b5796c9767c3.apk,com.tbk.fozizq,malware,ProcessNotRespondingError,2026-03-11 17:28:30
7429d97d68e84f855b75b874bde1f2125f486c7305d792060a32907fc31a136b.apk,com.ihr.gghnrh,malware,pid_not_found,2026-03-11 17:28:59
75cb36fe241faf3cc51afed67f543b3418b4bec4d50ba0da2424ef145594fd2d.apk,com.ivp.nybykf,malware,pid_not_found,2026-03-11 17:33:55
79415286b6ff864f1dcca1f16859fa3fe60797227db8cb0b4e8b5b33b71d0d6a.apk,com.ps.ddp,malware,pid_not_found,2026-03-11 17:41:58
79b37ea2bf2a5b2dcff45b54d38cd11f8f9da2c86e0a2010f1c48ac5625585a0.apk,com.fzb.iycmof,malware,ProcessNotRespondingError,2026-03-11 17:44:01
7b6eb9bb8739b9b80a1a8a8a5c835baf6e3a0c97035025b7e3a1cd115bdce876.apk,com.bdp.rffxyc,malware,ProcessNotRespondingError,2026-03-11 17:47:12
7cd3a21ae9d7a562cde0e12f3613a5abc3f498bebcff1845ad7165f2a643acd9.apk,eng.trickersticks.fish,malware,pid_not_found,2026-03-11 17:51:07
7d105a9a51d269ef16825d6aff89599c963c83695d6a1b6f0f5b9152b9a8517b.apk,com.ezb.gjqogp,malware,ProcessNotRespondingError,2026-03-11 17:52:54
7fa978ef1bfb52c1cd35e97029d2cde9493866b250d0a91704c03fd206b6de41.apk,com.asfeaaael.temple0622,malware,ProcessNotRespondingError,2026-03-11 17:58:08
805ff1580ccd7a0e89531ab58ce495d0205e4feaeca2af59119261f0be57d439.apk,familyphoto.iconosys.eng,malware,install_failed,2026-03-11 17:58:11
807d0395cbf7d24da3a1b3b7a372648be534e42432cc4580bd843d7955eb5703.apk,com.uni.enqcef,malware,pid_not_found,2026-03-11 17:58:53
82cefd5c82498315dac75616d1b586fde4ad6f5d5a7af62de62c301a7f098007.apk,com.rrs.dyuaiv,malware,ProcessNotRespondingError,2026-03-11 18:04:41
844bd3f253433ee713fd1b0b8f09db675b3b257c3677723a57713a547c6de177.apk,com.nbadunkwonderful,malware,pid_not_found,2026-03-11 18:07:52
861e8a644454db2ad88ea867d17bd21ca8527a6b6dda2a9c9c40f2dc05f47443.apk,com.sqa.nbimki,malware,install_failed,2026-03-11 18:10:22
87a0f45536bb85568531df91fac8e8c58d8144139e19c25417b75163b41d4d16.apk,com.qyu.fwruqy,malware,ProcessNotRespondingError,2026-03-11 18:13:39
87ee0a600af8e8b88fee76ce7bf18b0839a8e0ec2f5b05fb7e470732aa32ea44.apk,com.ysler.wps.cute,malware,pid_not_found,2026-03-11 18:14:09
880fc2e4552aca2966d590b86112c194a0829eb7476d7a6af843c680aafb34c5.apk,com.qcyxzt.scjbqhfu,malware,ProcessNotRespondingError,2026-03-11 18:14:38
89e8957d62e2f925038f7d0f2c0bffdb868c871a6f52851ad21918b9bae4f949.apk,com.ezv.qphfod,malware,pid_not_found,2026-03-11 18:18:14
8b5b9a131496b5770a8d42040788c001e147bc10c79a27311570d27cd76e6bc1.apk,com.eza.kdkscc,malware,pid_not_found,2026-03-11 18:19:20
8c37708c9614e75e43c81bd2d6e46974313643dad1475bfa0bdac17af3141db8.apk,com.vaxpur.lptwurpe,malware,ProcessNotRespondingError,2026-03-11 18:20:56
8cf11156b2f63101199ee3447b7250adc8d884878675ac5783ef859595f6b324.apk,com.iconosys.dealbuzzer,malware,install_failed,2026-03-11 18:21:18
8fa76f60c80832fff1c4505a93252d05d34b92a1f4461349e7e248cf95b72ea3.apk,com.knjpag.xdbcicrs,malware,pid_not_found,2026-03-11 18:27:00
90b0a9eb9510c0cf73fce5ab934b177dcf3945035b721e2f44cce0dd80e05503.apk,com.macte.FifteenPuzzle.Anime,malware,pid_not_found,2026-03-11 18:29:56
922aeaecc6f5f5e818510c9d4ce20674543d001fa8a18c66b7ee9a9d5feaefa2.apk,com.lcl.vkqzgs,malware,pid_not_found,2026-03-11 18:33:43
93433fa1ec2d2c83f4443636d9694fea24c555bcbd2c423e14db5c8e25ade894.apk,com.JarvisStephenson4541.quellreflect,malware,install_failed,2026-03-11 18:34:36
93e3097f895a384235c579c471dbcb231854c13750de7518afc252bfe066b1f5.apk,com.keji.danti622,malware,install_failed,2026-03-11 18:34:53
94459168443fd3ec3633deaf0a020f9e6b3482278e622f6778b560e4ac5c9804.apk,fr.mildlyusefulsoftware.awesomesportcars,malware,install_failed,2026-03-11 18:35:09
9469bedc08042579dd0714a292787f330b2b539d3b0c72c176ce8ca63782ae99.apk,com.zci.ndovrp,malware,install_failed,2026-03-11 18:35:25
9478336032922a37b98f97487da85f66f569dae6a7c476f97f393852f227e04b.apk,com.comiccc,malware,install_failed,2026-03-11 18:35:41
948cf3a4b37ab3d23ea22d48fd25e215b0a4c8cda8558c4f318589e554554902.apk,performance.photo.iconosys.eng,malware,install_failed,2026-03-11 18:35:57
94bc85f5458e313aa138c9f4e4b8ed3ab8642694a07427b80441b8a538ec462c.apk,org.zhou.cash.yy,malware,install_failed,2026-03-11 18:36:13
94f3134f3a61f636832592c86d140a405854af88ab547d90f469d4c1d5a36402.apk,com.iqr.efzuav,malware,install_failed,2026-03-11 18:36:30
95417f6824508e4c1b699eeb4a760eadefbab66dff5915f9fbaf7d360c497892.apk,com.xrp.xgdzoo,malware,install_failed,2026-03-11 18:36:46
9546c954e61cc453f327280a58c7061f7321c47e4c670c725ccb8e4698563bb6.apk,info.funny.snow,malware,install_failed,2026-03-11 18:37:06
9569db71688f8609bd1b35879ca8264abc34664d092cf763e87dffe6e342ccc7.apk,com.oyc.jfxpfb,malware,install_failed,2026-03-11 18:37:23
95a4467edb6a86108a17efab33eb28c50246d4155c3c5aa7c426d0c95dad3255.apk,surfs.resistir.hgdfs5rety,malware,install_failed,2026-03-11 18:37:40
95dd9dfec71792792d5874726a06a29c6eeb9710b924b522e0953bebba77b03a.apk,hww.wiv.qnst,malware,install_failed,2026-03-11 18:37:56
9628a8f62868990e1d52b20e0c8b99cebf02ce5e3dde02cc46e1504efa33469d.apk,com.iix.vzcpjh,malware,install_failed,2026-03-11 18:38:12
96877f7a5e45585054b16d334a359685fda09a90f0657ee841b09d8b234838e4.apk,com.keji.danti563,malware,install_failed,2026-03-11 18:38:30
970e3e66657b3d09dd6f2ab9f5cae24791f40bc190868166167cac575fb02bb9.apk,sunkay.BookGroupJinyong,malware,install_failed,2026-03-11 18:38:47
9715805cfbe6bef3c91efac95f92ae5d49b08674189ec5cbbe12b745ce2ad089.apk,com.egp.lnysts,malware,install_failed,2026-03-11 18:39:03
973212f6520ef8cc1825c651372e09b9427a2368f456385b10ae12900691d35a.apk,com.synsoft.ontheway,malware,install_failed,2026-03-11 18:39:19
977ed1d1af105f0dac5ceee5a6ce4251091addb4660cd5d553725a31b0a7f0d5.apk,com.wlo.yhjdwd,malware,install_failed,2026-03-11 18:39:33
97b2cd19ae00e2544f76a5f749a84b3883c1143f35fd7e4ee2bdb4a2532f4741.apk,com.elkcmhi.jbkrjctlspv.prerlorw,malware,install_failed,2026-03-11 18:39:49
97b94118f7a263aceaaa40a617e0ec8a5f06240bebaadf5826fd6a06e46ab48a.apk,com.mai.livewallpaper.kaleidoscopegamelite,malware,install_failed,2026-03-11 18:40:04
97d9acf46ba6e3bd759f74d0f2f312165f143a815ff41d26a212f3f99b20b8c6.apk,youtube.downloader.download.offline,malware,install_failed,2026-03-11 18:40:18
9831a473e93be3a45b81abdd527606d2bcad1dfeae46b93e1eb6ef8a906f76ac.apk,com.nkv.wlfbfu,malware,install_failed,2026-03-11 18:40:33
986a3da084dede99a647d6fc841f40740ce3ecaee19b26b012259ef1fc76bb0b.apk,com.letv.android.lite,malware,install_failed,2026-03-11 18:40:49
98a44336882e45b892670f42132346860de1c7aa18a6208481d98c587a5f3024.apk,rkg.lahlksnb.wjubmrwego,malware,install_failed,2026-03-11 18:41:07
990b1338c0a33698503012422d9a4062db3f8700658ba0b0eb9ee69e624ea5e5.apk,com.waquqj.yznodlqk,malware,install_failed,2026-03-11 18:41:24
992931016d6c21755d1e1bca246713b0852c9449611e3b74a93967ba2bfea920.apk,com.tiu.orufwa,malware,install_failed,2026-03-11 18:41:42
98842d779a444b0276be87a0e22c06bc30db5af185b615cf69ee94c0dbdf96a4.apk,com.xle.vlgxfn,malware,ProcessNotRespondingError,2026-03-11 18:41:54
995701d67a61e7eef15acac4e5b8a2809b8659915ad61ee5d037e60d0a847d00.apk,com.swf.meet_n_fuck.subway.story.lk,malware,install_failed,2026-03-11 18:42:06
99c24a2e1fc84c709a550fe40bcea8887a4177f08663ba93ff81f437b67bb0a3.apk,com.fately.quiz.justbesmart,malware,install_failed,2026-03-11 18:42:26
99ed37ce7bb02d9b924e9cc27c65e93525c8c963ca4f4f5a2dbdfd4b1f33b59f.apk,com.KaiYunD,malware,install_failed,2026-03-11 18:42:46
9a6d6b6ccc974b758e419fd2ca93dcf0eb06d7fc974da16248ddb833527607ae.apk,com.Stand,malware,install_failed,2026-03-11 18:43:05
9aa91b98cf3ca663ec1fc34d586e74a252e9bbcd2f94f862666e8e477c0cc8c1.apk,com.vvd.fooejb,malware,install_failed,2026-03-11 18:43:22
9abc396df28e8ed70cea3eb396d4bb5a7eec5278de8bcd02831718158c41dd4a.apk,com.trt.zbvnkp,malware,install_failed,2026-03-11 18:43:37
9ace82deab82dd1a937e4f68e276d6bf05fe6780a3b5127498c76eb01b1834d9.apk,com.mwrfkt.mgkbszqs,malware,install_failed,2026-03-11 18:43:53
9af9c9b2136002a452803c5aad4381afdd8da34a5eb1d12fd28eba9c28fb1c21.apk,org.tonee.mathboard,malware,install_failed,2026-03-11 18:44:09
9b0b2b981b02ae3fef4e32f3298e0ca63c026d5ef93e7512a448566ff04d7e84.apk,com.cdd.hewgop,malware,install_failed,2026-03-11 18:44:25
9b6fdcc24af0ebe274508e392eb29c3fa6000e2f47586c357010a142a8df61ed.apk,ru.jabox.android.smsbox.lovebox,malware,install_failed,2026-03-11 18:44:44
9b7fa1ad15888fadde344c8594a7069e6e3f25cb6a646cdbc659470b45079cc6.apk,com.ntgs.ntbfa.jjyc,malware,install_failed,2026-03-11 18:45:02
9bdc9d9cf8c5bfa633fc94ab7d3b003f80b5874e0cf44416eae047e930275289.apk,com.mkz.zcrzws,malware,ProcessNotRespondingError,2026-03-11 18:46:31
9c5e557c2f4ffc63e21ae457b400ca538c9ea0a2a5018a0131be834857504818.apk,com.ttn.kqehin,malware,TransportError,2026-03-11 18:48:23
9d6715ebe77c446e03b85039b5daa6440599df27918eab93dbaa090cd9b3e325.apk,com.oro.dnruxj,malware,pid_not_found,2026-03-11 18:50:26
9eb683341105066cdde69ebe5e54d8682570ba7106e5412f7411f5426b895ba6.apk,com.pwc.wbtrpb,malware,pid_not_found,2026-03-11 18:51:56
9f0eae9ec468aa98c38ac228393dd6071f3293e63bd8bf01569b3d8e6f43f83a.apk,com.linegames.crazymouse,malware,no_data_collected,2026-03-11 18:53:33
9f4c7351cc5ae3e258f179e3cc32371c60efbdb8d286881cc34d50d188a3a434.apk,com.tzk.exuqgb,malware,pid_not_found,2026-03-11 18:53:59
9f95c627fb0bc4329c65f4e10ee71f6230a29510bb3269b3bfcc385091809e24.apk,com.rlt.lbrshn,malware,ProcessNotRespondingError,2026-03-11 18:54:57
a18dd7a8672b12dba3d216e1977323140a7b9131994f193ddef4bef11c39fe05.apk,com.qxg.rexzdi,malware,ProcessNotRespondingError,2026-03-11 18:59:28
a3014e9ec74dd3cd041cd42defdab8d0a313eff2e8906efd9569d9550c1dd25d.apk,com.hell_car_race.free,malware,pid_not_found,2026-03-11 19:02:24
a357a290990c4f40aca0114f6c50341d48a681ef87cdc6a13a934cde89ea7678.apk,com.pbl.zhdtna,malware,pid_not_found,2026-03-11 19:03:37
a40bd77d922f306b42ebba0f7b4966c973333a962e90b85156c22e0793204314.apk,com.macte.JigsawPuzzle.Dog,malware,pid_not_found,2026-03-11 19:04:45
a476b85110f1ef132899a7c4110321e125523d2727b68b4dc75be915b2788f4a.apk,com.eor.wycdhq,malware,pid_not_found,2026-03-11 19:06:03
a4cbe06bc20c6845595c350c49b1057311722a1b5e72e5dcc45d4ac8bcfa5fea.apk,com.sxy.sxjtps,malware,pid_not_found,2026-03-11 19:07:18
a4f427d79d64f1dd497bfed5799804f46fa6ce3e6217a34a22e693f7632c16a1.apk,com.ozitech.zoofree,malware,ProcessNotRespondingError,2026-03-11 19:07:28
a76792103bec17d5bba1f65074106305bc9aad1e8ee860ce9add470744af5459.apk,com.axv.iexecz,malware,ProcessNotRespondingError,2026-03-11 19:14:37
a93c8b8cf4e1b256dfbea001c2a8026679d5509a544c85cddfffa8e9c80f273b.apk,com.egc.jwidus,malware,pid_not_found,2026-03-11 19:20:02
aa76a784671eb592b02c2e0aead1d1f3f6052b93407205e149536941bf9bd2a6.apk,com.Amir.hosseio,malware,no_data_collected,2026-03-11 19:24:17
aab1798d5fc4447ec4e8c70657e5e2e6df482b0c5ee0154b05bac56a887c2910.apk,com.klm.nrwgkx,malware,ProcessNotRespondingError,2026-03-11 19:25:55
ac973bf02e4a242e89d953a4f0b277a503de941d7bdef5dcec49b9dfe287c168.apk,com.who.dkgjhl,malware,TransportError,2026-03-11 19:32:19
aff996e7602257284dfd216b2ad37d36d6cd7b3d5c49bc06fcf40874156285bc.apk,com.fnt.qrydhw,malware,pid_not_found,2026-03-11 19:42:53
b0c0084afbe0a6f46638974094d90716fca93eb460fb72bc41ff6ad7476a2538.apk,com.yof.fftgft,malware,pid_not_found,2026-03-11 19:44:02
b21bdfcc7f8625afca99ea0efb5fb6806a321d683178c6829cef792bbbe52cc5.apk,com.bij.ryerjz,malware,ProcessNotRespondingError,2026-03-11 19:47:19
b2343992552e896584116c4f71ee34f77282b7a4d5b5c78c64dc4ebb1dd4b337.apk,com.mip.tjuotk,malware,ProcessNotRespondingError,2026-03-11 19:47:36
b496789990d86e9060e161fb0965c033dc533c66770eede5e9b509b5748f1ce8.apk,com.zjn.bghpen,malware,ProcessNotRespondingError,2026-03-11 19:53:49
b54ee679fbb490e6e72a1d1c929a9a55fb94392cbb0a7954504f1eb026460ab0.apk,com.xmobileapp.Snake_lv,malware,no_data_collected,2026-03-11 19:55:40
b7254d1dcea60e2da4385fadee39da4cc9db9b93ca51766b375341fdb832ac19.apk,com.love.tester.scanner,malware,ProcessNotRespondingError,2026-03-11 20:00:27
b74978326740e3affebb9cdc1f45511d28c1d19eb249f283bbba99d33959e025.apk,com.hog.ymfuks,malware,ProcessNotRespondingError,2026-03-11 20:00:33
b76d285324c6d39910f305dd28231f513f273774bbe64a507b3c6eb1598c6d1e.apk,com.aaf.vrcynt,malware,ProcessNotRespondingError,2026-03-11 20:00:51
bcbc3c31f4e25af8a2e2cc21ffc062513bb92c8517276d646f9ab7fad1a05d81.apk,com.gzm.bwavov,malware,ProcessNotRespondingError,2026-03-11 20:11:42
befc051f18f4516994a120b5516c8718e8f99ef1745db0e49138b9e496ecabd8.apk,com.unk.uolyaf,malware,ProcessNotRespondingError,2026-03-11 20:16:30
c06fe97be1ba17fc73f8a2b133dd572e65b691a8b7bfccfb62b771e8b547fec3.apk,com.ptowngames.puzzles.camels,malware,ProcessNotRespondingError,2026-03-11 20:19:35
c1d9ded52156dcc379ad4cf496c2f11c113efe93d633d6f4e1a5adfec33af63d.apk,com.yws.ieiodu,malware,no_data_collected,2026-03-11 20:23:04
c2aeb09dfa457bf11d5411b98b6118eeceb420d71244401a46a81fb4ed147064.apk,com.aqk.hvqlnq,malware,no_data_collected,2026-03-11 20:24:17
c2b835c485825ab85ac59348f94ca79a73d2b358b60562fed75ff37278cefb8c.apk,com.xsd.hpjy,malware,no_data_collected,2026-03-11 20:24:26
c4aaf547716f2f1d886312e980f613893783130680b146aa451b932b010420f2.apk,thexfactor.iconosys.eng,malware,pid_not_found,2026-03-11 20:28:28
c511f53220e1ce59f60148f17fe6c5b7e5dc92901ce6d1cd4ca25b0ef8fb0f10.apk,com.vwv.epwfyx,malware,install_failed,2026-03-11 20:29:07
c525bb9b2f30926c971e1ac68100871d2aa82bad87ee05a1fe2e6e83a1dce1fd.apk,com.jx.theme.n2130263353,malware,install_failed,2026-03-11 20:29:25
c545e55aa534468d9d44e6b334235159358a0f0927cc5f35f8d1384a415ff0a4.apk,com.fhv.kqnnel,malware,install_failed,2026-03-11 20:29:41
c56d116f42f25680cc2ba7cc4923614d949d3cd832aaefd209a6f4a916fce96c.apk,com.sjli.TingTing01II,malware,install_failed,2026-03-11 20:29:57
c5b1693ae127c2490ac9c22c24844b4092059e99f6f75b98816d7e22cf027524.apk,com.fabd.hwljk.pjdlrsteqd,malware,install_failed,2026-03-11 20:30:14
c5d405ea63029012dd6055f25a0777fbf2e7e43a67e19c13b792e0e3900da5a6.apk,com.dns.wbrxtu,malware,install_failed,2026-03-11 20:30:30
c6204f868046cf997ba653881ceb6112f85ad16bae7dea4201e3a3c1f0774890.apk,com.cwo.ivmmvf,malware,install_failed,2026-03-11 20:30:48
c62c07253418adee7e8c370c5672cdb21c251c591d37bfe402a32d28157e97f8.apk,com.akr.wccnzb,malware,install_failed,2026-03-11 20:31:08
c6440049f1789c093df82280e4bcc163ad09c02b25acaa7ad977e7f6f87a2c5a.apk,com.turbophone,malware,install_failed,2026-03-11 20:31:29
c65a1faa3785b57974ef69338bb8cdd947563a45f15aa6bd68667dd5ddab2e5b.apk,com.lax.vswmko,malware,install_failed,2026-03-11 20:31:49
c6812ef502644bb430c2bd78f6fac164276aec6efda7c0ff59c2f18404f557f9.apk,com.hdj.zewlmy,malware,install_failed,2026-03-11 20:32:05
c6eb43f2b7071bbfe893fc78419286c3cb7c83ce56517bd281db5e7478caf995.apk,com.incorporateapps.walktext,malware,install_failed,2026-03-11 20:32:23
c736b21b1baa1f876719ef36fe7ee432ea163875779c24e86d987fdbb264b707.apk,com.pep.ryewup,malware,install_failed,2026-03-11 20:32:42
c74eddde3dea3971ea9e0ee998cfe2ba1c2b6f6feef7e0401ece6de6e9a49c51.apk,com.fcn.owibmx,malware,install_failed,2026-03-11 20:33:00
c755ae1f0ed4355635ffb0cb1ed5eb69da7de429f470f9c000aba57aa166400f.apk,me.ucantsee.mlgirl.alpha,malware,install_failed,2026-03-11 20:33:17
c77093a28bb76d8115e38e9139cba581a1a4371e77bd5b09e27b143753243ff9.apk,com.eos.rjfhdf,malware,install_failed,2026-03-11 20:33:34
c814b35add641dfab3249d693c391e5b95af4953b0838ed697783dcd6badd2bd.apk,com.zpl.kpltao,malware,install_failed,2026-03-11 20:33:51
c86c63e4ff4f2d8f32f00b2f668b8aae86ad656579bfe4562260c5688a3c07df.apk,com.qwr.ptytvk,malware,install_failed,2026-03-11 20:34:08
c8a815e61706b581d5ebf76c6eac7be8c811544f0c8e3109c14db758fe456f75.apk,com.ads.xppqtc,malware,install_failed,2026-03-11 20:34:25
c8f82091affe3c2c203976b5b662b4cdd749e392e6fddce5ef9bd257f6936ef2.apk,com.cAWAhk.SQxirc,malware,install_failed,2026-03-11 20:34:45
c9356263724f7681cb87a3b9f7af269a465d4486330831e9a0fc499c22bd36d7.apk,com.dangerous_bloody_war.free,malware,install_failed,2026-03-11 20:35:04
c945e54f7d3cbb1eb126533b1adae839109ad5f92916f4d57c2aa85fbaa33615.apk,football.photo.iconosys.eng,malware,install_failed,2026-03-11 20:35:24
c95626e6cdfd3dd6fd8ac6657cfaab5ab2f43a62053caf63e4d190ca10bdc4c3.apk,com.thy.mpcbgx,malware,install_failed,2026-03-11 20:35:45
c97dab6c09d70213f6df71dd4a7c726c697aff73cc5222bc8c92aa07308664bd.apk,com.fsf.dcnsdc,malware,install_failed,2026-03-11 20:36:04
c990544f52665d47e2f6acb9b24558916190ce7dff6ad54fccc6cbf5884e60af.apk,com.yau.oowzjl,malware,install_failed,2026-03-11 20:36:22
c9aa21ecbd34ef4248ac1a65181000f69a70258d1bdb942b62a5520745e15789.apk,com.rvo.zjonlr,malware,install_failed,2026-03-11 20:36:41
c9aef42cd3fa4256023f0241a0c42e58267ff906120a9b2bfb5a0598eea988ba.apk,com.ps.yams,malware,install_failed,2026-03-11 20:37:01
ca52b78f89d05e53b1fdd8a91717588f03c5e3d038cb8ea31a4bf5fdc08f719c.apk,com.anchne.cmbpggnc,malware,install_failed,2026-03-11 20:37:19
cabde2e40f926c1df393a934b08393367f5f039c030bfbfe45d81d8267f0e72e.apk,com.jx.theme.n1334038465,malware,install_failed,2026-03-11 20:37:36
cad6f231316d2b74d95ffaadb4bfc8c1d1a86c3c8ff16eacbf6f3f64b81f3c78.apk,com.software.installation,malware,install_failed,2026-03-11 20:37:54
cb204d16d4c9db4f190dcf366c444c32db815bb1e64758023d6fb1390325ffaf.apk,com.rwu.nlkihx,malware,install_failed,2026-03-11 20:38:13
cb281a48e01af1409724b34eefe06d9fe2d5eaee749c688fb1a0babdbb3ba29d.apk,com.tang.android.lighter,malware,install_failed,2026-03-11 20:38:30
cb498f02584df19105f0719b90b8093b917e77a763576f98e652c16692f77992.apk,com.appspot.yourdepot.butterflies,malware,install_failed,2026-03-11 20:38:47
cad383793714838b9314753930b9acb4501e8c2f2af9e7bded3c58aa6928c9e6.apk,com.summergames.whackyourdictator,malware,no_data_collected,2026-03-11 20:38:48
cc1f60e14a2e228e4d78efa0c01e682da67910555ec6c9f0fc45290ddc49188f.apk,com.keji.danti614,malware,install_failed,2026-03-11 20:39:06
cc7fafa461b655ab5623fc6cb27376e144bcf39fcc567ca4a181d66012a537a1.apk,com.ozdroid.kaoshitong,malware,install_failed,2026-03-11 20:39:26
ccf2997535e443ce40fcdd95ad0ae814426a7a71c11f6522812e6b7dc458c436.apk,com.jeh.jbmino,malware,install_failed,2026-03-11 20:39:44
cb49c69f2c89a1309c6b3fcf39d5268e557bb6226f3116109ad466d246e43477.apk,com.jkz.ykeivi,malware,ProcessNotRespondingError,2026-03-11 20:39:51
ccf4d907283aeeef89054779f97fb026517ca53357e19c589eac9bb5071ff57e.apk,com.iln.bvljnf,malware,install_failed,2026-03-11 20:40:02
cd5b08dfe14dcc2e616f242ef9a8645f1354152cc4c10f58359905b8f49eb65b.apk,com.eyu.zouvus,malware,install_failed,2026-03-11 20:40:22
cd85063af9e7bad04502bb2281bec86cfa203377865fb4daf1358883230c95cd.apk,com.boxitsoft.feedyourmonster,malware,install_failed,2026-03-11 20:40:42
cda73f069eae48bbd3da5356b7246a2a7f88fea86a06934f664fb5f82a66c173.apk,com.dim.tcoujm,malware,install_failed,2026-03-11 20:41:00
cdf1dcb47bc8484997b3b1b776a986e6a1f3405ce4088e91cdc512d00030af1a.apk,com.ymd.znnigs,malware,install_failed,2026-03-11 20:41:18
ce4cc69dfe2ec4584eac4c396492a6b294083291ebf3306ffda38433a74acd86.apk,com.JarvisStephenson4541.dudeperfect,malware,install_failed,2026-03-11 20:41:38
cecfe3f397803e27b31a2cac992febf240195992823560079eadadba7af1426c.apk,com.uso.skkntb,malware,install_failed,2026-03-11 20:41:55
ceed893f8f6254fb6418f31c3cc2e249881d503da99edd5523cb8b5491de7a5b.apk,com.celb.wall.av,malware,install_failed,2026-03-11 20:42:10
cfb590db7e659f3942f1fc5a37939948a9cea4450ca0933d0bfe7ce5727c95d4.apk,com.livegame.wallpaperxingqiumj,malware,install_failed,2026-03-11 20:42:28
cfe03fd5d73ccef987cd3382d761ed36a7880e52c4261c62d3b7d222b25d7480.apk,com.gmail.jaggersoftware.sheriffandroid,malware,install_failed,2026-03-11 20:42:45
d049f1e9239f3da783872d875a9291c42512b435440cca89cc49adcb93305bc6.apk,com.jic.yqllkd,malware,install_failed,2026-03-11 20:43:03
d04cc2068c08fa957f7c93518e54a27fa0c442328e99435fc18ad7a7c12e4f93.apk,com.alb.oosmac,malware,install_failed,2026-03-11 20:43:23
d064e53e18aee00635ba2ed6bbb217b30b7dbd8bfad05f7394d3c5a7d3b0c211.apk,com.frvr.roadtrip,malware,install_failed,2026-03-11 20:43:40
d07c49e4bac9342ebb1e05cecf287aae844d9eb4f461c8cc3a6dfde8d615f56e.apk,com.wangwu.birdcatchprogold,malware,install_failed,2026-03-11 20:43:56
d1a8988d705d7804748445070a56688e5fbe8a981e9ab130c9ebd3faa1a0b338.apk,eng.trickortracker.us,malware,install_failed,2026-03-11 20:44:40
d1db939a59d299e622d95acbcb4e22e8546ba79644a97bce76e707adf566568e.apk,com.ocr.lirarj,malware,ProcessNotRespondingError,2026-03-11 20:46:06
d2bb09f8441baa6b98b3afbf97a07ec868c3657df8930946912e30aad786abb3.apk,iconosys.valentine.esp,malware,pid_not_found,2026-03-11 20:49:19
d310267893f467471f196d85954dd15f82881bec25e29f33f9d4a195dd1b263d.apk,com.bhr.nllfmz,malware,pid_not_found,2026-03-11 20:49:44
d3c805a01054186a3c1bd904cb8408fdb123e9808630b3234d1e9ecc7ee842bb.apk,com.rrwoin.wcsn,malware,install_failed,2026-03-11 20:50:03
d3de86045706aa57d70af021b4c2a842108ff14c4d8d171d1e8b09f22f6f9fbb.apk,com.lvq.wfdjkf,malware,install_failed,2026-03-11 20:50:22
d3e731dbf567f730148d21a5f6618dd383e3df0427b56c8529bb78038c3563c8.apk,com.qrk.zooexd,malware,install_failed,2026-03-11 20:50:43
d396af5706d4740a1811afd1ec3e4a7f6965e8b8f6e9c7a92c952ce45a2fe440.apk,com.oun.dsyelk,malware,pid_not_found,2026-03-11 20:50:51
d3f90cbfef0792ae2f0c87ede3cbd6b17f148690d390197a0b9293bf1827ea69.apk,com.fhh.vsatbj,malware,install_failed,2026-03-11 20:51:06
d438650bf257eca8e0f8cd1917eabc1c8269a6466fbfe1bc860f6883d2380b89.apk,com.ron.ukwmke,malware,install_failed,2026-03-11 20:51:26
d46647a28ec38bed46a1d30baf9288ca67fbf20fef764cf4b8bcaa89dabb733e.apk,com.cotal.android.flagecall,malware,install_failed,2026-03-11 20:51:45
d4ba2711bd09368ffea029e30b4bf7fa61ef21637220353b7a96a0dc8be3ec78.apk,com.etr.dqppcw,malware,install_failed,2026-03-11 20:52:02
d42c05548a0c365e47cbbdd9dfd9de99fba71b7364467637b0f72c6e66ac319c.apk,com.ysler.wps.landscapehd,malware,pid_not_found,2026-03-11 20:52:15
d4f69bce4b71aa2f241711244adc5fd90884306c9bace857979918c39e849439.apk,com.mntfja.txxoinwy,malware,install_failed,2026-03-11 20:52:20
d599e982bb56694d488769a1e0c02b7397245638071b62ae4d6c721460a9bba1.apk,ru.droid.install,malware,install_failed,2026-03-11 20:52:40
d5bd26e3da868e64762a635c381c9441dede5b6d85ce0a51a6e811528495a01b.apk,com.jing.sp_pay,malware,install_failed,2026-03-11 20:52:58
d620fb29d1f98be29b2b0b742caa479eea93ad796c27547103509eed38ecf7a6.apk,com.wqp.xjjedn,malware,install_failed,2026-03-11 20:53:17
d6343d41afadb6ef6ca6fd738ee861698736068c5ba8ca397e3658bae4e422ef.apk,com.ceh.npmkrp,malware,install_failed,2026-03-11 20:53:34
d552d439dadaa1bd620f81cda929066436ff078e2aa0bde14505a69a10b1bcdb.apk,com.lib.mxdqol,malware,ProcessNotRespondingError,2026-03-11 20:53:46
d6456e64b46b2f3fee5bc893e2d2dc4abc186872ad00259e79a1ee63647f0d31.apk,com.lsm.smchab,malware,install_failed,2026-03-11 20:53:50
d6975bd240fa96202c18b1a1d9cad79e26c34c7bef3699f61b257fb40e48c7c0.apk,com.jss.jxamek,malware,install_failed,2026-03-11 20:54:08
d6b683338348b4e69ca942c0c823a55de7a1560db1a8660be5a36a747e16ac67.apk,com.Wuzla.game.DoodleDashh,malware,install_failed,2026-03-11 20:54:26
d783604ee40dbd7da919965d81c08b6413f0082f211974e2a9a937fb207da58e.apk,com.arm.hsxdhk,malware,install_failed,2026-03-11 20:54:46
d7b0b7ae38e0b4b27e6c7bc2067efd038688a03fda08cf9f43198be85eb43e22.apk,soccer.photo.iconosys.eng,malware,install_failed,2026-03-11 20:55:05
d7ee7a41f36958ae62e5434395190e1f427c415260dbd4fb62fd2900c0dcaae2.apk,com.droidhen.falldown,malware,install_failed,2026-03-11 20:55:27
d809180b053eb2434b25722d056ac0e3c0b15045ea0044be14d0b3ff747c8146.apk,com.rja.jautfv,malware,install_failed,2026-03-11 20:55:47
d82d2a8e0c345693f5b53348b50c9151647a0a3dcbf96cf81adc8e4d250fc04e.apk,eng.trickersticks.mugshots,malware,install_failed,2026-03-11 20:56:07
d85a217dd66416d01abd2f6253af174e7aa78021074090c67e545f780be36f6a.apk,com.talking_message.proversion,malware,install_failed,2026-03-11 20:56:26
d919e99476aaa838b8ff4ddb328c9989e8bb25b2f5b8329a5655b833e18c777e.apk,com.yhf.nhlbnx,malware,install_failed,2026-03-11 20:56:44
d985baf6e6a17cf1dc6c7cd2242dc3a12609ad2ecb789072465a6eac1bd201cd.apk,ics.cream.go.launcher.ex.theme,malware,install_failed,2026-03-11 20:57:03
d9a5b839b373d470734ac9260d58e7322206865e3c44a17b3cab756e1f4de45e.apk,com.nmj.eetgry,malware,install_failed,2026-03-11 20:57:23
d9d679cad5a43cb1edc296d0a00fd8123faf8b298ebd5453f2a0dbcfc5e5e881.apk,com.bnz.cmudzh,malware,install_failed,2026-03-11 20:57:41
d9f8c2af4dd960143461baa6040d21256312f8e0306a4ab4fd357046941757ba.apk,com.zrp.fcsoyx,malware,install_failed,2026-03-11 20:57:57
da07316645455a02b2f9eda79662c585aee96e9ab06aeb139fb895b9ea89238a.apk,net.qianyue.book.nky,malware,install_failed,2026-03-11 20:58:16
da2ee0b84ac470986543acca1f4c51def534d23f04e39f0dd85cccba45232738.apk,irdc.F1WPCG,malware,install_failed,2026-03-11 20:58:32
da4bc22a6c640ba0bd9b5c242d4a51db4308019144ae5e102e41f4df0f9dab62.apk,com.snipifd.zbkizvsh,malware,install_failed,2026-03-11 20:58:52
daafd978b9c3d6ce45df705f9c5de432609546673441a7f1ecae7c4f42069fe1.apk,de.greenrobt.kmpa,malware,install_failed,2026-03-11 20:59:10
daf457db2d3a2b741f9ec04815659a23a675f87275ecb8cb420961d75d63dbdf.apk,com.oqv.zgurdu,malware,install_failed,2026-03-11 20:59:27
db402d0d7accbaf527256eaf7ee65cac594ff1464cb93cf5633b7b18bd48b8b3.apk,com.qjn.xgcndu,malware,install_failed,2026-03-11 20:59:46
db477c504dee94175895917be487f73b16fd38654fe31eeab0415e3401100fe9.apk,com.ygo.xpmvzw,malware,install_failed,2026-03-11 21:00:04
dc7268aabda03ef4db2a299612e57bfae78a0dca01d99f373f4b1106e867df7c.apk,com.xkn.adsegh,malware,install_failed,2026-03-11 21:00:23
dc8ca477283c41ff8d4a2bb318f3a9aea426767c8c1e44bdb725ef5e63b65345.apk,com.tebs3.cuttherope,malware,install_failed,2026-03-11 21:00:38
dcb07963bc45514aae762c3236cc1fa2e69a6e4a86d3c22d8dd57e9d03bae1fe.apk,com.christmasgame.balloon,malware,install_failed,2026-03-11 21:00:58
e2190399392695d8768d8315278e739d0453b3047c2b76dc4dd19911f3fd9598.apk,com.orange.linfo,malware,install_failed,2026-03-12 09:21:49
ea513f641ec7d7e5e4833bc0de6cd71a43326a7b0afa1694e49df25bf8a2d5bd.apk,com.asdfa.gunkill0622,malware,unable to write to process memory: No such process,2026-03-12 09:29:36
ead64f74c09fdb15be782c73d9269bfbc225ec43c729574e263f9c1f9ccf77c0.apk,gamea.fqaqpcsrihhsa.tapav,malware,ProcessNotRespondingError,2026-03-12 09:30:22
ec362ba2d3a9bf79748b9221af6ebc0f9ffcca065d565eed09fd7edd16335c01.apk,com.sgd.hkhoog,malware,no_data_collected,2026-03-12 09:33:01
ece8c3a422480a82df9a9c67033084d54e5a5e371b501954371dd42635810caa.apk,com.spf.muysed,malware,no_data_collected,2026-03-12 09:34:04
ed6b2b7e086166bdc85d873c8d3d76dc22982f2e27b4830affb1e8dac734a5f6.apk,com.ccj.goevbm,malware,no_data_collected,2026-03-12 09:34:42
ef777af9c6ca03edb124eb2d531d7085a8fccddfcf473cfd7e949e66e34dabc1.apk,com.hun.loqpan,malware,ProcessNotRespondingError,2026-03-12 09:36:57
f0e316c1f0264c4bd3fcdc804f1c663534c7f77b08326ab8f8a6697141384ee3.apk,com.bsr.music.app,malware,ProcessNotRespondingError,2026-03-12 09:38:50
f760ba958b7a2f5dbc2ad7e114f20ce54643b98e51c300fce798a7b7382481cc.apk,com.jbntech.ewebibliab,malware,ProcessNotRespondingError,2026-03-12 09:44:06
fa266ac8a78e22bd2ad34ca85f5f8d9679e908a8542a59faa07bdd9e6e2be4cb.apk,com.mogo.shuijinllk,malware,TransportError,2026-03-12 09:47:35
fbd2de27db58affb241a8d8d7c4e9cd2cc9cd64baccd55cd094501770a73895f.apk,com.fdftjyyjj.cutfruit0719,malware,no_data_collected,2026-03-12 09:48:48
fee0b6ba1143f638a1eba0cea9e0dc7ed154c4ad6b419cd5e931013d1b1bbea0.apk,com.ksz_dev.defenseartillery,malware,ProcessNotRespondingError,2026-03-12 09:53:22
00A0F3910123006F3B112D540E95C69D992E88BF9F29EDEAB7A24FEA30993BD1.apk,com.zerappa.thelante,benign,install_failed,2026-03-12 10:43:47
00A2E5CBE515099673BA735297687DEE0A80D782106C89E17463A750E5F979E0.apk,satexam.com,benign,install_failed,2026-03-12 10:44:47
00EBBD8D068DE3CF0B077875EE4DB309D0F4DD030E1D6C4E9BDAA63BA0ADDE75.apk,com.iwanamaker.ihsa,benign,install_failed,2026-03-12 10:45:18
00EBCD3387F0EAA60CF61007A84D457B103F80F45FE1A727E684315101EB180C.apk,com.lifesavers.contactrestore,benign,install_failed,2026-03-12 10:45:20
00ED4FD7D4493337EEB63010AF7F84608B9410FD275A92616720E5F1380C425A.apk,de.immowelt.android.immobiliensuche,benign,ProcessNotRespondingError,2026-03-12 10:48:22
00ED9BE080C33819F12B27AF37DFBEF28A0D5F41B0150358B3E6AC45A1E13F0B.apk,com.mosambee.mpos.ngenius,benign,install_failed,2026-03-12 10:48:33
00EFED4D5E3EFD16B228241F01317BB30D10710745B0152B29A97D4FE612BB08.apk,r.stereobendicion,benign,install_failed,2026-03-12 10:52:06
00F03374B29D35D7E41132D73EB1C31770D2A41CC180BCD50A499F5A59EB2F3E.apk,com.psicopedia.dsm,benign,no_data_collected,2026-03-12 10:52:50
00F0A0B36DED08E0A36291767037D05ABB18EDEE2916AF36676BE7B3966B2C63.apk,com.moimob.drinkable,benign,ProcessNotRespondingError,2026-03-12 10:53:26
00F194F076FB8D69D3B6EDAEBB7F3D06B259823C5CBE4E1375B79FFFD1CAC577.apk,com.powerpeers.app,benign,install_failed,2026-03-12 10:53:55
00F2E2453FD40EE27DA372D75A5119C2AE335DD658104412256641D832E0FB54.apk,org.lds.sm,benign,TransportError,2026-03-12 10:57:27
00F363BCE53A0E3D13B413CDC481EC38FAEC587D4147859C0B2F2E8A72D3A0C2.apk,com.facebook.lite,benign,install_failed,2026-03-12 10:57:39
00F461303358262AC2190329E6F958B3F70D3CBC0B83FF17BA5691F884D760FD.apk,com.mapbit.cashteller,benign,install_failed,2026-03-12 10:58:48
00F5D88764EA6C422A5BE323C69EFD5B76BC9BD08DF319D15E467E42FF72ECD4.apk,jp.co.recruit.rikunabinext,benign,install_failed,2026-03-12 10:59:55
00F5E4FA11CF14DDDBF974511A7781586D7AA0DE01E10F10823E13DB591EA690.apk,com.kofieo.potterscityv1,benign,install_failed,2026-03-12 11:01:11
00FB57EA41B0B7DC83E3129F415524D3776506D4BAE46BE922B42F15739076B1.apk,com.vladlee.easyblacklist,benign,install_failed,2026-03-12 11:07:52
00FC14A0FA72A3EBCDABFA45379491533426D027E1F6C562803816A637A8D72D.apk,com.melium.fashion,benign,install_failed,2026-03-12 11:10:27
00FD432D2002F79F826DAC8CE1BE7D03AC0B191A227AE88BAFAD497B702B185A.apk,com.absi.tfctv,benign,ProcessNotRespondingError,2026-03-12 11:12:46
010072A3DB5C185594D27B366105AEA959D8DE53551055ED8EA775C8C6BD5C58.apk,com.caledoniadancecenter.mi,benign,install_failed,2026-03-12 11:17:47
0101386694B4B946A6C3F8108EE5B1AF796565E9C3A54F8DEAAEB58770382212.apk,com.firstdata.finpay,benign,ProcessNotRespondingError,2026-03-12 11:20:08
01073CD8E372ACE5E161C2500516FF9ED5FFDE07581383BF1284EC5D352CA090.apk,com.roku.tv.remote.jvc,benign,install_failed,2026-03-12 11:29:00
0107D1FA027AD7949740FC5F4B86614DCFAF8C6AB9CEA470E698F4174EB6A5DC.apk,com.Beauty.Care.Active.How.to.Lighten.Dark.Lips,benign,no_data_collected,2026-03-12 11:30:01
0107DE771207048D01A74283AD866CE3E58B94D33E8024FCDBE1C47CFE75896B.apk,com.wstyle.tw,benign,ProcessNotRespondingError,2026-03-12 11:30:54
01083F71E45AC1F5B3F27CBD225C78479C726612FC4C1E31579F2A7F66D545A4.apk,com.fokast.app,benign,install_failed,2026-03-12 11:31:20
0108793CCE7A8EE3699FCD9B73F9B517D92620FD3E0A0BA22669C4B5E9898640.apk,com.kj4347.app2,benign,install_failed,2026-03-12 11:31:42
010894F739BAFC4C5F83C179A329E552474E33596ED0ED0FEE30F3F7C723016E.apk,com.BibleNavigationInc.BibleEN,benign,install_failed,2026-03-12 11:31:55
0108FF9BBC765E1B5E835A366AFD457EDB678F1230490517E85DBABB8DD86B16.apk,events.grip.axl1045,benign,install_failed,2026-03-12 11:32:22
010A484778C5A1FC548BB4463B121C3565718AB016371C4053336A3F052523C6.apk,jp.co.orixbank.app,benign,install_failed,2026-03-12 11:34:35
0109A61FA10FF61A09187789B4A280486326FA154805D2A599359EAA842245A0.apk,app.etenim.etenim_mobile,benign,ProcessNotRespondingError,2026-03-12 11:34:43
010ACD2FCD3AE32EE2FD3F28426681DEB6AFB00596D09FC88108138BFF99A9ED.apk,com.godrejseethru,benign,install_failed,2026-03-12 11:35:54
010DC1D8473E826F2CB8CCA9514A5BFF068B609558432C821C0B5979A0F44D92.apk,com.techpassion.trenchfamily,benign,ProcessNotRespondingError,2026-03-12 11:41:58
010EE2B4D2027EAB7020011D905D0424C3A1221B66FFD42E1AC3896EB3EF1AD2.apk,com.corphish.quicktools,benign,install_failed,2026-03-12 11:42:50
010FAD7BD35DD2414BC39C924D7FBD0C02694EE6B3F1A8E6F27FC83E993B2749.apk,com.EnterGameStudio.CashBank,benign,install_failed,2026-03-12 11:44:39
01105971E6BE827915F7322B42FF158D53192FB1D897CAC12DE3E0D52C142D61.apk,com.systweak.ssr,benign,install_failed,2026-03-12 11:45:43
0110AA4754C31597C05747A7D371539A39FC3103CCDAA5D50E4A2E0536258DA4.apk,com.velocitywebworks.parade.hbags,benign,ProcessNotRespondingError,2026-03-12 11:47:09
01114D53EE84E1869A01798718D217E9A1ABDC4DF3B7AE62169669C3F93644BE.apk,tech.wearin.mobile.demo_app.production,benign,install_failed,2026-03-12 11:47:53
01118345D97B5B463B10E7BB1AEA49A64F296B459154ADE6B1651BABBE6D7A23.apk,pes.pesu,benign,install_failed,2026-03-12 11:47:57
01120A6306C0FD9F5199E5BA6AB734444B0824485B39D28FDF1A6A0390FF8892.apk,app.digitaltherapeutix.glucare,benign,install_failed,2026-03-12 11:48:26
011271D1596B0E57A163E25DA6DF62AC54C45F05E9BBFC38AE30AB0B364E048D.apk,se.arlandaexpress.atrain,benign,install_failed,2026-03-12 11:48:50
0112A54DF572A34A12BB9EE59CBF20FFC07C17807916DD37341E015AE4E261F8.apk,com.bigstar.puding.partner,benign,install_failed,2026-03-12 11:49:26
011319F0392EEDF299F909853BF12509DA0D8C462974A8C29524CA5C03F9749E.apk,io.github.muntashirakon.AppManager,benign,install_failed,2026-03-12 11:51:03
01186377AD6740C533578FDB4D2467F71E8D9A6C98144AE680762E907F6CFEF0.apk,com.m672721a8a8f.www,benign,install_failed,2026-03-12 12:02:52
01186ABE70F283B986C8E834D182E4889C6FC7AAF504D5C37AE444D673774C4E.apk,co.stellis.piastgliwice,benign,install_failed,2026-03-12 12:03:02
011918BF2117E82BB23F60EA3EEC2F644DCA8749FDB634DFC91755C3F7437553.apk,com.newburybs.mobile,benign,install_failed,2026-03-12 12:03:26
011AFBFEF209F733217E669E7FA617DC75391D7A7F9F984AEEC2AFD4E00B4FAC.apk,com.qualitysys.cacapescauberlandia,benign,install_failed,2026-03-12 12:05:47
011C03C33491279ECDA589DE0ECC976FE189FC8B0315616F07619D452A350AB7.apk,com.app_kaskinen.layout,benign,install_failed,2026-03-12 12:07:03
011CA05ACB9567FCAB4092D5E773D3CF0826DE5D0349A459D54A4C058A29D09F.apk,com.projects.jansamarth,benign,install_failed,2026-03-12 12:07:58
011D4FCF93C7E617F43DC5B993A2FF010DF341B672861DA5C35E0FDA70CB1B75.apk,com.masternuts.note,benign,install_failed,2026-03-12 12:09:38
011DA0E393BF2B877D4EB7E486EBAB5EFE02085662D940BC86197C4CB2BF4D0C.apk,com.devswhocare.productivitylauncher,benign,TransportError,2026-03-12 12:11:05
011EA4B51134DFE61C74A868BD367AAD0123041BD8A900432F04497BED816DB7.apk,nz.grocer.twa,benign,ProcessNotRespondingError,2026-03-12 12:12:58
0120012699CA1AFAA83EA844DEA95C54B8995DE85FFD217A4D4EEBA4CFA73C72.apk,com.mtshopping.folder,benign,install_failed,2026-03-12 12:14:36
0120485464DAC6BD8488264DF474673B5AE6F4F29E2B08A1F6D85C20228DDFBB.apk,com.sa2eeeab09fc.www,benign,install_failed,2026-03-12 12:14:55
012358B1CA7FFEB95BAEAA857954DE0280E969A66E31323EDAC58067110AAD58.apk,de.quantumphysique.trale,benign,install_failed,2026-03-12 12:18:45
012497AA346774889481DAF6C6F7C7513BC060BFE9840FC6C15A7A66C5608114.apk,com.armytest.armytest,benign,TransportError,2026-03-12 12:24:09
0125B6AEC53EDC51C8C3C6BC05E32D2F70F85A2A40BB6D94E8A9A299603E94E2.apk,com.tv.de.guatemala,benign,TransportError,2026-03-12 12:26:35
012726BD6A3ABDDECCF8A52A8D4768623AFB79D14572DFF254026C41FB14EDFB.apk,com.chirayusoft.lokabullion,benign,ProcessNotRespondingError,2026-03-12 12:29:21
0127E131E3A4BE71B5267C07290C1A33E7B3ED5636934260B47D63EF4BF4714E.apk,com.github.emavgl.piggybankpro,benign,install_failed,2026-03-12 12:30:11
01280D8ADBBF7A9DAD14B6164C6377F46D16C52A8058D7E9B10101307AF0E925.apk,com.jarsilio.android.waveup.tasker,benign,pid_not_found,2026-03-12 12:31:18
0129CC9DBD280AD9005E137400768A760B8AC093C6FA17D22A1BC1425E13F9EE.apk,com.m67bf3291828.app,benign,install_failed,2026-03-12 12:33:37
012BD559FC51B7522C8EFF0B23C1B2498187605331D7E35043453A7D11B8B214.apk,com.ProjectMoon.LimbusCompany,benign,no_data_collected,2026-03-12 12:37:13
012EFE8AE838EFCEF1000261D9CC5A3F309B16E3510D753DE6C03180EACB953B.apk,fiesta.fm1029.app,benign,install_failed,2026-03-12 12:45:26
012F17253919363C29F8222F994864ED491B732AB8BAC1AA351ECA64AF4AE664.apk,com.innovatise.denbighshireleisure,benign,install_failed,2026-03-12 12:46:36
0130095C9F9595D404984525D4441CB52684ECE99B4A272D79C1FA313A91297C.apk,com.ffcbbucyrus.mobile,benign,no_data_collected,2026-03-12 12:47:28
013077374DACFFF49FE9D364A2ECB269C564215C0B9BE68644DEBA81FB4F7117.apk,com.CStheplatinumpeach.android,benign,install_failed,2026-03-12 12:48:29
0131A4C7DCDE8A7FB74E1380B136507391E2B1683BBE8B96FEE0A4D506C4D5FA.apk,com.Spirit.level.bubble.tool.office,benign,ProcessNotRespondingError,2026-03-12 12:51:00
0131BD86AAE07C8344A1C34DA833E855C94A8D2E49130A4A202268C605609F56.apk,com.epochcentres.patient,benign,install_failed,2026-03-12 12:51:15
0131CD61A96B4B1714BF43B317EB649B09B96DDCE2CFF8EA91F599A2C4AEE6C8.apk,sweet.love.studio.englishstories,benign,ProcessNotRespondingError,2026-03-12 12:52:23
0131F5E8722D572E5DF54AD4E0A8BBE6BE25CE0E926095A27E3DDEAA8EB64D23.apk,info.androidloverslk.namobuddhaya,benign,ProcessNotRespondingError,2026-03-12 12:52:37
01326C81CDE39FD759F8CD830A496B6226D59C2EB3F810B2DB25216F8D96B7B7.apk,com.Beauty.Care.Active.How.to.Get.Piercing,benign,no_data_collected,2026-03-12 12:54:25
013345DC5C86701C47013461DC2CDC930D14E1D4066A6A7D3E18842A7B0288CB.apk,com.khhkhd3.player,benign,TransportError,2026-03-12 12:55:59
01348E974D8CE97440DC29D15A602B0062DE58D70FA06B4DF793E62A10CA123B.apk,co.pixo.spoke,benign,install_failed,2026-03-12 12:58:25
01351E7D3AEB942FC02F3A9FD9067A416E0C4365CE7F97FA262FE70D5D7644DE.apk,com.hiattland.bid,benign,ProcessNotRespondingError,2026-03-12 13:00:07
0135EA99247A5CC1FAB5A9090D977C01BB3379ADD479B03D6B406662B7B380D7.apk,com.intaraf.natively,benign,install_failed,2026-03-12 13:01:49
01370996B89193589B2701B721258835551093E66BEB54F4F0684FF930F4822F.apk,com.phanmemtotnhat.mobile_phanmemtotnhat,benign,install_failed,2026-03-12 13:04:49
013774537666FF9D1867695B265E09868C61CBB755E85CA0D76B2C71A8C8EEFC.apk,com.youfone,benign,install_failed,2026-03-12 13:06:42
013739D2B84D64A9A091ED95CBCF87EC35428219A0E4466990A9F0576FDB6610.apk,com.system_igp.mobius_c1120008,benign,pid_not_found,2026-03-12 13:07:27
0137D0ADEA417ABA074618CFDC067701717814289E2B6169259631876D8483F2.apk,smartgr.french.nails,benign,no_data_collected,2026-03-12 13:08:00
01394BDCAC57E14E0289C58675BDD5D567952BC21A0B44D46A530F316B8471B8.apk,com.kidsbox.omnitrixtorch,benign,ProcessNotRespondingError,2026-03-12 13:10:05
013A8231B98577C6794819B7AEF060B21849D0BEA52148177D3B2A0B72CD6128.apk,de.darc.ev,benign,install_failed,2026-03-12 13:12:27
013C83269345445D587C98F8737AE0D91CFA67CBF31DFBBF54FD44D1CA375D64.apk,com.zero.VisitingProphetMuhammad_PBUH,benign,ProcessNotRespondingError,2026-03-12 13:17:50
013C523E6D4C1F9820A9CABAAE11EFD946AC8C9263EB3E1D0F015E1E1E5887FB.apk,com.swidrinc.redwallpaper2023,benign,TransportError,2026-03-12 13:17:50
013CABC4DE8E552FB7D82F74BB243C7AB11CBB50D0F4F89D8F8BC356B54E4792.apk,com.learn_vai_alphabet,benign,InvalidArgumentError,2026-03-12 13:18:39
013D5DAB1AD9C00F5A8366FFECF878970342277143A514E17533DEF36EC95F1B.apk,jp.hurdless.prompthepler,benign,ProcessNotRespondingError,2026-03-12 13:20:14
013DCEB5F1B2DA42DE0E619FFEE7BC47AD6709F9BA327BF57748071C33842AAC.apk,com.chrome.canary,benign,install_failed,2026-03-12 13:20:28
013E9E7CD250095FEDDFD894675463AC7D69854064EB00CE43D9A1A7CBDD51B3.apk,com.innovatise.minotpark,benign,TransportError,2026-03-12 13:22:25
013EC105F0513439AA6BAF2F15B27584EE60CDA273A0B9E185B5A5283D4A3FC9.apk,com.dropmobility.sonomamarin,benign,install_failed,2026-03-12 13:22:41
013F9D89518F050AD029A9B0FCE4B749A3B902189E96DB33A408B9742C6A13D6.apk,de.dzb.dzb_app,benign,ProcessNotRespondingError,2026-03-12 13:26:39
01419B147E569C90BBB30C9283719B86E16B8A09AD690A144A923D9E52BFD7E9.apk,makeserendi.rife.im,benign,install_failed,2026-03-12 13:31:17
0142EE93E21590E06CBDB35ECA21776F62BFC2908FFBF367971626AB97B48714.apk,com.appsdigitales.multimedios,benign,install_failed,2026-03-12 13:34:35
0143B9039C0CA52469FBD2CBB878AA4AE7459FD86BE39AC9C43D1E6EEB77E6B2.apk,com.moviorder,benign,install_failed,2026-03-12 13:37:10
0144C62D96AEA5453BB346E6FBCB3ED7B2EBE620C7F3E69104EA8DB06B86786C.apk,com.digono.apps.museonaval,benign,install_failed,2026-03-12 13:40:54
014533EBFD6CE49E42EFB7E84A6F5DF501257224447DE625F9A71E78DFB1F0BC.apk,com.wildix.rnc,benign,install_failed,2026-03-12 13:41:30
0144C75A02626CC488DA622F74FFF8A5B50D280A3BD5F682EE1D17B5973BB676.apk,com.pierrefabre.spain.es.hemangiol,benign,install_failed,2026-03-12 13:41:34
014704028E497D19340668BF94C0F5A8ACB5240D89269694E4DDC3A6771538C0.apk,com.eastwater.zdox,benign,install_failed,2026-03-12 13:45:34
014730DF407D6AFADF21B8F6C4FB5CF1EF1C4564D5B1F3EED06035B2D31B6A38.apk,com.honeycommb.fold,benign,install_failed,2026-03-12 13:46:50
0147A3B37BA07D678B3C4D6E308E71C8E2CF09A760983144D23844F97C1C231B.apk,com.purdymo.PurdyGo,benign,install_failed,2026-03-12 13:47:12
0147A32A4B853AC9D12B7A66421C7B90C01EF51853EC2DFA8BBD6A3952E7E44C.apk,com.akakce.akakce,benign,install_failed,2026-03-12 13:47:45
0147A7277C99EAB2DC21233CC345651F6C03159D8AAE89949DD08FBD3D81C9D2.apk,com.thundernettvgo.android,benign,install_failed,2026-03-12 13:48:08
0148837A2BB8DB6C98407D3A3C9ADE587F2578AFF0B63C787FFB507AEF2946F1.apk,com.downhilltodowntown,benign,install_failed,2026-03-12 13:50:59
0149488EF35FE69978CFBDE0B20579C96837EF035EC4E7E9A1F68BD505AC2AF8.apk,net.taler.wallet.fdroid,benign,install_failed,2026-03-12 13:53:53
014A371FD64DFC4310D2A036AFADFE06338B4164465EDC6040D45276E9091109.apk,com.credabl.community,benign,install_failed,2026-03-12 13:54:11
014AE372E558C177C4F8D0B37E66E72242D596BB37D63F486247D67368A2ACAE.apk,com.triple.crosswords.arabic.grand,benign,install_failed,2026-03-12 13:55:28
014A67E1106199E92396E695AE258FB787FECDA69A7235E5BD18539CFA35BF3D.apk,km.nirume,benign,TransportError,2026-03-12 13:55:59
014BB2B2578E6968F855567A3036BFACC0F2F7E996950E0B92656D74C35D105A.apk,com.elokaz.bem.tabi,benign,ProcessNotRespondingError,2026-03-12 13:59:07
014C0B491D5DEA9570A9BC3631720B35084AF49EAB96CD57A8B047872D48E53F.apk,com.viethconsulting.ALIVEapp,benign,install_failed,2026-03-12 13:59:09
014D5CC418285A2333BCBE06B2583DB07A201F285452A19F2360FBE3981787BE.apk,kr.co.nuskinkorea.mobile.trcare,benign,install_failed,2026-03-12 14:01:44
014DA7D7974147A7EAB7E7C88292FA61B886401AEB6CD26B1167ADEE2EEF1D71.apk,com.uh.sf,benign,install_failed,2026-03-12 14:03:08
014E38FBC766887E1AB3C030FF4BA2BC8EA38ACDFB237161903AAD17E4512F8B.apk,com.capyreader.app,benign,install_failed,2026-03-12 14:05:25
014FAC1CB03C5AB97C49CD5832917726C38BF27978760DF2614CF428EF0C786D.apk,com.fliportell,benign,install_failed,2026-03-12 14:06:49
014FFA8796E0A529AB1A8736C51CC1F99A6701601136E8FE2D7691F97D09E4EA.apk,com.asiacell.asiacellretailer,benign,TransportError,2026-03-12 14:07:39
01518BD7200670B42C83E2C94CB3F953FBD16FF55D4EA3D384400CE013494AF1.apk,ru.advantshop.Jonka,benign,install_failed,2026-03-12 14:09:32
01516F8BC8F9792A4D086E9693645D97496AF884C13538961A2699F294E23AD6.apk,sharedesk.net.optixapp.lebirdie,benign,install_failed,2026-03-12 14:10:23
01525B47E522C100DC4F2E826CF86AA676C626ABCCD43A28A1F3CE73537CCFCA.apk,com.achilles.myachilles,benign,install_failed,2026-03-12 14:11:57
0153863CE48354F715F252C514E62D3705C670E511EA74B01ABAF63D7745B3A5.apk,com.milen.grounpringtonesetter,benign,install_failed,2026-03-12 14:14:01
075244ff0b2388df8e2f08c36599008e0868921c1893c558b32411c83d1e9993.apk,com.jwisqb.nxqhmdut,malware,no_data_collected,2026-03-12 21:18:0100e785694d8905629a4eeb75ec99b5c7209e7cd0e6528460b611f1fa52c09021.apk,,malware,no_package_name,2026-03-13 15:14:27
00e785694d8905629a4eeb75ec99b5c7209e7cd0e6528460b611f1fa52c09021.apk,,malware,no_package_name,2026-03-13 15:15:29
02c0faad7dd71938a6748483300879a2e7400ca03684eb59e21762ced04e8ca4.apk,,malware,no_package_name,2026-03-13 15:39:25
03a9a8eea88e0df8818c85254d2111be0abf11826bba49a3304bb955b0a90c6f.apk,com.GameCoaster.ProtectDungeon.st,malware,TransportError,2026-03-13 16:02:00
03dd32e15285a09de065169bd566cd31517baca65df782c17e15fb3a25a2f7b7.apk,com.gameloft.chinashop,malware,no_data_collected,2026-03-13 16:03:36
05cb4853ef84372c4a524fad65e5b05f835352761fa6bf05f472304a3074f601.apk,com.sonyericsson.rbks,malware,pid_not_found,2026-03-14 10:04:07
076ab96427a05febc0681688e875c482cb352c3f2b128b628d470b9ee1d3098a.apk,com.varshylmobile.smidr,malware,install_failed,2026-03-14 10:04:25
0899c2d307e4f307c64def0e1812258a9dd646f5697a36c35ac5d5ce8b0685a9.apk,com.pratap.mymetro,malware,install_failed,2026-03-14 10:04:35
076088e456aa602b1ed24b23f7947e7bbdb4ff69508f0a4ee7c5a36dadde3e13.apk,com.mbodlf.xgwevnwj,malware,ProcessNotRespondingError,2026-03-14 10:04:48
0b8a6227e9c7b49875fa925e315638164e22e69f1bd811cb7b48e2349d218152.apk,compse.refact.st.upsssss,malware,no_data_collected,2026-03-14 10:05:36
0b03cf248da6b2c682ef91fc380d1ab194b9908e097c4a4be5cd44c4309c279f.apk,com.stofyb.srrdbwyl,malware,ProcessNotRespondingError,2026-03-14 10:05:37
0d57dedc324a8c7fc25108bd69ca7fea188ac1ebcde646ffd7c0a5c13ffb6993.apk,com.zry.nxzsj.mi,malware,no_data_collected,2026-03-14 10:06:15
0c13e52ca68f04929799b48d1c9f7fcd12db9981b5f3a7df3a8f47d4110829fb.apk,com.mcqklk.xwhlduck,malware,TransportError,2026-03-14 10:06:21
0df9b5cb0726ed3b122cb3a5e5b61fce5fee3650432b95898f7332e116ca019b.apk,com.quomyh.dpoptind,malware,TransportError,2026-03-14 10:07:01
0fb417adb12d6fac495e47fe289d3b8c1807bd9a634074643a4778f009f7c1f4.apk,com.wjr.amijnwekkerj.helbfc,malware,TransportError,2026-03-14 10:07:13
121102d4fc9ad0fb32ce9633b86528587d2942c2d376e22874776110bb937b3e.apk,,malware,no_package_name,2026-03-14 10:07:23
11aa5ba0f346ed0b09c90c69b759c3970680def9d9ae78e843d118482e29d609.apk,com.njnafe.ptkyyyyi,malware,no_data_collected,2026-03-14 10:07:39
154f38716ef50e4860b90c165806ca8c2940d2af8ad3d851baf9631c2361ea3b.apk,com.om.ultimatedealsapp,malware,install_failed,2026-03-14 10:07:56
1356c4d95cbfb3b8370de7faf3b9e0506c16376667281a65763d2c6ab5643b80.apk,com.lbywpc.iescjfkr,malware,TransportError,2026-03-14 10:08:01
1530b6d675b96eda2576daf589d576cc2afe57c6a03556f94a2533bb99ea839d.apk,baltorogames.kksdkkdfjsdfjsbffdsgfd,malware,no_data_collected,2026-03-14 10:08:03
155c715628456f8d56ab2e9ea0abcc775b939b6f63f2aac49eed66ab0cf3c840.apk,,malware,no_package_name,2026-03-14 10:08:08
13fc3f695eb86713ea7dfa8ee351803cf5b08f4e0a44b046f744b0ed3b93996d.apk,com.sckjkd.ascxmnpd,malware,ProcessNotRespondingError,2026-03-14 10:08:11
18c9bd4c4554802195d3a5c313d09e0b3d3276900b98573ce32b641509e1ad37.apk,com.jansendev.nycjazz,malware,install_failed,2026-03-14 10:08:30
15ff6146bbacee5b0c73f116659ae48bf2eca42f0727f7a210557c4c39a8ae69.apk,com.gameloft.chinashop,malware,no_data_collected,2026-03-14 10:08:44
16b6d4ded5d4cb3ff94cb05bade8a00e7b9c860abb4b33a6a03712799a568248.apk,com.gameloft.chinashop,malware,no_data_collected,2026-03-14 10:08:48
18194b943b141f2c12e556388115245cc214921616b90057196ba3a0e8d8a11c.apk,com.hgnyvt.drvtrxeg,malware,ProcessNotRespondingError,2026-03-14 10:09:01
1b0627ce98a3dd9d303c57fddbb6d9091164bd57830e29d0bbddec3343c43a68.apk,com.android.locker,malware,pid_not_found,2026-03-14 10:09:41
1fd393f7601d28c320f9658323138fb0b8e7c2e7d0a1b0c6f0ac787115fe51fc.apk,com.gameloft.chinashop,malware,no_data_collected,2026-03-14 10:09:55
25b362ec640ce80e25d9e60829d6b976e3f26475626b447cafec3e732d9e973c.apk,org.krutov.domometer.lite,malware,no_data_collected,2026-03-14 10:10:32
228c20bfe638bbd29b209d2e656b82602b50d8c799122d88fd95abe8e6ae4284.apk,com.kzydrf.gkulancq,malware,ProcessNotRespondingError,2026-03-14 10:10:36
264a8b2d627990a5f4e8c144aef9c52b13c2d6187b62702b299a3a872c80f82e.apk,com.ia.Gui_JshiCM,malware,no_data_collected,2026-03-14 10:10:38
27b6e98a6ec2386c294ffa5b9a30647613bfaccb7e878610fa60a93c17f52534.apk,com.qvbspx.ohioaors,malware,no_data_collected,2026-03-14 10:10:51
2e888b6f36ac1911cbf1d5e71a25b7a1e5b0097f05e0473faad22982cf694731.apk,com.kongtiao.app,malware,no_data_collected,2026-03-14 10:11:20
2afccf9e5b8404ca673db9b2c518b52794e45e835520a01fabe0fec735ed47e6.apk,com.hekfbf.pwwhzqrl,malware,TransportError,2026-03-14 10:11:20
2e32d70334fdb29a6f91316d5f7a6975bd64677611c37bb2f46e08b243ee43e4.apk,com.rgoqlj.rhqglqsr,malware,no_data_collected,2026-03-14 10:11:21
2fd73fbfa152ae38555d9eac7d2613a081e63e06c63a7cc897404c80a4d9e821.apk,com.nqsiqu.ovpgcxrc,malware,the connection is closed,2026-03-14 10:11:32
344dd4c58410389d57df68614f469f87aeb65e418aeb71e2d4ee3cb9e1a4df19.apk,cx.ykb,malware,no_data_collected,2026-03-14 10:12:01
30d057b3cd01425e4064d8b16d89ba674b755ddc89b87923b7df93d52e2a546f.apk,com.frsige.dhepnnxq,malware,TransportError,2026-03-14 10:12:06
35da71c8b37aac685f10b957aead2bfe2d2f74bab4df03d5634faac63101d20f.apk,sunkay.Book16Tian,malware,ProcessNotRespondingError,2026-03-14 10:12:16
3703e3af3c993470a98dcd3fa34936ef466d43ad6018e51a370955624a1971ea.apk,com.jdwl.lhdb,malware,pid_not_found,2026-03-14 10:12:21
37a4ed9ac7595288a3c212fa0fd372228e4b1db79b9b78bf7c78fbedef2f64a6.apk,com.luy.grabed,malware,no_data_collected,2026-03-14 10:14:20
38bf515b8a43fd7851d7709889da3b16c1b9a82b782d280a4f80290012013de7.apk,com.rksotz.wgbcnsub,malware,TransportError,2026-03-14 10:18:14
38caa759918a4d96a9d6610cbeffb5b5aaaaac293eac218095eb26abdf32091c.apk,com.vprkqn.vxejqznj,malware,no_data_collected,2026-03-14 10:18:42
3976307e61658d820f4fb9b1025e47ab176f6c202bfb659164750c33fc5ff379.apk,com.gameloft.chinashop,malware,no_data_collected,2026-03-14 10:18:54
3a9acf9661b5ebe236ee6b32e55d467071abee4b64c6e99d6d3239e0cd4a5602.apk,com.agilebinary.phonebeagle.client,malware,install_failed,2026-03-14 10:18:58
3a60493725f96a5f509346ba8cfdd468ffa906bdae3dfc449c0e20a72dfc3000.apk,com.yiwyxb.mh75525,malware,no_data_collected,2026-03-14 10:19:02
3a768f84194cee745373115f2a27337104249a94643b96845b9a7f6e62bab098.apk,com.gameloft.chinashop,malware,no_data_collected,2026-03-14 10:19:07
3c4746bbeab46b71f889b771e174ab9bc29dd354359b2c17af4f52b92106d451.apk,,malware,no_package_name,2026-03-14 10:19:20
3b15f30cc2dfe561feba659b5c7e022299efc74cc9398241b069ed81dc8e25bf.apk,com.pdmkcm.ukfngucy,malware,ProcessNotRespondingError,2026-03-14 10:19:47
3bf371053f490d5afb9dafa0fb1d6b01a8fafd35fa0dfcf868760d8160cbc4a5.apk,com.vhdmrz.uckuxjkp,malware,TransportError,2026-03-14 10:19:57
3c7b75ae42fc3e9a75dac3ee8083746e24d95614854e1f30d11c9d568c75255c.apk,com.omhfvt.abywatjb,malware,TransportError,2026-03-14 10:20:13
40e1de72b42e0db8851f735cbac35b11453964cb58ef976512a1223770b5dd74.apk,com.xuheng.hlwttpk.wyxsss,malware,unexpected crash while trying to allocate memory,2026-03-14 10:20:51
4267da36bb2299ec8aa1b6de2357ecc1abd0323ecebffd2e45f44e2d5fdde5af.apk,com.zvrymw.sdkegkew,malware,TransportError,2026-03-14 10:21:13
444dc161130e8c534264a9d96c84a0576d546b2daef246dbb1530780dab19f8f.apk,com.fgo.lotdeb,malware,ProcessNotRespondingError,2026-03-14 10:26:13
44afecdb04f1271fa39fc2a4f133c7d92a9e13b90bd27dc1824bdc8a5f12a676.apk,com.mikandi.Fap_Ninja_Premium,malware,no_data_collected,2026-03-14 10:28:29
44d5d81096e6ece2781ce39e7565bf4798f4955e9005dbdc61c8adbfa1a7e076.apk,com.npayht.gmpkweef,malware,TransportError,2026-03-14 10:29:19
46d6955216f146e26c010438d2c099f2d04c2a6e4f7793a619f6e00696a5b860.apk,com.swtieh.rbrzaobs,malware,ProcessNotRespondingError,2026-03-14 10:40:34
47447b3256027ddb3a487fc39f34909d4ef16f026548d3001cef7612f72c6388.apk,com.xuidta.yybfmabi,malware,ProcessNotRespondingError,2026-03-14 10:43:41
484eedbd65b457c3fab29529c96f668710c143cab327b5edd9762e7f89513b04.apk,com.bdmappsworld.cocoonified,malware,ProcessNotRespondingError,2026-03-14 10:49:07
48e9c43f0d7f0ade575749713270e30a5eba9d2f87445493554589a2bf86553b.apk,com.milkshake.maker.nuttyapps,malware,no_data_collected,2026-03-14 10:51:16
4a8d5f5b6d94a87fa8468f535d00b248076855ab4b234f24557e9690829e9d5f.apk,com.woidoo.xtzqkjaj,malware,ProcessNotRespondingError,2026-03-14 11:02:28
4b46c88f4993a8e4d84b9dc209a507ad6ca9da83c1ed050f2474cc7e6608721f.apk,com.hcp.gvqvjg,malware,no_data_collected,2026-03-14 11:08:15
4bbb815c95110fc1d51e7789dd6319f6049d1d1ca1487d722ce9519851531041.apk,com.jansendev.nycsongwriter,malware,install_failed,2026-03-14 11:09:38
4c1044f87b5d7e4526dec3a5490071df74d4cbd296a13f3fbb4ed4b0e2385c68.apk,com.sunnyso.foot,malware,no_data_collected,2026-03-14 11:11:01
4d8f4677a8c919354f0cc614ccdb7c2e4cc298622c5fba08d160f8ecca7b6739.apk,com.windowpanes.pursued.readywritten,malware,install_failed,2026-03-14 11:19:11
4e0b13e697e2cc30b4a8d2e3fbed02faf46ecd64a62a7b2bf7a4d3e3fa389f8f.apk,,malware,no_package_name,2026-03-14 11:21:06
4e2b0c07aad5ab4039d4b2c6df2f22eed7a9084756fd5e14d0ccfae5888fd9b7.apk,com.qdxhon.fvrbhnnd,malware,ProcessNotRespondingError,2026-03-14 11:22:28
4f1cd21cd00b21fb303254b8a82e961a281f51c03e99c1dbe6031b9814c0b891.apk,com.zsjxjsb.mv.qipa,malware,ProcessNotRespondingError,2026-03-14 11:30:31
4f321592464a28d873124158cc72aab212141b82a4908acf202946a8db294774.apk,com.zvlxox.jrvslydo,malware,ProcessNotRespondingError,2026-03-14 11:31:24
4fc2595fafca783000b46e2a5cf1cc794153a925b26bc7adc339c195144f9076.apk,com.fbjurj.tmdfsgdf,malware,ProcessNotRespondingError,2026-03-14 11:36:21
500cefe1f52344d329145944ce705a2468392434263b01e86707b0730dfe74b7.apk,com.oquckx.vnmlzsjh,malware,ProcessNotRespondingError,2026-03-14 11:38:39
5128f3e1e18fb51b8b5bd3f6a0b1ffafcc128e1251e8551ab0ac6a0d3c083ff7.apk,www.cqkjwl.cn,malware,no_data_collected,2026-03-14 11:46:02
51e0e8d9c07197a2dc5f24d633ee59c0877a9f9c951e58c6c44561c3685920e2.apk,com.mix.kr,malware,TransportError,2026-03-14 11:53:54
5216005147213123d8c6d204458154d22c4be09480ef1386285fe85ad57a1fe3.apk,com.rangfei.magazine.plane3d_hd,malware,ProcessNotRespondingError,2026-03-14 11:55:47
527e99993ced802d61bdb6a4dbf9e8d9982f917ba39f9553be511e001c395eeb.apk,com.gameloft.chinashop,malware,no_data_collected,2026-03-14 11:58:37
53814d3d0a43dcaf56aa667d5764c813924743d6fbfe30dcbdd49655cbe846b0.apk,com.jcrmod.kzulbzms,malware,TransportError,2026-03-14 12:07:26
53bf1261c71893b3dc9854824211ecfc8d042e0815732b907023dd1756bd05f7.apk,com.kzqktgfieqkpkxpmanbi,malware,no_data_collected,2026-03-14 12:09:03
5447644c94bb5aead83c27e07b46c78abe6c9e62501f7df7f5d22e0e27710a6f.apk,com.fslnoo.vctpkipz,malware,the connection is closed,2026-03-14 12:14:02
55e2f851e4916bb93846b2854158783cd42845d00475e931c81ecc45bca2ec5a.apk,com.mufyqi.pqvhatzj,malware,TransportError,2026-03-14 12:23:30
563747827b7d4d8f66bda7211498a6eebf525d529832613c8581babb79d787fd.apk,org.koxx.ywbzhsirmckfpyqvlg,malware,ProcessNotRespondingError,2026-03-14 12:24:40
56920e5a0fdce3d387f092e7b23174b5ef29946cae7bc6ecd93f966bcd376f5c.apk,com.iPixel.PhoneNumberLocator,malware,install_failed,2026-03-14 12:28:00
56957772efcd5c04f46fbe1e1ac96c0afd028ae8774f0c9874ac639dd6aad3a1.apk,com.Deltatech.CallerLocatorFullScreenIDPro,malware,install_failed,2026-03-14 12:28:24
5799673f3e6bfc19465a7f46bd0c913b063f33ebc37f85e962e8ee939a8a89f8.apk,com.xrxanr.xqptyfuw,malware,ProcessNotRespondingError,2026-03-14 12:40:29
59bcb18e5ad8245d77ad6029ad86d9afbc1984e4cf1944b3f4893155fde0ada6.apk,,malware,no_package_name,2026-03-14 12:53:54
59b56bae790fc5217033a53462045cfa0a3aa6371c9720c41ffb16e355c6802b.apk,com.qmy.atheadventuresoftintinv.jmohmy,malware,no_data_collected,2026-03-14 12:54:32
5a4885317f84435d9cd954ff9477e104a8b2535101fcf3da749fe9ab9edba8bb.apk,com.xOixuUnz.BjxiUXnx,malware,TransportError,2026-03-14 12:58:18
5a6a23a522bcf9c3a32d7eb86eee778ffd9b105aee9ec9e3d2c23d8e30a9bfac.apk,com.maa.dncevn,malware,no_data_collected,2026-03-14 12:58:36
5c4d0afa8fd3d027c9fc7819ea02956ecdcabf0dd87b8d0a022b04167fd1b252.apk,com.tfu.wcqujj,malware,TransportError,2026-03-14 13:11:27
5df72a6646c52f4ae4b0a46378c4928057a8b856c3cea785b079a49b7b2eeed4.apk,com.com.smdkjsa,malware,ProcessNotRespondingError,2026-03-14 13:17:34
5eff4d4641481a65987010c57e0e36b63633c2f0cae8df892cb6e56865b43673.apk,com.vekrxh.xkmkocnm,malware,ProcessNotRespondingError,2026-03-14 13:24:18
5f159b1b9ce8cbceb987834d9633b0ddd6b7befb6a83e87b4603caca5621f726.apk,com.alarisstudio.maps.restaurants.frankfurt,malware,install_failed,2026-03-14 13:24:33
5f7d4e598cf814d22cb10a33f01c5f59e54f9db2a438c59b0b00bc94ada3007b.apk,com.gameloft.chinashop,malware,no_data_collected,2026-03-14 13:26:34
5fc72b89d18d1a15ff73c8b8be01a60e47f06fde1c184fcd4a4a364f5b5e06d0.apk,com.sunnyso.foot,malware,TransportError,2026-03-14 13:27:52
5fc8890123b8f06e85894deb5597a881da9c210b0513c60cdda8df79fba97c07.apk,com.payawe.dxkkzxzy,malware,TransportError,2026-03-14 13:28:42
62330dc7eccb0806f60795390b5f44aa0f968607c0f6de591777fee884cb8c0e.apk,com.upsjon.vaziswdv,malware,TransportError,2026-03-14 13:42:38
6223a1f1a0e3760eec9009425ea4d2927683f1fd0670bbf89e960054a87f3848.apk,com.kostamel.delicateflowers,malware,TransportError,2026-03-14 13:42:57
62d589e6fb8a28149a34195d16b4f619dd085c502a7eba21f273230862a03679.apk,com.wvsvds.ixbmwdcr,malware,ProcessNotRespondingError,2026-03-14 13:48:05
64373bbc4fb779033b32aade7dd82f7798a098f950dcefc6ae2f57d8d59cdd44.apk,tfidwbu.gafacksxbex,malware,TransportError,2026-03-14 13:56:02
647dee0355ce2fa581e63138756221d7b46eb219e88519ce20b35060247513bd.apk,com.gameloft.chinashop,malware,no_data_collected,2026-03-14 13:56:50
64c6dbd960aefc85cb36c62c3d75a249fe3700386fc23b801c42b37eff673874.apk,XOp.vjDYRqx.RqDnKEjs,malware,ProcessNotRespondingError,2026-03-14 13:58:48
654fc16c02527e27494023a193b2bd496eba2d35c02b24eb3502619003d46216.apk,v03a0a9.com,malware,no_data_collected,2026-03-14 14:01:15
65569d2019151d07b834d9a7578a124727d806010e12805d7a65dba6e6aa4f11.apk,com.android.security.pludis8,malware,ProcessNotRespondingError,2026-03-14 14:01:37
65a0e3b0b978e5267d93063c5ace8633071b5cf4b12928d09378f0dabb171129.apk,com.yobfqj.btbaycgb,malware,ProcessNotRespondingError,2026-03-14 14:02:27
65c6bb7833ef2343fa5f5c79459bafdb4154082ec5cfb99abc0ecdc6f4ba7ae7.apk,org.weak.rights,malware,no_data_collected,2026-03-14 14:03:18
66bddee05e13bc97d9de2ab1874927d5cc6985dea2cadb90d1acee094861dd2f.apk,avign.android.carindicator,malware,install_failed,2026-03-14 14:07:45
675c3f23d621921d02a3e644fa69ec84569203f04449274e5590bd3f6ecaf5ff.apk,com.om.localsavings,malware,install_failed,2026-03-14 14:13:03
68433e3e04a7533bb221b8ef87fd7b748b793f8c5e7c439c9d1fec4887b33df9.apk,jyiaivi.ohduxbbylb,malware,unexpected crash while trying to allocate memory,2026-03-14 14:18:22
6956265aa31f39b8cd8e7c6e99df1707d34e80e0cb2567e2fe9de38c1531a196.apk,,malware,no_package_name,2026-03-14 14:25:03
6b7e3ed23143358a74b4b6bb2a224106b8de8b2b15102457a5fb546880761629.apk,com.zcfzcjzccc,malware,no_data_collected,2026-03-14 14:38:12
6bb679742ab4a40c9068e9f8c7495b34da5e0dda9528d5bfe8d3e16c97972f5f.apk,com.TwilightStudios.CallerLocation,malware,install_failed,2026-03-14 14:38:14
6ca13cd1a69d64c63d7c3ff13ba7f58d84c77a1306b463a8f95a6b9252dda799.apk,com.beachesof.california,malware,install_failed,2026-03-14 14:43:32
6cacdbab1f3b03005827dc9c3f9e753889188250715319ffe35add8514e3fd1b.apk,onk.khn,malware,no_data_collected,2026-03-14 14:44:12
6ce1c29edf93ec9f27d34853fd8bb8ec389b3bc2ae8b73498412b0174ae69c58.apk,com.igoldtech.an.teamworkccccccccc,malware,InvalidArgumentError,2026-03-14 14:44:24
6d94a16050250ff260569534d83cae9a907136bc695db87e2003814e83444ff9.apk,googleanzhi.BkuxES,malware,install_failed,2026-03-14 14:49:35
6da435f37cbec2e9cba9503c4c0284ab60f5121674017d37c5f92d132a1e6761.apk,com.toprobotlivewallpaper.xmlwp,malware,install_failed,2026-03-14 14:50:40
6dccbda5f50bfaf937d01291bb899590a688b29fd30ce862e6ed963f9eed9a50.apk,com.fuso_t3_tingyuxuanSMS,malware,install_failed,2026-03-14 14:51:45
6e000af552125813d6398261bdef46935eecf6020b49a3534477bc624f755873.apk,ru.bell.city,malware,install_failed,2026-03-14 14:52:51
6e1bfec3b3f3d3740f7485fc22efb43fd4a7a098885e7cf4d70487f9b26902f2.apk,com.androidbox.bjwxjywtbpush,malware,install_failed,2026-03-14 14:53:08
6e4463977ac1ba03884c643bf18db22b77de4fd662cae51549a95dd2e11e54e9.apk,com.tencent.wzln.wzlb,malware,install_failed,2026-03-14 14:54:01
6e64a84a52210c011e8e95cd2025ff4fb880b2a593f78f4ae3fd7ccae9c50ab8.apk,lqs.DIRjlQ.EadqNH,malware,install_failed,2026-03-14 14:54:19
6e7b11151f026b5848de4dc5594d310ff49d038ae3d8a8c6e5956f8cda542b50.apk,com.hejercherbib.juices,malware,install_failed,2026-03-14 14:55:06
6e95ae9d6d062831115b7cdf61b4dd4d002daac7365e7d5a7973fe85ab618f92.apk,com.pplrapps.faster3g4g,malware,install_failed,2026-03-14 14:55:27
6ec0f2dc57aa87df738c421088e74aaf1694e1000ccbbf02009c0e9778f60068.apk,com.xdkj.ds.nba,malware,install_failed,2026-03-14 14:56:35
6ed8484f1252fdfa264e3093ffbe32a24a1b6908634e9ef7564045a117455393.apk,com.boa.torrenttone,malware,install_failed,2026-03-14 14:57:35
6edee12ed10b7745e96db34c7f44ec46f469b7a50815b5913c17798e069ced23.apk,com.kfpben.rieqmqcp,malware,install_failed,2026-03-14 14:57:42
6ee671f032c3b6e0b0596ef8f1957f79d5f18f1639c1636021979ae7ab1ea350.apk,com.fnmqah.farloulw,malware,TransportError,2026-03-14 14:58:11
6ef6bca4c658d0b350b5c006426320b30a0389d910e79873de3b2dd946f194a2.apk,com.datouniao.gym,malware,install_failed,2026-03-14 14:58:43
6efd04c50678b9ea732a979c36440073c43b002731df57840d8fdbfedbeee91f.apk,com.tjjsdj.hxahefly,malware,install_failed,2026-03-14 14:58:45
6f00a8440e41749c36e9de12741fade3f30066e519ec8a174ee20ac90891e146.apk,com.pts.agckln,malware,install_failed,2026-03-14 14:58:50
6f11ea98ac9ed69fe3bfbb12dd70454bf0c8a6930f8ba7036f136bb0776d849f.apk,com.heroine.heshe,malware,install_failed,2026-03-14 14:59:52
6f2498631b28fcb2d5433e5f515a29e7df90e639efc384354d120c6a1a74bf87.apk,de.doggydoc.hundekrankheiten,malware,install_failed,2026-03-14 14:59:53
6f343506e1bca62436313720ea12987e305016efa5a09d4cb89cf151d7a4e718.apk,ru.google.apps,malware,install_failed,2026-03-14 14:59:58
6f35439219858e9ed2b3b67287cc1b4b520ce1fd0fd1693a8080cd902c637028.apk,com.xdroid.iphone4.robot,malware,install_failed,2026-03-14 15:00:59
6f4ba039ded31a7003cfa5e923b8939b54061ac2c8c7c9ec8d23c56716a53597.apk,Vndygsc.Uncisnvw.view,malware,install_failed,2026-03-14 15:01:01
6f5cc9da51701db2b6ae3741f1846090da1543b343c5d8fd8ab479d703c11699.apk,com.NQ1597K26X,malware,install_failed,2026-03-14 15:01:06
6f702df3a964c92c682416bb86c599067f8d15bc668970c25fb61fe7de042cd1.apk,com.androidn.marcelo.skyfrontier,malware,install_failed,2026-03-14 15:02:08
6f7e645db2492fb4fe304c1b8274238d64b0be1c02debd6c92aedd92d8e7ecb9.apk,com.luwaohf.wtvtwm,malware,install_failed,2026-03-14 15:02:11
6f9afa5e4c924d129d9d64dfb0a31c2f0b839f40f2bf40c7c86aeaa732ff183f.apk,com.hYObvw.ZdzQZH,malware,install_failed,2026-03-14 15:02:13
6fa1e462868622114b15edab9470a8a3cf071ed638994e9ae8d2c4a4527430dd.apk,com.jungle.dmx.q1.gd,malware,install_failed,2026-03-14 15:03:16
6fad6da9857d6205edb0dcfb9330fd292d5cf5c8279201e895a7bb82283d8238.apk,tthyoo99.cksdud99.view,malware,install_failed,2026-03-14 15:03:17
6fb665a00718caf635084105bcee82fbd3a9b029cb9d69c05e30093fad565787.apk,com.fioyuvbanke.eqsxkhakywu,malware,install_failed,2026-03-14 15:03:22
6fd797108bfaa92cade3a78452bbfd7e262564e7f74b70cf79c3499d42173b9c.apk,com.vlqexl.tmlprdfy,malware,install_failed,2026-03-14 15:04:25
6fd281ff15d37cb822d464dd40570cd14242bb50dea643daa73adab516571597.apk,com.game.caige.CrazyRipe,malware,install_failed,2026-03-14 15:04:25
6fe49494c92ace34b52db07f31cc7d0cab4e85911718f0fefd9ef2689776a84f.apk,android.com.yes.game.mobile.football.worldcup,malware,install_failed,2026-03-14 15:04:30
6ffb25a5586704b1e9fa62938bce3caafd29278022bc87b8dda977b2bccc1b82.apk,com.jszz.sss,malware,install_failed,2026-03-14 15:05:34
700081bbc5799820de04ec1d595e24d255d9a02c82688a3fa6c8ee1eaa2a9ade.apk,xxx.mum.Bakelite,malware,install_failed,2026-03-14 15:05:34
7021ce769fbf47b7f11a00426f5b01976c75818ee2d134ea812fe288d5187eaf.apk,com.gvnsse.mrjmtwrc,malware,install_failed,2026-03-14 15:05:40
702e698c43843960a7a2e34cada306f0a2366579be4f1fd58099b48ebdb4a3f5.apk,com.bdmappsworld.chickenbowandarrow,malware,install_failed,2026-03-14 15:06:44
703ab3d6b5b696d35e6f8f21c1d93a5d1c5cf376a2f893c948ac92793c8ef5ef.apk,com.my.fish,malware,install_failed,2026-03-14 15:06:45
703e0a6e2bf38e390c9eb83353b3a16845299fdcb271cda2454c000f93c73c46.apk,com.suffering.cylinder,malware,install_failed,2026-03-14 15:06:49
704aec868a6d15ae1169238fadb8c664937eef22362804f58e07f17dc6c207da.apk,com.men.swfgame.mine,malware,install_failed,2026-03-14 15:07:52
7050c276243c78b20a024a7901248f54ae107792de07f16d64055d59f77a9851.apk,com.PGN04ZQLO10QY8,malware,install_failed,2026-03-14 15:07:54
70551cde7d55505737f72bb18ed91f17ae46a8b6243748b6d1b61cb8662b0c7b.apk,com.james.push.mud.barn,malware,install_failed,2026-03-14 15:07:56
7059adcb686e562c2d909427185bf495ece577f65f131fbe4fd4ceba86dac182.apk,com.AppsForAllArab.EveningDressesVeiled,malware,install_failed,2026-03-14 15:09:04
705c441de40581af4b18a2e44cf707c100d695d2865999cca7bc31f045e8c862.apk,com.kait.phonesearch,malware,pid_not_found,2026-03-14 15:09:29
70683c3ca3a2b438db72d00924b7986f2e2a4486a069db9f7eea7f782c1cdeb4.apk,com.wimo.CoffeePlease03,malware,pid_not_found,2026-03-14 15:09:31
7080987163545d2e8bd7398e5ec386d403ffbcf78d2aae3aa121cd40bfac8e76.apk,com.hair.hair_loss.hair_care.hair_style.black_hair.freedownload,malware,install_failed,2026-03-14 15:09:58
7088221bcc434b0fb43d22e1c29e0d3447d90c40cabb6f76d290f4057ecf6a53.apk,com.techies_buzz.salat.prayer.timings,malware,pid_not_found,2026-03-14 15:11:00
70bceaa0edd7b1061d75cb0aceca4e7a6f137f5e2e304c935a3a03c62d1af92f.apk,com.RwoXiv.GxAmyZ,malware,pid_not_found,2026-03-14 15:11:02
70caf61529a74e7d529c8c8a253670af1138a419b7e5b4af32bd613a5c0cc98d.apk,com.rwzsqo.yvrryycn,malware,ProcessNotRespondingError,2026-03-14 15:12:35
72429bac63daddfccaa72668d0d0f8be3bfc630cf4331d929cae1ea3a6931814.apk,com.tqmzqj.zetkphlt,malware,ProcessNotRespondingError,2026-03-14 15:27:53
725b12ea5e54b1e09d88f662eb0a8ee9ee5b1d71942d470632e5c45b4ef52693.apk,com.feelingtouch.sniperzombie.anzhi,malware,target terminated with signal 9,2026-03-14 15:28:37
731dd9e95a01200b5c3c278e40ecb3a86945e0a922cd9e01a219932aebfdca66.apk,com.yhq,malware,pid_not_found,2026-03-14 15:32:38
737c12b5e633a8c2020dafef026ad9dc1d588107d6458cf5ada099b93ee8e6ac.apk,biz.skxwv.drivespeedmotoprivod,malware,pid_not_found,2026-03-14 15:34:18
73d0e0b325ae79e2070bf74ba3c63e1089bddad01343e8395f9c623d598a271a.apk,com.gameloft.chinashop,malware,no_data_collected,2026-03-14 15:35:20748612851d363d19c45d7fa47ddb13895a22ed74a75bd7f3960d98d418bc13ae.apk,com.whtvuz.ukdtxsyu,malware,no_data_collected,2026-03-14 19:31:40
75ba1108c04a1c69998967e40a8797d4f4f9f96b0a4dedc4f996f502067705ea.apk,com.woishk.kanqwmte,malware,no_data_collected,2026-03-14 19:33:12
7756c3d54bc740a5820ab43370decda026d2ed4f530d40c48892099c3a145873.apk,com.ovynbl.acyklgke,malware,TransportError,2026-03-14 19:36:17
7942c0da3b83b677ec4df78b4b23c47aa11f446f4e594f828c700540d0a5ced8.apk,com.xrt.ctaodt,malware,ProcessNotRespondingError,2026-03-14 19:41:13
796c7993df4ffaf1d98e3c15be5be2b4b0b9cc3bc741671c42f870f7f2e638f5.apk,com.zkqvef.dpudbcml,malware,TransportError,2026-03-14 19:42:00
79c144db8fcc01278c8c57878b9da1f946950ff8cf89cd238d77e811c83c83d8.apk,com.oujjhj.aerymsns,malware,no_data_collected,2026-03-14 19:43:23
79d7c6c27016f9162c720fe2b3b533da06bba1b78227a8d4c4aa898f5200e087.apk,com.gameloft.chinashop,malware,no_data_collected,2026-03-14 19:45:47
7a1572c6e45814e1bd08aea374684ea992dc8e2d3afd66b4e6073bc5764fd971.apk,com.gameloft.chinashop,malware,no_data_collected,2026-03-14 19:46:24
7b11ba2d6dd7880f74f6fb27a4e5f1b6a33e2276ecafd5ac54ec094255477332.apk,com.xdroid.christmas.snow,malware,ProcessNotRespondingError,2026-03-14 19:56:26
7b23dd578f430d6d123b1f406a3714b96fffda3885270386a7002967ea2b9f5d.apk,com.khpqzv.zqxsktpq,malware,the connection is closed,2026-03-14 19:57:05
748612851d363d19c45d7fa47ddb13895a22ed74a75bd7f3960d98d418bc13ae.apk,com.whtvuz.ukdtxsyu,malware,TransportError,2026-03-14 20:04:03
7c285ae96503323ad0de6999f334301f221d3fd6b6a443e9710847de55fd3aff.apk,com.fghdsf.sdgus.sdgaa,malware,no_data_collected,2026-03-14 20:05:02
7d0ab8d32e49c43c198f156125af8bd69d48e667c8fc312b4222883703ecdfbe.apk,com.alarisstudio.maps.starbucks.brisbane,malware,install_failed,2026-03-14 20:06:56
7cfb2d64ffe31b4b9be0b83d9f99f404b2a4a5ec7ee88907bd5f7d86daf85b84.apk,com.grandoteapps.fotosypalabrasrespuestas,malware,ProcessNotRespondingError,2026-03-14 20:07:23
7d315ae37f798159b3d238452df8e44de34bbb539eae94c892ff7dae5e59c90f.apk,com.gameloft.chinashop,malware,no_data_collected,2026-03-14 20:07:31
7e01f3dbb7650b2054ae50f7e75e09974694d7bd62a33973dd514562804c6ca9.apk,com.up.install.app,malware,ProcessNotRespondingError,2026-03-14 20:09:20
7e94b8ee0abc645690aec554bdaf9c528258fb4a944928db1715cc7141aeeeed.apk,com.feidou.flydouenglishduoguo,malware,no_data_collected,2026-03-14 20:11:27
7eaccbf6f2d11a489120e2d5694b30be8c5e14833f5a393633295298ee849ac3.apk,jscompany.games.SheepAndWolf_enter3,malware,ProcessNotRespondingError,2026-03-14 20:12:17
8141379fba1d273eea5b673095ee7dc206fbb7577d3f3bb97ba054c31c89b4c6.apk,com.karma_rs_needforcarspeedrace,malware,ProcessNotRespondingError,2026-03-14 20:26:11
817d6ea0ce170a3849ad247af7b4559bd4d7c4a937cae67bbbf13c6ff3efbabd.apk,com.om.localcouponsavings,malware,install_failed,2026-03-14 20:27:58
81b15014400885a9029f5a38aee1d62133e9bdd4f12460d2fbf9c07e5e170771.apk,com.sfopgv.cxcdflur,malware,TransportError,2026-03-15 07:01:34
8239b2d641c632dc06bedc6bd7892e66e7847bbf09004fd224304be7f3747007.apk,com.rhofap.spsuhgnn,malware,TransportError,2026-03-15 07:01:41
830f8c5e14ef5a311e65fe68b4a605aef2ca3e51b12393252add2e66cbc631b7.apk,jtqsawchyv.qerbfsott,malware,ProcessNotRespondingError,2026-03-15 07:02:23
864e8bf4758b072bc780a8ad818256e1414451986c8254ec33ecaf5c47cfcd43.apk,com.sunnyso.foot,malware,ProcessNotRespondingError,2026-03-15 07:03:20
886f747571c05b7a5e426ebb8f6fa9f58f3a9263c7a6395dacf658fe641ad009.apk,com.adobeflashinstaller,malware,install_failed,2026-03-15 07:03:48
86fea68865335eede9e21668193149bdc35e1774af1bba24370463d094d827be.apk,com.gameloft.chinashop,malware,no_data_collected,2026-03-15 07:03:57
8748a93839095e357760c358d217fac9b28e9568fba01d78466a7680b933d869.apk,com.yazqcp.ujsrlaxt,malware,ProcessNotRespondingError,2026-03-15 07:04:11
88ec7c6c78841418e73ecf9001b8cd4a5cd456e5048269916e085703b4772e7f.apk,com.uobnhn.mrxphfxa,malware,TransportError,2026-03-15 07:04:40
89b50ac38d332d444a2a7dfd4f8aa9149e03817f8e7f4b17925de654b9737fa5.apk,ovbknnfm.xwscmnoi,malware,TransportError,2026-03-15 07:05:01
8a4494fd43c2ece12512ec4c9e327a6d015cdeb1cedf19d45222a1ad7fd83308.apk,com.iqcalh.mekjaepv,malware,TransportError,2026-03-15 07:05:33
8ba1abe22f6ae9096893e25b7f4653da711210c78bc4db71d568601863a707fb.apk,com.yyb.sangehuoqiangshou,malware,TransportError,2026-03-15 07:06:18
8dfc88bbf10f14cd90e4f2cb7fc89bce6be2db626dff0122cf9eb7c5c76cecf9.apk,,malware,no_package_name,2026-03-15 07:07:01
8dea75ba56a622a49c99dae57477d9b05199599855e69adcdf905442f30e8039.apk,com.obmvwr.oaqumsmz,malware,the connection is closed,2026-03-15 07:07:08
8e19eb572510451155eec62d93c509a23fccdf4ba412b052b6d48005634d687b.apk,com.om.localdealsource,malware,install_failed,2026-03-15 07:07:11
8f7ede67bc6f41060a82df0d0cc7f9de79d3506f8ef348fcba0e62c4361d03dc.apk,com.shoujihaoma,malware,no_data_collected,2026-03-15 07:07:51
8f6f2f9a8c2a7955b5fbf64fb1fb1fd02ca26a29ccaa0fa80357c379a4855492.apk,com.zrlamj.joprjdhc,malware,TransportError,2026-03-15 07:07:57
8fb58fe4a253cc76f35a1e4c984f9584365637656d8362467614b562602c5b49.apk,com.mtfpgp.ajwyogrb,malware,TransportError,2026-03-15 07:08:06
8fbfc4553296252a802ad01360d42ede89200941b39688aafe90225d34fe3421.apk,com.iXpert.MobileNumberLocatorCallerID,malware,install_failed,2026-03-15 07:08:09
912e56752b5c15228232db89472a94ffa22cdb50b8814fd9021664af0bb19179.apk,com.gameloft.chinashop,malware,no_data_collected,2026-03-15 07:08:51
92a38ec9e3cd126de7521360e2a99f73bdae129a65756e8f5e49e05297998ec2.apk,com.om.yourdailydealapp,malware,install_failed,2026-03-15 07:09:07
95c78cee6d0b409f56880850699d13ec999aa418710c68a3d9c8e5dddf962647.apk,com.om.thecouponexchange,malware,install_failed,2026-03-15 07:09:24
92fd09b4143bf4445087fa5e73060722d11ebfa7e664c16a8c6ddb17b8d25662.apk,cn.twr.sggr.yxgltcs,malware,unexpected crash while trying to allocate memory,2026-03-15 07:09:38
95cb1983eb2d247a806dca837304b091cd7f7b4a658c34cef5a71c5a6a15373d.apk,com.Pinnaclelabs.CallerLocationDisplay,malware,install_failed,2026-03-15 07:09:41
955dc9e39b353c97eafcfa208317cb027a8d57e8ab2fa54e648da8ce87450f01.apk,com.gameloft.chinashop,malware,no_data_collected,2026-03-15 07:09:44
981de00089d3b9b361710c8174e4374a918cb57fd4bcd01701aabf8c1a5d5345.apk,com.pkjhny.xiylrcck,malware,ProcessNotRespondingError,2026-03-15 07:10:36
9adfd4e13c0aeeb0beea2c9fc08c7280c73df727faa023b7e3b9a4231efa22df.apk,com.ilicitmedia.hparis,malware,install_failed,2026-03-15 07:11:12
996c5de0d8a540e4523b6d26ca881e14a033da2d5a13990538ff359337d14b59.apk,com.juelian.yuyin,malware,no_data_collected,2026-03-15 07:11:29
9bf5dd9390fa7dbebb273c36a1b65ce293e771b85547a87ab6cc81e17d81f2ca.apk,com.pezksv.zwjozunk,malware,no_data_collected,2026-03-15 07:11:47
9d80ca0ceb80bd8b44c3443958f3a06001864bd1e97dfeff6e1a0aebe2faed08.apk,com.xkaskd.iaanzcms,malware,TransportError,2026-03-15 07:12:22
9fe86b12aca2fc95d36cc6b24c473f1c78dc2fca24f4de09c810887337c1b8d7.apk,zsh.weyk.azwmy.ZZZ_07,malware,no_data_collected,2026-03-15 07:12:30
a0e66cf45faa9a3e11137d3a73a2d64279187b4ebb02a0e79f81d78ca7d39b0f.apk,com.om.dealmasters,malware,install_failed,2026-03-15 07:12:39
a12a44bd6ff67ad323a639405c8ece644ecf957379689e449b98a03b4253ddd5.apk,com.virtualh.localsaver,malware,install_failed,2026-03-15 07:12:41
a3b1af4eba43caf9333f22657e7ae35dbb39d94badb30af29928812e124f7869.apk,com.vgsblz.gclcdqlp,malware,no_data_collected,2026-03-15 07:13:11
a65c41721edccf23827d4a712d06597974b39f218fd81bf5178ff358d93b0d12.apk,com.accurve.android.game3free,malware,ProcessNotRespondingError,2026-03-15 07:17:39
a6c92ea36699d0c83a21ba383b7623c03adcb7c1d2c346f7ef59e300d03ddbad.apk,com.om.localdeals,malware,install_failed,2026-03-15 07:19:47
a6fe37805bf39816f62aacb603f4db64172cbcfc3d866d403c41b0e68478d098.apk,com.rbylpp.bcctxqoi,malware,ProcessNotRespondingError,2026-03-15 07:21:16
a7c0bc2f366c3f18b230c3fa9f805d566e6b4b41ba944b446e67ea4722156655.apk,com.sg.dycxy,malware,TransportError,2026-03-15 07:24:46
ac62a38e0c0944803e47db67e8c98f9d400083fdd8a8b67257f1b23c47a49fc4.apk,com.kavdyf.rlsavsdr,malware,TransportError,2026-03-15 07:30:03
b074d0f189b28a30a643c8338be0e1a189bbe8e261c87ad2b2786faefb867382.apk,com.xuheng.hlwttpk.mhgl,malware,unexpected crash while trying to allocate memory,2026-03-15 07:31:34
b0b0a8c073aec0cb1b88fc97306ee671a9b455e36124bef66cb2aa2388dc3cc4.apk,com.uuhorj.ibmvgogv,malware,TransportError,2026-03-15 07:31:46
b1bbfdbed10fe80e8f6e95e48c802b0052fa609999be5f45d52530f8be135726.apk,com.jjbiof.fatirdtu,malware,TransportError,2026-03-15 07:32:31
b2f12ba9c6361c296a75ea80bed70c9af3dfd224058b0448a03f32f623488380.apk,com.xuheng.hlwttpk.ydjl,malware,unexpected crash while trying to allocate memory,2026-03-15 07:32:33
b6b2bc07b46d7e4b923482d70972b07ec5e5fb9c53972b43aed664ec96f2de5b.apk,com.mtncug.zsxbujun,malware,TransportError,2026-03-15 07:36:14
b7a7974cbe3cef056934140a094f04b745e31c94adde61b3066a5fb4e9d56479.apk,com.unbsrp.rhtjorcl,malware,TransportError,2026-03-15 07:39:05
b80f6db95d4e7fc52dc8b4bf5093eb7075921b848354a8579c1b5dc1e5d79d55.apk,com.spepnv.rxtxrzzg,malware,ProcessNotRespondingError,2026-03-15 07:40:06
b81a4c6f9632129b37e067290c62400a2d6dbb925a687720356b7c661c43e16c.apk,com.zmgyfw.xzedxxsu,malware,TransportError,2026-03-15 07:40:34
b8509ebef7e92e69dfec48a543fcbeea3fcd36b13becf12608ad84d40c2c2318.apk,com.uisyet.tueqlmwr,malware,ProcessNotRespondingError,2026-03-15 07:41:24
b90dabe84e847eef0fb02f904c2fe1927c9c054c6bca21f55977e6658ca57770.apk,com.rbielp.mkgghewe,malware,TransportError,2026-03-15 07:44:54
bb155e2d42ed67052a74663c00c7b49c255498a348042005f7121e75f47c9efe.apk,com.gameloft.chinashop,malware,no_data_collected,2026-03-15 07:53:32
bb16425e9faef43918dd77b32f2d229b8ae3b6ca2eb259f010b571f45f397d5e.apk,hdd.hehfm.temgm,malware,TransportError,2026-03-15 07:54:17
bbbaa039fd31a8822d38524501003ca122efd9dad1dddd1cc65b17d66f86557a.apk,com.incredible.Hajj.guide,malware,ProcessNotRespondingError,2026-03-15 07:58:31
bc18d3efb010fa0c8a4250889ff7686796c87217cb9f87a43ffeeee0cd83e0e1.apk,com.yNllNg.elEzwW,malware,no_data_collected,2026-03-15 08:01:37
bc427f683a5ef4be69da1b829b4713fc80f3d0791ddcf6de568eeeed57cfb394.apk,net.fiberme.mazag,malware,ProcessNotRespondingError,2026-03-15 08:03:21
bd3ea099f0d257e4b07124f51d91e58b7acba2b5315e8dd4cf7204740ee31e96.apk,com.messages.sending,malware,pid_not_found,2026-03-15 08:10:27
bd9b648ce3323126ab27519a9a30064a6d53cfeb43a5ad1ef804587c0e1a12a9.apk,com.gtb.gcejdh,malware,ProcessNotRespondingError,2026-03-15 08:14:29
be4c3112b647eed508af35ea15b8691e34de7fc0253ad88157946bd7396a3e80.apk,com.tlt.hbdvfi,malware,ProcessNotRespondingError,2026-03-15 08:19:10
bea0d91ad341d213c2b2257ecfbebd695d2e6d5ed97acfb580a654efbc01a4f0.apk,com.puzzle.pictures.guess.sketch.hollywood,malware,ProcessNotRespondingError,2026-03-15 08:22:43
beaffd187162d8dc4d9e424ce40ef280aaafe4f500c9652cb1324599274dd9d6.apk,com.opfipd.zwxnxgaj,malware,TransportError,2026-03-15 08:22:45
bf46e8f22e73346d3afb25429e0472f94b4f51e051e800c200aa8176c288aa2a.apk,name.wwd.xiyouji,malware,TransportError,2026-03-15 08:27:21
c04da5e05f6a31d3444a7bd4a868c7c895be0d799e16f7ed1690e95f9a6b5363.apk,com.msjfir.lymcinig,malware,TransportError,2026-03-15 08:33:57
c0947a81a3aac496cfaeb5b7a95b520402ac6eef3204d0a726f7586ad5ef457e.apk,com.CTech.WaterReflectionPro,malware,ProcessNotRespondingError,2026-03-15 08:35:54
c0b5dc74761c905c64e4319d59c4f7b561f8357ce57b7ea395105ce49bff61ef.apk,com.sup.pwlftc,malware,no_data_collected,2026-03-15 08:37:30
c1e4c3fcbd4e617da820c1a54e3b16e901fd6e82e640621b0a2a01ae2c2406be.apk,com.gameloft.chinashop,malware,no_data_collected,2026-03-15 08:44:11
c2d0582e11b14f405b0017e3f9f3fb651471a889cadd2e1553de4d773ef969b2.apk,com.zsyy.qmdjqsg.vivo,malware,no_data_collected,2026-03-15 08:49:56
c2c2b1e815da819bf6785fe0691f89c1f1027095715bd025aecb9a1c4f08703a.apk,com.blogspot.androidresearch.tairattack,malware,TransportError,2026-03-15 08:50:12
c3add38baf9fa18788759fdd30da9be20478853ce3c05a8d0e83b2918485a313.apk,com.ugynag.hactodzu,malware,ProcessNotRespondingError,2026-03-15 08:56:00
c4b231ca2cac97f52a96fb24d360e0ff2f431b6ff7d9412cad69854b2b741ca3.apk,com.gameloft.chinashop,malware,no_data_collected,2026-03-15 09:01:17
c52dd9f825b48801309a98f640780bc4ff435e6959171a35496187aae9a61eda.apk,com.subsurfch.w.app,malware,ProcessNotRespondingError,2026-03-15 09:05:52
c7ab9f8df03fbe483679e2c432a5a7f0e8c596fdd0074241c5f4ae7f51a1c30a.apk,com.nalmyr.jatbmayl,malware,TransportError,2026-03-15 09:16:40
c9d705056dc94035eed7e9f2148bf90f9bc03b6ab37c49682f1f0ca3e141f4f7.apk,com.igamepower.appmaster,malware,pid_not_found,2026-03-15 09:31:29
ca2338c3bd7335ac46f614e183f197176ce22a47acccf9040667c718c0112c82.apk,com.mbdfkg.eakzocts,malware,install_failed,2026-03-15 09:32:34
ca4b0fff59e34f173e92ff01a283b938c1dbf54cc06bc0005699b8aea306fac5.apk,com.hallycomettechnology.namazkatarika,malware,install_failed,2026-03-15 09:33:39
ca4f0b7619a6eb50ceaca71081b800e3fca4741f2896d0b7aea161fc3d91d928.apk,com.pizcnj.hncxnxzq,malware,TransportError,2026-03-15 09:33:48
ca4f21e608d2f91b784ffe487105bae1dd914a2bb65dcf58a753f7852200da9d.apk,com.abc.send.gift,malware,ProcessNotRespondingError,2026-03-15 09:33:59
ca7baee762bb22352a8baa241ef4481f31dd42cd172615f27e6ea749cc7f1b75.apk,com.vertismith.picoband,malware,ProcessNotRespondingError,2026-03-15 09:36:18
cada2f9dc0387384a27996902e8d0f421b7b1566806c0b0d9240e2cb9802bb64.apk,com.EzkjUk.hOcFnx,malware,ProcessNotRespondingError,2026-03-15 09:38:32
cbcf1942a54a915a2690785abd0bc364e6cb5fbd503a91b288247fa074a35945.apk,com.gameloft.chinashop,malware,no_data_collected,2026-03-15 09:43:43
ce84f897d39c02eae150832ebe13ecbd7cb382a9aa1fafa02eecdcd845e14139.apk,bslls.ulchs.zigwk.imsbh,malware,TransportError,2026-03-15 10:03:24
cead6a4bddd4834a9f60112ba6a68356085e81c1da4d63471db542d84cc07581.apk,com.vtkoiy.xfsypiei,malware,ProcessNotRespondingError,2026-03-15 10:03:51
ced2b0f47c2768719ae816246dc66bebb19a051c520d71d8c78e9f520c498b22.apk,com.zhuoyian.beauty.poker,malware,no_data_collected,2026-03-15 10:04:25
d05adc50e7ccca59348e31efd05caf01281132c476de360b34ffb4b950f1ed8d.apk,com.prt.kfufny,malware,no_data_collected,2026-03-15 10:09:07
d0940d8bb686598a64aa09603ab513a194166347ecd1252de2d2764a2d108995.apk,com.syz.jwvzdp,malware,no_data_collected,2026-03-15 10:09:59
d13bbec159b51b41388b5f640f1de8d8188f8f7ae57afcedda406385a0f8dfe8.apk,com.lbytfo.dvwxueqw,malware,TransportError,2026-03-15 10:14:48
d352045e57a7b56a3778ffb017402c07812afa53cbd9e4217ba48390e2dbd883.apk,com.pjmasks.moonlightheroes.hack,malware,ProcessNotRespondingError,2026-03-15 10:25:59
d380341e2ecb1bb0d2660031717f9e1fad26ac3dc2265430a631f524524218db.apk,com.ugotpe.dcsgjkko,malware,ProcessNotRespondingError,2026-03-15 10:27:35
d446d7810d0b2ffa2ca74a8086780a319153c5962040b1f84dd79f7dc6685aa2.apk,org.rejoiceth.easing,malware,pid_not_found,2026-03-15 10:31:24
d45ab8597798684a54e085ef992023f1024e3a28b63200ea4dc3577bac4c345c.apk,com.facewolf.androidpacklite,malware,install_failed,2026-03-15 10:32:29
d48798245751f11b702d7d230e128fdbd39a365f3e9775482dd4033e259fa67f.apk,com.uninet.uninet_04_29,malware,install_failed,2026-03-15 10:33:33
d5802990936bcebf05da18b246797c9d5aa5a5badd9c370ad41c15fe9812679c.apk,com.androidlab.gpsfix,malware,install_failed,2026-03-15 10:36:18
d59f4dbbe5ed46077f9a8a3030e61d2d53c6897e9889c5b8f94cf71d405cfe0a.apk,com.easyandroid.super.aompass,malware,ProcessNotRespondingError,2026-03-15 10:38:23
d6cdd0b6f0781049d8f0c0cf604876429e3f9b392578875a5fded8e28dcdaf06.apk,com.kkezto.aavltzvl,malware,ProcessNotRespondingError,2026-03-15 10:47:57
d9a4f50b6dc0f212814e1a1e0c0a9feddab37c9e2968d9b643675cbd580fef4e.apk,com.xjrgid.vmhfbcqx,malware,TransportError,2026-03-15 11:04:05
d9f9c2dee2a71fcc616c7bc89686bfb657ff289fd3e6a03f13947b371c57b053.apk,com.qkomnd.yyyswfzt,malware,ProcessNotRespondingError,2026-03-15 11:06:20
da3de9e0e3e7e6d6079e6f249fb626ddd3e6032621a640e4e18d00c368330432.apk,com.ilb.cpfwmb,malware,no_data_collected,2026-03-15 11:07:55
daae7d5a9ce4f2b335e1c98e467aa157aa85f87f01e91aad2f7d6631d1fb3879.apk,com.boa.subdivetone,malware,TransportError,2026-03-15 11:09:40
dc7b8f6c220e00916b1a574547631e1ba68ac89bc308c0de3cd6fb89a7eb9f0b.apk,com.megaxmaslivewallpaper.xmlwp,malware,install_failed,2026-03-15 11:21:58
dcb9113149052161c6bcad96fc899ae362a9a968385d7135cd826c1338328957.apk,xHaIG.hYelL.FdQrPa,malware,install_failed,2026-03-15 11:23:05
dd241947054c4ae6b31c134993ca72d1673e8ca0627c99391d13f4ae42bbf17f.apk,org.income.consumption,malware,install_failed,2026-03-15 11:24:11
dd47dae72ae689af9cbad75545e1ca67a8e7e416775aa66636d627a9e2f160dd.apk,com.LXgMjW.TPybTn,malware,install_failed,2026-03-15 11:25:18
dda572d4c678f7b17745701dc8c1619db312017d94918c5bf51daa21b4c2e861.apk,gtut14022.bmhzbeqlzl14022.nsyudshm14022,malware,pid_not_found,2026-03-15 11:28:56
dde4e2484181655638fc8f5b33546b3f890daa05824ec5cce99e3e14c6c01bef.apk,com.yiwyxb.mh226917,malware,install_failed,2026-03-15 11:30:06
de153225bfbfe0812d4ad9d44d4f0fbb6f556c484e7eb07ba082f964b1fd8872.apk,com.polarbit.EKLEJLKEROJSIFEIFDLWJEJE11,malware,install_failed,2026-03-15 11:31:12
de2ea734683c66ba7e1f77071b750c1dff46f737c9a1ba92850f6cc8bc256bcb.apk,com.mcmpnlnompmhmfmimpmejijgjhjk.cyhx,malware,install_failed,2026-03-15 11:32:19
de787fde03a66cea7e88dd859c52c39ff9ea90435cd9d95d91fd67578c739663.apk,com.shops.fortress.shortlegged,malware,install_failed,2026-03-15 11:33:24
dead3b4a0561b48bc076b64febd0218742b6378eb2addfc73b95dad53fb345c6.apk,com.MVMqJk.FYsFFb,malware,pid_not_found,2026-03-15 11:34:23
df821c4086b1ba67c859b530b92b982ad9a4e76887edc4b855f30629c7f42b96.apk,com.uhsyxj.dglruibl,malware,TransportError,2026-03-15 11:40:46
dfc8fd81832c2276fa2c1e613635ef5edab205202b3fc20bda0848174c1b073d.apk,com.gameloft.chinashop,malware,no_data_collected,2026-03-15 11:42:16
e0d64b9f2c2f25dfd1c774f42e64b35cf39868befa86764a3205bfbe9512705b.apk,com.euro2012fans,malware,install_failed,2026-03-15 14:45:20
e30014889a31b94153252ef7a24c4361af9ab1c060b9e7bd073be21cbdd5bb19.apk,com.om.save50app,malware,install_failed,2026-03-15 14:45:36
e0beea39fdb5fe91f0b51824178ff2654005524fd1137430d002bb2b30743017.apk,com.gameloft.chinashop,malware,no_data_collected,2026-03-15 14:45:41
e2f28f7a851eafb6f823cb75037f0a98b51503efd1f91688b8db8355ea518bbb.apk,com.hmdber.cypprwtg,malware,no_data_collected,2026-03-15 14:45:52
e2fc453f67cf02f04d2fdc63ac966fdd6df5ae5e5979ed009f81ee786c6c7c07.apk,com.uahdba.bxmgzogu,malware,ProcessNotRespondingError,2026-03-15 14:46:06
e32a90979df1d880fcd293b12450cdeadacc7778636c1ec731ee99bbf5e154f0.apk,ttr20rainforest.lwp,malware,ProcessNotRespondingError,2026-03-15 14:46:25
e332ee6b06829aafb2ef91df779e08adf03ce2031a74e252cbbed929c1524ef1.apk,com.woigiq.mredbeyg,malware,ProcessNotRespondingError,2026-03-15 14:46:28
e37f353922aefa5b1f668d019107f6f3faabd7c0992593e24b08f2bf06ec79b4.apk,com.oztiik.pqbevuvx,malware,no_data_collected,2026-03-15 14:46:29
e7fc374b31be13b254242845b7ad04c4b1313401d3d7ebf4e48eb0252bc4389f.apk,com.hehdbj.fdnknqid,malware,ProcessNotRespondingError,2026-03-15 14:49:27
e9aa0b3f5a7188000689ab693e6a05303c635b3a9c3d42e8d49a2c322fdd5324.apk,com.gameloft.chinashop,malware,no_data_collected,2026-03-15 14:49:29
eae735c0e4a8645308deaad6bcbb146a0fab257d0590c1f32db8fd06f6fd6efd.apk,com.coffee.maker.nuttyapps,malware,no_data_collected,2026-03-15 14:49:36
ee8231a40289f539bab0922fc3bcd93f65fd24f0ac3e52d9c9f7d8f4f8ceb381.apk,com.om.couponsonline,malware,install_failed,2026-03-15 14:50:50
efe05f80a3ace5adecc0674628f5bdee6c926d7b2746ca1dc5abb1b49d1ea910.apk,com.jokyapps.penguin_live,malware,ProcessNotRespondingError,2026-03-15 14:52:03
f0233ef4108b07ee54cb3ba98b57b9e572c206af83a4349b814d3b799f65124e.apk,com.siwdre.rmgylwwe,malware,TransportError,2026-03-15 14:52:08
f1325a8a10db63b7419f0d15ba5632158486bf70f502e0e9acd89cc3d517e67b.apk,com.pmzsxz.ecrjbfgy,malware,TransportError,2026-03-15 14:53:51
f23d036854329d00cfb5e41d30ff3700ed70bea85894cb7c70bf76aa5a59f25f.apk,acreig.zymg.kccmf,malware,TransportError,2026-03-15 14:56:17
f2682661fe7561b5010ea04da15e3c823ff31ebd23fd1bcef20a4a79476157db.apk,com.gameloft.chinashop,malware,pid_not_found,2026-03-15 14:58:22
f29aa079e07c3b7e67a01d5cb51421b96ca7789f94c12d2e79dc711512001b61.apk,com.WD6C8EAZ0O,malware,ProcessNotRespondingError,2026-03-15 14:58:32
f2af023fdff16d30eeb9638ddf3e894e1329703aa06f56d39c29eed56ca7f812.apk,com.snipergames.waronterrorists,malware,ProcessNotRespondingError,2026-03-15 14:59:24
f66e6c7708c61a0267518658a4dbe015253a1be5ae8a4e9059c7528aeabebe84.apk,com.wswvry.lbpnqowx,malware,TransportError,2026-03-15 15:19:31
f7319259a2472c4b1059297869edd1baed1402a3497ff567b007ba5da6384957.apk,com.odbmco.urvldmya,malware,TransportError,2026-03-15 15:24:17
f82a186be529b47b9215587253c4d9382cd8fa8da75abddc389bcf999ce22d83.apk,com.hdvnao.yqxoywol,malware,ProcessNotRespondingError,2026-03-15 15:30:11
f8db3e459ee9b5816840b57c62b51c6603844325ca2bc799dc9c3a0c48c85241.apk,com.gdsgos.vgohsgbb,malware,TransportError,2026-03-15 15:35:20
f968c107ac3f570b56528910e403bd2440571faf4975d8a833bd560910f8d274.apk,bpkenagg.siernf,malware,no_data_collected,2026-03-15 15:40:59
fabea893530ae731a14627480426d94cbff60c800f9e07029e648bfecf83194b.apk,com.wlfgut.guefaljk,malware,TransportError,2026-03-15 15:49:51
fbe8db534b6959b813cf34da82589fa18736ee807b4b0f829fce3a08d649b8e8.apk,com.worldfashion.fashionhotvideos.ui,malware,ProcessNotRespondingError,2026-03-15 15:56:17
fc6306bdf34d890043ca6ed9291f24f44c877e8a4d377e9e4b9b88042ecf1a18.apk,kabi.rules.batterysaver,malware,TransportError,2026-03-15 16:00:52
fca0452c6a44bb2e15e86eb56d2bc7b822c46b8b1c150b27c8d0000212856691.apk,com.gameloft.chinashop,malware,no_data_collected,2026-03-15 16:03:14
fdbbc2fb1c5617157bbb24f47e9ecc07d13d7bdcbdfa0c44ace4889445c91f09.apk,com.fxfvup.ypqfoxth,malware,TransportError,2026-03-15 16:11:15
fea1e5f037a123969842f6e8330f34563504ec98102fc711ce339ec5412b0501.apk,com.ygtbhh.cpvhvkvc,malware,ProcessNotRespondingError,2026-03-15 16:13:23
fea4bc5cd62424886b8cc1a47db52635df17e8a151e3268f3e1ca10be025df0b.apk,com.ssbfaa.pzlnaviu,malware,TransportError,2026-03-15 16:13:41
feaa8e3adc9e8b8c841498083502687cae66d642013414f408830b3ea041191d.apk,xsld.mbb.acpbge.awieoaqp,malware,ProcessNotRespondingError,2026-03-15 16:14:34
feaebc1ded1a08b66c59a41d6ef72f530c9224b3cd32646853e62fde9c263376.apk,com.nuttyapps.popcorn.maker,malware,no_data_collected,2026-03-15 16:14:38
ff2d11e372e06d352b7d246e615eaa6853d8fe2f6a0f7de0b8d57c55349b482d.apk,com.rappox.kzcciium,malware,ProcessNotRespondingError,2026-03-15 16:16:58
ffa586c4cdd1f97d906ca1bde18e14f98b4be34e17740656e6ec08c0531f95a0.apk,com.liveduo.smscommand,malware,ProcessNotRespondingError,2026-03-15 16:18:58
fff36ce447fe80159e8d652f8505242fe991c0c711b58dd193f26bd4e4c7a446.apk,com.qthjjz.yrnfnyox,malware,TransportError,2026-03-15 16:21:57
fffbf825721dd82c896224fb148762d62496952f9d590efa808e727fd28ad782.apk,ramzan.ramadan.sms.card.wallpaper,malware,install_failed,2026-03-15 16:22:26
012e1e2a8ce5b9bd42630da334a790993d651a80ebf389b3d4a34efab1438c27.apk,com.bumlud.brsdsyei,malware,ProcessNotRespondingError,2026-03-15 16:24:59
057ff419d67f1d0f8da161cdb97f8d6556c419ef6a4663f8e4329934590d481e.apk,com.clqyyi.msnugnox,malware,TransportError,2026-03-15 16:30:49
0ec0da1bb1e2b0bf49809165fd8715d65933560a7b8ddfd8ff4d377b765554cc.apk,com.baiyi_mobile.easyroot,malware,install_failed,2026-03-15 16:42:22
0e789bce68b17287002754c2e152fbf558f58eee9b4717768fcb75e384edb5c1.apk,Downloads.html.app,malware,ProcessNotRespondingError,2026-03-15 16:42:37
12d225ab10fde42cbc50e5476730a2ae5f64022a05016eee62cf62b13c9d07cd.apk,com.dmz.noqklu,malware,no_data_collected,2026-03-15 16:47:24
1f0c6b27953e850b2fe4fa7e1060d99ecc452a143f336a637742176b58b9f7ed.apk,com.csuvhu.ggugpupv,malware,ProcessNotRespondingError,2026-03-15 17:01:58
24a263d77a4c7a3e2dcf54df7a74805ec86b94e149be057b157d65a56ac2c663.apk,com.pl.xx.ld.snake.yksstc,malware,unexpected crash while trying to allocate memory,2026-03-15 17:06:14
287250bcd19082706bf506cd60eaba5f131a9bf7d2281e75301901bcbc839a11.apk,com.burin.orkdn,malware,ProcessNotRespondingError,2026-03-15 17:11:14
2bb169dd57b63f110fb06a42c4fd6699781dd77a0ad803a22bde58ffa924c924.apk,com.mrt.igtmmm,malware,ProcessNotRespondingError,2026-03-15 17:14:56
2eabd371acf775687f53e0e95ce9e355d0c9140f26194282e84058cc33793ea6.apk,com.wxliul,malware,pid_not_found,2026-03-15 17:18:14
2f0f22f939b2a3ebccbbbef820955f5291694c76585cde4ed8aa81246ea31644.apk,net.xfok.info.xujinglei,malware,install_failed,2026-03-15 17:19:46
2f45b10dcb1e5b17181e563c1f3c275bf8dbf8fe022d06efc584b4e1f407e15f.apk,com.gfr.tdciyk,malware,pid_not_found,2026-03-15 17:19:59
2fa657b65b1e0d36e8f3614c2fc9d9fda6db6e9c4794471cba36e516ff7cffed.apk,com.android.system.emial,malware,no_data_collected,2026-03-15 17:20:33
300cdf6638fe72638586156556a703b0204ea5df96660b9afc343f4c000734f9.apk,co.CFqieping,malware,install_failed,2026-03-15 17:21:09
2fddc477385eb064863ca9b107d45bcca18258b92d771f256223727a0e943783.apk,com.android.mmreader477,malware,install_failed,2026-03-15 17:21:19
302cbf963357b53679c519c6b712022c3de6a48680f1f41353c8b1559c969fa7.apk,com.asitxf.xofguius,malware,ProcessNotRespondingError,2026-03-15 17:21:36
3147a34f3ee3b63694130c7c50a00ae5d66ae85fd31efe7b3b50307c4779e727.apk,com.android.app253480,malware,install_failed,2026-03-15 17:22:16
3202241e37271fe7fb3a71bb700fc2d81dbacb63fbc729503d32a40a81afc03a.apk,com.iugwqk.qcedyjln,malware,no_data_collected,2026-03-15 17:22:47
318d28a36628c819899338de0ea1ec21c2451e8dce22aaed8e48a4907b21b5bb.apk,com.suihun.yylyb,malware,install_failed,2026-03-15 17:23:01
32992d304edeb5585e6db2257c90128bb08b10af51d74a096e8cf7f940214843.apk,com.tfc,malware,install_failed,2026-03-15 17:24:38
349e508ed1c47f1d0061131fe6cd0bdfc5d6a338d3084b08450c971bdbef27dc.apk,com.dulang.clock,malware,install_failed,2026-03-15 17:26:15
376a7b5447ce7701d2f672f86b64bd72a2c5dfef25b81594182b9a9f209e88c2.apk,com.bianbianqipao.ju,malware,install_failed,2026-03-15 17:27:50
383d9f4b8dd0b61a9035c10332501456c3244a4e42eb66b5f30fc8be00290b7a.apk,com.zuodan.gaidspagiweqtet,malware,install_failed,2026-03-15 17:29:23
3b2e8d5a6e7ed56fa81dce3157c6b9ed5899d610df6fdde22680352cefd9474b.apk,com.yfzapp,malware,install_failed,2026-03-15 17:30:58
3d6306ca5082fc10410473b5549aaf661a134ff400b442e1a094123f7296bb62.apk,cc.o25e067c.mca2c1bb,malware,ProcessNotRespondingError,2026-03-15 17:31:59
3cca06865d0e1580e8d16a2797b0e32a5f8d9b30130f275cc3b74027c58561ea.apk,had.mjfahnsd.wgshfl,malware,install_failed,2026-03-15 17:32:34
3f1acba639a095cf1601de79f9767fda2bc0532843ed38387f5fa2e2c7c05404.apk,com.kfm.nndjvy,malware,install_failed,2026-03-15 17:34:09
40ef0d0e23ed9b4bee68c291c2ecc4980864c393a14a410a2b87dafdd8fc7d49.apk,com.cfinc.petapicxmpjyqbepdfruptpptbrvdowudun,malware,install_failed,2026-03-15 17:35:44
422af94a8007467b0ac452af655ccecf4c52b60262c6e732f42e409ce7593449.apk,s.qq.qqmm,malware,install_failed,2026-03-15 17:37:17
43ce0da4f527d1c6e79db62e4aab4cb2222c62e8e35c268506eca232fb9b2a56.apk,com.xhuo.xey09,malware,install_failed,2026-03-15 17:38:53
450b3fcee5b8e36041f296bacfe013a42a36d598b6d8d6066074f4d2c8fb9525.apk,com.ccbxqq.vssdfjru,malware,TransportError,2026-03-15 17:39:59
44ee2e64cd667f6efb9bfd3e8b5a5fc4bd0eb85c06204196c9b60555a54efbd9.apk,jqsoft.apps.mysettings,malware,install_failed,2026-03-15 17:40:26
467a05dfc12567badf3ab50558f59647bdc0d7f787abd2a9c730b1037e717935.apk,com.simikongji20243an.cdsqcgpmdpfm,malware,install_failed,2026-03-15 17:42:00
471930fcfad5d222e410a63cb56bf9a3b71dd3b25a8d08543494ef12890a4f10.apk,com.vlu.shtkte,malware,install_failed,2026-03-15 17:43:33
49fd8ba669f2e7a4041bdde9d2b149721c4ed11e9fecc961aa0b0c54e4806ab5.apk,com.dxrhyjrnv.ipyauqu,malware,install_failed,2026-03-15 17:45:08
4b38f527a1c5cea3870b0ff11ea403147a8e3329ec50f886fcfdefee0eb67a21.apk,com.ooiio.oinlib,malware,install_failed,2026-03-15 17:46:40
4d45f552afc457311d480873f5ef88c382dd9bcda7e2a0c290fbc5c8a17abc2c.apk,com.cefento.lithuifewfdwqfwqfwgw,malware,ProcessNotRespondingError,2026-03-15 17:47:15
4d4a6cec4c8230b020a429f87a1d4c0e3bb5895965a31ac209603c0b846584a4.apk,com.gzg.dkascz,malware,install_failed,2026-03-15 17:48:13
4fc43f42af45d3eab700fe84d7b0afa166319331e588f4e990e73d38033a4ae9.apk,ua.netlizard.piratej2,malware,install_failed,2026-03-15 17:49:46
51552f0ea4c51265e014096eb29d07ddeff827df2722fa4f8d8b526e31bb9b77.apk,com.lema.lematcs2107,malware,install_failed,2026-03-15 17:51:21
52801af56995059f6dda7a45bedd8ad0ef1d15be986c21f0b13c7fe40235db3b.apk,vtp.lf.hunpbrkzop,malware,install_failed,2026-03-15 17:52:53
52cd0e9e1d93b9e69d84e6aa16a55139bf11a77d42a032d09033b75fc8c097fe.apk,com.androidemu.myristislands,malware,install_failed,2026-03-15 17:54:25
545ab632837d07ae4f41e9abd66a095fc18841e2227d4946ce8972a0118cf408.apk,com.YVO.Q9f2,malware,the connection is closed,2026-03-15 17:54:53
547b6dcd9a9dd96dbee7b55bff3ac741aec63fd3f0a80920aadae56522e70acc.apk,com.bybdl.hlwttpk.wyxsss,malware,unexpected crash while trying to allocate memory,2026-03-15 17:54:57
54bad5299a1b93bd954c71b9f93385d94af1bb4e1f6a2d1ad3c5b745e3ca9205.apk,com.if5b2bdd98f3fd5f1,malware,install_failed,2026-03-15 17:55:58
57863300d12e5c73b7663f3f4a21bc3eea6ff22eb92b7f2275483a08710a089a.apk,com.srojuh.pqrlzxfb,malware,no_data_collected,2026-03-15 17:57:09
5692c32a97f29f6a0148f9eb51f9e9e0799e4508412208df2ff9a7a846a1e786.apk,com.eset.ems2.gq,malware,install_failed,2026-03-15 17:57:31
57b8fc157d95f402b8978f8a38f8fce9f2296202a86af94d92484bc48ff236db.apk,com.androidbox.zsgwsnet2,malware,no_data_collected,2026-03-15 17:57:59
0162e4e67790e3baf5b8a089f04e822e758f54b20e4130d0d827515b5c8cd722.apk,com.android.sgtfcmlydn,malware,no_data_collected,2026-03-16 07:24:52
0565f174cb1bfead3ffa9b84839e21b7bd98978694476a6befa636127414d5c9.apk,com.moonfishsoftware.gpp,malware,no_data_collected,2026-03-16 07:25:40
05ee1ace6c1bad2ac3389a1fad1078ecb4a874b29f239349f1da77880cd5a62e.apk,com.AFTDMedia.starwars1,malware,no_data_collected,2026-03-16 07:26:06
067b0fa82a9c38e1501fce26de9f864d7db458965db72e2632479fc8b5c1111f.apk,com.andriod.fb.plus,malware,no_data_collected,2026-03-16 07:26:17
07b3fa1588dcfd1c2a9d1d2b4d6e9a6330e1414b60eb3940245e79d28b8102ff.apk,com.android.qanpo.rrxaxgkwixytmvq,malware,target exited with status 0,2026-03-16 07:26:54
067d9e7295cf1ba3c8a82f7dd7fe5b7e6fe2ef4feb824f3ea70fad014ee3542c.apk,com.taobao.reader,malware,ProcessNotRespondingError,2026-03-16 07:26:57
0692d843c290785873122d15d5bfb4fa0936ba896ea82b3a6174365f0a13905d.apk,com.vbekdn.jvjkvjsq,malware,no_data_collected,2026-03-16 07:26:58
0a6518a4c709ed5c4bc316f1cc7240a697283e5bab9dc354e47c17eb230e375a.apk,com.emulator.fpse,malware,ProcessNotRespondingError,2026-03-16 07:29:03
0b22d8b28a955c4927d7d139fc61c00f37f7c3deff21af1672e4724e3b8f476a.apk,com.mfkkej.fuedzorr,malware,no_data_collected,2026-03-16 07:29:18
0ade15169a141c68ea130342e2dabb157dd901c1f7d42c110a811f47cabb4222.apk,com.xhsav,malware,ProcessNotRespondingError,2026-03-16 07:29:19
0c8f2934b1f49226e1cff18333a41020c342b9c7a7d61ee3ce46c92682f494ce.apk,com.haibao.forman,malware,no_data_collected,2026-03-16 07:29:47
0db50d1a7bee98e9f96cb24151216c3136428f3da3e3b6c594bc95a6538f0487.apk,com.kxv.dpnkie,malware,no_data_collected,2026-03-16 07:30:10
0e3480c7941613cb070466bf6b93def6d78dee50eb7372db27b33c5e30283689.apk,com.lfuavf.sikwidfw,malware,no_data_collected,2026-03-16 07:30:29
0ef5c6e2affd4831b7d254e60655ae2a2481954838e515918e57fbe9a1983cc5.apk,com.ubh.qpfbse,malware,no_data_collected,2026-03-16 07:30:54
0f2b2de0810d826d48dd0dd2df5a1375d0dcce66af4dec5784d97b0105ddd775.apk,com.xwinyz.ytxiuqwj,malware,TransportError,2026-03-16 07:31:08
10a5a44e7f1a0f06c079106fbc4bf7a2d28a711b85dda07ac3e1f62e6b7d965f.apk,com.android.system.secure,malware,ProcessNotRespondingError,2026-03-16 07:31:16
11601cb04a7328698f46f54385e234c855f702fc4474cbda2fa20490ad638d70.apk,com.vbkips.zmeqpghs,malware,ProcessNotRespondingError,2026-03-16 07:32:05
13726145d36944c62f5e7702257dc23c821b659b9c24dc8e947e1ed427f42dbf.apk,com.android.kbmpqvblbdv,malware,no_data_collected,2026-03-16 07:32:23
14150adbcd5b6b5e55c3b9a6c7156be0b763cd6f17e513a7ba3dbabfde51697d.apk,com.yisan.yaowu,malware,no_data_collected,2026-03-16 07:32:49
140bf311aaa1ada9a8e85f51fe6ae2552c634cc9219f07c94bc5fd32a0cf794e.apk,com.jgdtyo.igtrbjac,malware,ProcessNotRespondingError,2026-03-16 07:32:52
1419a2705402cd373113f45069a9b58a17a0461aa8e073daf99cebb2310db28d.apk,com.bringmore.fcz9,malware,TransportError,2026-03-16 07:33:15
1567edd91222d4d5b23b388de38b1052f786af6c925c743aadcaea6eb276ec43.apk,ydsoft.mjdjsc,malware,pid_not_found,2026-03-16 07:33:37
1564731e20e83ccb5e802e8aa43db9f9d65e0fd1bc5bea603efbbe70fa181733.apk,com.sunstar.gunship.battle.gunner.destroyer,malware,no_data_collected,2026-03-16 07:33:40
15683266e8abd885fe0a4b82193f76dd579f4757245d89e0ec9a0c2e39e5313c.apk,com.mas.wawagame.QYRJjjlord,malware,no_data_collected,2026-03-16 07:33:51
16d3f4b144db209113bcf3b4845ee153ee68c80f58c2846aa67089c24e33a94a.apk,com.dbjctw.xkjqzldv,malware,TransportError,2026-03-16 07:34:24
1a5997c8aa4372c1a1fd7240144439711ce9859e0cf61ea673b7cc5d99de3610.apk,com.dxnehz.ufnzokpy,malware,no_data_collected,2026-03-16 07:35:05
1c0d431fb0b32c170912318e49f6e2f3fb28db2ac037c7588c361c3d4835be19.apk,com.zof.nhgqbc,malware,no_data_collected,2026-03-16 07:35:46
1d1cd04f7fba42438294da6f4516f66b319aa515d90021dd2b1c22563cd2ed53.apk,com.cqqiyxbxms.awijbvpjmr,malware,no_data_collected,2026-03-16 07:35:59
1d574d314a00ee0034f82c6edc026301ad108d0331d4cd1c76a3376bfb018bba.apk,com.android.gfxworhsbjljftw,malware,ProcessNotRespondingError,2026-03-16 07:36:31
1f05407d36149e79b372c0f13ac9a6ccf847cd8d1cd6bbf2e423882fb618e86d.apk,com.dangergames.bust,malware,no_data_collected,2026-03-16 07:37:06
1fcf35761cfef437c480f566a573b15c9b0b2c6b80182139068993fd23903b6c.apk,com.nojjli.rlectbtt,malware,no_data_collected,2026-03-16 07:37:14
2005b66fc1f0d30f1924b9a279b4d43632a83d96ba6b6555a440ef1f8ce8ca23.apk,com.lqd.bigplane.xiami.en,malware,no_data_collected,2026-03-16 07:37:20
22d63426dbc8df46377c7f667c657f04bddf229494210d8dad30064ecd495d07.apk,com.oiuyul.zrwfproy,malware,no_data_collected,2026-03-16 07:38:35
25211a6671538ea7820ae8a70b76d689607fad62be573fffda494529324aa0b6.apk,com.android.alqoypxdaggb,malware,ProcessNotRespondingError,2026-03-16 07:39:31
25da1e3b9f64460c743ad8d5f32570fa50cda82d41ccff4e412eeb565545ba2d.apk,com.gzbgamefunny.JewelsStar,malware,ProcessNotRespondingError,2026-03-16 07:39:38
285124c4c0c7d71d47279c3dcdbc2bb5ff55bc2911369d2f80a183ff9b50849b.apk,com.anzhi.jugtaadewfvregcfgrhtdwfwjytkfwwfwg,malware,no_data_collected,2026-03-16 07:40:18
29b642b38a6dbd307c7ec89c32765fa1a2cffcd8099af2aa44a3e4932060d6ad.apk,com.bsborn.hwwcugkh,malware,no_data_collected,2026-03-16 07:40:46
2c5dd7c60b6f673c75e6273638faa7f98bffcdd0765af3a4ef2653e671ec5ff1.apk,com.androidbox.xssjxnet2,malware,TransportError,2026-03-16 07:41:06
2cd5cf16e67d3fad2b82bc1b69bbfe5285956fa0ac40526ccde64cf8bddf100c.apk,com.jbeeyt.ctoiqtwl,malware,ProcessNotRespondingError,2026-03-16 07:41:13
2d8fabe635155bbf856efe343273978d9aca2e0f39f838d352895a875be19570.apk,com.hec.qevsej,malware,no_data_collected,2026-03-16 07:41:32
2f0cbc51665ecfe03b363fdb34086234053741011f67bb0c1c6143b99ab26c17.apk,teamDoppelGanger.SmarterSubway,malware,install_failed,2026-03-16 07:41:36
2f0c4897c8b61d0bd7f59717842f0093c1c385f31dee48af5947a9e357c98705.apk,com.uoyuj.game.qwdpsf,malware,ProcessNotRespondingError,2026-03-16 07:42:04
31874014f74e0e26e471e9b752b8f0979a3bc6d8a5f65b078edf748905b0d376.apk,com.brazilworldcup2014.germany,malware,pid_not_found,2026-03-16 07:42:23
31f5e288d65741acd224dd035d694a713081acda2da82b3158509e9bb4749848.apk,qsss.wpnt.xlryb.HX2017_720,malware,no_data_collected,2026-03-16 07:42:37
328ec9cb84a156268c2266886c9f812f3e074fea3fe919705ecb831b1dd7947e.apk,com.android.lsbyqhtjr.aoupmjykrvujii,malware,no_data_collected,2026-03-16 07:43:00
32f39421c64dd457b285a206e53e46feddaa3eaf89015bf622c7dd08b8418217.apk,com.sfhjhx.izqdinim,malware,no_data_collected,2026-03-16 07:43:06
3476d7b950c0ac8d29e453b2b15040bab58f851bb5bd3a9f8bde4546ddd09053.apk,com.vsrbhp.zvufcaux,malware,no_data_collected,2026-03-16 07:43:21
34a6fea98a2453028625ed57131aca450a0630cc8435dcf0b558068cc2744767.apk,cn.efgdfgdfg.rgthfgh,malware,no_data_collected,2026-03-16 07:43:36
36fae9522349ebdb92f70f90d9d7aeb65d0dedde0dd36ea4534756188cd32a48.apk,com.google.gms.android,malware,no_data_collected,2026-03-16 07:44:00
37ef5997a2bdd9b54e5207df5ee13e21feb5afb9e2e9fc2448312fd24c66961e.apk,au.com.ckd.droidsetfreeinfo.gbglk.droidsetfreevedu.irpdlkwlu.droidsetfreev,malware,install_failed,2026-03-16 07:45:14
38832a8cd6c1d1b37c908b9e0aade34789670522615fc28161f031b000587900.apk,com.oixdw.nuyi.l,malware,no_data_collected,2026-03-16 07:45:31
38b1ce59de028c6ef21836bcfed14c0082caea22a14127f3937390b8774a9cfc.apk,com.bgypqp.aqmwshou,malware,ProcessNotRespondingError,2026-03-16 07:46:06
3936fbcc56cb1f2e1ba9c8f4a1043c9758f6d7106e54eecd4d1e2763b08cdc84.apk,com.phncqu.bzyldeqq,malware,no_data_collected,2026-03-16 07:46:13
39e4dfdda0d478466da5bc524424458d376424cb03d989f9d543e382c7cab446.apk,,malware,no_package_name,2026-03-16 07:46:19
38995cd6a547979c319a21eb7a6ecc82f90079887dedd7f5e30e8d3c6d8326d6.apk,com.aKPbxI.jFlfqw,malware,install_failed,2026-03-16 07:46:27
3a38197900b755be8e1746e8fe495b63f9b1ca2318b2f7e8a7c70c488b0861b3.apk,com.ohsiur.mmzcnuam,malware,no_data_collected,2026-03-16 07:47:01
3e4ea08c30f16854ae83280d91ecb0426635880f1d7c0be68c1318eb240e5ec3.apk,com.eqvkmi.sppqjxke,malware,no_data_collected,2026-03-16 07:47:42
3b524b5240784393732310ee9735f894c3660c3accab05eebdf6630c61da546b.apk,com.vhydlz.jsydpejv,malware,install_failed,2026-03-16 07:47:44
3e819a5796067f6a8846b67161c8838e199b0ae9d2707f9bebe6268b5020e176.apk,com.mcs666.cyxg,malware,no_data_collected,2026-03-16 07:48:19
4277e3d06705789ff5657bbb9e772d71baedcbce3da5cf9ae174f614493a586f.apk,com.mp.menv.yeshou,malware,install_failed,2026-03-16 07:49:03
4284eddf8eb8562a905cbf4232846e5bf712bc91c1d569743d283df55b8e9d4b.apk,com.lhaedv.cpipjiuc,malware,ProcessNotRespondingError,2026-03-16 07:49:14
43622f89b38f7336704e1c2e543e8964fad5c9cecc17621091bf7c520bec1d90.apk,com.android.calculator2,malware,install_failed,2026-03-16 07:49:28
42e1e54a358b765a9fcf87fdc039b6073f65a1bb995dd69a2f0266ab0de33f79.apk,com.yhwivm.noglnqum,malware,install_failed,2026-03-16 07:50:16
4710ddc8cdcbc2198b16347bb1ae8be5cd39468921d7eb42f3e6e86a456ee77f.apk,com.zok.hfbdjh,malware,ProcessNotRespondingError,2026-03-16 07:50:20
4a18fdbb79ee78ff592e1f488da89496b06a79d7c3b0952d7dc25aa6a67f7238.apk,com.hsgame.warcrafthunters.taiguo,malware,install_failed,2026-03-16 07:51:37
4b95ace7e9acf468bd666afa945ff9debfe0a7b83f0288c5be9b5f38ec86cf70.apk,com.btptik.btcexljh,malware,TransportError,2026-03-16 07:52:32
4b9117cd66461cfdc5adfe4451e8786f3144092849019fbc1c9cdb21a3d05d92.apk,com.ivrvt.ivr,malware,install_failed,2026-03-16 07:52:52
4c8a7074441069b109d26bf7250069508b22b7545cd204f1697f4634b3f55133.apk,,malware,no_package_name,2026-03-16 07:53:03
4d4bb28c07091657a35343a108bbbb6477791a5bd51cb744f028bbb4dfcdd831.apk,com.nmcbjk.jkfirw,malware,TransportError,2026-03-16 07:56:40
4e7c097f5cb774dcaca003849433b23f78d7c2dac091f8a9ce49e6bf720b31aa.apk,com.xfj.uclgly,malware,no_data_collected,2026-03-16 07:57:37
503fcd4f9511ead4822d7e5acb0c63912aa98c1a8a9c2c34c9feb595cbf9ebe4.apk,com.zjt.hnonxe,malware,no_data_collected,2026-03-16 07:58:20
506d87bae75fee098187b4951fae654cce84a3a012d54b85964b13e90e7b519b.apk,com.explusalpha.NeoEmu,malware,no_data_collected,2026-03-16 07:58:29
51d3592a407111894291c8370a8e06f4adc6db6ef5bafc0593931067242da397.apk,com.pl.ttapxgq.yka09,malware,unexpected crash while trying to allocate memory,2026-03-16 07:58:36
573557916b54f0f33d871208af7dbc02e7898123899e589868aacc7d1acb5fe4.apk,,malware,no_package_name,2026-03-16 08:00:24
57ecdac149fe8a7151e4bf2d88ba64e50f3cf670349dd16ecb7f8af23d8d3105.apk,com.xieqing.qqfuckyou,malware,no_data_collected,2026-03-16 08:00:56
5a6eacb89e5ea38212fbd3c50d6929702947c71dea77572b2dd769efdfce3953.apk,com.llrgkj.obzalbch,malware,ProcessNotRespondingError,2026-03-16 08:02:04
5cc195b5b604bd146515afaa2dc5d8fe3db323a27482c50ece95e7efbd9dd78f.apk,com.android.jefmkolmhdqxffe,malware,unable to write to process memory: No such process,2026-03-16 08:02:42
5e1facf8c8879ac3c3391102764ed2b6c9cd72db884790625e7445bfda52194d.apk,tgfs.yrpz.oxwkf.AG2016_690,malware,no_data_collected,2026-03-16 08:03:19
5eb9716f666d671ee411d083028182ca564e43903938f2bc7f87e0995484c71f.apk,com.sow.fkswvr,malware,no_data_collected,2026-03-16 08:04:00
5e8eb6a38519ac3a8ca3478b18a21a6f9786f3543c69c879cf3a04bba1a30ca7.apk,com.games.sunnyshell,malware,TransportError,2026-03-16 08:04:00
5f67023875d5e434fb769576130f011d51fea78db42d81f1180174debcc6e9ac.apk,com.feamber.popstarcw.UC,malware,unable to write to process memory: No such process,2026-03-16 08:04:43
5ff3bb396cde70c297028f3787507a27510a7b6fa72103a7c5d04456bae175f4.apk,com.vjr.jtoeur,malware,no_data_collected,2026-03-16 08:07:07
60676a4cecc663387df7c4723ad6825b66c71f57b6cb5118ba224ddad46824c9.apk,com.qihoo360.mobilesafe.opti,malware,no_data_collected,2026-03-16 08:10:17
60746c5009edc0bab6f3778d5738b719de78089edc89cd51de2bd98c275a5328.apk,com.xpa.nnqyvk,malware,no_data_collected,2026-03-16 08:10:29
60c169cb09fb43766ac7804cc4e6c35cd91af2da75662f7af58b8fa5e794958d.apk,com.supergame.game.ssppl,malware,TransportError,2026-03-16 08:12:25
60e50c27a0b390f872d3cae668180eb295d51f6009f432d6d3370a0a5c56e229.apk,com.cjcvuq.xidizvwz,malware,TransportError,2026-03-16 08:13:26
6102f7db3e041320fc7840d12f971e96bc86bf2ca07f23f671cf7a5ccc1b4919.apk,com.leyou.luandou.snake.yksstc,malware,unexpected crash while trying to allocate memory,2026-03-16 08:14:14
61389fa7d8c34f77e545a45b3b1ce59475e48cf587d91042008f033d74e6a1f2.apk,com.christmasgame.balloon,malware,no_data_collected,2026-03-16 08:15:48
61a119413882e867bcb930441d3f0ef3a1cf8fe5b442b563e07c6ff526d03815.apk,com.ydy.ruknew,malware,no_data_collected,2026-03-16 08:16:56
61c3f9c83e1da381eb2f882d67fddacb8e7754ffbce1e827c2e0a6b15030f529.apk,com.ilbypx.jnkgpwcl,malware,no_data_collected,2026-03-16 08:17:39
61f248303213cd863e8ca7f9d1a6aba1b2b00d01f73e04ef2cbe66028f0f3e99.apk,com.ssjfpm.sfrmxogg,malware,the connection is closed,2026-03-16 08:18:55
62120d19975a3d6e9923e4ecb8b9cee35d1d69a97645ab437adb1e002871ab9f.apk,air.GuessWordAnswers,malware,ProcessNotRespondingError,2026-03-16 08:19:46
624fd6ad1d468c01ba57760b1aa205d5ccd579a919312f6a64ba5403f62ba31a.apk,,malware,no_package_name,2026-03-16 08:19:54
624f952c779ebea06e853149222a1720ace74a034f53a3dc4badf617dbc2a9fa.apk,com.xgssubbt.punbshfp,malware,unexpected crash while trying to allocate memory,2026-03-16 08:19:56
62d9a3074d3865fb6de6ff11ed74396aaca247f1079fec1833198e406971acc4.apk,com.dfi.krgzcs,malware,no_data_collected,2026-03-16 08:21:07
6309e978a15bd808e384612ff08dd210232826232d2162ccf3a4720e4bdc98b5.apk,com.pl.ttapxgq.yka_wlsy,malware,unexpected crash while trying to allocate memory,2026-03-16 08:22:02
6321b40379af8e307ffa8917ad02ad62428eab6c695290e0636812d52810db62.apk,com.dgs.fvxbzv,malware,no_data_collected,2026-03-16 08:22:54
63a8b44f85399caa58867ce9bf2172ae100a924f7490a9092355b5161af7070f.apk,com.AFTDMedia.slash1,malware,no_data_collected,2026-03-16 08:24:23
6433c1308142137e1b7261db2b83537acf614f1e7f89229cca72042f1a7e770d.apk,cn.koogame.Fighter,malware,no_data_collected,2026-03-16 08:27:02
64a88fb3f60efc25a4310df98ca7d2ab27d24a71ec6f07c1c33cb65ecffb1915.apk,com.hnk.wuhlnr,malware,no_data_collected,2026-03-16 08:29:19
64dc92218890e271fac0d4306722b93467644e8f26223bdca594086d3d0365b6.apk,com.hkponu.doblgpit,malware,ProcessNotRespondingError,2026-03-16 08:30:08
6556763fa89acbf3e04f743826c331173f2faeebc4e78cc3e49c4e13cf2f8b34.apk,com.fkajBhcsm.yasmxbc,malware,TransportError,2026-03-16 08:32:59
65a3466be71ced88964c22276d5d666dc74ed7e5e0a43a36a10852596fb32d80.apk,com.kascend.video,malware,ProcessNotRespondingError,2026-03-16 08:36:34
65f6381fd00317f772c341a18d0e99d7fc7462c85fb0c1896a093f596ae42661.apk,org.littlestar.bomber_man,malware,ProcessNotRespondingError,2026-03-16 08:42:25
660d2cd8b52f62ea65d2671b31d9f169fa0c65efc3ca34f28642409d5e3552b6.apk,com.bli.pvjtdk,malware,no_data_collected,2026-03-16 08:43:06
66360b7815978a23cfc955ce651e762eed22b23995478eb4d78ef24296de7289.apk,com.sru.vzcvcu,malware,no_data_collected,2026-03-16 08:44:30
664957a0ee1e11be5284f54a9501554013a4edcfeca785b978425cb7a057db9a.apk,com.rose.newviolinfairy,malware,TransportError,2026-03-16 08:45:42
666e35c5f9539031ecce12bb63af12e12da3639b9a6ac877820184afcaa269d1.apk,com.hqi.vwgpfg,malware,no_data_collected,2026-03-16 08:46:28
6761b9aaf9c672feee1a268a960033bc014f5b235db2f39a202c135710d61325.apk,com.android.yjyhoknqfyegrw,malware,unable to write to process memory: No such process,2026-03-16 08:52:15
67d3b0621f14a3b9daf53e03706e265dbf7128ef2bd0996c0c73bf5f49decc6d.apk,com.jiasoft.swreader,malware,no_data_collected,2026-03-16 08:55:59
6838490c378b9c7daeb540fc8b5e7cfcea1c08eab787f154218f814d4994d16d.apk,com.pe8oq.gz4r4.zhzu,malware,no_data_collected,2026-03-16 09:02:15
684ded1be2c102e4c8d84b13511325e70de3eea866e99df5853951344b6cea1f.apk,com.bybdl.hlwttpk.ydjl,malware,unexpected crash while trying to allocate memory,2026-03-16 09:03:02
68b887196b565000e0ce3383e3b316d217ece81aa14dae8359c37ad61866d253.apk,com.lzl.renote,malware,ProcessNotRespondingError,2026-03-16 09:05:26
68c0da3008b9fa98e10d53b71406adc36870fc1159e2c4eb7597c9aceff92c5a.apk,com.dpgodw.ggqdqzks,malware,TransportError,2026-03-16 09:05:47
68c8a00ef1e95351a8bbf51c83610623063e0afb211de6908d3b4e639202cf20.apk,com.hdc.bookmark_xe5_v3,malware,no_data_collected,2026-03-16 09:06:01
69e5ddce230375c6a41c155f61b656b9e06643bdab01685bcc006397b2363ad7.apk,com.vfg.vnymzw,malware,no_data_collected,2026-03-16 09:13:59
6a0706858b9c4de57abd53369fbaf76fbaf169abe0074c390e50721d29f68b1d.apk,com.bowi.kaqot.nfs.nolimits,malware,install_failed,2026-03-16 09:14:59
6a7b3a7c5725d3fe38ec393f427abb0a2005d5ea67cecb1460365ac5465945f9.apk,com.tsozi.shy,malware,no_data_collected,2026-03-16 09:21:41
6a958d82220c7cdc7c78e2fd24995be2ccb7d92e9f182fc774f5967e3e552622.apk,crsn.etdh.bocuqf.ZZZ_0125,malware,no_data_collected,2026-03-16 09:22:17
6b0b8036dd45dbf9269e8a3479f48231e5299bf2cd48333b4b65d7f217446db1.apk,com.xdwf.yhbdds.nxlfj,malware,ProcessNotRespondingError,2026-03-16 09:26:44
6b2759116c2e95d323db33b11d119f8cd92db44e74cf1d9616e6143e982c72b3.apk,com.lwo.czoohk,malware,ProcessNotRespondingError,2026-03-16 09:27:20
6c4c62fa08a8a0e9acf57845629ee7fddcd3ab2aaee988d5b4fe8ac162e03111.apk,com.eav.yxvkig,malware,no_data_collected,2026-03-16 09:31:55
6cb89a3710a0f8a4e694d74b91ceb7ba7540028b1f9f1ed15d427c18f3472e19.apk,com.zfhzuu.luivaoij,malware,no_data_collected,2026-03-16 09:33:13
6d26024e6e1ff1f006f8bf9f3fa8b09c69d3cafe55eb20ca285326edfeb67816.apk,com.qphroq.vhhuknla,malware,ProcessNotRespondingError,2026-03-16 09:34:56
6d30386c29495fc1c16bccd75fc6806a310f6fb38ca7ba6b8dfd64e481ffc00b.apk,com.bringmo.fwea.qnvczkjgf,malware,ProcessNotRespondingError,2026-03-16 09:35:07
6d441e6b75fa0ea1880937d7c94dbd1caaa210915d386dfb5a01ca22fd813d28.apk,com.android.henbox,malware,no_data_collected,2026-03-16 09:35:34
6e1643099f152ac0d352085b1058bb26ccccebb491735f0e8a673788c4dbcef1.apk,com.laugh.crazyboxingfighting,malware,ProcessNotRespondingError,2026-03-16 09:46:36
6e33f24771f832983a20e8730ff65dcac04db356938dd962208c98c93dfb1779.apk,com.android.pjyjguttowfkw,malware,no_data_collected,2026-03-16 09:49:14
7054da916b4aa9604bd18487458de3cd823a0d86356c5985320db1b97bb3b1c0.apk,com.DefyMobile.nine.squares.hell,malware,ProcessNotRespondingError,2026-03-16 10:01:07
7156a4bc5795c40fb74890cf4f20d55d037e846c8b722ff775882eb466df2f14.apk,com.omnvkblx.kgodifqf,malware,TransportError,2026-03-16 10:09:20
7220764fd375cc1e5c50a1deeb5d0a94a47f7625067e4f1e22a2598f53cc739a.apk,com.iyv.bhuukw,malware,no_data_collected,2026-03-16 10:20:53
7229d665d172f5bfb6a7c7649046bc548d5b02983830582598cdea2b1fde466d.apk,com.bchs.YyYm007.buxx,malware,ProcessNotRespondingError,2026-03-16 10:21:06
7273f47c4f47e7161008426b7f872da914a6315387d8e76949f18779cb82f03e.apk,com.gau.go.launcherex,malware,ProcessNotRespondingError,2026-03-16 10:23:51
727ecbd3a46a4da13867448a57f31948e4cbcbcdbe4dcd8b812693f3b9df3ec2.apk,bnshdbl.gtxvsgijkx,malware,no_data_collected,2026-03-16 10:27:11
729cffc39e066f8d5f7deb62a5120239145ba95643b1d1cb60f6b7d30acae65d.apk,com.jymajhsGbs14c.casnc,malware,ProcessNotRespondingError,2026-03-16 10:28:59
7338ef0d7e663f7497a209a221f2434fd3461028cde8fc0bef62cc725d326ff8.apk,com.supergame.game.jita,malware,ProcessNotRespondingError,2026-03-16 10:31:15
733cd3d10969e308e9194d9ed1856631053868c5233b2294da79d6a1bd54bf61.apk,com.di.ht.game.coolball2,malware,TransportError,2026-03-16 10:31:29
7396069588e076581b3860775fd297e8db09471e8de0b3678737d31c3224ea15.apk,com.cat.greatetankhero,malware,TransportError,2026-03-16 10:36:35
74029e847a5a217e743cd772568e9bc1827d7765bf0a6df7403b33d2262ba94e.apk,com.android.system.secure,malware,no_data_collected,2026-03-16 10:41:11
7690516fea11083d398afb5b17fd23d75f61af65bf21695a76a8f7f181e80ee8.apk,com.uoyuj.game.azxlopf,malware,no_data_collected,2026-03-16 13:57:26
76903df1d2999ff43bdf6d5cb87bea35b65c26b4137bb9709dbd58a4f9df2a59.apk,com.tuyoo.doudizhu.main,malware,install_failed,2026-03-16 13:57:27
76910d361ae0986594659dbf0a5a77c07cd3fd4fc2f37826c72ef351dca21846.apk,com.mml.hungrymonkey,malware,TransportError,2026-03-16 13:57:50
777f9668176d42365240a1b10ed0754eb7350976107a4610ff21627b173c2d27.apk,com.vso.tzmmut,malware,ProcessNotRespondingError,2026-03-16 14:08:04
7847e96ab839b52f7ae11a5bcc9c9bb8cdabc95532a5e252e2a64a680a29db12.apk,com.q89v.imbp,malware,TransportError,2026-03-16 14:11:38
78d5e044d61cd76bee5034d122a3d9d6caea4c255040635b4639dc2d8836603d.apk,,malware,no_package_name,2026-03-16 14:12:47
7922c1619e02127139994ccca84df0b2cd92a9c9e04e1abd4b6a7b60d0ec8a6b.apk,com.tnu.cecbcm,malware,no_data_collected,2026-03-16 14:14:09
793c1ad3118447d74901b16bdba1f9a27d01afa1ca5cb6b5b1394e773037b1f2.apk,com.aoyou.mini.thiefrun,malware,TransportError,2026-03-16 14:15:01
798815546383f3bce8fcdc3fb84e057e11c63c1dd3656c9434536b779f96ed71.apk,,malware,no_package_name,2026-03-16 14:15:03
7a5c9a0d90b2eef455d2722fa56e25c4e427271c33765cac8bade4bade3f41aa.apk,com.cor.fujmoz,malware,ProcessNotRespondingError,2026-03-16 14:18:19
7afc9fd298e965c1afbbf495d2e455cfa3cb93b1ae606772429ce887952d87f7.apk,com.pwxj3.bytvh.ddd,malware,no_data_collected,2026-03-16 14:20:36
7b7833d2202ecc11641bf82a73ac02d66bcfa682dea493af7c8a78bad20d5aaa.apk,sad.ahs.sad,malware,no_data_collected,2026-03-16 14:23:07
7bbc372316a33a4b50476281b382fead6be96285bf2748110d2c97f7baef6ee3.apk,com.kzy.lmhttb,malware,no_data_collected,2026-03-16 14:24:27
7bff614f8309be19a4edae881da97e2a1db31ec3b977cc2b6f3a6442f095f92a.apk,com.vvlncl.lhtnemrp,malware,ProcessNotRespondingError,2026-03-16 14:25:19
7c19dd32c6bf2c43073183196bca1b9ac356ba3d3ff7d22aad72aeef08cd1cb4.apk,com.gone603,malware,no_data_collected,2026-03-16 14:26:53
7c20a6c2d25fbf8ff2de65f7f09674123294957cba074488165c8dc771ca904a.apk,com.kplus.xinqifushizhuanyingdian,malware,pid_not_found,2026-03-16 14:27:05
006535144e25b3e42dc35ef0b9f6046e.apk,com.cloudninedevelopmentllc.DustinBurleson_66,benign,install_failed,2026-03-18 09:47:01
0085a3532b8501080a802c124e510c13.apk,com.fantasticapps.travelguidepehuaraz,benign,install_failed,2026-03-18 09:47:43
00ad0a285067c25debb1be5bbd8a3c4b.apk,com.mnp,benign,install_failed,2026-03-18 09:49:01
00bf75fc7f989bdce219fa996c961496.apk,com.sbasite.sbasites,benign,install_failed,2026-03-18 09:50:59
0118cc5cb9ce4d7a0a2750ce16f67c64.apk,com.tm.Ring.Indian,benign,no_data_collected,2026-03-18 09:54:34
01674e03b961c38ee036cec2926b1283.apk,com.woicesguides.tarracoromana_eng,benign,install_failed,2026-03-18 09:57:33
0191ae4cd5c24f1333a7f5b489baee87.apk,com.logisoft.smartCallFriend,benign,install_failed,2026-03-18 09:58:17
01bb30f19035aeebd5b02113ae632615.apk,com.fantasticapps.travelguidepepiura,benign,install_failed,2026-03-18 09:59:50
021acc14a37b50d067063c51508f52c4.apk,appinventor.ai_anthonyames.My_Book_Search,benign,pid_not_found,2026-03-18 10:03:06
02cdba4c7a32e3b2a65456bfb5ba0806.apk,com.kswt.android.weather,benign,install_failed,2026-03-18 10:09:18
02de2ca2341f3dd4413bc4c66289ce9e.apk,com.realistic.jcb.tablet,benign,install_failed,2026-03-18 10:09:28
02ee915feba9f2bb94fd0644222032f3.apk,com.spruds.transport.riga,benign,install_failed,2026-03-18 10:09:32
03219cd1df8bde21ad07e508e9e1fd29.apk,com.wara_baedal,benign,install_failed,2026-03-18 10:10:53
033cc949a717d571b973a66131a66f19.apk,com.wtol.android.weather,benign,install_failed,2026-03-18 10:12:25
03616bb19a8874e854fd58ebaa8a3dc2.apk,net.itx.mobility.whitman,benign,install_failed,2026-03-18 10:14:07
0352224d91c2a5dd35fcae8f23009faf.apk,com.chrisparov.studios.eights_sb,benign,ProcessNotRespondingError,2026-03-18 10:14:13
0356fded176509d7d93caeec8a1341a2.apk,com.uppsite.wordpress.UsabilityTalking,benign,ProcessNotRespondingError,2026-03-18 10:14:26
038008af3fa583ce913a92cb6343dbca.apk,com.ustwo.grallery,benign,pid_not_found,2026-03-18 10:15:57
03ab267c7562fdeec1a099555969d087.apk,com.dailystats.nhl.leafs,benign,TransportError,2026-03-18 10:16:45
03da0ee6170e23293862cc5d1d968bdc.apk,com.xomodigital.sxsw2011,benign,install_failed,2026-03-18 10:17:04
041755085c4d41ba759a0b1d29e29a67.apk,com.polar.android.pfwvikingslite,benign,pid_not_found,2026-03-18 10:20:01
046483c9415d854b0fbaf0fe76883674.apk,jp.Orange.AsakusaNAVI,benign,install_failed,2026-03-18 10:21:15
046c2cba6cf01c6c2e0d8ca37f07cc83.apk,com.tecvid.kuranogren,benign,install_failed,2026-03-18 10:21:32
049ce703e563ad6313435edeb956b1a9.apk,com.subsplash.thechurchapp.AnGeLMinistries,benign,install_failed,2026-03-18 10:24:10
053276347e241c8200024e34e4500913.apk,com.bubblelake.praguearound,benign,install_failed,2026-03-18 10:28:04
0565b28fd581ec5f3834b90c184f4b70.apk,drippler.samsung.galaxy.player,benign,ProcessNotRespondingError,2026-03-18 10:28:51
058c09258cfba2c0e8efbf3b27695bb7.apk,com.appelves.flowershiresone,benign,pid_not_found,2026-03-18 10:29:34
05b5b49df483610c2751c9a88fb05ea6.apk,com.appelves.cutecatstwowallpapers,benign,no_data_collected,2026-03-18 10:32:36
05d9bf7f11ea31bf051bf6645a753404.apk,com.mobincube.android.app_1682,benign,install_failed,2026-03-18 10:33:41
060a52752201bf97da821bf3254e6d01.apk,com.waluu.android.entendualatv,benign,install_failed,2026-03-18 10:34:28
0664e89bc8c7abf1356646622b76a67e.apk,com.telstra.campaign.ExtraGiftness,benign,install_failed,2026-03-18 10:36:00
06b6e6a36374b8b6ace770d62a973f7d.apk,com.fantasticapps.travelguideusglendale,benign,install_failed,2026-03-18 10:37:07
06fc70f1b29224d7e1260d84fea543b7.apk,com.finger2finger.games.monkeyconnect.lite,benign,ProcessNotRespondingError,2026-03-18 10:39:08
07344676b8af6a5ce3de4e83bf941d12.apk,com.fantasticapps.travelguideczplzen,benign,install_failed,2026-03-18 10:39:20
0799cb1dcb5a16d1b9b371df0ea2a924.apk,kr.netsco.terminal.yangsan,benign,install_failed,2026-03-18 10:42:07
07b83c73d4b40157ddb043744adc943a.apk,com.mymobilebookshelf.AChristmasCarollite,benign,TransportError,2026-03-18 10:43:17
07cc641888c8db329d6d6c585b15c92c.apk,MobileIS.Onnuri,benign,install_failed,2026-03-18 10:43:29
0874bfe16b24d8e7e94384e8580cb59c.apk,br.com.sorocabamobile,benign,install_failed,2026-03-18 10:46:20
089a08502e8c5503b55c20bbf6e42a90.apk,com.fantasticapps.travelguideiresfahan,benign,install_failed,2026-03-18 10:47:15
08ae12a992481afb03babbdcdbae7b3e.apk,com.greencopper.android.area4,benign,install_failed,2026-03-18 10:47:53
089c38c7b4cff894b478420f8bd29f49.apk,com.tm.Ring.AnimalL,benign,ProcessNotRespondingError,2026-03-18 10:47:55
09290dd1132698110ef26b0228845af2.apk,com.securitas.safetrip,benign,install_failed,2026-03-18 10:52:26
09458a4a7f8670768d00fa3126a6cdf0.apk,pa.ohlle,benign,install_failed,2026-03-18 10:52:47
09ec3adcbef702df36d34ba70a1380a3.apk,eustischamber.orlandoapp,benign,install_failed,2026-03-18 11:00:56
0a113c31e88ef50883fa531d70be9bfe.apk,com.kobunhada.android.apps.castleinfojpn,benign,install_failed,2026-03-18 11:02:49
0a0abdda2b617361f631762597ecda97.apk,com.dailystats.nhl.sharks,benign,TransportError,2026-03-18 11:02:58
0a19b97d4136de8e5a86bcf0290fca0e.apk,com.greencopper.android.hultsfred,benign,install_failed,2026-03-18 11:03:01
0a1dd26e6f2f981572e76fdb9ede1827.apk,com.pickride.pickride.cn,benign,install_failed,2026-03-18 11:03:09
0a210dbc510bdf894fb467058236b254.apk,com.ktvq.android.weather,benign,install_failed,2026-03-18 11:03:13
0a27084300c9e40984ff1140c5b385a2.apk,cc.woori.app,benign,install_failed,2026-03-18 11:03:22
0a2d45afb1d682ef82f451e18d89043b.apk,com.eyedocapp.oglesby,benign,install_failed,2026-03-18 11:03:24
0a365d5612835fad5a9013eeadbb98e2.apk,com.sv.guysandgals,benign,install_failed,2026-03-18 11:03:34
0a5d4764364e3dace987856bce6517f3.apk,wellzone21.Pension.Kyungi.YangPyung.Greenfrog,benign,install_failed,2026-03-18 11:06:03
0a69d8cdd22a6891702e71217a940ed1.apk,com.demonjrules.soundboard,benign,install_failed,2026-03-18 11:07:18
0a5a858812e752088122391ae53587c3.apk,com.mobo.video.player.arm5,benign,pid_not_found,2026-03-18 11:07:52
0a5ed05c8cc112048f920425bf13b198.apk,com.bijo_toiro.sakura.vol1.back,benign,pid_not_found,2026-03-18 11:07:53
0a6f8a6d2b17bfe50ba13fb85ea1eef4.apk,com.mcfadden.android.apps.eyeshadowsgallery,benign,pid_not_found,2026-03-18 11:08:03
0a665b44b6f0256289a03c135280ca6b.apk,com.dailystats.pga.timmelman,benign,pid_not_found,2026-03-18 11:08:03
0a7263b8f2a134f5aa1399510253dd8d.apk,us.kidapps.swapping.puzzle.penguiins,benign,install_failed,2026-03-18 11:08:20
0a6e6ef1a8434dc96a9aaa415ee0f059.apk,com.polar.android.mark,benign,pid_not_found,2026-03-18 11:08:25
0a77c532be1aa6f799c0704ff9ed2379.apk,com.xieory.XFDinosaurAndImpactCrater,benign,install_failed,2026-03-18 11:08:54
0a7b5d58029aaa27d94326738c447691.apk,com.quipper.a.qp1040,benign,install_failed,2026-03-18 11:08:55
0a81b2fcf3fe80474e23b11c18040a07.apk,com.pmpabc.android.flashcard.t06_en_us,benign,install_failed,2026-03-18 11:09:05
0a858c2f8c719f6a1383a28ade06217b.apk,net.lazyer.WeaponWallpapersV2,benign,install_failed,2026-03-18 11:09:06
0a869d84e28f0ecd97a51f96989d0159.apk,cn.ahurls.unicom.news,benign,install_failed,2026-03-18 11:09:22
0a8e960f90030656b6419fa14a52c00e.apk,com.brossoft.lovespiritual,benign,install_failed,2026-03-18 11:09:28
0a95d4bc0b08786b3244b395dc0d8a20.apk,com.rivazdev.grafiterogratis,benign,install_failed,2026-03-18 11:09:56
0a973722a626e02da24a8bef56c1e7a1.apk,com.roflnewb.games.myhangman,benign,install_failed,2026-03-18 11:09:57
0aa140f9cd1a43e30c08137bbbe3e661.apk,com.narble.quotes.athlete,benign,install_failed,2026-03-18 11:10:07
0aa35536ff38cb25e3ea0c373962711a.apk,com.phonegap.bayer,benign,install_failed,2026-03-18 11:10:08
0aa8404c820221c934393c8f85934321.apk,com.bobple.oppa,benign,install_failed,2026-03-18 11:10:24
0aa9b8e636f0b4f7ee1297e964cc340b.apk,itesta.shipcombat,benign,install_failed,2026-03-18 11:10:30
0aaa2d759051b075b08d7da2c848fdf4.apk,com.zagrack1.PTPopkart,benign,install_failed,2026-03-18 11:10:58
0aae2b0314e54f4136aecaaa6f67e923.apk,net.nalbam.dockingdonuts,benign,install_failed,2026-03-18 11:10:59
0ab696fa3229a469e9e4eedc2866a97c.apk,com.evans.plinkle,benign,install_failed,2026-03-18 11:11:09
0ab7fa139d924f397e9793ec6d53e499.apk,com.zagrack1.PTLovelybaby,benign,install_failed,2026-03-18 11:11:10
0abab634d8297f31c76390aecb911f00.apk,com.netgate.mybills,benign,install_failed,2026-03-18 11:11:26
0abbd5a8b556b7671fcc9323a44eb27b.apk,com.quipper.a.qp1048,benign,install_failed,2026-03-18 11:11:32
0abe087049e71672e806c4a82be381ef.apk,androidcap.myyoga,benign,install_failed,2026-03-18 11:12:01
0abf92e77bb83c8b8419a2653c2d0027.apk,com.oziapp.BirdHuntingLite,benign,install_failed,2026-03-18 11:12:02
0ac33c3b749f70fb3e0eb1d7c6b5f4d2.apk,jp.gr.java_conf.emi5050.threedairplane,benign,install_failed,2026-03-18 11:12:11
0ac96f2da0aac672fdcf3b646e0e213a.apk,com.touchtype.swiftkey.phone.trial,benign,install_failed,2026-03-18 11:12:12
0ad7cb820bc577c941b1dd79a713e387.apk,com.sgstudios.MovieTrivia,benign,install_failed,2026-03-18 11:12:28
0add433cb0f0a01b58f556625721ed09.apk,jacob.imageviewer.chaeyeon,benign,install_failed,2026-03-18 11:12:34
0ae0e3b08f2722bd772cd946403f6c10.apk,com.mvl.hexagon,benign,install_failed,2026-03-18 11:13:03
0ae11d17dd99dfff310b752435b5b8b9.apk,com.skyd.bestpuzzle.n1174,benign,install_failed,2026-03-18 11:13:04
                                                                                                                                                                                                             0b03884619206e3734b8cc0a09599b66.apk,net.weathernation.mobile.polaris,benign,install_failed,2026-03-18 11:26:35
0b03884619206e3734b8cc0a09599b66.apk,net.weathernation.mobile.polaris,benign,install_failed,2026-03-18 11:27:04
0b19119a6b1f5fabd3b052bcf0cc56a0.apk,com.mobilesoft.neway,benign,install_failed,2026-03-18 11:27:55
0b1fb755297d10febf6bdd9e0f70f811.apk,com.coolfone.coolflip,benign,unable to write to process memory: No such process,2026-03-18 11:28:52
0b25ec494b112fdc2aa5686916d76451.apk,net.jalan.android.hotspring,benign,install_failed,2026-03-18 11:29:04
0b3c7aaac98594e3bf93287994a8d156.apk,com.thc.myER.srrmc,benign,install_failed,2026-03-18 11:29:18
0b281f193a4f05ef304e12e460f098f3.apk,com.finger2finger.games.dogconnect.lite,benign,pid_not_found,2026-03-18 11:29:33
0b3e4b8a2cfe90663dc6a81b1ee75d27.apk,com.finger2finger.games.seastarconnect.lite,benign,pid_not_found,2026-03-18 11:29:58
0b4b772c93e56c35f82174f7bbe58fe6.apk,com.sculptlight.afine,benign,install_failed,2026-03-18 11:31:04
0b4f64895db4774b58d50730a6361eaf.apk,com.pepsico.refresh,benign,install_failed,2026-03-18 11:31:15
0b5ca7af97f7f10f70977674ac76a25c.apk,com.finger2finger.games.piggyclickclear.lite,benign,pid_not_found,2026-03-18 11:32:12
0b68951e7855984e6cff5b69d01f3b14.apk,com.synology.dsphoto,benign,install_failed,2026-03-18 11:32:46
0b740cd9bf3018c12e5b03b519c5007f.apk,finishline.project,benign,install_failed,2026-03-18 11:33:24
0b8a8e4014b196d7932c5cf1e15ec848.apk,com.kauf.talkingquiz.baum.TalkingKidsMathLevel2,benign,pid_not_found,2026-03-18 11:34:25
0b9ffe78c42a66fd5021d9a62d7743c7.apk,com.konylabs.Toyota,benign,install_failed,2026-03-18 11:34:35
0bafb4a8759a72f5d0a5c513f477be87.apk,com.jhankis.kidsalphabet,benign,pid_not_found,2026-03-18 11:35:46
0bc78244c0796b8a41a69cdbf41870ba.apk,org.anddev.farmtower.eco,benign,pid_not_found,2026-03-18 11:36:26
0bf318bb100f4fc3d581a813a551c50f.apk,net.ib.android.smcard,benign,install_failed,2026-03-18 11:36:44
0bfcde78065d98dfe5225c84f0ba78f7.apk,it.streamingmedia.radiofiesole,benign,install_failed,2026-03-18 11:37:58
0c121cde8897ac7f72c486b852a8a3c5.apk,com.redshedtechnology.fidelitytitleforce,benign,install_failed,2026-03-18 11:38:23
0c203c6a66501448003dd72a27f38bb4.apk,com.localsrecommend.reykjavik,benign,install_failed,2026-03-18 11:38:35
0c027156dd6b6b6e21f98a808c182bcc.apk,com.stoti.info.soor.app.DarkImageGallery,benign,ProcessNotRespondingError,2026-03-18 11:38:49
0c2b2808ea295bbee7c6b9ffe9047d2a.apk,com.avistaresort.app,benign,pid_not_found,2026-03-18 11:40:12
0c3fcd152c79b56b23986a1b2c9f2289.apk,com.finger2finger.games.angrychicken2.lite,benign,pid_not_found,2026-03-18 11:41:27
0c593ef52f06d231d8587c65a021b4d5.apk,com.tm.Ring.MyFvrtr,benign,ProcessNotRespondingError,2026-03-18 11:42:48
0c7db99f2a6aef72b2d31a4aca122d1e.apk,com.wwsb.android.weather,benign,install_failed,2026-03-18 11:43:03
0cc6ce74c352f57bd246f166a2225d7d.apk,com.vuhunt,benign,install_failed,2026-03-18 11:47:52
0cbfb6211937517fb67c98724b75c9ca.apk,com.appelves.babypandawallpapers,benign,pid_not_found,2026-03-18 11:48:01
0cca44e10ffa38c25f100e589c5bd3a0.apk,com.enthrallsoftware.wordgenius17,benign,pid_not_found,2026-03-18 11:48:22
0cfff6e6c399042f9dc0a1f09313c2c3.apk,com.insidersabroad.eyp,benign,pid_not_found,2026-03-18 11:49:49
0d0854d12d72b419f2faa4fcfb15c71e.apk,com.fantasticapps.travelguideussandiego,benign,install_failed,2026-03-18 11:50:01
0d279667430f07141452b718717637fe.apk,com.ipremiumapps.hcpcs.lite,benign,pid_not_found,2026-03-18 11:52:17
0d45c0199787b0a3dcda7285f1abadf1.apk,com.boingo.boingowifikt,benign,install_failed,2026-03-18 11:52:28
0d4ac38da1538772d4c131af19c785a8.apk,dk.sydenergi.forbrug,benign,pid_not_found,2026-03-18 11:53:55
0d5d202e0fa043a7667584d3ceda7907.apk,com.kullect.android,benign,install_failed,2026-03-18 11:54:07
0d597a6bc7a67d71ed1b918d1739a80e.apk,com.openplug.Mwc10App,benign,pid_not_found,2026-03-18 11:54:29
0d86c3d37730d73a2e76d465bf3784c2.apk,com.app.purplecow,benign,install_failed,2026-03-18 11:56:27
0da96cd63665ee136445ad5e03ec55dd.apk,cat.donesenxarxa,benign,pid_not_found,2026-03-18 11:57:44
0de8f46eed6161522e0585da75a8795b.apk,dunlop.tyre.game,benign,install_failed,2026-03-18 11:58:25
0df0f0239787bae6cc10a8c158ef3683.apk,com.moo.android.launcher.gingerbread,benign,pid_not_found,2026-03-18 11:59:00
0df3eecf0d71d39027a837e63ee158f3.apk,com.dailystats.pga.paulgoydos,benign,pid_not_found,2026-03-18 11:59:06
0e274086150726984237e74d9a27d034.apk,com.oosocial.clarityn,benign,install_failed,2026-03-18 11:59:12
0ee70779058ab962b9172dbef6aa0855.apk,com.newssynergy.wetm,benign,install_failed,2026-03-18 12:02:17
0ef49597802f5722c8de97f7a81b449d.apk,com.finger2finger.games.chickenfusion.lite,benign,pid_not_found,2026-03-18 12:02:55
0efbf6f0836ba7ae81406ea51350c015.apk,com.istorelite.IStoreLite,benign,pid_not_found,2026-03-18 12:02:57
0f30c5df0fa188fda2920e5d2bde0ab6.apk,com.mwaysolutions.stuttgart,benign,install_failed,2026-03-18 12:03:16
0f3f026d3471a8b4239eb75343ba1527.apk,makingwaves.in.vn.android.app,benign,install_failed,2026-03-18 12:03:28
0f5126a99c02c41454ce3566dca2fa01.apk,appinventor.ai_isamelb.RamadanoTimes,benign,no_data_collected,2026-03-18 12:04:22
0f550fa7dadcb2723f8b46e537de04c4.apk,es.ck7studios.games.mltdfree,benign,pid_not_found,2026-03-18 12:04:56
0ffefe2839c53c6bbac89470a4886cb7.apk,com.subsplash.thechurchapp.alliancechristianfellowshipchurch,benign,install_failed,2026-03-18 12:08:14
10.apk,air.com.rosettastone.mobile.CoursePlayer,benign,TransportError,2026-03-18 12:08:56
1005.apk,com.vevo,benign,ProcessNotRespondingError,2026-03-18 12:09:39
1021.apk,com.samsung.ecomm,benign,TransportError,2026-03-18 12:13:57
1023.apk,com.pwrd.mffaen.android,benign,TransportError,2026-03-18 12:16:22
102acbdc5c3b1ef393d9453ccb46c95e.apk,com.sks.android.joopasoo,benign,install_failed,2026-03-18 12:23:52
103.apk,com.bandainamcoent.google.rwp,benign,InvalidArgumentError,2026-03-18 12:24:35
1033.apk,com.offerup,benign,install_failed,2026-03-18 12:24:47
1036.apk,com.novvia.fispy,benign,ProcessNotRespondingError,2026-03-18 12:25:30
1039.apk,com.ninegag.android.app,benign,pid_not_found,2026-03-18 12:26:11
1038.apk,com.nitroxenon.terrarium,benign,ProcessNotRespondingError,2026-03-18 12:26:11
1043.apk,com.mapmyfitness.android2,benign,install_failed,2026-03-18 12:27:03
10456334c4495a4000f373959d8f3308.apk,com.papa,benign,install_failed,2026-03-18 12:27:44
105e94a545432f5f3b3ca3e4947f6a65.apk,com.concentriclivers.cyclehire,benign,ProcessNotRespondingError,2026-03-18 12:32:23
1065.apk,com.gettaxi.android,benign,install_failed,2026-03-18 12:33:06
1070.apk,com.gameloft.android.ANMP.GloftA8HM,benign,ProcessNotRespondingError,2026-03-18 12:34:51
1093.apk,com.avito.android,benign,ProcessNotRespondingError,2026-03-18 12:40:48
10fe44817270b985862aa0201065a79b.apk,com.weht.android.weather,benign,install_failed,2026-03-18 12:44:58
11.apk,com.musicnotes.xamarin.android.smv,benign,ProcessNotRespondingError,2026-03-18 12:45:39
110540a80db65ec12d9a3316661677d8.apk,com.fifthfinger.clients.joann,benign,install_failed,2026-03-18 12:46:53
1105.apk,com.adidas.app,benign,pid_not_found,2026-03-18 12:47:09
1105eef800a92ac1c7fca43efc85a3cb.apk,com.baowa.gongsuo,benign,pid_not_found,2026-03-18 12:47:33
1119.apk,com.cw.fullepisodes.android,benign,TransportError,2026-03-18 12:51:37
1130.apk,com.geecko.QuickLyric,benign,ProcessNotRespondingError,2026-03-18 12:54:19
1133.apk,com.facebook.Socal,benign,pid_not_found,2026-03-18 12:55:03
114.apk,at.jclehner.rxdroid,benign,pid_not_found,2026-03-18 12:56:36
1144.apk,azureApps.AzureApps,benign,pid_not_found,2026-03-18 12:58:42
1145.apk,com.freerdp.afreerdp,benign,pid_not_found,2026-03-18 12:58:45
1165.apk,com.fsck.k9.material,benign,pid_not_found,2026-03-18 13:20:21
1168.apk,com.fsck.k9,benign,install_failed,2026-03-18 13:21:18
1171.apk,com.microsoft.office.outlook,benign,install_failed,2026-03-18 13:22:49
1175491215f175e26f86b82f0b2efd08.apk,visuallist.grocery,benign,install_failed,2026-03-18 13:24:19
1176.apk,com.rovio.retry,benign,pid_not_found,2026-03-18 13:24:44
11788953abdf73b96be000a82d6b7c7f.apk,org.easySoccerLite,benign,pid_not_found,2026-03-18 13:25:38
1177.apk,com.netflix.mediaclient,benign,install_failed,2026-03-18 13:25:50
117c9eade9d8e66594a3707d3137de31.apk,com.CrystalSelfDefend5,benign,install_failed,2026-03-18 13:27:20
1184.apk,com.gbeatty.arxiv,benign,install_failed,2026-03-18 13:28:51
1187.apk,com.uc.browser.hd,benign,install_failed,2026-03-18 13:30:21
1189.apk,com.geecko.QuickLyric,benign,pid_not_found,2026-03-18 13:30:25
119.apk,org.appwork.myjdandroid,benign,install_failed,2026-03-18 13:31:51
1193.apk,com.asus.launcher,benign,pid_not_found,2026-03-18 13:32:52
1192.apk,ru.yandex.yandexmaps,benign,install_failed,2026-03-18 13:33:22
1196.apk,com.logitech.harmonyhub,benign,pid_not_found,2026-03-18 13:33:51
119a57e9615cc8baabd839a666ee5ad5.apk,com.photo.picsinphoto,benign,install_failed,2026-03-18 13:34:27
1197.apk,com.genonbeta.TrebleShot,benign,install_failed,2026-03-18 13:34:52
119da4d8683f7089c38244e348ef1216.apk,com.uppsite.wordpress.Newsgeek,benign,pid_not_found,2026-03-18 13:35:18
11ac1f17bfd658f3f506807a6354ec46.apk,co.playapp.en.ligue1.montpellierheraultsc,benign,install_failed,2026-03-18 13:36:23
11d36596d30cc041d8238312083d24cf.apk,com.eudata.android.travelcyborg,benign,pid_not_found,2026-03-18 13:37:18
11ccd3270b13e4d4938b48b7c8ec8268.apk,com.travelaudioguide,benign,install_failed,2026-03-18 13:37:53
11e4596f623920d45487201f669f0bd9.apk,com.anthony.angGreenLeafPhotography,benign,install_failed,2026-03-18 13:39:24
120.apk,com.pelmorex.WeatherEyeAndroid,benign,ProcessNotRespondingError,2026-03-18 13:40:12
11f7cb59dfe0bfe9b2592b18812bf6f5.apk,kr.lighthouse.RingToneChange6,benign,install_failed,2026-03-18 13:40:54
1201.apk,com.truecaller.phoneapp,benign,install_failed,2026-03-18 13:42:25
1206.apk,com.opera.max.global,benign,install_failed,2026-03-18 13:43:55
1210.apk,com.samsung.mdl.radio,benign,install_failed,2026-03-18 13:44:45
1209.apk,com.google.android.apps.youtube.creator,benign,install_failed,2026-03-18 13:45:25
1211676dbcf0cd7d0b4cd7d84bde47f0.apk,cook.deli.cook,benign,install_failed,2026-03-18 13:46:56
1214.apk,com.npi.wearminilauncher,benign,install_failed,2026-03-18 13:48:26
1217.apk,com.ghstudios.android.mhgendatabase,benign,install_failed,2026-03-18 13:49:57
1221.apk,com.gianlu.aria2android,benign,install_failed,2026-03-18 13:51:27
1225.apk,com.gianlu.aria2app,benign,install_failed,2026-03-18 13:52:58
1229.apk,pl.solidexplorer2,benign,install_failed,2026-03-18 13:54:28
1231.apk,com.yelp.android,benign,install_failed,2026-03-18 13:55:59
1237.apk,com.skype.rover,benign,TransportError,2026-03-18 13:56:45
1235.apk,com.gianlu.pretendyourexyzzy,benign,install_failed,2026-03-18 13:57:29
124.apk,com.ebay.kijiji.ca,benign,install_failed,2026-03-18 13:59:46
1244.apk,com.imvu.mobilecordova,benign,install_failed,2026-03-18 14:01:17
1251.apk,com.github.axet.audiorecorder,benign,install_failed,2026-03-18 14:02:47
12531ec8b900bf27bcba3422a861d411.apk,at.mysandbox.android.nvdr,benign,install_failed,2026-03-18 14:04:18
1256.apk,com.github.axet.binauralbeats,benign,install_failed,2026-03-18 14:05:48
1260d1bc8f3a0f53fd2952d3354acf69.apk,jp.kochi.rtaki,benign,install_failed,2026-03-18 14:07:18
1259.apk,com.github.axet.bookreader,benign,install_failed,2026-03-18 14:07:18
1262.apk,com.facebook.pages.app,benign,install_failed,2026-03-18 14:08:49
1263b376220662090d2b1e520a2c2206.apk,com.fantasticapps.travelguideuseugene,benign,install_failed,2026-03-18 14:08:50
1264.apk,mobi.mgeek.TunnyBrowser,benign,install_failed,2026-03-18 14:10:20
1268.apk,com.github.axet.filemanager,benign,install_failed,2026-03-18 14:11:50
1271.apk,com.github.axet.hourlyreminder,benign,install_failed,2026-03-18 14:13:20
1274.apk,org.wordpress.android,benign,install_failed,2026-03-18 14:14:51
1277.apk,com.nianticproject.ingress,benign,install_failed,2026-03-18 14:16:21
1279.apk,com.github.axet.smsgate,benign,install_failed,2026-03-18 14:16:25
1280.apk,com.nianticproject.ingress,benign,install_failed,2026-03-18 14:17:52
1281.apk,org.thoughtcrime.securesms,benign,install_failed,2026-03-18 14:17:56
1284.apk,com.starz.starzplay.androidtv,benign,install_failed,2026-03-18 14:19:22
12846cb3abfb456b9752cc38a3fa7806.apk,outside.walljul01e,benign,install_failed,2026-03-18 14:19:26
1285.apk,com.hulu.plus,benign,pid_not_found,2026-03-18 14:19:54
1286.apk,tv.twitch.android.app,benign,install_failed,2026-03-18 14:20:53
1287.apk,bbc.iplayer.android,benign,install_failed,2026-03-18 14:20:57
1289.apk,com.github.catfriend1.syncthingandroid,benign,install_failed,2026-03-18 14:22:23
129.apk,com.treydev.mns,benign,install_failed,2026-03-18 14:22:27
1294.apk,la.droid.qr,benign,install_failed,2026-03-18 14:23:20
1292.apk,com.flightradar24free,benign,install_failed,2026-03-18 14:23:54
1293.apk,com.mtvn.mtvPrimeAndroid,benign,install_failed,2026-03-18 14:23:57
1295.apk,com.yelp.android,benign,install_failed,2026-03-18 14:25:24
1296.apk,com.quinny898.app.customquicksettings,benign,install_failed,2026-03-18 14:25:28
1299.apk,com.cgollner.flashify,benign,install_failed,2026-03-18 14:26:55
12c19e9fab5a4def6f89a09ed9729f2c.apk,com.ksa.alsudes,benign,install_failed,2026-03-18 14:26:57
129ee44ed758f7481e8b925bb3c5df2f.apk,com.yc360.college.albertus,benign,install_failed,2026-03-18 14:26:58
12fcaa2294d07ef48270dad0ab039627.apk,com.maazzi.puzzles.slim,benign,pid_not_found,2026-03-18 14:38:27
13.apk,com.ifc.ifcapp,benign,ProcessNotRespondingError,2026-03-18 14:38:49
130.apk,at.weiss.matthias.musicala,benign,no_data_collected,2026-03-18 14:38:54
1309faf3ba1a19c02c31bdba4e222654.apk,com.appycity.piercingpassionincinkwavetattoosinc,benign,pid_not_found,2026-03-18 14:42:03
1320c39a533fab93e0403047589682a4.apk,com.agent.android,benign,no_data_collected,2026-03-18 14:46:21
